,0,1,2,3
0,11830,Netherlands,1,25
1,11830,Netherlands,2,25
2,11830,Netherlands,3,25
3,11830,Belgium,1,21
4,11830,Belgium,2,19
5,11830,Belgium,3,18
0,11831,Türkiye,1,25
1,11831,Türkiye,2,18
2,11831,Türkiye,3,25
3,11831,Türkiye,4,22
4,11831,Türkiye,5,16
5,11831,Serbia,1,21
6,11831,Serbia,2,25
7,11831,Serbia,3,23
8,11831,Serbia,4,25
9,11831,Serbia,5,14
0,11832,Germany,1,21
1,11832,Germany,2,22
2,11832,Germany,3,19
3,11832,Russia,1,25
4,11832,Russia,2,25
5,11832,Russia,3,25
0,11833,Japan,1,25
1,11833,Japan,2,25
2,11833,Japan,3,25
3,11833,Thailand,1,15
4,11833,Thailand,2,17
5,11833,Thailand,3,16
0,11834,China,1,23
1,11834,China,2,25
2,11834,China,3,25
3,11834,China,4,25
4,11834,Korea,1,25
5,11834,Korea,2,19
6,11834,Korea,3,19
7,11834,Korea,4,18
0,11835,Dominican Republic,1,20
1,11835,Dominican Republic,2,21
2,11835,Dominican Republic,3,12
3,11835,USA,1,25
4,11835,USA,2,25
5,11835,USA,3,25
0,11836,Italy,1,22
1,11836,Italy,2,25
2,11836,Italy,3,25
3,11836,Italy,4,22
4,11836,Italy,5,15
5,11836,Poland,1,25
6,11836,Poland,2,22
7,11836,Poland,3,20
8,11836,Poland,4,25
9,11836,Poland,5,17
0,11837,Brazil,1,23
1,11837,Brazil,2,25
2,11837,Brazil,3,25
3,11837,Brazil,4,25
4,11837,Canada,1,25
5,11837,Canada,2,11
6,11837,Canada,3,9
7,11837,Canada,4,14
0,11838,Netherlands,1,25
1,11838,Netherlands,2,18
2,11838,Netherlands,3,30
3,11838,Netherlands,4,23
4,11838,Netherlands,5,12
5,11838,Germany,1,18
6,11838,Germany,2,25
7,11838,Germany,3,28
8,11838,Germany,4,25
9,11838,Germany,5,15
0,11839,Thailand,1,25
1,11839,Thailand,2,13
2,11839,Thailand,3,18
3,11839,Thailand,4,17
4,11839,Korea,1,15
5,11839,Korea,2,25
6,11839,Korea,3,25
7,11839,Korea,4,25
0,11840,China,1,13
1,11840,China,2,19
2,11840,China,3,17
3,11840,Japan,1,25
4,11840,Japan,2,25
5,11840,Japan,3,25
0,11841,Belgium,1,25
1,11841,Belgium,2,25
2,11841,Belgium,3,19
3,11841,Belgium,4,19
4,11841,Belgium,5,8
5,11841,Russia,1,23
6,11841,Russia,2,21
7,11841,Russia,3,25
8,11841,Russia,4,25
9,11841,Russia,5,15
0,11842,Serbia,1,20
1,11842,Serbia,2,25
2,11842,Serbia,3,25
3,11842,Serbia,4,25
4,11842,Poland,1,25
5,11842,Poland,2,17
6,11842,Poland,3,16
7,11842,Poland,4,21
0,11843,Brazil,1,25
1,11843,Brazil,2,25
2,11843,Brazil,3,25
3,11843,Dominican Republic,1,20
4,11843,Dominican Republic,2,13
5,11843,Dominican Republic,3,17
0,11844,Türkiye,1,25
1,11844,Türkiye,2,25
2,11844,Türkiye,3,25
3,11844,Italy,1,13
4,11844,Italy,2,23
5,11844,Italy,3,16
0,11845,USA,1,26
1,11845,USA,2,25
2,11845,USA,3,25
3,11845,Canada,1,24
4,11845,Canada,2,15
5,11845,Canada,3,10
0,11846,Germany,1,25
1,11846,Germany,2,25
2,11846,Germany,3,25
3,11846,Belgium,1,20
4,11846,Belgium,2,19
5,11846,Belgium,3,13
0,11847,Russia,1,14
1,11847,Russia,2,22
2,11847,Russia,3,25
3,11847,Russia,4,20
4,11847,Netherlands,1,25
5,11847,Netherlands,2,25
6,11847,Netherlands,3,23
7,11847,Netherlands,4,25
0,11848,Korea,1,18
1,11848,Korea,2,18
2,11848,Korea,3,25
3,11848,Japan,1,25
4,11848,Japan,2,25
5,11848,Japan,3,27
0,11849,Canada,1,17
1,11849,Canada,2,24
2,11849,Canada,3,30
3,11849,Canada,4,16
4,11849,Dominican Republic,1,25
5,11849,Dominican Republic,2,26
6,11849,Dominican Republic,3,28
7,11849,Dominican Republic,4,25
0,11850,China,1,25
1,11850,China,2,25
2,11850,China,3,25
3,11850,Thailand,1,15
4,11850,Thailand,2,15
5,11850,Thailand,3,23
0,11851,Poland,1,23
1,11851,Poland,2,27
2,11851,Poland,3,23
3,11851,Poland,4,20
4,11851,Türkiye,1,25
5,11851,Türkiye,2,25
6,11851,Türkiye,3,25
7,11851,Türkiye,4,25
0,11852,Brazil,1,17
1,11852,Brazil,2,19
2,11852,Brazil,3,25
3,11852,Brazil,4,22
4,11852,USA,1,25
5,11852,USA,2,25
6,11852,USA,3,23
7,11852,USA,4,25
0,11853,Serbia,1,25
1,11853,Serbia,2,23
2,11853,Serbia,3,26
3,11853,Serbia,4,25
4,11853,Italy,1,18
5,11853,Italy,2,25
6,11853,Italy,3,24
7,11853,Italy,4,20
0,11854,Thailand,1,20
1,11854,Thailand,2,9
2,11854,Thailand,3,18
3,11854,Netherlands,1,25
4,11854,Netherlands,2,25
5,11854,Netherlands,3,25
0,11855,Belgium,1,31
1,11855,Belgium,2,19
2,11855,Belgium,3,25
3,11855,Belgium,4,25
4,11855,Belgium,5,15
5,11855,Dominican Republic,1,33
6,11855,Dominican Republic,2,25
7,11855,Dominican Republic,3,20
8,11855,Dominican Republic,4,16
9,11855,Dominican Republic,5,11
0,11856,China,1,20
1,11856,China,2,19
2,11856,China,3,27
3,11856,China,4,25
4,11856,China,5,15
5,11856,Germany,1,25
6,11856,Germany,2,25
7,11856,Germany,3,25
8,11856,Germany,4,21
9,11856,Germany,5,9
0,11857,Brazil,1,25
1,11857,Brazil,2,25
2,11857,Brazil,3,25
3,11857,Japan,1,15
4,11857,Japan,2,19
5,11857,Japan,3,21
0,11858,Canada,1,23
1,11858,Canada,2,25
2,11858,Canada,3,25
3,11858,Canada,4,23
4,11858,Canada,5,12
5,11858,Türkiye,1,25
6,11858,Türkiye,2,19
7,11858,Türkiye,3,22
8,11858,Türkiye,4,25
9,11858,Türkiye,5,15
0,11859,Korea,1,15
1,11859,Korea,2,20
2,11859,Korea,3,22
3,11859,Poland,1,25
4,11859,Poland,2,25
5,11859,Poland,3,25
0,11860,Serbia,1,20
1,11860,Serbia,2,16
2,11860,Serbia,3,12
3,11860,USA,1,25
4,11860,USA,2,25
5,11860,USA,3,25
0,11861,Russia,1,26
1,11861,Russia,2,25
2,11861,Russia,3,27
3,11861,Italy,1,24
4,11861,Italy,2,23
5,11861,Italy,3,25
0,11862,Türkiye,1,25
1,11862,Türkiye,2,25
2,11862,Türkiye,3,25
3,11862,Germany,1,20
4,11862,Germany,2,20
5,11862,Germany,3,22
0,11863,Dominican Republic,1,25
1,11863,Dominican Republic,2,28
2,11863,Dominican Republic,3,25
3,11863,Korea,1,23
4,11863,Korea,2,26
5,11863,Korea,3,18
0,11864,Belgium,1,25
1,11864,Belgium,2,17
2,11864,Belgium,3,25
3,11864,Belgium,4,22
4,11864,Belgium,5,15
5,11864,Poland,1,15
6,11864,Poland,2,25
7,11864,Poland,3,19
8,11864,Poland,4,25
9,11864,Poland,5,12
0,11865,Serbia,1,25
1,11865,Serbia,2,25
2,11865,Serbia,3,25
3,11865,Thailand,1,19
4,11865,Thailand,2,23
5,11865,Thailand,3,23
0,11866,China,1,22
1,11866,China,2,25
2,11866,China,3,17
3,11866,China,4,25
4,11866,China,5,12
5,11866,Canada,1,25
6,11866,Canada,2,21
7,11866,Canada,3,25
8,11866,Canada,4,15
9,11866,Canada,5,15
0,11867,USA,1,25
1,11867,USA,2,25
2,11867,USA,3,25
3,11867,Netherlands,1,22
4,11867,Netherlands,2,15
5,11867,Netherlands,3,18
0,11868,Italy,1,25
1,11868,Italy,2,19
2,11868,Italy,3,25
3,11868,Italy,4,25
4,11868,Italy,5,13
5,11868,Japan,1,27
6,11868,Japan,2,25
7,11868,Japan,3,16
8,11868,Japan,4,21
9,11868,Japan,5,15
0,11869,Brazil,1,25
1,11869,Brazil,2,25
2,11869,Brazil,3,25
3,11869,Russia,1,20
4,11869,Russia,2,11
5,11869,Russia,3,18
0,11870,Belgium,1,23
1,11870,Belgium,2,25
2,11870,Belgium,3,25
3,11870,Belgium,4,19
4,11870,Belgium,5,15
5,11870,Korea,1,25
6,11870,Korea,2,23
7,11870,Korea,3,16
8,11870,Korea,4,25
9,11870,Korea,5,12
0,11871,Thailand,1,17
1,11871,Thailand,2,14
2,11871,Thailand,3,16
3,11871,USA,1,25
4,11871,USA,2,25
5,11871,USA,3,25
0,11872,Germany,1,28
1,11872,Germany,2,25
2,11872,Germany,3,14
3,11872,Canada,1,30
4,11872,Canada,2,27
5,11872,Canada,3,25
0,11873,Japan,1,25
1,11873,Japan,2,25
2,11873,Japan,3,25
3,11873,Russia,1,20
4,11873,Russia,2,21
5,11873,Russia,3,21
0,11874,China,1,15
1,11874,China,2,23
2,11874,China,3,21
3,11874,Türkiye,1,25
4,11874,Türkiye,2,25
5,11874,Türkiye,3,25
0,11875,Poland,1,25
1,11875,Poland,2,22
2,11875,Poland,3,26
3,11875,Poland,4,21
4,11875,Dominican Republic,1,22
5,11875,Dominican Republic,2,25
6,11875,Dominican Republic,3,28
7,11875,Dominican Republic,4,25
0,11876,Netherlands,1,25
1,11876,Netherlands,2,25
2,11876,Netherlands,3,18
3,11876,Netherlands,4,25
4,11876,Serbia,1,22
5,11876,Serbia,2,16
6,11876,Serbia,3,25
7,11876,Serbia,4,21
0,11877,Brazil,1,19
1,11877,Brazil,2,25
2,11877,Brazil,3,25
3,11877,Brazil,4,25
4,11877,Italy,1,25
5,11877,Italy,2,15
6,11877,Italy,3,19
7,11877,Italy,4,19
0,11878,China,1,25
1,11878,China,2,25
2,11878,China,3,25
3,11878,China,4,21
4,11878,China,5,8
5,11878,Belgium,1,17
6,11878,Belgium,2,27
7,11878,Belgium,3,23
8,11878,Belgium,4,25
9,11878,Belgium,5,15
0,11879,Japan,1,22
1,11879,Japan,2,20
2,11879,Japan,3,23
3,11879,Netherlands,1,25
4,11879,Netherlands,2,25
5,11879,Netherlands,3,25
0,11880,Türkiye,1,23
1,11880,Türkiye,2,25
2,11880,Türkiye,3,25
3,11880,Türkiye,4,25
4,11880,Thailand,1,25
5,11880,Thailand,2,12
6,11880,Thailand,3,20
7,11880,Thailand,4,9
0,11881,Dominican Republic,1,18
1,11881,Dominican Republic,2,25
2,11881,Dominican Republic,3,20
3,11881,Dominican Republic,4,25
4,11881,Dominican Republic,5,8
5,11881,Russia,1,25
6,11881,Russia,2,21
7,11881,Russia,3,25
8,11881,Russia,4,22
9,11881,Russia,5,15
0,11882,Brazil,1,25
1,11882,Brazil,2,25
2,11882,Brazil,3,25
3,11882,Serbia,1,12
4,11882,Serbia,2,14
5,11882,Serbia,3,13
0,11883,Canada,1,25
1,11883,Canada,2,25
2,11883,Canada,3,21
3,11883,Canada,4,17
4,11883,Canada,5,7
5,11883,Poland,1,22
6,11883,Poland,2,21
7,11883,Poland,3,25
8,11883,Poland,4,25
9,11883,Poland,5,15
0,11884,Italy,1,27
1,11884,Italy,2,23
2,11884,Italy,3,25
3,11884,Italy,4,25
4,11884,Korea,1,25
5,11884,Korea,2,25
6,11884,Korea,3,22
7,11884,Korea,4,20
0,11885,Germany,1,23
1,11885,Germany,2,13
2,11885,Germany,3,13
3,11885,USA,1,25
4,11885,USA,2,25
5,11885,USA,3,25
0,11886,Russia,1,25
1,11886,Russia,2,18
2,11886,Russia,3,25
3,11886,Russia,4,25
4,11886,Thailand,1,14
5,11886,Thailand,2,25
6,11886,Thailand,3,14
7,11886,Thailand,4,20
0,11887,Türkiye,1,22
1,11887,Türkiye,2,21
2,11887,Türkiye,3,25
3,11887,Türkiye,4,17
4,11887,Dominican Republic,1,25
5,11887,Dominican Republic,2,25
6,11887,Dominican Republic,3,23
7,11887,Dominican Republic,4,25
0,11888,Canada,1,16
1,11888,Canada,2,15
2,11888,Canada,3,15
3,11888,Japan,1,25
4,11888,Japan,2,25
5,11888,Japan,3,25
0,11889,China,1,22
1,11889,China,2,18
2,11889,China,3,25
3,11889,China,4,22
4,11889,Serbia,1,25
5,11889,Serbia,2,25
6,11889,Serbia,3,19
7,11889,Serbia,4,25
0,11890,Korea,1,16
1,11890,Korea,2,12
2,11890,Korea,3,15
3,11890,USA,1,25
4,11890,USA,2,25
5,11890,USA,3,25
0,11891,Poland,1,25
1,11891,Poland,2,23
2,11891,Poland,3,25
3,11891,Poland,4,21
4,11891,Poland,5,9
5,11891,Netherlands,1,21
6,11891,Netherlands,2,25
7,11891,Netherlands,3,22
8,11891,Netherlands,4,25
9,11891,Netherlands,5,15
0,11892,Germany,1,21
1,11892,Germany,2,19
2,11892,Germany,3,11
3,11892,Italy,1,25
4,11892,Italy,2,25
5,11892,Italy,3,25
0,11893,Belgium,1,18
1,11893,Belgium,2,16
2,11893,Belgium,3,17
3,11893,Brazil,1,25
4,11893,Brazil,2,25
5,11893,Brazil,3,25
0,11894,Thailand,1,16
1,11894,Thailand,2,17
2,11894,Thailand,3,23
3,11894,Dominican Republic,1,25
4,11894,Dominican Republic,2,25
5,11894,Dominican Republic,3,25
0,11895,Türkiye,1,25
1,11895,Türkiye,2,22
2,11895,Türkiye,3,25
3,11895,Türkiye,4,18
4,11895,Türkiye,5,15
5,11895,Russia,1,22
6,11895,Russia,2,25
7,11895,Russia,3,18
8,11895,Russia,4,25
9,11895,Russia,5,7
0,11896,Canada,1,19
1,11896,Canada,2,12
2,11896,Canada,3,21
3,11896,Netherlands,1,25
4,11896,Netherlands,2,25
5,11896,Netherlands,3,25
0,11897,Japan,1,22
1,11897,Japan,2,22
2,11897,Japan,3,25
3,11897,Japan,4,25
4,11897,Japan,5,16
5,11897,Poland,1,25
6,11897,Poland,2,25
7,11897,Poland,3,22
8,11897,Poland,4,23
9,11897,Poland,5,14
0,11898,China,1,18
1,11898,China,2,25
2,11898,China,3,25
3,11898,China,4,14
4,11898,China,5,15
5,11898,Brazil,1,25
6,11898,Brazil,2,22
7,11898,Brazil,3,20
8,11898,Brazil,4,25
9,11898,Brazil,5,12
0,11899,Germany,1,25
1,11899,Germany,2,25
2,11899,Germany,3,25
3,11899,Korea,1,12
4,11899,Korea,2,21
5,11899,Korea,3,22
0,11900,Belgium,1,23
1,11900,Belgium,2,26
2,11900,Belgium,3,25
3,11900,Belgium,4,23
4,11900,Belgium,5,15
5,11900,Serbia,1,25
6,11900,Serbia,2,24
7,11900,Serbia,3,21
8,11900,Serbia,4,25
9,11900,Serbia,5,10
0,11901,Italy,1,18
1,11901,Italy,2,21
2,11901,Italy,3,25
3,11901,Italy,4,16
4,11901,USA,1,25
5,11901,USA,2,25
6,11901,USA,3,20
7,11901,USA,4,25
0,11902,Russia,1,25
1,11902,Russia,2,25
2,11902,Russia,3,25
3,11902,Korea,1,23
4,11902,Korea,2,17
5,11902,Korea,3,17
0,11903,Thailand,1,24
1,11903,Thailand,2,25
2,11903,Thailand,3,25
3,11903,Thailand,4,25
4,11903,Germany,1,26
5,11903,Germany,2,21
6,11903,Germany,3,21
7,11903,Germany,4,16
0,11904,Japan,1,25
1,11904,Japan,2,25
2,11904,Japan,3,17
3,11904,Japan,4,25
4,11904,Türkiye,1,17
5,11904,Türkiye,2,20
6,11904,Türkiye,3,25
7,11904,Türkiye,4,19
0,11905,USA,1,25
1,11905,USA,2,26
2,11905,USA,3,25
3,11905,Belgium,1,9
4,11905,Belgium,2,24
5,11905,Belgium,3,20
0,11906,China,1,25
1,11906,China,2,25
2,11906,China,3,33
3,11906,Netherlands,1,12
4,11906,Netherlands,2,18
5,11906,Netherlands,3,31
0,11907,Canada,1,25
1,11907,Canada,2,22
2,11907,Canada,3,25
3,11907,Canada,4,25
4,11907,Serbia,1,21
5,11907,Serbia,2,25
6,11907,Serbia,3,21
7,11907,Serbia,4,18
0,11908,Dominican Republic,1,25
1,11908,Dominican Republic,2,25
2,11908,Dominican Republic,3,22
3,11908,Dominican Republic,4,26
4,11908,Italy,1,21
5,11908,Italy,2,19
6,11908,Italy,3,25
7,11908,Italy,4,24
0,11909,Poland,1,22
1,11909,Poland,2,20
2,11909,Poland,3,23
3,11909,Brazil,1,25
4,11909,Brazil,2,25
5,11909,Brazil,3,25
0,11910,Türkiye,1,25
1,11910,Türkiye,2,25
2,11910,Türkiye,3,25
3,11910,Belgium,1,20
4,11910,Belgium,2,17
5,11910,Belgium,3,19
0,11911,USA,1,25
1,11911,USA,2,26
2,11911,USA,3,25
3,11911,Japan,1,23
4,11911,Japan,2,24
5,11911,Japan,3,20
0,11912,Italy,1,21
1,11912,Italy,2,28
2,11912,Italy,3,25
3,11912,Italy,4,21
4,11912,Italy,5,10
5,11912,Netherlands,1,25
6,11912,Netherlands,2,26
7,11912,Netherlands,3,20
8,11912,Netherlands,4,25
9,11912,Netherlands,5,15
0,11913,Dominican Republic,1,14
1,11913,Dominican Republic,2,20
2,11913,Dominican Republic,3,25
3,11913,Dominican Republic,4,22
4,11913,China,1,25
5,11913,China,2,25
6,11913,China,3,19
7,11913,China,4,25
0,11914,Russia,1,25
1,11914,Russia,2,25
2,11914,Russia,3,25
3,11914,Canada,1,15
4,11914,Canada,2,12
5,11914,Canada,3,14
0,11915,Korea,1,25
1,11915,Korea,2,23
2,11915,Korea,3,25
3,11915,Korea,4,25
4,11915,Serbia,1,13
5,11915,Serbia,2,25
6,11915,Serbia,3,13
7,11915,Serbia,4,23
0,11916,Thailand,1,23
1,11916,Thailand,2,15
2,11916,Thailand,3,20
3,11916,Poland,1,25
4,11916,Poland,2,25
5,11916,Poland,3,25
0,11917,Germany,1,25
1,11917,Germany,2,17
2,11917,Germany,3,21
3,11917,Germany,4,22
4,11917,Brazil,1,22
5,11917,Brazil,2,25
6,11917,Brazil,3,25
7,11917,Brazil,4,25
0,11918,Belgium,1,25
1,11918,Belgium,2,22
2,11918,Belgium,3,21
3,11918,Belgium,4,21
4,11918,Japan,1,23
5,11918,Japan,2,25
6,11918,Japan,3,25
7,11918,Japan,4,25
0,11919,Russia,1,25
1,11919,Russia,2,25
2,11919,Russia,3,25
3,11919,Serbia,1,8
4,11919,Serbia,2,17
5,11919,Serbia,3,23
0,11920,Netherlands,1,23
1,11920,Netherlands,2,25
2,11920,Netherlands,3,28
3,11920,Netherlands,4,22
4,11920,Dominican Republic,1,25
5,11920,Dominican Republic,2,23
6,11920,Dominican Republic,3,30
7,11920,Dominican Republic,4,25
0,11921,Germany,1,25
1,11921,Germany,2,25
2,11921,Germany,3,25
3,11921,Poland,1,23
4,11921,Poland,2,20
5,11921,Poland,3,23
0,11922,China,1,25
1,11922,China,2,25
2,11922,China,3,25
3,11922,Italy,1,19
4,11922,Italy,2,11
5,11922,Italy,3,19
0,11923,Korea,1,15
1,11923,Korea,2,25
2,11923,Korea,3,27
3,11923,Korea,4,25
4,11923,Korea,5,21
5,11923,Canada,1,25
6,11923,Canada,2,18
7,11923,Canada,3,29
8,11923,Canada,4,20
9,11923,Canada,5,19
0,11924,Brazil,1,25
1,11924,Brazil,2,25
2,11924,Brazil,3,25
3,11924,Thailand,1,11
4,11924,Thailand,2,14
5,11924,Thailand,3,10
0,11925,USA,1,25
1,11925,USA,2,23
2,11925,USA,3,25
3,11925,USA,4,25
4,11925,Türkiye,1,21
5,11925,Türkiye,2,25
6,11925,Türkiye,3,15
7,11925,Türkiye,4,14
0,11926,Germany,1,25
1,11926,Germany,2,25
2,11926,Germany,3,25
3,11926,Serbia,1,23
4,11926,Serbia,2,16
5,11926,Serbia,3,21
0,11927,Japan,1,18
1,11927,Japan,2,24
2,11927,Japan,3,25
3,11927,Japan,4,25
4,11927,Japan,5,15
5,11927,Dominican Republic,1,25
6,11927,Dominican Republic,2,26
7,11927,Dominican Republic,3,22
8,11927,Dominican Republic,4,15
9,11927,Dominican Republic,5,11
0,11928,Thailand,1,23
1,11928,Thailand,2,24
2,11928,Thailand,3,25
3,11928,Thailand,4,15
4,11928,Belgium,1,25
5,11928,Belgium,2,26
6,11928,Belgium,3,23
7,11928,Belgium,4,25
0,11929,Korea,1,18
1,11929,Korea,2,23
2,11929,Korea,3,18
3,11929,Brazil,1,25
4,11929,Brazil,2,25
5,11929,Brazil,3,25
0,11930,China,1,25
1,11930,China,2,25
2,11930,China,3,25
3,11930,Russia,1,18
4,11930,Russia,2,23
5,11930,Russia,3,16
0,11931,Poland,1,27
1,11931,Poland,2,27
2,11931,Poland,3,14
3,11931,USA,1,29
4,11931,USA,2,29
5,11931,USA,3,25
0,11932,Canada,1,18
1,11932,Canada,2,20
2,11932,Canada,3,20
3,11932,Italy,1,25
4,11932,Italy,2,25
5,11932,Italy,3,25
0,11933,Türkiye,1,27
1,11933,Türkiye,2,25
2,11933,Türkiye,3,25
3,11933,Netherlands,1,25
4,11933,Netherlands,2,20
5,11933,Netherlands,3,20
0,11934,Dominican Republic,1,25
1,11934,Dominican Republic,2,25
2,11934,Dominican Republic,3,25
3,11934,Serbia,1,14
4,11934,Serbia,2,20
5,11934,Serbia,3,18
0,11935,USA,1,25
1,11935,USA,2,25
2,11935,USA,3,25
3,11935,USA,4,25
4,11935,Russia,1,21
5,11935,Russia,2,27
6,11935,Russia,3,23
7,11935,Russia,4,15
0,11936,Japan,1,25
1,11936,Japan,2,19
2,11936,Japan,3,26
3,11936,Japan,4,25
4,11936,Germany,1,23
5,11936,Germany,2,25
6,11936,Germany,3,24
7,11936,Germany,4,15
0,11937,Thailand,1,25
1,11937,Thailand,2,25
2,11937,Thailand,3,25
3,11937,Canada,1,16
4,11937,Canada,2,17
5,11937,Canada,3,17
0,11938,China,1,26
1,11938,China,2,25
2,11938,China,3,25
3,11938,Poland,1,24
4,11938,Poland,2,22
5,11938,Poland,3,16
0,11939,Korea,1,23
1,11939,Korea,2,25
2,11939,Korea,3,17
3,11939,Korea,4,18
4,11939,Türkiye,1,25
5,11939,Türkiye,2,20
6,11939,Türkiye,3,25
7,11939,Türkiye,4,25
0,11940,Brazil,1,25
1,11940,Brazil,2,25
2,11940,Brazil,3,25
3,11940,Netherlands,1,19
4,11940,Netherlands,2,19
5,11940,Netherlands,3,20
0,11941,Belgium,1,25
1,11941,Belgium,2,20
2,11941,Belgium,3,22
3,11941,Belgium,4,25
4,11941,Belgium,5,15
5,11941,Italy,1,17
6,11941,Italy,2,25
7,11941,Italy,3,25
8,11941,Italy,4,17
9,11941,Italy,5,10
0,11942,Dominican Republic,1,25
1,11942,Dominican Republic,2,25
2,11942,Dominican Republic,3,14
3,11942,Dominican Republic,4,25
4,11942,Dominican Republic,5,15
5,11942,Germany,1,21
6,11942,Germany,2,22
7,11942,Germany,3,25
8,11942,Germany,4,27
9,11942,Germany,5,9
0,11943,China,1,25
1,11943,China,2,25
2,11943,China,3,25
3,11943,USA,1,10
4,11943,USA,2,20
5,11943,USA,3,17
0,11944,Thailand,1,35
1,11944,Thailand,2,21
2,11944,Thailand,3,25
3,11944,Thailand,4,20
4,11944,Italy,1,33
5,11944,Italy,2,25
6,11944,Italy,3,27
7,11944,Italy,4,25
0,11945,Japan,1,25
1,11945,Japan,2,25
2,11945,Japan,3,25
3,11945,Serbia,1,12
4,11945,Serbia,2,22
5,11945,Serbia,3,15
0,11946,Russia,1,17
1,11946,Russia,2,25
2,11946,Russia,3,16
3,11946,Russia,4,25
4,11946,Russia,5,7
5,11946,Poland,1,25
6,11946,Poland,2,20
7,11946,Poland,3,25
8,11946,Poland,4,22
9,11946,Poland,5,15
0,11947,Korea,1,20
1,11947,Korea,2,25
2,11947,Korea,3,18
3,11947,Korea,4,25
4,11947,Korea,5,12
5,11947,Netherlands,1,25
6,11947,Netherlands,2,23
7,11947,Netherlands,3,25
8,11947,Netherlands,4,22
9,11947,Netherlands,5,15
0,11948,Belgium,1,26
1,11948,Belgium,2,25
2,11948,Belgium,3,25
3,11948,Canada,1,24
4,11948,Canada,2,17
5,11948,Canada,3,17
0,11949,Brazil,1,25
1,11949,Brazil,2,25
2,11949,Brazil,3,25
3,11949,Brazil,4,25
4,11949,Türkiye,1,18
5,11949,Türkiye,2,16
6,11949,Türkiye,3,27
7,11949,Türkiye,4,15
0,11950,Brazil,1,25
1,11950,Brazil,2,25
2,11950,Brazil,3,29
3,11950,Brazil,4,25
4,11950,Japan,1,15
5,11950,Japan,2,23
6,11950,Japan,3,31
7,11950,Japan,4,16
0,11951,USA,1,25
1,11951,USA,2,25
2,11951,USA,3,25
3,11951,Türkiye,1,21
4,11951,Türkiye,2,23
5,11951,Türkiye,3,20
0,11952,Japan,1,19
1,11952,Japan,2,16
2,11952,Japan,3,17
3,11952,Türkiye,1,25
4,11952,Türkiye,2,25
5,11952,Türkiye,3,25
0,11953,Brazil,1,28
1,11953,Brazil,2,23
2,11953,Brazil,3,23
3,11953,Brazil,4,21
4,11953,USA,1,26
5,11953,USA,2,25
6,11953,USA,3,25
7,11953,USA,4,25
0,13754,Germany,1,27
1,13754,Germany,2,25
2,13754,Germany,3,25
3,13754,Germany,4,21
4,13754,Brazil,1,29
5,13754,Brazil,2,23
6,13754,Brazil,3,27
7,13754,Brazil,4,25
0,13755,USA,1,25
1,13755,USA,2,25
2,13755,USA,3,25
3,13755,Dominican Republic,1,21
4,13755,Dominican Republic,2,17
5,13755,Dominican Republic,3,18
0,13756,Thailand,1,25
1,13756,Thailand,2,25
2,13756,Thailand,3,25
3,13756,Bulgaria,1,20
4,13756,Bulgaria,2,22
5,13756,Bulgaria,3,20
0,13757,Türkiye,1,25
1,13757,Türkiye,2,25
2,13757,Türkiye,3,25
3,13757,Italy,1,20
4,13757,Italy,2,19
5,13757,Italy,3,19
0,13758,Poland,1,20
1,13758,Poland,2,25
2,13758,Poland,3,25
3,13758,Poland,4,25
4,13758,Canada,1,25
5,13758,Canada,2,22
6,13758,Canada,3,23
7,13758,Canada,4,20
0,13759,Korea,1,17
1,13759,Korea,2,16
2,13759,Korea,3,11
3,13759,Japan,1,25
4,13759,Japan,2,25
5,13759,Japan,3,25
0,13760,Belgium,1,25
1,13760,Belgium,2,16
2,13760,Belgium,3,17
3,13760,Belgium,4,22
4,13760,Serbia,1,14
5,13760,Serbia,2,25
6,13760,Serbia,3,25
7,13760,Serbia,4,25
0,13761,China,1,16
1,13761,China,2,25
2,13761,China,3,25
3,13761,China,4,25
4,13761,Netherlands,1,25
5,13761,Netherlands,2,22
6,13761,Netherlands,3,23
7,13761,Netherlands,4,23
0,13762,Brazil,1,25
1,13762,Brazil,2,25
2,13762,Brazil,3,25
3,13762,Poland,1,23
4,13762,Poland,2,21
5,13762,Poland,3,22
0,13763,Germany,1,27
1,13763,Germany,2,25
2,13763,Germany,3,20
3,13763,Germany,4,22
4,13763,Germany,5,12
5,13763,Japan,1,25
6,13763,Japan,2,23
7,13763,Japan,3,25
8,13763,Japan,4,25
9,13763,Japan,5,15
0,13764,Canada,1,25
1,13764,Canada,2,25
2,13764,Canada,3,25
3,13764,Dominican Republic,1,18
4,13764,Dominican Republic,2,15
5,13764,Dominican Republic,3,18
0,13765,Thailand,1,25
1,13765,Thailand,2,25
2,13765,Thailand,3,25
3,13765,Thailand,4,20
4,13765,Thailand,5,15
5,13765,Serbia,1,23
6,13765,Serbia,2,27
7,13765,Serbia,3,20
8,13765,Serbia,4,25
9,13765,Serbia,5,12
0,13766,Bulgaria,1,25
1,13766,Bulgaria,2,12
2,13766,Bulgaria,3,19
3,13766,Bulgaria,4,25
4,13766,Bulgaria,5,15
5,13766,Netherlands,1,15
6,13766,Netherlands,2,25
7,13766,Netherlands,3,25
8,13766,Netherlands,4,15
9,13766,Netherlands,5,7
0,13767,Belgium,1,25
1,13767,Belgium,2,19
2,13767,Belgium,3,23
3,13767,Belgium,4,20
4,13767,Italy,1,21
5,13767,Italy,2,25
6,13767,Italy,3,25
7,13767,Italy,4,25
0,13768,Germany,1,25
1,13768,Germany,2,25
2,13768,Germany,3,25
3,13768,Korea,1,22
4,13768,Korea,2,15
5,13768,Korea,3,16
0,13769,Dominican Republic,1,9
1,13769,Dominican Republic,2,25
2,13769,Dominican Republic,3,18
3,13769,Dominican Republic,4,17
4,13769,Brazil,1,25
5,13769,Brazil,2,16
6,13769,Brazil,3,25
7,13769,Brazil,4,25
0,13770,USA,1,25
1,13770,USA,2,25
2,13770,USA,3,25
3,13770,Canada,1,14
4,13770,Canada,2,22
5,13770,Canada,3,19
0,13771,Serbia,1,26
1,13771,Serbia,2,25
2,13771,Serbia,3,26
3,13771,Bulgaria,1,24
4,13771,Bulgaria,2,15
5,13771,Bulgaria,3,24
0,13772,Netherlands,1,19
1,13772,Netherlands,2,15
2,13772,Netherlands,3,15
3,13772,Italy,1,25
4,13772,Italy,2,25
5,13772,Italy,3,25
0,13773,Türkiye,1,16
1,13773,Türkiye,2,25
2,13773,Türkiye,3,16
3,13773,Türkiye,4,22
4,13773,China,1,25
5,13773,China,2,20
6,13773,China,3,25
7,13773,China,4,25
0,13774,Korea,1,9
1,13774,Korea,2,23
2,13774,Korea,3,11
3,13774,Poland,1,25
4,13774,Poland,2,25
5,13774,Poland,3,25
0,13775,Dominican Republic,1,17
1,13775,Dominican Republic,2,25
2,13775,Dominican Republic,3,21
3,13775,Dominican Republic,4,10
4,13775,Japan,1,25
5,13775,Japan,2,20
6,13775,Japan,3,25
7,13775,Japan,4,25
0,13776,USA,1,25
1,13776,USA,2,25
2,13776,USA,3,25
3,13776,Brazil,1,21
4,13776,Brazil,2,20
5,13776,Brazil,3,18
0,13777,Thailand,1,22
1,13777,Thailand,2,25
2,13777,Thailand,3,25
3,13777,Thailand,4,21
4,13777,Thailand,5,13
5,13777,Belgium,1,25
6,13777,Belgium,2,18
7,13777,Belgium,3,23
8,13777,Belgium,4,25
9,13777,Belgium,5,15
0,13778,China,1,25
1,13778,China,2,20
2,13778,China,3,25
3,13778,China,4,25
4,13778,Italy,1,13
5,13778,Italy,2,25
6,13778,Italy,3,22
7,13778,Italy,4,18
0,13779,Bulgaria,1,19
1,13779,Bulgaria,2,21
2,13779,Bulgaria,3,16
3,13779,Türkiye,1,25
4,13779,Türkiye,2,25
5,13779,Türkiye,3,25
0,13780,Poland,1,27
1,13780,Poland,2,25
2,13780,Poland,3,14
3,13780,Poland,4,23
4,13780,Poland,5,15
5,13780,Germany,1,25
6,13780,Germany,2,22
7,13780,Germany,3,25
8,13780,Germany,4,25
9,13780,Germany,5,7
0,13781,Japan,1,25
1,13781,Japan,2,25
2,13781,Japan,3,25
3,13781,USA,1,22
4,13781,USA,2,20
5,13781,USA,3,20
0,13782,Korea,1,21
1,13782,Korea,2,13
2,13782,Korea,3,16
3,13782,Canada,1,25
4,13782,Canada,2,25
5,13782,Canada,3,25
0,13783,Serbia,1,27
1,13783,Serbia,2,25
2,13783,Serbia,3,17
3,13783,Serbia,4,22
4,13783,Serbia,5,15
5,13783,Netherlands,1,25
6,13783,Netherlands,2,16
7,13783,Netherlands,3,25
8,13783,Netherlands,4,25
9,13783,Netherlands,5,13
0,13784,Thailand,1,25
1,13784,Thailand,2,13
2,13784,Thailand,3,14
3,13784,Thailand,4,25
4,13784,Thailand,5,15
5,13784,China,1,23
6,13784,China,2,25
7,13784,China,3,25
8,13784,China,4,23
9,13784,China,5,11
0,13785,Türkiye,1,15
1,13785,Türkiye,2,25
2,13785,Türkiye,3,25
3,13785,Türkiye,4,25
4,13785,Belgium,1,25
5,13785,Belgium,2,21
6,13785,Belgium,3,21
7,13785,Belgium,4,15
0,13786,Netherlands,1,20
1,13786,Netherlands,2,19
2,13786,Netherlands,3,25
3,13786,Netherlands,4,22
4,13786,Germany,1,25
5,13786,Germany,2,25
6,13786,Germany,3,12
7,13786,Germany,4,25
0,13787,Serbia,1,25
1,13787,Serbia,2,14
2,13787,Serbia,3,15
3,13787,Serbia,4,20
4,13787,Italy,1,21
5,13787,Italy,2,25
6,13787,Italy,3,25
7,13787,Italy,4,25
0,13788,Canada,1,19
1,13788,Canada,2,22
2,13788,Canada,3,24
3,13788,Thailand,1,25
4,13788,Thailand,2,25
5,13788,Thailand,3,26
0,13789,Japan,1,25
1,13789,Japan,2,25
2,13789,Japan,3,25
3,13789,Poland,1,21
4,13789,Poland,2,21
5,13789,Poland,3,21
0,13790,Dominican Republic,1,25
1,13790,Dominican Republic,2,25
2,13790,Dominican Republic,3,25
3,13790,Korea,1,21
4,13790,Korea,2,17
5,13790,Korea,3,13
0,13791,Brazil,1,19
1,13791,Brazil,2,25
2,13791,Brazil,3,25
3,13791,Brazil,4,25
4,13791,Türkiye,1,25
5,13791,Türkiye,2,23
6,13791,Türkiye,3,23
7,13791,Türkiye,4,23
0,13792,Bulgaria,1,20
1,13792,Bulgaria,2,22
2,13792,Bulgaria,3,20
3,13792,USA,1,25
4,13792,USA,2,25
5,13792,USA,3,25
0,13793,China,1,25
1,13793,China,2,25
2,13793,China,3,25
3,13793,Belgium,1,19
4,13793,Belgium,2,22
5,13793,Belgium,3,14
0,13794,Serbia,1,40
1,13794,Serbia,2,25
2,13794,Serbia,3,25
3,13794,Korea,1,38
4,13794,Korea,2,22
5,13794,Korea,3,22
0,13795,Italy,1,25
1,13795,Italy,2,20
2,13795,Italy,3,25
3,13795,Italy,4,16
4,13795,Italy,5,15
5,13795,Dominican Republic,1,23
6,13795,Dominican Republic,2,25
7,13795,Dominican Republic,3,19
8,13795,Dominican Republic,4,25
9,13795,Dominican Republic,5,12
0,13796,Netherlands,1,16
1,13796,Netherlands,2,15
2,13796,Netherlands,3,23
3,13796,Brazil,1,25
4,13796,Brazil,2,25
5,13796,Brazil,3,25
0,13797,Poland,1,22
1,13797,Poland,2,27
2,13797,Poland,3,25
3,13797,Poland,4,25
4,13797,Poland,5,15
5,13797,Thailand,1,25
6,13797,Thailand,2,29
7,13797,Thailand,3,16
8,13797,Thailand,4,16
9,13797,Thailand,5,13
0,13798,Canada,1,25
1,13798,Canada,2,25
2,13798,Canada,3,22
3,13798,Canada,4,25
4,13798,Belgium,1,22
5,13798,Belgium,2,21
6,13798,Belgium,3,25
7,13798,Belgium,4,22
0,13799,Bulgaria,1,20
1,13799,Bulgaria,2,16
2,13799,Bulgaria,3,23
3,13799,Japan,1,25
4,13799,Japan,2,25
5,13799,Japan,3,25
0,13800,Germany,1,19
1,13800,Germany,2,22
2,13800,Germany,3,25
3,13800,Italy,1,25
4,13800,Italy,2,25
5,13800,Italy,3,27
0,13801,Serbia,1,25
1,13801,Serbia,2,15
2,13801,Serbia,3,20
3,13801,Serbia,4,25
4,13801,Serbia,5,15
5,13801,Türkiye,1,19
6,13801,Türkiye,2,25
7,13801,Türkiye,3,25
8,13801,Türkiye,4,22
9,13801,Türkiye,5,13
0,13802,Netherlands,1,25
1,13802,Netherlands,2,20
2,13802,Netherlands,3,21
3,13802,Netherlands,4,25
4,13802,Netherlands,5,7
5,13802,Dominican Republic,1,23
6,13802,Dominican Republic,2,25
7,13802,Dominican Republic,3,25
8,13802,Dominican Republic,4,15
9,13802,Dominican Republic,5,15
0,13803,Poland,1,12
1,13803,Poland,2,21
2,13803,Poland,3,16
3,13803,USA,1,25
4,13803,USA,2,25
5,13803,USA,3,25
0,13804,China,1,25
1,13804,China,2,18
2,13804,China,3,25
3,13804,China,4,25
4,13804,Canada,1,16
5,13804,Canada,2,25
6,13804,Canada,3,12
7,13804,Canada,4,18
0,13805,Japan,1,25
1,13805,Japan,2,25
2,13805,Japan,3,25
3,13805,Thailand,1,22
4,13805,Thailand,2,16
5,13805,Thailand,3,14
0,13806,Italy,1,25
1,13806,Italy,2,25
2,13806,Italy,3,14
3,13806,Italy,4,25
4,13806,Brazil,1,17
5,13806,Brazil,2,15
6,13806,Brazil,3,25
7,13806,Brazil,4,14
0,13807,Germany,1,22
1,13807,Germany,2,21
2,13807,Germany,3,22
3,13807,Türkiye,1,25
4,13807,Türkiye,2,25
5,13807,Türkiye,3,25
0,13808,Netherlands,1,25
1,13808,Netherlands,2,25
2,13808,Netherlands,3,25
3,13808,Korea,1,11
4,13808,Korea,2,21
5,13808,Korea,3,18
0,13809,Bulgaria,1,26
1,13809,Bulgaria,2,25
2,13809,Bulgaria,3,25
3,13809,Canada,1,24
4,13809,Canada,2,22
5,13809,Canada,3,21
0,13810,Belgium,1,25
1,13810,Belgium,2,15
2,13810,Belgium,3,25
3,13810,Belgium,4,22
4,13810,Belgium,5,15
5,13810,Poland,1,20
6,13810,Poland,2,25
7,13810,Poland,3,22
8,13810,Poland,4,25
9,13810,Poland,5,13
0,13811,USA,1,25
1,13811,USA,2,25
2,13811,USA,3,25
3,13811,China,1,21
4,13811,China,2,23
5,13811,China,3,21
0,13812,Brazil,1,25
1,13812,Brazil,2,25
2,13812,Brazil,3,25
3,13812,Serbia,1,21
4,13812,Serbia,2,9
5,13812,Serbia,3,21
0,13813,Germany,1,23
1,13813,Germany,2,23
2,13813,Germany,3,25
3,13813,Germany,4,25
4,13813,Dominican Republic,1,25
5,13813,Dominican Republic,2,25
6,13813,Dominican Republic,3,11
7,13813,Dominican Republic,4,27
0,13814,Türkiye,1,20
1,13814,Türkiye,2,25
2,13814,Türkiye,3,25
3,13814,Türkiye,4,25
4,13814,Korea,1,25
5,13814,Korea,2,13
6,13814,Korea,3,19
7,13814,Korea,4,15
0,13815,Bulgaria,1,22
1,13815,Bulgaria,2,23
2,13815,Bulgaria,3,25
3,13815,Bulgaria,4,25
4,13815,Bulgaria,5,15
5,13815,Belgium,1,25
6,13815,Belgium,2,25
7,13815,Belgium,3,20
8,13815,Belgium,4,20
9,13815,Belgium,5,17
0,13816,Thailand,1,25
1,13816,Thailand,2,13
2,13816,Thailand,3,23
3,13816,Thailand,4,18
4,13816,USA,1,17
5,13816,USA,2,25
6,13816,USA,3,25
7,13816,USA,4,25
0,13817,Japan,1,19
1,13817,Japan,2,25
2,13817,Japan,3,25
3,13817,Japan,4,25
4,13817,China,1,25
5,13817,China,2,16
6,13817,China,3,23
7,13817,China,4,12
0,13818,Serbia,1,17
1,13818,Serbia,2,25
2,13818,Serbia,3,25
3,13818,Serbia,4,25
4,13818,Germany,1,25
5,13818,Germany,2,16
6,13818,Germany,3,21
7,13818,Germany,4,18
0,13819,Canada,1,25
1,13819,Canada,2,21
2,13819,Canada,3,25
3,13819,Canada,4,25
4,13819,Türkiye,1,22
5,13819,Türkiye,2,25
6,13819,Türkiye,3,22
7,13819,Türkiye,4,23
0,13820,China,1,20
1,13820,China,2,23
2,13820,China,3,25
3,13820,China,4,25
4,13820,China,5,11
5,13820,Brazil,1,25
6,13820,Brazil,2,25
7,13820,Brazil,3,18
8,13820,Brazil,4,21
9,13820,Brazil,5,15
0,13821,Dominican Republic,1,15
1,13821,Dominican Republic,2,13
2,13821,Dominican Republic,3,21
3,13821,Bulgaria,1,25
4,13821,Bulgaria,2,25
5,13821,Bulgaria,3,25
0,13822,Japan,1,25
1,13822,Japan,2,20
2,13822,Japan,3,26
3,13822,Japan,4,21
4,13822,Japan,5,10
5,13822,Netherlands,1,23
6,13822,Netherlands,2,25
7,13822,Netherlands,3,24
8,13822,Netherlands,4,25
9,13822,Netherlands,5,15
0,13823,Belgium,1,16
1,13823,Belgium,2,21
2,13823,Belgium,3,19
3,13823,USA,1,25
4,13823,USA,2,25
5,13823,USA,3,25
0,13824,Thailand,1,25
1,13824,Thailand,2,25
2,13824,Thailand,3,25
3,13824,Korea,1,11
4,13824,Korea,2,22
5,13824,Korea,3,17
0,13825,Italy,1,25
1,13825,Italy,2,25
2,13825,Italy,3,28
3,13825,Italy,4,25
4,13825,Poland,1,27
5,13825,Poland,2,20
6,13825,Poland,3,26
7,13825,Poland,4,18
0,13826,Türkiye,1,25
1,13826,Türkiye,2,25
2,13826,Türkiye,3,25
3,13826,Netherlands,1,23
4,13826,Netherlands,2,11
5,13826,Netherlands,3,21
0,13827,Germany,1,20
1,13827,Germany,2,25
2,13827,Germany,3,25
3,13827,Germany,4,25
4,13827,Belgium,1,25
5,13827,Belgium,2,18
6,13827,Belgium,3,22
7,13827,Belgium,4,20
0,13828,USA,1,25
1,13828,USA,2,33
2,13828,USA,3,25
3,13828,Serbia,1,17
4,13828,Serbia,2,31
5,13828,Serbia,3,16
0,13829,Thailand,1,25
1,13829,Thailand,2,23
2,13829,Thailand,3,23
3,13829,Thailand,4,21
4,13829,Dominican Republic,1,22
5,13829,Dominican Republic,2,25
6,13829,Dominican Republic,3,25
7,13829,Dominican Republic,4,25
0,13830,Poland,1,8
1,13830,Poland,2,23
2,13830,Poland,3,20
3,13830,China,1,25
4,13830,China,2,25
5,13830,China,3,25
0,13831,Korea,1,17
1,13831,Korea,2,19
2,13831,Korea,3,13
3,13831,Brazil,1,25
4,13831,Brazil,2,25
5,13831,Brazil,3,25
0,13832,Belgium,1,25
1,13832,Belgium,2,24
2,13832,Belgium,3,20
3,13832,Belgium,4,21
4,13832,Netherlands,1,21
5,13832,Netherlands,2,26
6,13832,Netherlands,3,25
7,13832,Netherlands,4,25
0,13833,Türkiye,1,25
1,13833,Türkiye,2,25
2,13833,Türkiye,3,18
3,13833,Türkiye,4,25
4,13833,Japan,1,20
5,13833,Japan,2,15
6,13833,Japan,3,25
7,13833,Japan,4,22
0,13834,Serbia,1,25
1,13834,Serbia,2,25
2,13834,Serbia,3,20
3,13834,Serbia,4,25
4,13834,Canada,1,20
5,13834,Canada,2,14
6,13834,Canada,3,25
7,13834,Canada,4,22
0,13835,China,1,25
1,13835,China,2,25
2,13835,China,3,25
3,13835,Dominican Republic,1,19
4,13835,Dominican Republic,2,16
5,13835,Dominican Republic,3,15
0,13836,Italy,1,25
1,13836,Italy,2,23
2,13836,Italy,3,25
3,13836,Italy,4,25
4,13836,Korea,1,17
5,13836,Korea,2,25
6,13836,Korea,3,15
7,13836,Korea,4,19
0,13837,Brazil,1,25
1,13837,Brazil,2,25
2,13837,Brazil,3,25
3,13837,Bulgaria,1,21
4,13837,Bulgaria,2,20
5,13837,Bulgaria,3,18
0,13838,Türkiye,1,22
1,13838,Türkiye,2,25
2,13838,Türkiye,3,25
3,13838,Türkiye,4,25
4,13838,Türkiye,5,16
5,13838,USA,1,25
6,13838,USA,2,18
7,13838,USA,3,27
8,13838,USA,4,23
9,13838,USA,5,18
0,13839,Japan,1,25
1,13839,Japan,2,20
2,13839,Japan,3,19
3,13839,Japan,4,22
4,13839,Serbia,1,22
5,13839,Serbia,2,25
6,13839,Serbia,3,25
7,13839,Serbia,4,25
0,13840,Germany,1,25
1,13840,Germany,2,19
2,13840,Germany,3,27
3,13840,Germany,4,25
4,13840,Canada,1,19
5,13840,Canada,2,25
6,13840,Canada,3,25
7,13840,Canada,4,23
0,13841,Dominican Republic,1,20
1,13841,Dominican Republic,2,38
2,13841,Dominican Republic,3,25
3,13841,Dominican Republic,4,13
4,13841,Dominican Republic,5,15
5,13841,Poland,1,25
6,13841,Poland,2,36
7,13841,Poland,3,20
8,13841,Poland,4,25
9,13841,Poland,5,9
0,13842,Brazil,1,25
1,13842,Brazil,2,26
2,13842,Brazil,3,23
3,13842,Brazil,4,25
4,13842,Thailand,1,18
5,13842,Thailand,2,24
6,13842,Thailand,3,25
7,13842,Thailand,4,23
0,13843,Italy,1,25
1,13843,Italy,2,25
2,13843,Italy,3,25
3,13843,Bulgaria,1,12
4,13843,Bulgaria,2,19
5,13843,Bulgaria,3,21
0,13844,Belgium,1,25
1,13844,Belgium,2,18
2,13844,Belgium,3,25
3,13844,Belgium,4,11
4,13844,Belgium,5,15
5,13844,Japan,1,16
6,13844,Japan,2,25
7,13844,Japan,3,19
8,13844,Japan,4,25
9,13844,Japan,5,10
0,13845,USA,1,25
1,13845,USA,2,25
2,13845,USA,3,13
3,13845,USA,4,25
4,13845,Germany,1,17
5,13845,Germany,2,13
6,13845,Germany,3,25
7,13845,Germany,4,22
0,13846,Netherlands,1,22
1,13846,Netherlands,2,27
2,13846,Netherlands,3,26
3,13846,Netherlands,4,25
4,13846,Canada,1,25
5,13846,Canada,2,25
6,13846,Canada,3,24
7,13846,Canada,4,23
0,13847,China,1,25
1,13847,China,2,19
2,13847,China,3,25
3,13847,China,4,26
4,13847,Korea,1,13
5,13847,Korea,2,25
6,13847,Korea,3,19
7,13847,Korea,4,24
0,13848,Thailand,1,20
1,13848,Thailand,2,14
2,13848,Thailand,3,14
3,13848,Italy,1,25
4,13848,Italy,2,25
5,13848,Italy,3,25
0,13849,Poland,1,25
1,13849,Poland,2,13
2,13849,Poland,3,17
3,13849,Poland,4,22
4,13849,Bulgaria,1,22
5,13849,Bulgaria,2,25
6,13849,Bulgaria,3,25
7,13849,Bulgaria,4,25
0,13850,USA,1,27
1,13850,USA,2,23
2,13850,USA,3,25
3,13850,USA,4,25
4,13850,USA,5,13
5,13850,Serbia,1,29
6,13850,Serbia,2,25
7,13850,Serbia,3,20
8,13850,Serbia,4,20
9,13850,Serbia,5,15
0,13851,Brazil,1,29
1,13851,Brazil,2,28
2,13851,Brazil,3,20
3,13851,Brazil,4,25
4,13851,Japan,1,27
5,13851,Japan,2,26
6,13851,Japan,3,25
7,13851,Japan,4,14
0,13852,Türkiye,1,23
1,13852,Türkiye,2,25
2,13852,Türkiye,3,25
3,13852,Türkiye,4,25
4,13852,Thailand,1,25
5,13852,Thailand,2,15
6,13852,Thailand,3,18
7,13852,Thailand,4,21
0,13853,Italy,1,25
1,13853,Italy,2,25
2,13853,Italy,3,24
3,13853,Italy,4,25
4,13853,China,1,22
5,13853,China,2,19
6,13853,China,3,26
7,13853,China,4,22
0,13854,Serbia,1,25
1,13854,Serbia,2,18
2,13854,Serbia,3,24
3,13854,Serbia,4,19
4,13854,Brazil,1,14
5,13854,Brazil,2,25
6,13854,Brazil,3,26
7,13854,Brazil,4,25
0,13855,Türkiye,1,18
1,13855,Türkiye,2,26
2,13855,Türkiye,3,22
3,13855,Italy,1,25
4,13855,Italy,2,28
5,13855,Italy,3,25
0,13856,Türkiye,1,25
1,13856,Türkiye,2,17
2,13856,Türkiye,3,24
3,13856,Serbia,1,27
4,13856,Serbia,2,25
5,13856,Serbia,3,26
0,13857,Italy,1,25
1,13857,Italy,2,25
2,13857,Italy,3,25
3,13857,Brazil,1,23
4,13857,Brazil,2,22
5,13857,Brazil,3,22
0,16024,Germany,1,25
1,16024,Germany,2,25
2,16024,Germany,3,20
3,16024,Germany,4,25
4,16024,Netherlands,1,21
5,16024,Netherlands,2,22
6,16024,Netherlands,3,25
7,16024,Netherlands,4,22
0,16025,Japan,1,25
1,16025,Japan,2,25
2,16025,Japan,3,22
3,16025,Japan,4,25
4,16025,Dominican Republic,1,23
5,16025,Dominican Republic,2,18
6,16025,Dominican Republic,3,25
7,16025,Dominican Republic,4,15
0,16026,Italy,1,24
1,16026,Italy,2,25
2,16026,Italy,3,27
3,16026,Italy,4,30
4,16026,Italy,5,15
5,16026,Thailand,1,26
6,16026,Thailand,2,17
7,16026,Thailand,3,29
8,16026,Thailand,4,28
9,16026,Thailand,5,11
0,16027,Poland,1,20
1,16027,Poland,2,25
2,16027,Poland,3,20
3,16027,Poland,4,25
4,16027,Poland,5,15
5,16027,Canada,1,25
6,16027,Canada,2,23
7,16027,Canada,3,25
8,16027,Canada,4,23
9,16027,Canada,5,13
0,16028,Croatia,1,12
1,16028,Croatia,2,17
2,16028,Croatia,3,19
3,16028,Bulgaria,1,25
4,16028,Bulgaria,2,25
5,16028,Bulgaria,3,25
0,16029,China,1,25
1,16029,China,2,22
2,16029,China,3,25
3,16029,China,4,20
4,16029,China,5,15
5,16029,Brazil,1,23
6,16029,Brazil,2,25
7,16029,Brazil,3,20
8,16029,Brazil,4,25
9,16029,Brazil,5,12
0,16030,Serbia,1,20
1,16030,Serbia,2,25
2,16030,Serbia,3,25
3,16030,Serbia,4,21
4,16030,Serbia,5,12
5,16030,USA,1,25
6,16030,USA,2,19
7,16030,USA,3,21
8,16030,USA,4,25
9,16030,USA,5,15
0,16031,Korea,1,14
1,16031,Korea,2,17
2,16031,Korea,3,24
3,16031,Türkiye,1,25
4,16031,Türkiye,2,25
5,16031,Türkiye,3,26
0,16032,Croatia,1,18
1,16032,Croatia,2,23
2,16032,Croatia,3,23
3,16032,Germany,1,25
4,16032,Germany,2,25
5,16032,Germany,3,25
0,16033,Bulgaria,1,25
1,16033,Bulgaria,2,16
2,16033,Bulgaria,3,25
3,16033,Bulgaria,4,14
4,16033,Bulgaria,5,11
5,16033,Dominican Republic,1,22
6,16033,Dominican Republic,2,25
7,16033,Dominican Republic,3,16
8,16033,Dominican Republic,4,25
9,16033,Dominican Republic,5,15
0,16034,Brazil,1,25
1,16034,Brazil,2,25
2,16034,Brazil,3,25
3,16034,Netherlands,1,23
4,16034,Netherlands,2,23
5,16034,Netherlands,3,21
0,16035,Canada,1,17
1,16035,Canada,2,24
2,16035,Canada,3,21
3,16035,Thailand,1,25
4,16035,Thailand,2,26
5,16035,Thailand,3,25
0,16036,Poland,1,21
1,16036,Poland,2,25
2,16036,Poland,3,25
3,16036,Poland,4,25
4,16036,Italy,1,25
5,16036,Italy,2,20
6,16036,Italy,3,14
7,16036,Italy,4,18
0,16037,Türkiye,1,24
1,16037,Türkiye,2,25
2,16037,Türkiye,3,25
3,16037,Türkiye,4,25
4,16037,Serbia,1,26
5,16037,Serbia,2,17
6,16037,Serbia,3,15
7,16037,Serbia,4,21
0,16038,China,1,25
1,16038,China,2,25
2,16038,China,3,25
3,16038,Germany,1,19
4,16038,Germany,2,20
5,16038,Germany,3,22
0,16039,Dominican Republic,1,25
1,16039,Dominican Republic,2,22
2,16039,Dominican Republic,3,25
3,16039,Dominican Republic,4,21
4,16039,Dominican Republic,5,15
5,16039,Netherlands,1,18
6,16039,Netherlands,2,25
7,16039,Netherlands,3,18
8,16039,Netherlands,4,25
9,16039,Netherlands,5,11
0,16040,Thailand,1,20
1,16040,Thailand,2,16
2,16040,Thailand,3,15
3,16040,Poland,1,25
4,16040,Poland,2,25
5,16040,Poland,3,25
0,16041,Croatia,1,17
1,16041,Croatia,2,19
2,16041,Croatia,3,20
3,16041,Japan,1,25
4,16041,Japan,2,25
5,16041,Japan,3,25
0,16042,Canada,1,25
1,16042,Canada,2,25
2,16042,Canada,3,25
3,16042,Korea,1,17
4,16042,Korea,2,16
5,16042,Korea,3,18
0,16043,USA,1,25
1,16043,USA,2,14
2,16043,USA,3,22
3,16043,USA,4,25
4,16043,USA,5,15
5,16043,Italy,1,16
6,16043,Italy,2,25
7,16043,Italy,3,25
8,16043,Italy,4,20
9,16043,Italy,5,9
0,16044,Brazil,1,27
1,16044,Brazil,2,20
2,16044,Brazil,3,25
3,16044,Brazil,4,27
4,16044,Dominican Republic,1,25
5,16044,Dominican Republic,2,25
6,16044,Dominican Republic,3,21
7,16044,Dominican Republic,4,25
0,16045,China,1,27
1,16045,China,2,23
2,16045,China,3,25
3,16045,China,4,25
4,16045,Netherlands,1,25
5,16045,Netherlands,2,25
6,16045,Netherlands,3,22
7,16045,Netherlands,4,20
0,16046,Poland,1,25
1,16046,Poland,2,25
2,16046,Poland,3,30
3,16046,Serbia,1,18
4,16046,Serbia,2,22
5,16046,Serbia,3,28
0,16047,Bulgaria,1,20
1,16047,Bulgaria,2,17
2,16047,Bulgaria,3,19
3,16047,Japan,1,25
4,16047,Japan,2,25
5,16047,Japan,3,25
0,16048,USA,1,25
1,16048,USA,2,27
2,16048,USA,3,25
3,16048,Korea,1,16
4,16048,Korea,2,25
5,16048,Korea,3,11
0,16049,Türkiye,1,25
1,16049,Türkiye,2,26
2,16049,Türkiye,3,25
3,16049,Italy,1,19
4,16049,Italy,2,24
5,16049,Italy,3,19
0,16050,Croatia,1,24
1,16050,Croatia,2,18
2,16050,Croatia,3,8
3,16050,Brazil,1,26
4,16050,Brazil,2,25
5,16050,Brazil,3,25
0,16051,Germany,1,18
1,16051,Germany,2,25
2,16051,Germany,3,23
3,16051,Germany,4,26
4,16051,Germany,5,15
5,16051,Bulgaria,1,25
6,16051,Bulgaria,2,20
7,16051,Bulgaria,3,25
8,16051,Bulgaria,4,24
9,16051,Bulgaria,5,10
0,16052,Thailand,1,25
1,16052,Thailand,2,28
2,16052,Thailand,3,25
3,16052,Korea,1,17
4,16052,Korea,2,26
5,16052,Korea,3,21
0,16053,Japan,1,18
1,16053,Japan,2,25
2,16053,Japan,3,25
3,16053,China,1,25
4,16053,China,2,27
5,16053,China,3,27
0,16054,Canada,1,18
1,16054,Canada,2,28
2,16054,Canada,3,25
3,16054,Canada,4,18
4,16054,Canada,5,15
5,16054,Serbia,1,25
6,16054,Serbia,2,26
7,16054,Serbia,3,23
8,16054,Serbia,4,25
9,16054,Serbia,5,12
0,16055,USA,1,25
1,16055,USA,2,25
2,16055,USA,3,22
3,16055,USA,4,11
4,16055,USA,5,15
5,16055,Türkiye,1,22
6,16055,Türkiye,2,22
7,16055,Türkiye,3,25
8,16055,Türkiye,4,25
9,16055,Türkiye,5,9
0,16056,Dominican Republic,1,23
1,16056,Dominican Republic,2,28
2,16056,Dominican Republic,3,25
3,16056,Dominican Republic,4,17
4,16056,Poland,1,25
5,16056,Poland,2,30
6,16056,Poland,3,23
7,16056,Poland,4,25
0,16057,China,1,25
1,16057,China,2,25
2,16057,China,3,29
3,16057,Canada,1,14
4,16057,Canada,2,18
5,16057,Canada,3,27
0,16058,Croatia,1,25
1,16058,Croatia,2,22
2,16058,Croatia,3,18
3,16058,Croatia,4,15
4,16058,USA,1,17
5,16058,USA,2,25
6,16058,USA,3,25
7,16058,USA,4,25
0,16059,Japan,1,25
1,16059,Japan,2,20
2,16059,Japan,3,25
3,16059,Japan,4,20
4,16059,Japan,5,10
5,16059,Serbia,1,16
6,16059,Serbia,2,25
7,16059,Serbia,3,16
8,16059,Serbia,4,25
9,16059,Serbia,5,15
0,16060,Italy,1,25
1,16060,Italy,2,25
2,16060,Italy,3,25
3,16060,Bulgaria,1,17
4,16060,Bulgaria,2,19
5,16060,Bulgaria,3,23
0,16061,Netherlands,1,29
1,16061,Netherlands,2,21
2,16061,Netherlands,3,15
3,16061,Türkiye,1,31
4,16061,Türkiye,2,25
5,16061,Türkiye,3,25
0,16062,Germany,1,25
1,16062,Germany,2,25
2,16062,Germany,3,19
3,16062,Germany,4,25
4,16062,Thailand,1,20
5,16062,Thailand,2,13
6,16062,Thailand,3,25
7,16062,Thailand,4,23
0,16063,Brazil,1,31
1,16063,Brazil,2,25
2,16063,Brazil,3,25
3,16063,Korea,1,29
4,16063,Korea,2,16
5,16063,Korea,3,16
0,16064,Bulgaria,1,15
1,16064,Bulgaria,2,13
2,16064,Bulgaria,3,15
3,16064,Canada,1,25
4,16064,Canada,2,25
5,16064,Canada,3,25
0,16065,Poland,1,25
1,16065,Poland,2,25
2,16065,Poland,3,30
3,16065,Türkiye,1,22
4,16065,Türkiye,2,20
5,16065,Türkiye,3,28
0,16066,Dominican Republic,1,16
1,16066,Dominican Republic,2,25
2,16066,Dominican Republic,3,25
3,16066,Dominican Republic,4,22
4,16066,Dominican Republic,5,10
5,16066,Italy,1,25
6,16066,Italy,2,16
7,16066,Italy,3,21
8,16066,Italy,4,25
9,16066,Italy,5,15
0,16067,Thailand,1,21
1,16067,Thailand,2,18
2,16067,Thailand,3,16
3,16067,USA,1,25
4,16067,USA,2,25
5,16067,USA,3,25
0,16068,Japan,1,25
1,16068,Japan,2,25
2,16068,Japan,3,25
3,16068,Korea,1,18
4,16068,Korea,2,13
5,16068,Korea,3,19
0,16069,Brazil,1,23
1,16069,Brazil,2,25
2,16069,Brazil,3,21
3,16069,Brazil,4,25
4,16069,Brazil,5,15
5,16069,Serbia,1,25
6,16069,Serbia,2,22
7,16069,Serbia,3,25
8,16069,Serbia,4,12
9,16069,Serbia,5,11
0,16070,Türkiye,1,25
1,16070,Türkiye,2,25
2,16070,Türkiye,3,25
3,16070,Canada,1,15
4,16070,Canada,2,22
5,16070,Canada,3,20
0,16071,Poland,1,22
1,16071,Poland,2,21
2,16071,Poland,3,26
3,16071,Netherlands,1,25
4,16071,Netherlands,2,25
5,16071,Netherlands,3,28
0,16072,Bulgaria,1,25
1,16072,Bulgaria,2,7
2,16072,Bulgaria,3,10
3,16072,Bulgaria,4,15
4,16072,China,1,20
5,16072,China,2,25
6,16072,China,3,25
7,16072,China,4,25
0,16073,Japan,1,23
1,16073,Japan,2,25
2,16073,Japan,3,22
3,16073,Japan,4,25
4,16073,Japan,5,8
5,16073,Germany,1,25
6,16073,Germany,2,14
7,16073,Germany,3,25
8,16073,Germany,4,20
9,16073,Germany,5,15
0,16074,Korea,1,23
1,16074,Korea,2,21
2,16074,Korea,3,14
3,16074,Croatia,1,25
4,16074,Croatia,2,25
5,16074,Croatia,3,25
0,16075,Serbia,1,24
1,16075,Serbia,2,22
2,16075,Serbia,3,25
3,16075,Serbia,4,25
4,16075,Serbia,5,16
5,16075,Thailand,1,26
6,16075,Thailand,2,25
7,16075,Thailand,3,17
8,16075,Thailand,4,12
9,16075,Thailand,5,14
0,16076,Dominican Republic,1,22
1,16076,Dominican Republic,2,25
2,16076,Dominican Republic,3,25
3,16076,Dominican Republic,4,23
4,16076,Dominican Republic,5,15
5,16076,Canada,1,25
6,16076,Canada,2,13
7,16076,Canada,3,17
8,16076,Canada,4,25
9,16076,Canada,5,10
0,16077,Netherlands,1,25
1,16077,Netherlands,2,22
2,16077,Netherlands,3,20
3,16077,Netherlands,4,25
4,16077,Netherlands,5,17
5,16077,Italy,1,22
6,16077,Italy,2,25
7,16077,Italy,3,25
8,16077,Italy,4,18
9,16077,Italy,5,19
0,16078,Poland,1,25
1,16078,Poland,2,25
2,16078,Poland,3,25
3,16078,China,1,20
4,16078,China,2,23
5,16078,China,3,22
0,16079,Brazil,1,25
1,16079,Brazil,2,25
2,16079,Brazil,3,22
3,16079,Brazil,4,25
4,16079,Germany,1,22
5,16079,Germany,2,18
6,16079,Germany,3,25
7,16079,Germany,4,17
0,16080,Japan,1,23
1,16080,Japan,2,25
2,16080,Japan,3,25
3,16080,Japan,4,23
4,16080,Japan,5,15
5,16080,USA,1,25
6,16080,USA,2,23
7,16080,USA,3,19
8,16080,USA,4,25
9,16080,USA,5,6
0,16081,Serbia,1,25
1,16081,Serbia,2,25
2,16081,Serbia,3,23
3,16081,Serbia,4,25
4,16081,Croatia,1,16
5,16081,Croatia,2,11
6,16081,Croatia,3,25
7,16081,Croatia,4,17
0,16082,Bulgaria,1,24
1,16082,Bulgaria,2,17
2,16082,Bulgaria,3,17
3,16082,Netherlands,1,26
4,16082,Netherlands,2,25
5,16082,Netherlands,3,25
0,16083,Dominican Republic,1,23
1,16083,Dominican Republic,2,19
2,16083,Dominican Republic,3,25
3,16083,Dominican Republic,4,20
4,16083,Türkiye,1,25
5,16083,Türkiye,2,25
6,16083,Türkiye,3,23
7,16083,Türkiye,4,25
0,16084,Italy,1,23
1,16084,Italy,2,25
2,16084,Italy,3,18
3,16084,Italy,4,25
4,16084,Italy,5,15
5,16084,China,1,25
6,16084,China,2,23
7,16084,China,3,25
8,16084,China,4,22
9,16084,China,5,12
0,16085,Brazil,1,22
1,16085,Brazil,2,19
2,16085,Brazil,3,22
3,16085,USA,1,25
4,16085,USA,2,25
5,16085,USA,3,25
0,16086,Thailand,1,17
1,16086,Thailand,2,21
2,16086,Thailand,3,20
3,16086,Croatia,1,25
4,16086,Croatia,2,25
5,16086,Croatia,3,25
0,16087,Germany,1,25
1,16087,Germany,2,25
2,16087,Germany,3,25
3,16087,Germany,4,25
4,16087,Korea,1,19
5,16087,Korea,2,17
6,16087,Korea,3,27
7,16087,Korea,4,12
0,16088,Germany,1,25
1,16088,Germany,2,25
2,16088,Germany,3,18
3,16088,Germany,4,25
4,16088,Dominican Republic,1,19
5,16088,Dominican Republic,2,18
6,16088,Dominican Republic,3,25
7,16088,Dominican Republic,4,21
0,16089,Croatia,1,21
1,16089,Croatia,2,21
2,16089,Croatia,3,26
3,16089,Canada,1,25
4,16089,Canada,2,25
5,16089,Canada,3,28
0,16090,Bulgaria,1,25
1,16090,Bulgaria,2,25
2,16090,Bulgaria,3,24
3,16090,Bulgaria,4,25
4,16090,Korea,1,22
5,16090,Korea,2,18
6,16090,Korea,3,26
7,16090,Korea,4,15
0,16091,Thailand,1,26
1,16091,Thailand,2,18
2,16091,Thailand,3,20
3,16091,Netherlands,1,28
4,16091,Netherlands,2,25
5,16091,Netherlands,3,25
0,16092,USA,1,17
1,16092,USA,2,25
2,16092,USA,3,27
3,16092,USA,4,28
4,16092,USA,5,16
5,16092,Poland,1,25
6,16092,Poland,2,15
7,16092,Poland,3,25
8,16092,Poland,4,30
9,16092,Poland,5,14
0,16093,Japan,1,25
1,16093,Japan,2,25
2,16093,Japan,3,21
3,16093,Japan,4,16
4,16093,Japan,5,15
5,16093,Türkiye,1,23
6,16093,Türkiye,2,23
7,16093,Türkiye,3,25
8,16093,Türkiye,4,25
9,16093,Türkiye,5,9
0,16094,China,1,13
1,16094,China,2,25
2,16094,China,3,23
3,16094,China,4,20
4,16094,Serbia,1,25
5,16094,Serbia,2,17
6,16094,Serbia,3,25
7,16094,Serbia,4,25
0,16095,Brazil,1,26
1,16095,Brazil,2,25
2,16095,Brazil,3,19
3,16095,Brazil,4,25
4,16095,Brazil,5,15
5,16095,Italy,1,28
6,16095,Italy,2,20
7,16095,Italy,3,25
8,16095,Italy,4,21
9,16095,Italy,5,10
0,16096,Poland,1,15
1,16096,Poland,2,25
2,16096,Poland,3,25
3,16096,Poland,4,19
4,16096,Poland,5,17
5,16096,Germany,1,25
6,16096,Germany,2,19
7,16096,Germany,3,19
8,16096,Germany,4,25
9,16096,Germany,5,15
0,16097,Croatia,1,20
1,16097,Croatia,2,11
2,16097,Croatia,3,15
3,16097,Netherlands,1,25
4,16097,Netherlands,2,25
5,16097,Netherlands,3,25
0,16098,USA,1,25
1,16098,USA,2,25
2,16098,USA,3,25
3,16098,Bulgaria,1,15
4,16098,Bulgaria,2,17
5,16098,Bulgaria,3,17
0,16099,Brazil,1,30
1,16099,Brazil,2,22
2,16099,Brazil,3,23
3,16099,Brazil,4,25
4,16099,Brazil,5,15
5,16099,Canada,1,28
6,16099,Canada,2,25
7,16099,Canada,3,25
8,16099,Canada,4,21
9,16099,Canada,5,17
0,16100,Dominican Republic,1,25
1,16100,Dominican Republic,2,25
2,16100,Dominican Republic,3,25
3,16100,Korea,1,18
4,16100,Korea,2,18
5,16100,Korea,3,16
0,16101,Thailand,1,15
1,16101,Thailand,2,15
2,16101,Thailand,3,20
3,16101,Türkiye,1,25
4,16101,Türkiye,2,25
5,16101,Türkiye,3,25
0,16102,Bulgaria,1,28
1,16102,Bulgaria,2,19
2,16102,Bulgaria,3,16
3,16102,Bulgaria,4,15
4,16102,Poland,1,26
5,16102,Poland,2,25
6,16102,Poland,3,25
7,16102,Poland,4,25
0,16103,Canada,1,25
1,16103,Canada,2,23
2,16103,Canada,3,14
3,16103,Canada,4,26
4,16103,Canada,5,10
5,16103,Italy,1,22
6,16103,Italy,2,25
7,16103,Italy,3,25
8,16103,Italy,4,24
9,16103,Italy,5,15
0,16104,Germany,1,17
1,16104,Germany,2,25
2,16104,Germany,3,16
3,16104,Germany,4,28
4,16104,Serbia,1,25
5,16104,Serbia,2,23
6,16104,Serbia,3,25
7,16104,Serbia,4,30
0,16105,Netherlands,1,25
1,16105,Netherlands,2,25
2,16105,Netherlands,3,21
3,16105,Netherlands,4,25
4,16105,Japan,1,22
5,16105,Japan,2,17
6,16105,Japan,3,25
7,16105,Japan,4,20
0,16106,China,1,25
1,16106,China,2,20
2,16106,China,3,25
3,16106,China,4,20
4,16106,China,5,13
5,16106,Dominican Republic,1,20
6,16106,Dominican Republic,2,25
7,16106,Dominican Republic,3,22
8,16106,Dominican Republic,4,25
9,16106,Dominican Republic,5,15
0,16107,Brazil,1,22
1,16107,Brazil,2,16
2,16107,Brazil,3,22
3,16107,Türkiye,1,25
4,16107,Türkiye,2,25
5,16107,Türkiye,3,25
0,16108,Serbia,1,25
1,16108,Serbia,2,15
2,16108,Serbia,3,25
3,16108,Serbia,4,19
4,16108,Serbia,5,10
5,16108,Dominican Republic,1,22
6,16108,Dominican Republic,2,25
7,16108,Dominican Republic,3,23
8,16108,Dominican Republic,4,25
9,16108,Dominican Republic,5,15
0,16109,Korea,1,13
1,16109,Korea,2,21
2,16109,Korea,3,25
3,16109,Korea,4,15
4,16109,China,1,25
5,16109,China,2,25
6,16109,China,3,21
7,16109,China,4,25
0,16110,Italy,1,25
1,16110,Italy,2,25
2,16110,Italy,3,25
3,16110,Croatia,1,14
4,16110,Croatia,2,17
5,16110,Croatia,3,17
0,16111,Germany,1,22
1,16111,Germany,2,25
2,16111,Germany,3,22
3,16111,Germany,4,13
4,16111,USA,1,25
5,16111,USA,2,18
6,16111,USA,3,25
7,16111,USA,4,25
0,16112,Netherlands,1,27
1,16112,Netherlands,2,16
2,16112,Netherlands,3,25
3,16112,Netherlands,4,23
4,16112,Netherlands,5,9
5,16112,Canada,1,25
6,16112,Canada,2,25
7,16112,Canada,3,18
8,16112,Canada,4,25
9,16112,Canada,5,15
0,16113,Thailand,1,18
1,16113,Thailand,2,22
2,16113,Thailand,3,20
3,16113,Japan,1,25
4,16113,Japan,2,25
5,16113,Japan,3,25
0,16114,Serbia,1,20
1,16114,Serbia,2,25
2,16114,Serbia,3,25
3,16114,Serbia,4,17
4,16114,Serbia,5,15
5,16114,Bulgaria,1,25
6,16114,Bulgaria,2,16
7,16114,Bulgaria,3,14
8,16114,Bulgaria,4,25
9,16114,Bulgaria,5,4
0,16115,Poland,1,25
1,16115,Poland,2,25
2,16115,Poland,3,25
3,16115,Korea,1,23
4,16115,Korea,2,18
5,16115,Korea,3,16
0,16116,Croatia,1,14
1,16116,Croatia,2,23
2,16116,Croatia,3,18
3,16116,Türkiye,1,25
4,16116,Türkiye,2,25
5,16116,Türkiye,3,25
0,16117,China,1,18
1,16117,China,2,25
2,16117,China,3,19
3,16117,China,4,25
4,16117,China,5,15
5,16117,USA,1,25
6,16117,USA,2,19
7,16117,USA,3,25
8,16117,USA,4,20
9,16117,USA,5,8
0,16118,Italy,1,25
1,16118,Italy,2,25
2,16118,Italy,3,17
3,16118,Italy,4,25
4,16118,Japan,1,23
5,16118,Japan,2,23
6,16118,Japan,3,25
7,16118,Japan,4,22
0,16119,Thailand,1,20
1,16119,Thailand,2,16
2,16119,Thailand,3,23
3,16119,Brazil,1,25
4,16119,Brazil,2,25
5,16119,Brazil,3,25
0,16120,Poland,1,25
1,16120,Poland,2,21
2,16120,Poland,3,25
3,16120,Poland,4,26
4,16120,Germany,1,12
5,16120,Germany,2,25
6,16120,Germany,3,21
7,16120,Germany,4,24
0,16121,USA,1,25
1,16121,USA,2,25
2,16121,USA,3,18
3,16121,USA,4,25
4,16121,Japan,1,23
5,16121,Japan,2,21
6,16121,Japan,3,25
7,16121,Japan,4,18
0,16122,Brazil,1,21
1,16122,Brazil,2,20
2,16122,Brazil,3,25
3,16122,Brazil,4,23
4,16122,China,1,25
5,16122,China,2,25
6,16122,China,3,20
7,16122,China,4,25
0,16123,Türkiye,1,25
1,16123,Türkiye,2,25
2,16123,Türkiye,3,25
3,16123,Italy,1,20
4,16123,Italy,2,15
5,16123,Italy,3,18
0,16124,Poland,1,18
1,16124,Poland,2,23
2,16124,Poland,3,23
3,16124,China,1,25
4,16124,China,2,25
5,16124,China,3,25
0,16125,USA,1,21
1,16125,USA,2,14
2,16125,USA,3,26
3,16125,USA,4,25
4,16125,Türkiye,1,25
5,16125,Türkiye,2,25
6,16125,Türkiye,3,24
7,16125,Türkiye,4,27
0,16126,Poland,1,25
1,16126,Poland,2,16
2,16126,Poland,3,25
3,16126,Poland,4,18
4,16126,Poland,5,17
5,16126,USA,1,15
6,16126,USA,2,25
7,16126,USA,3,19
8,16126,USA,4,25
9,16126,USA,5,15
0,16127,China,1,22
1,16127,China,2,25
2,16127,China,3,19
3,16127,China,4,16
4,16127,Türkiye,1,25
5,16127,Türkiye,2,22
6,16127,Türkiye,3,25
7,16127,Türkiye,4,25
0,18957,Bulgaria,1,14
1,18957,Bulgaria,2,20
2,18957,Bulgaria,3,22
3,18957,Netherlands,1,25
4,18957,Netherlands,2,25
5,18957,Netherlands,3,25
0,18958,Italy,1,26
1,18958,Italy,2,23
2,18958,Italy,3,21
3,18958,Poland,1,28
4,18958,Poland,2,25
5,18958,Poland,3,25
0,18959,China,1,25
1,18959,China,2,25
2,18959,China,3,25
3,18959,Korea,1,15
4,18959,Korea,2,16
5,18959,Korea,3,14
0,18960,Brazil,1,26
1,18960,Brazil,2,23
2,18960,Brazil,3,26
3,18960,Brazil,4,25
4,18960,Canada,1,24
5,18960,Canada,2,25
6,18960,Canada,3,24
7,18960,Canada,4,12
0,18961,France,1,22
1,18961,France,2,14
2,18961,France,3,22
3,18961,Germany,1,25
4,18961,Germany,2,25
5,18961,Germany,3,25
0,18962,Japan,1,25
1,18962,Japan,2,25
2,18962,Japan,3,23
3,18962,Japan,4,20
4,18962,Japan,5,15
5,18962,Türkiye,1,23
6,18962,Türkiye,2,21
7,18962,Türkiye,3,25
8,18962,Türkiye,4,25
9,18962,Türkiye,5,11
0,18963,USA,1,25
1,18963,USA,2,19
2,18963,USA,3,25
3,18963,USA,4,25
4,18963,Thailand,1,22
5,18963,Thailand,2,25
6,18963,Thailand,3,12
7,18963,Thailand,4,18
0,18964,Serbia,1,18
1,18964,Serbia,2,17
2,18964,Serbia,3,25
3,18964,Serbia,4,20
4,18964,Dominican Republic,1,25
5,18964,Dominican Republic,2,25
6,18964,Dominican Republic,3,21
7,18964,Dominican Republic,4,25
0,18965,Germany,1,16
1,18965,Germany,2,16
2,18965,Germany,3,25
3,18965,Germany,4,22
4,18965,Italy,1,25
5,18965,Italy,2,25
6,18965,Italy,3,21
7,18965,Italy,4,25
0,18966,Bulgaria,1,13
1,18966,Bulgaria,2,15
2,18966,Bulgaria,3,15
3,18966,Japan,1,25
4,18966,Japan,2,25
5,18966,Japan,3,25
0,18967,Netherlands,1,14
1,18967,Netherlands,2,25
2,18967,Netherlands,3,23
3,18967,Netherlands,4,18
4,18967,Türkiye,1,25
5,18967,Türkiye,2,23
6,18967,Türkiye,3,25
7,18967,Türkiye,4,25
0,18968,Brazil,1,25
1,18968,Brazil,2,25
2,18968,Brazil,3,25
3,18968,Korea,1,15
4,18968,Korea,2,19
5,18968,Korea,3,17
0,18969,China,1,23
1,18969,China,2,25
2,18969,China,3,25
3,18969,China,4,25
4,18969,USA,1,25
5,18969,USA,2,23
6,18969,USA,3,22
7,18969,USA,4,19
0,18970,Dominican Republic,1,20
1,18970,Dominican Republic,2,21
2,18970,Dominican Republic,3,22
3,18970,Canada,1,25
4,18970,Canada,2,25
5,18970,Canada,3,25
0,18971,Japan,1,25
1,18971,Japan,2,25
2,18971,Japan,3,25
3,18971,Germany,1,21
4,18971,Germany,2,15
5,18971,Germany,3,22
0,18972,France,1,20
1,18972,France,2,16
2,18972,France,3,17
3,18972,Poland,1,25
4,18972,Poland,2,25
5,18972,Poland,3,25
0,18973,Italy,1,25
1,18973,Italy,2,25
2,18973,Italy,3,25
3,18973,Bulgaria,1,11
4,18973,Bulgaria,2,22
5,18973,Bulgaria,3,19
0,18974,Serbia,1,25
1,18974,Serbia,2,29
2,18974,Serbia,3,25
3,18974,Thailand,1,13
4,18974,Thailand,2,27
5,18974,Thailand,3,19
0,18975,China,1,22
1,18975,China,2,25
2,18975,China,3,23
3,18975,China,4,22
4,18975,Canada,1,25
5,18975,Canada,2,20
6,18975,Canada,3,25
7,18975,Canada,4,25
0,18976,Brazil,1,25
1,18976,Brazil,2,25
2,18976,Brazil,3,18
3,18976,Brazil,4,25
4,18976,USA,1,22
5,18976,USA,2,16
6,18976,USA,3,25
7,18976,USA,4,19
0,18977,Poland,1,25
1,18977,Poland,2,26
2,18977,Poland,3,25
3,18977,Netherlands,1,20
4,18977,Netherlands,2,24
5,18977,Netherlands,3,18
0,18978,France,1,19
1,18978,France,2,25
2,18978,France,3,25
3,18978,France,4,29
4,18978,Bulgaria,1,25
5,18978,Bulgaria,2,21
6,18978,Bulgaria,3,11
7,18978,Bulgaria,4,27
0,18979,Italy,1,25
1,18979,Italy,2,25
2,18979,Italy,3,25
3,18979,Italy,4,25
4,18979,Türkiye,1,27
5,18979,Türkiye,2,21
6,18979,Türkiye,3,21
7,18979,Türkiye,4,19
0,18980,Serbia,1,25
1,18980,Serbia,2,15
2,18980,Serbia,3,18
3,18980,Serbia,4,18
4,18980,China,1,21
5,18980,China,2,25
6,18980,China,3,25
7,18980,China,4,25
0,18981,Korea,1,13
1,18981,Korea,2,19
2,18981,Korea,3,20
3,18981,Dominican Republic,1,25
4,18981,Dominican Republic,2,25
5,18981,Dominican Republic,3,25
0,18982,Thailand,1,21
1,18982,Thailand,2,13
2,18982,Thailand,3,25
3,18982,Thailand,4,17
4,18982,Canada,1,25
5,18982,Canada,2,25
6,18982,Canada,3,20
7,18982,Canada,4,25
0,18983,Germany,1,21
1,18983,Germany,2,25
2,18983,Germany,3,23
3,18983,Germany,4,20
4,18983,Netherlands,1,25
5,18983,Netherlands,2,21
6,18983,Netherlands,3,25
7,18983,Netherlands,4,25
0,18984,Brazil,1,25
1,18984,Brazil,2,25
2,18984,Brazil,3,25
3,18984,Serbia,1,15
4,18984,Serbia,2,19
5,18984,Serbia,3,19
0,18985,Poland,1,26
1,18985,Poland,2,25
2,18985,Poland,3,25
3,18985,Japan,1,24
4,18985,Japan,2,20
5,18985,Japan,3,23
0,18986,France,1,19
1,18986,France,2,16
2,18986,France,3,19
3,18986,Türkiye,1,25
4,18986,Türkiye,2,25
5,18986,Türkiye,3,25
0,18987,USA,1,25
1,18987,USA,2,25
2,18987,USA,3,25
3,18987,Dominican Republic,1,23
4,18987,Dominican Republic,2,20
5,18987,Dominican Republic,3,18
0,18988,Thailand,1,19
1,18988,Thailand,2,25
2,18988,Thailand,3,16
3,18988,Thailand,4,18
4,18988,Korea,1,25
5,18988,Korea,2,23
6,18988,Korea,3,25
7,18988,Korea,4,25
0,18989,Thailand,1,25
1,18989,Thailand,2,20
2,18989,Thailand,3,25
3,18989,Thailand,4,26
4,18989,Dominican Republic,1,22
5,18989,Dominican Republic,2,25
6,18989,Dominican Republic,3,17
7,18989,Dominican Republic,4,24
0,18990,Brazil,1,24
1,18990,Brazil,2,26
2,18990,Brazil,3,19
3,18990,Brazil,4,25
4,18990,Brazil,5,15
5,18990,Japan,1,26
6,18990,Japan,2,24
7,18990,Japan,3,25
8,18990,Japan,4,20
9,18990,Japan,5,11
0,18991,Poland,1,25
1,18991,Poland,2,23
2,18991,Poland,3,25
3,18991,Poland,4,25
4,18991,Serbia,1,16
5,18991,Serbia,2,25
6,18991,Serbia,3,18
7,18991,Serbia,4,22
0,18992,Canada,1,22
1,18992,Canada,2,17
2,18992,Canada,3,25
3,18992,Canada,4,20
4,18992,USA,1,25
5,18992,USA,2,25
6,18992,USA,3,23
7,18992,USA,4,25
0,18993,Italy,1,25
1,18993,Italy,2,25
2,18993,Italy,3,25
3,18993,France,1,15
4,18993,France,2,14
5,18993,France,3,14
0,18994,Netherlands,1,25
1,18994,Netherlands,2,23
2,18994,Netherlands,3,23
3,18994,Netherlands,4,21
4,18994,China,1,21
5,18994,China,2,25
6,18994,China,3,25
7,18994,China,4,25
0,18995,Korea,1,23
1,18995,Korea,2,25
2,18995,Korea,3,26
3,18995,Korea,4,21
4,18995,Korea,5,13
5,18995,Bulgaria,1,25
6,18995,Bulgaria,2,20
7,18995,Bulgaria,3,24
8,18995,Bulgaria,4,25
9,18995,Bulgaria,5,15
0,18996,Germany,1,25
1,18996,Germany,2,20
2,18996,Germany,3,9
3,18996,Germany,4,24
4,18996,Türkiye,1,20
5,18996,Türkiye,2,25
6,18996,Türkiye,3,25
7,18996,Türkiye,4,26
0,18997,Dominican Republic,1,12
1,18997,Dominican Republic,2,19
2,18997,Dominican Republic,3,21
3,18997,Italy,1,25
4,18997,Italy,2,25
5,18997,Italy,3,25
0,18998,France,1,14
1,18998,France,2,18
2,18998,France,3,15
3,18998,Japan,1,25
4,18998,Japan,2,25
5,18998,Japan,3,25
0,18999,Brazil,1,25
1,18999,Brazil,2,20
2,18999,Brazil,3,25
3,18999,Brazil,4,25
4,18999,Netherlands,1,17
5,18999,Netherlands,2,25
6,18999,Netherlands,3,20
7,18999,Netherlands,4,18
0,19000,Korea,1,20
1,19000,Korea,2,20
2,19000,Korea,3,10
3,19000,Poland,1,25
4,19000,Poland,2,25
5,19000,Poland,3,25
0,19001,Canada,1,25
1,19001,Canada,2,25
2,19001,Canada,3,25
3,19001,Germany,1,20
4,19001,Germany,2,15
5,19001,Germany,3,22
0,19002,Serbia,1,18
1,19002,Serbia,2,31
2,19002,Serbia,3,25
3,19002,Serbia,4,21
4,19002,Türkiye,1,25
5,19002,Türkiye,2,33
6,19002,Türkiye,3,21
7,19002,Türkiye,4,25
0,19003,France,1,23
1,19003,France,2,21
2,19003,France,3,25
3,19003,France,4,25
4,19003,France,5,7
5,19003,Thailand,1,25
6,19003,Thailand,2,25
7,19003,Thailand,3,23
8,19003,Thailand,4,20
9,19003,Thailand,5,15
0,19004,Netherlands,1,25
1,19004,Netherlands,2,23
2,19004,Netherlands,3,25
3,19004,Netherlands,4,25
4,19004,Dominican Republic,1,17
5,19004,Dominican Republic,2,25
6,19004,Dominican Republic,3,21
7,19004,Dominican Republic,4,17
0,19005,Japan,1,25
1,19005,Japan,2,19
2,19005,Japan,3,25
3,19005,Japan,4,25
4,19005,China,1,22
5,19005,China,2,25
6,19005,China,3,18
7,19005,China,4,17
0,19006,Germany,1,23
1,19006,Germany,2,20
2,19006,Germany,3,21
3,19006,Poland,1,25
4,19006,Poland,2,25
5,19006,Poland,3,25
0,19007,Serbia,1,25
1,19007,Serbia,2,21
2,19007,Serbia,3,26
3,19007,Serbia,4,25
4,19007,Canada,1,22
5,19007,Canada,2,25
6,19007,Canada,3,24
7,19007,Canada,4,20
0,19008,Bulgaria,1,17
1,19008,Bulgaria,2,22
2,19008,Bulgaria,3,22
3,19008,USA,1,25
4,19008,USA,2,25
5,19008,USA,3,25
0,19009,Brazil,1,26
1,19009,Brazil,2,25
2,19009,Brazil,3,18
3,19009,Brazil,4,25
4,19009,Brazil,5,15
5,19009,Italy,1,24
6,19009,Italy,2,27
7,19009,Italy,3,25
8,19009,Italy,4,19
9,19009,Italy,5,10
0,19010,Dominican Republic,1,20
1,19010,Dominican Republic,2,25
2,19010,Dominican Republic,3,24
3,19010,Dominican Republic,4,23
4,19010,Japan,1,25
5,19010,Japan,2,23
6,19010,Japan,3,26
7,19010,Japan,4,25
0,19011,Thailand,1,23
1,19011,Thailand,2,17
2,19011,Thailand,3,18
3,19011,China,1,25
4,19011,China,2,25
5,19011,China,3,25
0,19012,Korea,1,20
1,19012,Korea,2,15
2,19012,Korea,3,20
3,19012,Türkiye,1,25
4,19012,Türkiye,2,25
5,19012,Türkiye,3,25
0,19013,Poland,1,29
1,19013,Poland,2,25
2,19013,Poland,3,20
3,19013,Poland,4,25
4,19013,USA,1,27
5,19013,USA,2,22
6,19013,USA,3,25
7,19013,USA,4,23
0,19014,Serbia,1,18
1,19014,Serbia,2,25
2,19014,Serbia,3,25
3,19014,Serbia,4,25
4,19014,Bulgaria,1,25
5,19014,Bulgaria,2,21
6,19014,Bulgaria,3,17
7,19014,Bulgaria,4,16
0,19015,France,1,17
1,19015,France,2,10
2,19015,France,3,21
3,19015,Netherlands,1,25
4,19015,Netherlands,2,25
5,19015,Netherlands,3,25
0,19016,Brazil,1,25
1,19016,Brazil,2,25
2,19016,Brazil,3,25
3,19016,Thailand,1,22
4,19016,Thailand,2,14
5,19016,Thailand,3,17
0,19017,Italy,1,25
1,19017,Italy,2,25
2,19017,Italy,3,25
3,19017,China,1,23
4,19017,China,2,19
5,19017,China,3,16
0,19018,Korea,1,15
1,19018,Korea,2,12
2,19018,Korea,3,18
3,19018,Canada,1,25
4,19018,Canada,2,25
5,19018,Canada,3,25
0,19019,USA,1,25
1,19019,USA,2,20
2,19019,USA,3,21
3,19019,USA,4,25
4,19019,USA,5,12
5,19019,Türkiye,1,21
6,19019,Türkiye,2,25
7,19019,Türkiye,3,25
8,19019,Türkiye,4,12
9,19019,Türkiye,5,15
0,19020,Bulgaria,1,19
1,19020,Bulgaria,2,25
2,19020,Bulgaria,3,21
3,19020,Bulgaria,4,11
4,19020,Germany,1,25
5,19020,Germany,2,21
6,19020,Germany,3,25
7,19020,Germany,4,25
0,19021,USA,1,25
1,19021,USA,2,26
2,19021,USA,3,25
3,19021,France,1,15
4,19021,France,2,24
5,19021,France,3,20
0,19022,Italy,1,25
1,19022,Italy,2,25
2,19022,Italy,3,25
3,19022,Canada,1,16
4,19022,Canada,2,15
5,19022,Canada,3,14
0,19023,Germany,1,24
1,19023,Germany,2,25
2,19023,Germany,3,21
3,19023,Germany,4,21
4,19023,Dominican Republic,1,26
5,19023,Dominican Republic,2,21
6,19023,Dominican Republic,3,25
7,19023,Dominican Republic,4,25
0,19024,Bulgaria,1,15
1,19024,Bulgaria,2,12
2,19024,Bulgaria,3,17
3,19024,China,1,25
4,19024,China,2,25
5,19024,China,3,25
0,19025,Netherlands,1,25
1,19025,Netherlands,2,25
2,19025,Netherlands,3,18
3,19025,Netherlands,4,25
4,19025,Serbia,1,20
5,19025,Serbia,2,21
6,19025,Serbia,3,25
7,19025,Serbia,4,12
0,19026,Korea,1,16
1,19026,Korea,2,16
2,19026,Korea,3,23
3,19026,Japan,1,25
4,19026,Japan,2,25
5,19026,Japan,3,25
0,19027,Türkiye,1,25
1,19027,Türkiye,2,25
2,19027,Türkiye,3,25
3,19027,Thailand,1,17
4,19027,Thailand,2,17
5,19027,Thailand,3,17
0,19028,Brazil,1,22
1,19028,Brazil,2,25
2,19028,Brazil,3,25
3,19028,Brazil,4,25
4,19028,Poland,1,25
5,19028,Poland,2,17
6,19028,Poland,3,17
7,19028,Poland,4,16
0,19029,Netherlands,1,21
1,19029,Netherlands,2,20
2,19029,Netherlands,3,22
3,19029,USA,1,25
4,19029,USA,2,25
5,19029,USA,3,25
0,19030,France,1,23
1,19030,France,2,25
2,19030,France,3,25
3,19030,France,4,22
4,19030,France,5,13
5,19030,Korea,1,25
6,19030,Korea,2,21
7,19030,Korea,3,17
8,19030,Korea,4,25
9,19030,Korea,5,15
0,19031,Japan,1,25
1,19031,Japan,2,25
2,19031,Japan,3,20
3,19031,Japan,4,21
4,19031,Japan,5,14
5,19031,Canada,1,23
6,19031,Canada,2,22
7,19031,Canada,3,25
8,19031,Canada,4,25
9,19031,Canada,5,16
0,19032,Bulgaria,1,23
1,19032,Bulgaria,2,25
2,19032,Bulgaria,3,18
3,19032,Bulgaria,4,25
4,19032,Bulgaria,5,10
5,19032,Thailand,1,25
6,19032,Thailand,2,22
7,19032,Thailand,3,25
8,19032,Thailand,4,22
9,19032,Thailand,5,15
0,19033,Germany,1,20
1,19033,Germany,2,22
2,19033,Germany,3,25
3,19033,Germany,4,24
4,19033,Brazil,1,25
5,19033,Brazil,2,25
6,19033,Brazil,3,21
7,19033,Brazil,4,26
0,19034,Dominican Republic,1,25
1,19034,Dominican Republic,2,15
2,19034,Dominican Republic,3,17
3,19034,Dominican Republic,4,18
4,19034,Türkiye,1,17
5,19034,Türkiye,2,25
6,19034,Türkiye,3,25
7,19034,Türkiye,4,25
0,19035,Serbia,1,22
1,19035,Serbia,2,25
2,19035,Serbia,3,23
3,19035,Serbia,4,21
4,19035,France,1,25
5,19035,France,2,22
6,19035,France,3,25
7,19035,France,4,25
0,19036,Canada,1,24
1,19036,Canada,2,16
2,19036,Canada,3,23
3,19036,Netherlands,1,26
4,19036,Netherlands,2,25
5,19036,Netherlands,3,25
0,19037,Italy,1,25
1,19037,Italy,2,25
2,19037,Italy,3,25
3,19037,Korea,1,16
4,19037,Korea,2,11
5,19037,Korea,3,13
0,19038,Bulgaria,1,11
1,19038,Bulgaria,2,11
2,19038,Bulgaria,3,23
3,19038,Brazil,1,25
4,19038,Brazil,2,25
5,19038,Brazil,3,25
0,19039,Dominican Republic,1,31
1,19039,Dominican Republic,2,20
2,19039,Dominican Republic,3,16
3,19039,Poland,1,33
4,19039,Poland,2,25
5,19039,Poland,3,25
0,19040,China,1,25
1,19040,China,2,25
2,19040,China,3,25
3,19040,Germany,1,19
4,19040,Germany,2,17
5,19040,Germany,3,18
0,19041,Canada,1,25
1,19041,Canada,2,25
2,19041,Canada,3,31
3,19041,France,1,14
4,19041,France,2,18
5,19041,France,3,29
0,19042,Italy,1,25
1,19042,Italy,2,19
2,19042,Italy,3,25
3,19042,Italy,4,25
4,19042,USA,1,17
5,19042,USA,2,25
6,19042,USA,3,15
7,19042,USA,4,21
0,19043,Japan,1,25
1,19043,Japan,2,25
2,19043,Japan,3,25
3,19043,Serbia,1,22
4,19043,Serbia,2,18
5,19043,Serbia,3,15
0,19044,Dominican Republic,1,26
1,19044,Dominican Republic,2,23
2,19044,Dominican Republic,3,22
3,19044,Dominican Republic,4,26
4,19044,Dominican Republic,5,13
5,19044,Bulgaria,1,24
6,19044,Bulgaria,2,25
7,19044,Bulgaria,3,25
8,19044,Bulgaria,4,24
9,19044,Bulgaria,5,15
0,19045,Poland,1,25
1,19045,Poland,2,25
2,19045,Poland,3,25
3,19045,Thailand,1,15
4,19045,Thailand,2,23
5,19045,Thailand,3,17
0,19046,China,1,21
1,19046,China,2,17
2,19046,China,3,25
3,19046,China,4,25
4,19046,China,5,15
5,19046,Türkiye,1,25
6,19046,Türkiye,2,25
7,19046,Türkiye,3,21
8,19046,Türkiye,4,23
9,19046,Türkiye,5,13
0,19047,Netherlands,1,25
1,19047,Netherlands,2,25
2,19047,Netherlands,3,25
3,19047,Korea,1,21
4,19047,Korea,2,11
5,19047,Korea,3,17
0,19048,Serbia,1,20
1,19048,Serbia,2,25
2,19048,Serbia,3,23
3,19048,Serbia,4,22
4,19048,Italy,1,25
5,19048,Italy,2,20
6,19048,Italy,3,25
7,19048,Italy,4,25
0,19049,Japan,1,15
1,19049,Japan,2,18
2,19049,Japan,3,24
3,19049,USA,1,25
4,19049,USA,2,25
5,19049,USA,3,26
0,19050,Germany,1,25
1,19050,Germany,2,25
2,19050,Germany,3,25
3,19050,Thailand,1,17
4,19050,Thailand,2,21
5,19050,Thailand,3,20
0,19051,Türkiye,1,14
1,19051,Türkiye,2,14
2,19051,Türkiye,3,19
3,19051,Brazil,1,25
4,19051,Brazil,2,25
5,19051,Brazil,3,25
0,19052,China,1,25
1,19052,China,2,25
2,19052,China,3,25
3,19052,Poland,1,23
4,19052,Poland,2,15
5,19052,Poland,3,19
0,19053,China,1,21
1,19053,China,2,21
2,19053,China,3,22
3,19053,Japan,1,25
4,19053,Japan,2,25
5,19053,Japan,3,25
0,19054,Thailand,1,21
1,19054,Thailand,2,20
2,19054,Thailand,3,23
3,19054,Brazil,1,25
4,19054,Brazil,2,25
5,19054,Brazil,3,25
0,19055,Italy,1,25
1,19055,Italy,2,25
2,19055,Italy,3,25
3,19055,USA,1,21
4,19055,USA,2,21
5,19055,USA,3,23
0,19056,Poland,1,20
1,19056,Poland,2,25
2,19056,Poland,3,25
3,19056,Poland,4,19
4,19056,Poland,5,15
5,19056,Türkiye,1,25
6,19056,Türkiye,2,22
7,19056,Türkiye,3,20
8,19056,Türkiye,4,25
9,19056,Türkiye,5,11
0,19057,Italy,1,25
1,19057,Italy,2,25
2,19057,Italy,3,25
3,19057,Poland,1,18
4,19057,Poland,2,17
5,19057,Poland,3,12
0,19058,Brazil,1,24
1,19058,Brazil,2,25
2,19058,Brazil,3,21
3,19058,Brazil,4,25
4,19058,Brazil,5,12
5,19058,Japan,1,26
6,19058,Japan,2,20
7,19058,Japan,3,25
8,19058,Japan,4,22
9,19058,Japan,5,15
0,19059,Brazil,1,21
1,19059,Brazil,2,28
2,19059,Brazil,3,21
3,19059,Brazil,4,25
4,19059,Brazil,5,9
5,19059,Poland,1,25
6,19059,Poland,2,26
7,19059,Poland,3,25
8,19059,Poland,4,19
9,19059,Poland,5,15
0,19060,Japan,1,17
1,19060,Japan,2,17
2,19060,Japan,3,25
3,19060,Japan,4,20
4,19060,Italy,1,25
5,19060,Italy,2,25
6,19060,Italy,3,21
7,19060,Italy,4,25
0,21553,France,1,17
1,21553,France,2,25
2,21553,France,3,13
3,21553,France,4,14
4,21553,Türkiye,1,25
5,21553,Türkiye,2,23
6,21553,Türkiye,3,25
7,21553,Türkiye,4,25
0,21554,Thailand,1,22
1,21554,Thailand,2,24
2,21554,Thailand,3,22
3,21554,Poland,1,25
4,21554,Poland,2,26
5,21554,Poland,3,25
0,21555,China,1,25
1,21555,China,2,27
2,21555,China,3,25
3,21555,Belgium,1,18
4,21555,Belgium,2,25
5,21555,Belgium,3,13
0,21556,Netherlands,1,17
1,21556,Netherlands,2,15
2,21556,Netherlands,3,16
3,21556,Japan,1,25
4,21556,Japan,2,25
5,21556,Japan,3,25
0,21557,USA,1,13
1,21557,USA,2,13
2,21557,USA,3,28
3,21557,Italy,1,25
4,21557,Italy,2,25
5,21557,Italy,3,30
0,21558,Dominican Republic,1,26
1,21558,Dominican Republic,2,19
2,21558,Dominican Republic,3,25
3,21558,Dominican Republic,4,25
4,21558,Dominican Republic,5,18
5,21558,Serbia,1,28
6,21558,Serbia,2,25
7,21558,Serbia,3,15
8,21558,Serbia,4,20
9,21558,Serbia,5,16
0,21559,Czechia,1,21
1,21559,Czechia,2,20
2,21559,Czechia,3,17
3,21559,Brazil,1,25
4,21559,Brazil,2,25
5,21559,Brazil,3,25
0,21560,Bulgaria,1,18
1,21560,Bulgaria,2,12
2,21560,Bulgaria,3,25
3,21560,Bulgaria,4,25
4,21560,Bulgaria,5,4
5,21560,Canada,1,25
6,21560,Canada,2,25
7,21560,Canada,3,23
8,21560,Canada,4,19
9,21560,Canada,5,15
0,21561,Korea,1,17
1,21561,Korea,2,15
2,21561,Korea,3,21
3,21561,Germany,1,25
4,21561,Germany,2,25
5,21561,Germany,3,25
0,21562,Belgium,1,25
1,21562,Belgium,2,25
2,21562,Belgium,3,24
3,21562,Belgium,4,25
4,21562,Thailand,1,22
5,21562,Thailand,2,23
6,21562,Thailand,3,26
7,21562,Thailand,4,22
0,21563,China,1,22
1,21563,China,2,25
2,21563,China,3,19
3,21563,China,4,21
4,21563,Poland,1,25
5,21563,Poland,2,20
6,21563,Poland,3,25
7,21563,Poland,4,25
0,21564,Bulgaria,1,25
1,21564,Bulgaria,2,30
2,21564,Bulgaria,3,25
3,21564,Bulgaria,4,31
4,21564,Dominican Republic,1,21
5,21564,Dominican Republic,2,32
6,21564,Dominican Republic,3,19
7,21564,Dominican Republic,4,29
0,21565,Germany,1,25
1,21565,Germany,2,10
2,21565,Germany,3,25
3,21565,Germany,4,13
4,21565,Germany,5,9
5,21565,Italy,1,22
6,21565,Italy,2,25
7,21565,Italy,3,20
8,21565,Italy,4,25
9,21565,Italy,5,15
0,21566,Canada,1,18
1,21566,Canada,2,25
2,21566,Canada,3,15
3,21566,Canada,4,23
4,21566,Netherlands,1,25
5,21566,Netherlands,2,22
6,21566,Netherlands,3,25
7,21566,Netherlands,4,25
0,21567,USA,1,18
1,21567,USA,2,17
2,21567,USA,3,19
3,21567,Brazil,1,25
4,21567,Brazil,2,25
5,21567,Brazil,3,25
0,21568,France,1,25
1,21568,France,2,13
2,21568,France,3,25
3,21568,France,4,25
4,21568,Belgium,1,22
5,21568,Belgium,2,25
6,21568,Belgium,3,13
7,21568,Belgium,4,19
0,21569,Türkiye,1,25
1,21569,Türkiye,2,25
2,21569,Türkiye,3,25
3,21569,Thailand,1,23
4,21569,Thailand,2,14
5,21569,Thailand,3,22
0,21570,Dominican Republic,1,22
1,21570,Dominican Republic,2,25
2,21570,Dominican Republic,3,28
3,21570,Dominican Republic,4,22
4,21570,Dominican Republic,5,15
5,21570,Netherlands,1,25
6,21570,Netherlands,2,19
7,21570,Netherlands,3,26
8,21570,Netherlands,4,25
9,21570,Netherlands,5,13
0,21571,Korea,1,13
1,21571,Korea,2,13
2,21571,Korea,3,17
3,21571,Italy,1,25
4,21571,Italy,2,25
5,21571,Italy,3,25
0,21572,Serbia,1,19
1,21572,Serbia,2,21
2,21572,Serbia,3,13
3,21572,Japan,1,25
4,21572,Japan,2,25
5,21572,Japan,3,25
0,21573,Czechia,1,23
1,21573,Czechia,2,20
2,21573,Czechia,3,25
3,21573,Czechia,4,25
4,21573,Czechia,5,27
5,21573,USA,1,25
6,21573,USA,2,25
7,21573,USA,3,17
8,21573,USA,4,20
9,21573,USA,5,25
0,21574,Türkiye,1,25
1,21574,Türkiye,2,18
2,21574,Türkiye,3,25
3,21574,Türkiye,4,22
4,21574,Türkiye,5,15
5,21574,Poland,1,21
6,21574,Poland,2,25
7,21574,Poland,3,23
8,21574,Poland,4,25
9,21574,Poland,5,7
0,21575,China,1,25
1,21575,China,2,25
2,21575,China,3,25
3,21575,France,1,17
4,21575,France,2,18
5,21575,France,3,11
0,21576,Germany,1,23
1,21576,Germany,2,25
2,21576,Germany,3,25
3,21576,Germany,4,20
4,21576,Germany,5,8
5,21576,Brazil,1,25
6,21576,Brazil,2,21
7,21576,Brazil,3,23
8,21576,Brazil,4,25
9,21576,Brazil,5,15
0,21577,Korea,1,25
1,21577,Korea,2,17
2,21577,Korea,3,25
3,21577,Korea,4,9
4,21577,Korea,5,9
5,21577,Czechia,1,17
6,21577,Czechia,2,25
7,21577,Czechia,3,21
8,21577,Czechia,4,25
9,21577,Czechia,5,15
0,21578,Canada,1,24
1,21578,Canada,2,20
2,21578,Canada,3,19
3,21578,Japan,1,26
4,21578,Japan,2,25
5,21578,Japan,3,25
0,21579,Bulgaria,1,12
1,21579,Bulgaria,2,25
2,21579,Bulgaria,3,25
3,21579,Bulgaria,4,10
4,21579,Bulgaria,5,17
5,21579,Serbia,1,25
6,21579,Serbia,2,19
7,21579,Serbia,3,16
8,21579,Serbia,4,25
9,21579,Serbia,5,15
0,21580,Belgium,1,11
1,21580,Belgium,2,15
2,21580,Belgium,3,25
3,21580,Poland,1,25
4,21580,Poland,2,25
5,21580,Poland,3,27
0,21581,France,1,14
1,21581,France,2,25
2,21581,France,3,23
3,21581,France,4,13
4,21581,Thailand,1,25
5,21581,Thailand,2,19
6,21581,Thailand,3,25
7,21581,Thailand,4,25
0,21582,China,1,25
1,21582,China,2,20
2,21582,China,3,31
3,21582,China,4,26
4,21582,China,5,12
5,21582,Türkiye,1,19
6,21582,Türkiye,2,25
7,21582,Türkiye,3,29
8,21582,Türkiye,4,28
9,21582,Türkiye,5,15
0,21583,Brazil,1,22
1,21583,Brazil,2,18
2,21583,Brazil,3,27
3,21583,Italy,1,25
4,21583,Italy,2,25
5,21583,Italy,3,29
0,21584,Dominican Republic,1,19
1,21584,Dominican Republic,2,21
2,21584,Dominican Republic,3,9
3,21584,Japan,1,25
4,21584,Japan,2,25
5,21584,Japan,3,25
0,21585,Czechia,1,22
1,21585,Czechia,2,18
2,21585,Czechia,3,25
3,21585,Czechia,4,23
4,21585,Germany,1,25
5,21585,Germany,2,25
6,21585,Germany,3,22
7,21585,Germany,4,25
0,21586,Bulgaria,1,21
1,21586,Bulgaria,2,16
2,21586,Bulgaria,3,23
3,21586,Netherlands,1,25
4,21586,Netherlands,2,25
5,21586,Netherlands,3,25
0,21587,Korea,1,13
1,21587,Korea,2,26
2,21587,Korea,3,17
3,21587,USA,1,25
4,21587,USA,2,28
5,21587,USA,3,25
0,21588,Canada,1,20
1,21588,Canada,2,18
2,21588,Canada,3,25
3,21588,Canada,4,25
4,21588,Canada,5,15
5,21588,Serbia,1,25
6,21588,Serbia,2,25
7,21588,Serbia,3,20
8,21588,Serbia,4,18
9,21588,Serbia,5,12
0,21589,Bulgaria,1,17
1,21589,Bulgaria,2,25
2,21589,Bulgaria,3,15
3,21589,Bulgaria,4,15
4,21589,Italy,1,25
5,21589,Italy,2,23
6,21589,Italy,3,25
7,21589,Italy,4,25
0,21590,Thailand,1,25
1,21590,Thailand,2,25
2,21590,Thailand,3,20
3,21590,Thailand,4,15
4,21590,Thailand,5,11
5,21590,Japan,1,18
6,21590,Japan,2,23
7,21590,Japan,3,25
8,21590,Japan,4,25
9,21590,Japan,5,15
0,21591,Korea,1,27
1,21591,Korea,2,25
2,21591,Korea,3,15
3,21591,Korea,4,20
4,21591,Korea,5,15
5,21591,Canada,1,25
6,21591,Canada,2,18
7,21591,Canada,3,25
8,21591,Canada,4,25
9,21591,Canada,5,13
0,21592,France,1,23
1,21592,France,2,25
2,21592,France,3,27
3,21592,France,4,28
4,21592,France,5,11
5,21592,Germany,1,25
6,21592,Germany,2,17
7,21592,Germany,3,25
8,21592,Germany,4,30
9,21592,Germany,5,15
0,21593,Czechia,1,27
1,21593,Czechia,2,25
2,21593,Czechia,3,15
3,21593,Czechia,4,22
4,21593,China,1,29
5,21593,China,2,23
6,21593,China,3,25
7,21593,China,4,25
0,21594,Belgium,1,22
1,21594,Belgium,2,26
2,21594,Belgium,3,16
3,21594,Belgium,4,15
4,21594,Brazil,1,25
5,21594,Brazil,2,24
6,21594,Brazil,3,25
7,21594,Brazil,4,25
0,21595,Netherlands,1,25
1,21595,Netherlands,2,23
2,21595,Netherlands,3,25
3,21595,Netherlands,4,12
4,21595,Netherlands,5,10
5,21595,Poland,1,17
6,21595,Poland,2,25
7,21595,Poland,3,17
8,21595,Poland,4,25
9,21595,Poland,5,15
0,21596,Dominican Republic,1,25
1,21596,Dominican Republic,2,19
2,21596,Dominican Republic,3,26
3,21596,Türkiye,1,27
4,21596,Türkiye,2,25
5,21596,Türkiye,3,28
0,21597,Serbia,1,22
1,21597,Serbia,2,20
2,21597,Serbia,3,25
3,21597,Serbia,4,25
4,21597,Serbia,5,11
5,21597,USA,1,25
6,21597,USA,2,25
7,21597,USA,3,22
8,21597,USA,4,22
9,21597,USA,5,15
0,21598,Thailand,1,19
1,21598,Thailand,2,20
2,21598,Thailand,3,18
3,21598,Italy,1,25
4,21598,Italy,2,25
5,21598,Italy,3,25
0,21599,Bulgaria,1,21
1,21599,Bulgaria,2,25
2,21599,Bulgaria,3,15
3,21599,Bulgaria,4,26
4,21599,Bulgaria,5,14
5,21599,China,1,25
6,21599,China,2,22
7,21599,China,3,25
8,21599,China,4,24
9,21599,China,5,16
0,21600,Belgium,1,14
1,21600,Belgium,2,18
2,21600,Belgium,3,25
3,21600,Dominican Republic,1,25
4,21600,Dominican Republic,2,25
5,21600,Dominican Republic,3,27
0,21601,USA,1,25
1,21601,USA,2,20
2,21601,USA,3,17
3,21601,USA,4,18
4,21601,Poland,1,20
5,21601,Poland,2,25
6,21601,Poland,3,25
7,21601,Poland,4,25
0,21602,Canada,1,16
1,21602,Canada,2,18
2,21602,Canada,3,24
3,21602,Türkiye,1,25
4,21602,Türkiye,2,25
5,21602,Türkiye,3,26
0,21603,Germany,1,25
1,21603,Germany,2,23
2,21603,Germany,3,25
3,21603,Germany,4,25
4,21603,Serbia,1,20
5,21603,Serbia,2,25
6,21603,Serbia,3,17
7,21603,Serbia,4,23
0,21604,Bulgaria,1,19
1,21604,Bulgaria,2,22
2,21604,Bulgaria,3,11
3,21604,Czechia,1,25
4,21604,Czechia,2,25
5,21604,Czechia,3,25
0,21605,Japan,1,23
1,21605,Japan,2,25
2,21605,Japan,3,15
3,21605,Japan,4,25
4,21605,Japan,5,17
5,21605,Italy,1,25
6,21605,Italy,2,16
7,21605,Italy,3,25
8,21605,Italy,4,20
9,21605,Italy,5,19
0,21606,Korea,1,16
1,21606,Korea,2,25
2,21606,Korea,3,29
3,21606,Korea,4,12
4,21606,Belgium,1,25
5,21606,Belgium,2,20
6,21606,Belgium,3,31
7,21606,Belgium,4,25
0,21607,France,1,25
1,21607,France,2,25
2,21607,France,3,25
3,21607,Netherlands,1,21
4,21607,Netherlands,2,19
5,21607,Netherlands,3,20
0,21608,Canada,1,20
1,21608,Canada,2,23
2,21608,Canada,3,23
3,21608,Brazil,1,25
4,21608,Brazil,2,25
5,21608,Brazil,3,25
0,21609,Germany,1,16
1,21609,Germany,2,16
2,21609,Germany,3,20
3,21609,Poland,1,25
4,21609,Poland,2,25
5,21609,Poland,3,25
0,21610,Czechia,1,25
1,21610,Czechia,2,25
2,21610,Czechia,3,32
3,21610,Thailand,1,18
4,21610,Thailand,2,16
5,21610,Thailand,3,30
0,21611,Japan,1,15
1,21611,Japan,2,12
2,21611,Japan,3,25
3,21611,Japan,4,22
4,21611,China,1,25
5,21611,China,2,25
6,21611,China,3,18
7,21611,China,4,25
0,21612,Dominican Republic,1,23
1,21612,Dominican Republic,2,18
2,21612,Dominican Republic,3,20
3,21612,Brazil,1,25
4,21612,Brazil,2,25
5,21612,Brazil,3,25
0,21613,Netherlands,1,18
1,21613,Netherlands,2,22
2,21613,Netherlands,3,19
3,21613,USA,1,25
4,21613,USA,2,25
5,21613,USA,3,25
0,21614,Korea,1,11
1,21614,Korea,2,13
2,21614,Korea,3,17
3,21614,Türkiye,1,25
4,21614,Türkiye,2,25
5,21614,Türkiye,3,25
0,21615,France,1,21
1,21615,France,2,25
2,21615,France,3,16
3,21615,France,4,25
4,21615,France,5,15
5,21615,Serbia,1,25
6,21615,Serbia,2,16
7,21615,Serbia,3,25
8,21615,Serbia,4,15
9,21615,Serbia,5,13
0,21616,Bulgaria,1,26
1,21616,Bulgaria,2,25
2,21616,Bulgaria,3,21
3,21616,Bulgaria,4,22
4,21616,Bulgaria,5,15
5,21616,Thailand,1,24
6,21616,Thailand,2,13
7,21616,Thailand,3,25
8,21616,Thailand,4,25
9,21616,Thailand,5,9
0,21617,Czechia,1,22
1,21617,Czechia,2,17
2,21617,Czechia,3,20
3,21617,Japan,1,25
4,21617,Japan,2,25
5,21617,Japan,3,25
0,21618,Belgium,1,22
1,21618,Belgium,2,25
2,21618,Belgium,3,21
3,21618,Belgium,4,25
4,21618,Belgium,5,18
5,21618,Canada,1,25
6,21618,Canada,2,13
7,21618,Canada,3,25
8,21618,Canada,4,22
9,21618,Canada,5,16
0,21619,Germany,1,23
1,21619,Germany,2,25
2,21619,Germany,3,21
3,21619,Germany,4,25
4,21619,Germany,5,10
5,21619,Netherlands,1,25
6,21619,Netherlands,2,19
7,21619,Netherlands,3,25
8,21619,Netherlands,4,23
9,21619,Netherlands,5,15
0,21620,China,1,21
1,21620,China,2,30
2,21620,China,3,11
3,21620,Italy,1,25
4,21620,Italy,2,32
5,21620,Italy,3,25
0,21621,Korea,1,25
1,21621,Korea,2,17
2,21621,Korea,3,25
3,21621,Korea,4,20
4,21621,Korea,5,14
5,21621,Dominican Republic,1,19
6,21621,Dominican Republic,2,25
7,21621,Dominican Republic,3,19
8,21621,Dominican Republic,4,25
9,21621,Dominican Republic,5,16
0,21622,France,1,22
1,21622,France,2,24
2,21622,France,3,25
3,21622,France,4,25
4,21622,France,5,13
5,21622,USA,1,25
6,21622,USA,2,26
7,21622,USA,3,20
8,21622,USA,4,21
9,21622,USA,5,15
0,21623,Türkiye,1,18
1,21623,Türkiye,2,25
2,21623,Türkiye,3,23
3,21623,Türkiye,4,15
4,21623,Brazil,1,25
5,21623,Brazil,2,23
6,21623,Brazil,3,25
7,21623,Brazil,4,25
0,21624,Serbia,1,25
1,21624,Serbia,2,22
2,21624,Serbia,3,22
3,21624,Serbia,4,23
4,21624,Poland,1,22
5,21624,Poland,2,25
6,21624,Poland,3,25
7,21624,Poland,4,25
0,21625,Czechia,1,25
1,21625,Czechia,2,22
2,21625,Czechia,3,26
3,21625,Czechia,4,18
4,21625,Serbia,1,22
5,21625,Serbia,2,25
6,21625,Serbia,3,28
7,21625,Serbia,4,25
0,21626,Italy,1,25
1,21626,Italy,2,25
2,21626,Italy,3,25
3,21626,Belgium,1,19
4,21626,Belgium,2,15
5,21626,Belgium,3,18
0,21627,Germany,1,24
1,21627,Germany,2,25
2,21627,Germany,3,23
3,21627,Germany,4,25
4,21627,Germany,5,15
5,21627,Canada,1,26
6,21627,Canada,2,20
7,21627,Canada,3,25
8,21627,Canada,4,23
9,21627,Canada,5,13
0,21628,Netherlands,1,19
1,21628,Netherlands,2,16
2,21628,Netherlands,3,21
3,21628,Türkiye,1,25
4,21628,Türkiye,2,25
5,21628,Türkiye,3,25
0,21629,Dominican Republic,1,22
1,21629,Dominican Republic,2,25
2,21629,Dominican Republic,3,25
3,21629,Dominican Republic,4,22
4,21629,Dominican Republic,5,13
5,21629,China,1,25
6,21629,China,2,17
7,21629,China,3,22
8,21629,China,4,25
9,21629,China,5,15
0,21630,Thailand,1,26
1,21630,Thailand,2,25
2,21630,Thailand,3,25
3,21630,Thailand,4,15
4,21630,USA,1,28
5,21630,USA,2,21
6,21630,USA,3,27
7,21630,USA,4,25
0,21631,Bulgaria,1,21
1,21631,Bulgaria,2,29
2,21631,Bulgaria,3,10
3,21631,Bulgaria,4,19
4,21631,Brazil,1,25
5,21631,Brazil,2,27
6,21631,Brazil,3,25
7,21631,Brazil,4,25
0,21632,Korea,1,25
1,21632,Korea,2,19
2,21632,Korea,3,14
3,21632,Korea,4,26
4,21632,Poland,1,18
5,21632,Poland,2,25
6,21632,Poland,3,25
7,21632,Poland,4,28
0,21633,France,1,23
1,21633,France,2,16
2,21633,France,3,19
3,21633,Japan,1,25
4,21633,Japan,2,25
5,21633,Japan,3,25
0,21634,Italy,1,25
1,21634,Italy,2,26
2,21634,Italy,3,25
3,21634,Serbia,1,17
4,21634,Serbia,2,24
5,21634,Serbia,3,20
0,21635,Belgium,1,24
1,21635,Belgium,2,22
2,21635,Belgium,3,25
3,21635,Belgium,4,22
4,21635,Netherlands,1,26
5,21635,Netherlands,2,25
6,21635,Netherlands,3,22
7,21635,Netherlands,4,25
0,21636,Thailand,1,24
1,21636,Thailand,2,19
2,21636,Thailand,3,11
3,21636,Germany,1,26
4,21636,Germany,2,25
5,21636,Germany,3,25
0,21637,Dominican Republic,1,25
1,21637,Dominican Republic,2,19
2,21637,Dominican Republic,3,16
3,21637,Dominican Republic,4,20
4,21637,USA,1,23
5,21637,USA,2,25
6,21637,USA,3,25
7,21637,USA,4,25
0,21638,France,1,25
1,21638,France,2,21
2,21638,France,3,25
3,21638,France,4,21
4,21638,France,5,11
5,21638,Brazil,1,23
6,21638,Brazil,2,25
7,21638,Brazil,3,17
8,21638,Brazil,4,25
9,21638,Brazil,5,15
0,21639,Korea,1,21
1,21639,Korea,2,25
2,21639,Korea,3,22
3,21639,Japan,1,25
4,21639,Japan,2,27
5,21639,Japan,3,25
0,21640,Belgium,1,24
1,21640,Belgium,2,19
2,21640,Belgium,3,16
3,21640,Serbia,1,26
4,21640,Serbia,2,25
5,21640,Serbia,3,25
0,21641,Czechia,1,25
1,21641,Czechia,2,25
2,21641,Czechia,3,4
3,21641,Czechia,4,25
4,21641,Türkiye,1,22
5,21641,Türkiye,2,21
6,21641,Türkiye,3,25
7,21641,Türkiye,4,20
0,21642,Thailand,1,21
1,21642,Thailand,2,18
2,21642,Thailand,3,23
3,21642,Dominican Republic,1,25
4,21642,Dominican Republic,2,25
5,21642,Dominican Republic,3,25
0,21643,Canada,1,22
1,21643,Canada,2,15
2,21643,Canada,3,25
3,21643,Canada,4,23
4,21643,China,1,25
5,21643,China,2,25
6,21643,China,3,22
7,21643,China,4,25
0,21644,Bulgaria,1,22
1,21644,Bulgaria,2,25
2,21644,Bulgaria,3,17
3,21644,Bulgaria,4,22
4,21644,France,1,25
5,21644,France,2,21
6,21644,France,3,25
7,21644,France,4,25
0,21645,Poland,1,22
1,21645,Poland,2,21
2,21645,Poland,3,25
3,21645,Poland,4,22
4,21645,Brazil,1,25
5,21645,Brazil,2,25
6,21645,Brazil,3,21
7,21645,Brazil,4,25
0,21646,Czechia,1,23
1,21646,Czechia,2,25
2,21646,Czechia,3,25
3,21646,Czechia,4,19
4,21646,Czechia,5,10
5,21646,Netherlands,1,25
6,21646,Netherlands,2,23
7,21646,Netherlands,3,14
8,21646,Netherlands,4,25
9,21646,Netherlands,5,15
0,21647,Türkiye,1,19
1,21647,Türkiye,2,25
2,21647,Türkiye,3,25
3,21647,Türkiye,4,20
4,21647,Türkiye,5,11
5,21647,Italy,1,25
6,21647,Italy,2,21
7,21647,Italy,3,21
8,21647,Italy,4,25
9,21647,Italy,5,15
0,21648,Germany,1,25
1,21648,Germany,2,26
2,21648,Germany,3,21
3,21648,Germany,4,17
4,21648,Germany,5,16
5,21648,China,1,22
6,21648,China,2,24
7,21648,China,3,25
8,21648,China,4,25
9,21648,China,5,18
0,21649,Canada,1,24
1,21649,Canada,2,25
2,21649,Canada,3,25
3,21649,Canada,4,21
4,21649,Canada,5,17
5,21649,USA,1,26
6,21649,USA,2,23
7,21649,USA,3,20
8,21649,USA,4,25
9,21649,USA,5,19
0,21650,Korea,1,22
1,21650,Korea,2,20
2,21650,Korea,3,25
3,21650,Korea,4,25
4,21650,Korea,5,13
5,21650,Bulgaria,1,25
6,21650,Bulgaria,2,25
7,21650,Bulgaria,3,21
8,21650,Bulgaria,4,23
9,21650,Bulgaria,5,15
0,21651,Japan,1,25
1,21651,Japan,2,23
2,21651,Japan,3,25
3,21651,Japan,4,25
4,21651,Poland,1,21
5,21651,Poland,2,25
6,21651,Poland,3,23
7,21651,Poland,4,22
0,21652,Czechia,1,25
1,21652,Czechia,2,23
2,21652,Czechia,3,17
3,21652,Czechia,4,21
4,21652,Belgium,1,19
5,21652,Belgium,2,25
6,21652,Belgium,3,25
7,21652,Belgium,4,25
0,21653,Korea,1,17
1,21653,Korea,2,19
2,21653,Korea,3,21
3,21653,France,1,25
4,21653,France,2,25
5,21653,France,3,25
0,21654,Netherlands,1,23
1,21654,Netherlands,2,26
2,21654,Netherlands,3,18
3,21654,Italy,1,25
4,21654,Italy,2,28
5,21654,Italy,3,25
0,21655,Germany,1,25
1,21655,Germany,2,25
2,21655,Germany,3,21
3,21655,Germany,4,25
4,21655,Dominican Republic,1,20
5,21655,Dominican Republic,2,13
6,21655,Dominican Republic,3,25
7,21655,Dominican Republic,4,21
0,21656,Serbia,1,25
1,21656,Serbia,2,25
2,21656,Serbia,3,25
3,21656,Türkiye,1,18
4,21656,Türkiye,2,20
5,21656,Türkiye,3,18
0,21657,Thailand,1,25
1,21657,Thailand,2,23
2,21657,Thailand,3,28
3,21657,Thailand,4,25
4,21657,Thailand,5,13
5,21657,Canada,1,17
6,21657,Canada,2,25
7,21657,Canada,3,30
8,21657,Canada,4,23
9,21657,Canada,5,15
0,21658,China,1,18
1,21658,China,2,19
2,21658,China,3,25
3,21658,China,4,25
4,21658,China,5,18
5,21658,USA,1,25
6,21658,USA,2,25
7,21658,USA,3,21
8,21658,USA,4,16
9,21658,USA,5,16
0,21659,Bulgaria,1,13
1,21659,Bulgaria,2,19
2,21659,Bulgaria,3,17
3,21659,Poland,1,25
4,21659,Poland,2,25
5,21659,Poland,3,25
0,21660,Japan,1,17
1,21660,Japan,2,18
2,21660,Japan,3,20
3,21660,Brazil,1,25
4,21660,Brazil,2,25
5,21660,Brazil,3,25
0,21661,Italy,1,25
1,21661,Italy,2,25
2,21661,Italy,3,28
3,21661,USA,1,22
4,21661,USA,2,21
5,21661,USA,3,26
0,21662,Poland,1,17
1,21662,Poland,2,25
2,21662,Poland,3,19
3,21662,Poland,4,25
4,21662,Poland,5,15
5,21662,China,1,25
6,21662,China,2,20
7,21662,China,3,25
8,21662,China,4,19
9,21662,China,5,12
0,21663,Brazil,1,25
1,21663,Brazil,2,26
2,21663,Brazil,3,25
3,21663,Germany,1,19
4,21663,Germany,2,24
5,21663,Germany,3,14
0,21664,Japan,1,25
1,21664,Japan,2,16
2,21664,Japan,3,25
3,21664,Japan,4,22
4,21664,Japan,5,15
5,21664,Türkiye,1,21
6,21664,Türkiye,2,25
7,21664,Türkiye,3,20
8,21664,Türkiye,4,25
9,21664,Türkiye,5,9
0,21665,Italy,1,25
1,21665,Italy,2,25
2,21665,Italy,3,25
3,21665,Poland,1,18
4,21665,Poland,2,16
5,21665,Poland,3,14
0,21666,Brazil,1,23
1,21666,Brazil,2,25
2,21666,Brazil,3,25
3,21666,Brazil,4,19
4,21666,Brazil,5,15
5,21666,Japan,1,25
6,21666,Japan,2,21
7,21666,Japan,3,18
8,21666,Japan,4,25
9,21666,Japan,5,8
0,21667,Poland,1,25
1,21667,Poland,2,24
2,21667,Poland,3,25
3,21667,Poland,4,25
4,21667,Japan,1,15
5,21667,Japan,2,26
6,21667,Japan,3,16
7,21667,Japan,4,23
0,21668,Italy,1,22
1,21668,Italy,2,25
2,21668,Italy,3,25
3,21668,Italy,4,25
4,21668,Brazil,1,25
5,21668,Brazil,2,18
6,21668,Brazil,3,22
7,21668,Brazil,4,22
0,13873,Poland,1,25
1,13873,Poland,2,21
2,13873,Poland,3,25
3,13873,Poland,4,25
4,13873,Croatia,1,19
5,13873,Croatia,2,25
6,13873,Croatia,3,23
7,13873,Croatia,4,15
0,13874,Netherlands,1,25
1,13874,Netherlands,2,25
2,13874,Netherlands,3,25
3,13874,Kenya,1,11
4,13874,Kenya,2,17
5,13874,Kenya,3,11
0,13875,Türkiye,1,25
1,13875,Türkiye,2,29
2,13875,Türkiye,3,25
3,13875,Türkiye,4,19
4,13875,Türkiye,5,13
5,13875,Thailand,1,17
6,13875,Thailand,2,31
7,13875,Thailand,3,22
8,13875,Thailand,4,25
9,13875,Thailand,5,15
0,13876,Belgium,1,25
1,13876,Belgium,2,27
2,13876,Belgium,3,25
3,13876,Puerto Rico,1,15
4,13876,Puerto Rico,2,25
5,13876,Puerto Rico,3,15
0,13877,Italy,1,25
1,13877,Italy,2,25
2,13877,Italy,3,25
3,13877,Cameroon,1,10
4,13877,Cameroon,2,12
5,13877,Cameroon,3,16
0,13878,Dominican Republic,1,25
1,13878,Dominican Republic,2,25
2,13878,Dominican Republic,3,25
3,13878,Korea,1,19
4,13878,Korea,2,12
5,13878,Korea,3,15
0,13879,USA,1,25
1,13879,USA,2,25
2,13879,USA,3,25
3,13879,Kazakhstan,1,16
4,13879,Kazakhstan,2,13
5,13879,Kazakhstan,3,22
0,13880,Brazil,1,25
1,13880,Brazil,2,25
2,13880,Brazil,3,22
3,13880,Brazil,4,25
4,13880,Czechia,1,20
5,13880,Czechia,2,16
6,13880,Czechia,3,25
7,13880,Czechia,4,18
0,13881,Belgium,1,25
1,13881,Belgium,2,25
2,13881,Belgium,3,25
3,13881,Kenya,1,15
4,13881,Kenya,2,14
5,13881,Kenya,3,11
0,13882,China,1,25
1,13882,China,2,25
2,13882,China,3,25
3,13882,Argentina,1,23
4,13882,Argentina,2,22
5,13882,Argentina,3,20
0,13883,Japan,1,25
1,13883,Japan,2,25
2,13883,Japan,3,25
3,13883,Colombia,1,20
4,13883,Colombia,2,22
5,13883,Colombia,3,17
0,13884,Netherlands,1,25
1,13884,Netherlands,2,25
2,13884,Netherlands,3,25
3,13884,Cameroon,1,11
4,13884,Cameroon,2,20
5,13884,Cameroon,3,13
0,13885,Germany,1,25
1,13885,Germany,2,21
2,13885,Germany,3,25
3,13885,Germany,4,25
4,13885,Bulgaria,1,22
5,13885,Bulgaria,2,25
6,13885,Bulgaria,3,23
7,13885,Bulgaria,4,21
0,13886,Serbia,1,25
1,13886,Serbia,2,25
2,13886,Serbia,3,25
3,13886,Canada,1,23
4,13886,Canada,2,16
5,13886,Canada,3,20
0,13887,Japan,1,25
1,13887,Japan,2,25
2,13887,Japan,3,25
3,13887,Czechia,1,15
4,13887,Czechia,2,20
5,13887,Czechia,3,12
0,13888,Germany,1,25
1,13888,Germany,2,25
2,13888,Germany,3,25
3,13888,Kazakhstan,1,15
4,13888,Kazakhstan,2,18
5,13888,Kazakhstan,3,21
0,13889,Serbia,1,25
1,13889,Serbia,2,22
2,13889,Serbia,3,25
3,13889,Serbia,4,25
4,13889,Serbia,5,15
5,13889,Bulgaria,1,21
6,13889,Bulgaria,2,25
7,13889,Bulgaria,3,27
8,13889,Bulgaria,4,21
9,13889,Bulgaria,5,9
0,13890,Italy,1,28
1,13890,Italy,2,25
2,13890,Italy,3,26
3,13890,Puerto Rico,1,26
4,13890,Puerto Rico,2,21
5,13890,Puerto Rico,3,24
0,13891,Brazil,1,25
1,13891,Brazil,2,25
2,13891,Brazil,3,25
3,13891,Argentina,1,19
4,13891,Argentina,2,13
5,13891,Argentina,3,21
0,13892,USA,1,25
1,13892,USA,2,26
2,13892,USA,3,25
3,13892,Canada,1,19
4,13892,Canada,2,24
5,13892,Canada,3,15
0,13893,China,1,25
1,13893,China,2,25
2,13893,China,3,25
3,13893,Colombia,1,16
4,13893,Colombia,2,21
5,13893,Colombia,3,16
0,13894,Türkiye,1,25
1,13894,Türkiye,2,25
2,13894,Türkiye,3,25
3,13894,Korea,1,14
4,13894,Korea,2,13
5,13894,Korea,3,13
0,13895,Dominican Republic,1,25
1,13895,Dominican Republic,2,25
2,13895,Dominican Republic,3,25
3,13895,Croatia,1,20
4,13895,Croatia,2,15
5,13895,Croatia,3,21
0,13896,Italy,1,21
1,13896,Italy,2,30
2,13896,Italy,3,29
3,13896,Italy,4,25
4,13896,Belgium,1,25
5,13896,Belgium,2,28
6,13896,Belgium,3,27
7,13896,Belgium,4,9
0,13897,Cameroon,1,20
1,13897,Cameroon,2,25
2,13897,Cameroon,3,19
3,13897,Kenya,1,25
4,13897,Kenya,2,27
5,13897,Kenya,3,25
0,13898,Poland,1,25
1,13898,Poland,2,25
2,13898,Poland,3,25
3,13898,Thailand,1,17
4,13898,Thailand,2,17
5,13898,Thailand,3,17
0,13899,Thailand,1,25
1,13899,Thailand,2,25
2,13899,Thailand,3,25
3,13899,Croatia,1,18
4,13899,Croatia,2,13
5,13899,Croatia,3,21
0,13900,China,1,28
1,13900,China,2,25
2,13900,China,3,29
3,13900,Japan,1,26
4,13900,Japan,2,17
5,13900,Japan,3,27
0,13901,Brazil,1,25
1,13901,Brazil,2,25
2,13901,Brazil,3,25
3,13901,Colombia,1,14
4,13901,Colombia,2,12
5,13901,Colombia,3,20
0,13902,Türkiye,1,21
1,13902,Türkiye,2,25
2,13902,Türkiye,3,25
3,13902,Türkiye,4,16
4,13902,Türkiye,5,15
5,13902,Dominican Republic,1,25
6,13902,Dominican Republic,2,21
7,13902,Dominican Republic,3,18
8,13902,Dominican Republic,4,25
9,13902,Dominican Republic,5,13
0,13903,Argentina,1,25
1,13903,Argentina,2,20
2,13903,Argentina,3,25
3,13903,Argentina,4,25
4,13903,Czechia,1,20
5,13903,Czechia,2,25
6,13903,Czechia,3,22
7,13903,Czechia,4,22
0,13904,Netherlands,1,23
1,13904,Netherlands,2,25
2,13904,Netherlands,3,25
3,13904,Netherlands,4,25
4,13904,Puerto Rico,1,25
5,13904,Puerto Rico,2,20
6,13904,Puerto Rico,3,16
7,13904,Puerto Rico,4,15
0,13905,Poland,1,25
1,13905,Poland,2,25
2,13905,Poland,3,25
3,13905,Korea,1,17
4,13905,Korea,2,18
5,13905,Korea,3,16
0,13906,Canada,1,25
1,13906,Canada,2,25
2,13906,Canada,3,25
3,13906,Kazakhstan,1,14
4,13906,Kazakhstan,2,16
5,13906,Kazakhstan,3,11
0,13907,Korea,1,13
1,13907,Korea,2,15
2,13907,Korea,3,14
3,13907,Thailand,1,25
4,13907,Thailand,2,25
5,13907,Thailand,3,25
0,13908,Serbia,1,25
1,13908,Serbia,2,25
2,13908,Serbia,3,25
3,13908,Germany,1,23
4,13908,Germany,2,22
5,13908,Germany,3,23
0,13909,Türkiye,1,25
1,13909,Türkiye,2,25
2,13909,Türkiye,3,25
3,13909,Croatia,1,14
4,13909,Croatia,2,12
5,13909,Croatia,3,12
0,13910,Italy,1,25
1,13910,Italy,2,25
2,13910,Italy,3,25
3,13910,Kenya,1,15
4,13910,Kenya,2,23
5,13910,Kenya,3,17
0,13911,USA,1,25
1,13911,USA,2,23
2,13911,USA,3,25
3,13911,USA,4,25
4,13911,Bulgaria,1,14
5,13911,Bulgaria,2,25
6,13911,Bulgaria,3,11
7,13911,Bulgaria,4,15
0,13912,Puerto Rico,1,25
1,13912,Puerto Rico,2,25
2,13912,Puerto Rico,3,25
3,13912,Cameroon,1,23
4,13912,Cameroon,2,16
5,13912,Cameroon,3,11
0,13913,Poland,1,25
1,13913,Poland,2,22
2,13913,Poland,3,21
3,13913,Poland,4,21
4,13913,Dominican Republic,1,18
5,13913,Dominican Republic,2,25
6,13913,Dominican Republic,3,25
7,13913,Dominican Republic,4,25
0,13914,Serbia,1,25
1,13914,Serbia,2,25
2,13914,Serbia,3,25
3,13914,Kazakhstan,1,13
4,13914,Kazakhstan,2,17
5,13914,Kazakhstan,3,10
0,13915,China,1,25
1,13915,China,2,25
2,13915,China,3,27
3,13915,Czechia,1,19
4,13915,Czechia,2,22
5,13915,Czechia,3,25
0,13916,Brazil,1,22
1,13916,Brazil,2,19
2,13916,Brazil,3,25
3,13916,Brazil,4,20
4,13916,Japan,1,25
5,13916,Japan,2,25
6,13916,Japan,3,17
7,13916,Japan,4,25
0,13917,Bulgaria,1,21
1,13917,Bulgaria,2,27
2,13917,Bulgaria,3,20
3,13917,Bulgaria,4,15
4,13917,Canada,1,25
5,13917,Canada,2,25
6,13917,Canada,3,25
7,13917,Canada,4,25
0,13918,Colombia,1,25
1,13918,Colombia,2,17
2,13918,Colombia,3,29
3,13918,Colombia,4,20
4,13918,Colombia,5,8
5,13918,Argentina,1,19
6,13918,Argentina,2,25
7,13918,Argentina,3,27
8,13918,Argentina,4,25
9,13918,Argentina,5,15
0,13919,USA,1,25
1,13919,USA,2,25
2,13919,USA,3,26
3,13919,Germany,1,17
4,13919,Germany,2,13
5,13919,Germany,3,24
0,13920,Netherlands,1,16
1,13920,Netherlands,2,23
2,13920,Netherlands,3,26
3,13920,Netherlands,4,25
4,13920,Belgium,1,25
5,13920,Belgium,2,25
6,13920,Belgium,3,24
7,13920,Belgium,4,27
0,13921,Bulgaria,1,25
1,13921,Bulgaria,2,25
2,13921,Bulgaria,3,25
3,13921,Kazakhstan,1,18
4,13921,Kazakhstan,2,22
5,13921,Kazakhstan,3,18
0,13922,Dominican Republic,1,29
1,13922,Dominican Republic,2,25
2,13922,Dominican Republic,3,25
3,13922,Dominican Republic,4,22
4,13922,Dominican Republic,5,11
5,13922,Thailand,1,31
6,13922,Thailand,2,16
7,13922,Thailand,3,21
8,13922,Thailand,4,25
9,13922,Thailand,5,15
0,13923,Brazil,1,23
1,13923,Brazil,2,25
2,13923,Brazil,3,25
3,13923,Brazil,4,25
4,13923,China,1,25
5,13923,China,2,17
6,13923,China,3,22
7,13923,China,4,22
0,13924,Puerto Rico,1,25
1,13924,Puerto Rico,2,19
2,13924,Puerto Rico,3,25
3,13924,Puerto Rico,4,25
4,13924,Kenya,1,15
5,13924,Kenya,2,25
6,13924,Kenya,3,18
7,13924,Kenya,4,20
0,13925,Germany,1,25
1,13925,Germany,2,26
2,13925,Germany,3,23
3,13925,Germany,4,18
4,13925,Germany,5,9
5,13925,Canada,1,12
6,13925,Canada,2,24
7,13925,Canada,3,25
8,13925,Canada,4,25
9,13925,Canada,5,15
0,13926,Korea,1,25
1,13926,Korea,2,27
2,13926,Korea,3,27
3,13926,Korea,4,25
4,13926,Croatia,1,21
5,13926,Croatia,2,29
6,13926,Croatia,3,25
7,13926,Croatia,4,23
0,13927,Colombia,1,22
1,13927,Colombia,2,13
2,13927,Colombia,3,25
3,13927,Colombia,4,18
4,13927,Czechia,1,25
5,13927,Czechia,2,25
6,13927,Czechia,3,19
7,13927,Czechia,4,25
0,13928,USA,1,20
1,13928,USA,2,23
2,13928,USA,3,13
3,13928,Serbia,1,25
4,13928,Serbia,2,25
5,13928,Serbia,3,25
0,13929,Poland,1,25
1,13929,Poland,2,23
2,13929,Poland,3,22
3,13929,Poland,4,25
4,13929,Poland,5,11
5,13929,Türkiye,1,22
6,13929,Türkiye,2,25
7,13929,Türkiye,3,25
8,13929,Türkiye,4,18
9,13929,Türkiye,5,15
0,13930,Belgium,1,25
1,13930,Belgium,2,25
2,13930,Belgium,3,25
3,13930,Cameroon,1,8
4,13930,Cameroon,2,19
5,13930,Cameroon,3,14
0,13931,Japan,1,25
1,13931,Japan,2,25
2,13931,Japan,3,25
3,13931,Argentina,1,17
4,13931,Argentina,2,19
5,13931,Argentina,3,17
0,13932,Netherlands,1,13
1,13932,Netherlands,2,25
2,13932,Netherlands,3,16
3,13932,Netherlands,4,21
4,13932,Italy,1,25
5,13932,Italy,2,22
6,13932,Italy,3,25
7,13932,Italy,4,25
0,13933,Japan,1,21
1,13933,Japan,2,25
2,13933,Japan,3,25
3,13933,Japan,4,25
4,13933,Belgium,1,25
5,13933,Belgium,2,20
6,13933,Belgium,3,16
7,13933,Belgium,4,22
0,13934,Thailand,1,19
1,13934,Thailand,2,21
2,13934,Thailand,3,25
3,13934,Thailand,4,22
4,13934,Canada,1,25
5,13934,Canada,2,25
6,13934,Canada,3,23
7,13934,Canada,4,25
0,13935,Italy,1,20
1,13935,Italy,2,25
2,13935,Italy,3,25
3,13935,Italy,4,21
4,13935,Italy,5,15
5,13935,Brazil,1,25
6,13935,Brazil,2,22
7,13935,Brazil,3,22
8,13935,Brazil,4,25
9,13935,Brazil,5,17
0,13936,USA,1,21
1,13936,USA,2,25
2,13936,USA,3,25
3,13936,USA,4,25
4,13936,Dominican Republic,1,25
5,13936,Dominican Republic,2,19
6,13936,Dominican Republic,3,20
7,13936,Dominican Republic,4,14
0,13937,Türkiye,1,25
1,13937,Türkiye,2,25
2,13937,Türkiye,3,25
3,13937,Germany,1,21
4,13937,Germany,2,18
5,13937,Germany,3,21
0,13938,Netherlands,1,22
1,13938,Netherlands,2,25
2,13938,Netherlands,3,25
3,13938,Netherlands,4,25
4,13938,Argentina,1,25
5,13938,Argentina,2,18
6,13938,Argentina,3,12
7,13938,Argentina,4,13
0,13939,Serbia,1,26
1,13939,Serbia,2,25
2,13939,Serbia,3,25
3,13939,Poland,1,24
4,13939,Poland,2,22
5,13939,Poland,3,18
0,13940,Italy,1,20
1,13940,Italy,2,25
2,13940,Italy,3,25
3,13940,Italy,4,25
4,13940,Japan,1,25
5,13940,Japan,2,20
6,13940,Japan,3,14
7,13940,Japan,4,15
0,13941,Thailand,1,19
1,13941,Thailand,2,22
2,13941,Thailand,3,25
3,13941,Thailand,4,23
4,13941,Germany,1,25
5,13941,Germany,2,25
6,13941,Germany,3,18
7,13941,Germany,4,25
0,13942,China,1,25
1,13942,China,2,25
2,13942,China,3,25
3,13942,Puerto Rico,1,15
4,13942,Puerto Rico,2,19
5,13942,Puerto Rico,3,21
0,13943,Türkiye,1,25
1,13943,Türkiye,2,26
2,13943,Türkiye,3,28
3,13943,Canada,1,22
4,13943,Canada,2,24
5,13943,Canada,3,26
0,13944,Serbia,1,26
1,13944,Serbia,2,25
2,13944,Serbia,3,25
3,13944,Dominican Republic,1,24
4,13944,Dominican Republic,2,20
5,13944,Dominican Republic,3,17
0,13945,Belgium,1,25
1,13945,Belgium,2,25
2,13945,Belgium,3,25
3,13945,Argentina,1,16
4,13945,Argentina,2,23
5,13945,Argentina,3,23
0,13946,USA,1,23
1,13946,USA,2,20
2,13946,USA,3,18
3,13946,Poland,1,25
4,13946,Poland,2,25
5,13946,Poland,3,25
0,13947,Brazil,1,25
1,13947,Brazil,2,25
2,13947,Brazil,3,25
3,13947,Puerto Rico,1,11
4,13947,Puerto Rico,2,13
5,13947,Puerto Rico,3,15
0,13948,China,1,22
1,13948,China,2,25
2,13948,China,3,25
3,13948,China,4,18
4,13948,China,5,15
5,13948,Netherlands,1,25
6,13948,Netherlands,2,21
7,13948,Netherlands,3,15
8,13948,Netherlands,4,25
9,13948,Netherlands,5,12
0,13949,Japan,1,25
1,13949,Japan,2,25
2,13949,Japan,3,25
3,13949,Puerto Rico,1,16
4,13949,Puerto Rico,2,19
5,13949,Puerto Rico,3,21
0,13950,Serbia,1,25
1,13950,Serbia,2,25
2,13950,Serbia,3,25
3,13950,Thailand,1,23
4,13950,Thailand,2,17
5,13950,Thailand,3,15
0,13951,USA,1,25
1,13951,USA,2,21
2,13951,USA,3,25
3,13951,USA,4,25
4,13951,Türkiye,1,22
5,13951,Türkiye,2,25
6,13951,Türkiye,3,20
7,13951,Türkiye,4,22
0,13952,Dominican Republic,1,19
1,13952,Dominican Republic,2,25
2,13952,Dominican Republic,3,25
3,13952,Dominican Republic,4,25
4,13952,Germany,1,25
5,13952,Germany,2,18
6,13952,Germany,3,22
7,13952,Germany,4,18
0,13953,Italy,1,25
1,13953,Italy,2,25
2,13953,Italy,3,25
3,13953,Argentina,1,19
4,13953,Argentina,2,18
5,13953,Argentina,3,17
0,13954,Poland,1,25
1,13954,Poland,2,19
2,13954,Poland,3,16
3,13954,Poland,4,25
4,13954,Poland,5,15
5,13954,Canada,1,18
6,13954,Canada,2,25
7,13954,Canada,3,25
8,13954,Canada,4,23
9,13954,Canada,5,5
0,13955,Brazil,1,25
1,13955,Brazil,2,25
2,13955,Brazil,3,25
3,13955,Netherlands,1,19
4,13955,Netherlands,2,19
5,13955,Netherlands,3,20
0,13956,USA,1,23
1,13956,USA,2,21
2,13956,USA,3,25
3,13956,USA,4,27
4,13956,USA,5,15
5,13956,Thailand,1,25
6,13956,Thailand,2,25
7,13956,Thailand,3,19
8,13956,Thailand,4,25
9,13956,Thailand,5,13
0,13957,Italy,1,26
1,13957,Italy,2,25
2,13957,Italy,3,25
3,13957,China,1,24
4,13957,China,2,16
5,13957,China,3,20
0,13958,Serbia,1,25
1,13958,Serbia,2,25
2,13958,Serbia,3,25
3,13958,Türkiye,1,20
4,13958,Türkiye,2,21
5,13958,Türkiye,3,23
0,13959,Dominican Republic,1,25
1,13959,Dominican Republic,2,23
2,13959,Dominican Republic,3,17
3,13959,Dominican Republic,4,27
4,13959,Dominican Republic,5,7
5,13959,Canada,1,18
6,13959,Canada,2,25
7,13959,Canada,3,25
8,13959,Canada,4,25
9,13959,Canada,5,15
0,13960,Brazil,1,26
1,13960,Brazil,2,25
2,13960,Brazil,3,25
3,13960,Brazil,4,25
4,13960,Belgium,1,28
5,13960,Belgium,2,17
6,13960,Belgium,3,11
7,13960,Belgium,4,16
0,13961,Poland,1,26
1,13961,Poland,2,20
2,13961,Poland,3,25
3,13961,Poland,4,26
4,13961,Poland,5,15
5,13961,Germany,1,24
6,13961,Germany,2,25
7,13961,Germany,3,18
8,13961,Germany,4,28
9,13961,Germany,5,10
0,13962,China,1,25
1,13962,China,2,25
2,13962,China,3,27
3,13962,Belgium,1,18
4,13962,Belgium,2,18
5,13962,Belgium,3,25
0,13963,Japan,1,25
1,13963,Japan,2,25
2,13963,Japan,3,25
3,13963,Netherlands,1,23
4,13963,Netherlands,2,23
5,13963,Netherlands,3,21
0,13964,Puerto Rico,1,20
1,13964,Puerto Rico,2,25
2,13964,Puerto Rico,3,25
3,13964,Puerto Rico,4,25
4,13964,Argentina,1,25
5,13964,Argentina,2,15
6,13964,Argentina,3,20
7,13964,Argentina,4,23
0,13965,Italy,1,25
1,13965,Italy,2,25
2,13965,Italy,3,13
3,13965,Italy,4,25
4,13965,China,1,16
5,13965,China,2,22
6,13965,China,3,25
7,13965,China,4,17
0,13966,USA,1,25
1,13966,USA,2,25
2,13966,USA,3,25
3,13966,Türkiye,1,22
4,13966,Türkiye,2,15
5,13966,Türkiye,3,20
0,13967,Brazil,1,18
1,13967,Brazil,2,18
2,13967,Brazil,3,25
3,13967,Brazil,4,27
4,13967,Brazil,5,15
5,13967,Japan,1,25
6,13967,Japan,2,25
7,13967,Japan,3,22
8,13967,Japan,4,25
9,13967,Japan,5,13
0,13968,Serbia,1,21
1,13968,Serbia,2,25
2,13968,Serbia,3,25
3,13968,Serbia,4,24
4,13968,Serbia,5,16
5,13968,Poland,1,25
6,13968,Poland,2,21
7,13968,Poland,3,19
8,13968,Poland,4,26
9,13968,Poland,5,14
0,13969,Italy,1,23
1,13969,Italy,2,25
2,13969,Italy,3,24
3,13969,Italy,4,19
4,13969,Brazil,1,25
5,13969,Brazil,2,22
6,13969,Brazil,3,26
7,13969,Brazil,4,25
0,13970,Serbia,1,25
1,13970,Serbia,2,25
2,13970,Serbia,3,17
3,13970,Serbia,4,25
4,13970,USA,1,21
5,13970,USA,2,20
6,13970,USA,3,25
7,13970,USA,4,23
0,13971,Italy,1,25
1,13971,Italy,2,25
2,13971,Italy,3,27
3,13971,USA,1,20
4,13971,USA,2,15
5,13971,USA,3,25
0,13972,Brazil,1,24
1,13972,Brazil,2,22
2,13972,Brazil,3,17
3,13972,Serbia,1,26
4,13972,Serbia,2,25
5,13972,Serbia,3,25
0,22391,Czechia,1,25
1,22391,Czechia,2,23
2,22391,Czechia,3,17
3,22391,Czechia,4,24
4,22391,Argentina,1,18
5,22391,Argentina,2,25
6,22391,Argentina,3,25
7,22391,Argentina,4,26
0,22392,Puerto Rico,1,22
1,22392,Puerto Rico,2,18
2,22392,Puerto Rico,3,25
3,22392,Puerto Rico,4,14
4,22392,France,1,25
5,22392,France,2,25
6,22392,France,3,21
7,22392,France,4,25
0,22393,Netherlands,1,25
1,22393,Netherlands,2,25
2,22393,Netherlands,3,25
3,22393,Netherlands,4,21
4,22393,Netherlands,5,15
5,22393,Sweden,1,27
6,22393,Sweden,2,11
7,22393,Sweden,3,21
8,22393,Sweden,4,25
9,22393,Sweden,5,9
0,22394,Belgium,1,25
1,22394,Belgium,2,25
2,22394,Belgium,3,25
3,22394,Cuba,1,23
4,22394,Cuba,2,14
5,22394,Cuba,3,11
0,22395,USA,1,25
1,22395,USA,2,17
2,22395,USA,3,25
3,22395,USA,4,25
4,22395,Slovenia,1,23
5,22395,Slovenia,2,25
6,22395,Slovenia,3,22
7,22395,Slovenia,4,14
0,22396,Brazil,1,25
1,22396,Brazil,2,25
2,22396,Brazil,3,25
3,22396,Greece,1,18
4,22396,Greece,2,16
5,22396,Greece,3,16
0,22397,Thailand,1,25
1,22397,Thailand,2,23
2,22397,Thailand,3,25
3,22397,Thailand,4,25
4,22397,Egypt,1,15
5,22397,Egypt,2,25
6,22397,Egypt,3,15
7,22397,Egypt,4,11
0,22398,Italy,1,25
1,22398,Italy,2,25
2,22398,Italy,3,25
3,22398,Slovakia,1,20
4,22398,Slovakia,2,14
5,22398,Slovakia,3,17
0,22399,Canada,1,25
1,22399,Canada,2,25
2,22399,Canada,3,23
3,22399,Canada,4,25
4,22399,Bulgaria,1,23
5,22399,Bulgaria,2,18
6,22399,Bulgaria,3,25
7,22399,Bulgaria,4,18
0,22400,Dominican Republic,1,25
1,22400,Dominican Republic,2,25
2,22400,Dominican Republic,3,25
3,22400,Colombia,1,15
4,22400,Colombia,2,18
5,22400,Colombia,3,13
0,22401,Japan,1,25
1,22401,Japan,2,25
2,22401,Japan,3,25
3,22401,Cameroon,1,21
4,22401,Cameroon,2,17
5,22401,Cameroon,3,19
0,22402,Germany,1,25
1,22402,Germany,2,25
2,22402,Germany,3,25
3,22402,Kenya,1,22
4,22402,Kenya,2,8
5,22402,Kenya,3,20
0,22403,Türkiye,1,25
1,22403,Türkiye,2,25
2,22403,Türkiye,3,25
3,22403,Spain,1,18
4,22403,Spain,2,20
5,22403,Spain,3,23
0,22404,China,1,22
1,22404,China,2,26
2,22404,China,3,25
3,22404,China,4,25
4,22404,Mexico,1,25
5,22404,Mexico,2,24
6,22404,Mexico,3,10
7,22404,Mexico,4,18
0,22405,Serbia,1,25
1,22405,Serbia,2,25
2,22405,Serbia,3,25
3,22405,Ukraine,1,21
4,22405,Ukraine,2,19
5,22405,Ukraine,3,17
0,22406,Poland,1,23
1,22406,Poland,2,25
2,22406,Poland,3,25
3,22406,Poland,4,25
4,22406,Vietnam,1,25
5,22406,Vietnam,2,10
6,22406,Vietnam,3,12
7,22406,Vietnam,4,22
0,22407,Czechia,1,22
1,22407,Czechia,2,19
2,22407,Czechia,3,25
3,22407,Czechia,4,25
4,22407,Czechia,5,15
5,22407,Slovenia,1,25
6,22407,Slovenia,2,25
7,22407,Slovenia,3,23
8,22407,Slovenia,4,18
9,22407,Slovenia,5,13
0,22408,Puerto Rico,1,19
1,22408,Puerto Rico,2,13
2,22408,Puerto Rico,3,25
3,22408,Puerto Rico,4,14
4,22408,Greece,1,25
5,22408,Greece,2,25
6,22408,Greece,3,23
7,22408,Greece,4,25
0,22409,Netherlands,1,25
1,22409,Netherlands,2,25
2,22409,Netherlands,3,25
3,22409,Egypt,1,15
4,22409,Egypt,2,13
5,22409,Egypt,3,13
0,22410,Italy,1,25
1,22410,Italy,2,25
2,22410,Italy,3,25
3,22410,Cuba,1,9
4,22410,Cuba,2,8
5,22410,Cuba,3,16
0,22411,USA,1,25
1,22411,USA,2,23
2,22411,USA,3,25
3,22411,USA,4,25
4,22411,Argentina,1,14
5,22411,Argentina,2,25
6,22411,Argentina,3,12
7,22411,Argentina,4,17
0,22412,Brazil,1,21
1,22412,Brazil,2,20
2,22412,Brazil,3,25
3,22412,Brazil,4,25
4,22412,Brazil,5,15
5,22412,France,1,25
6,22412,France,2,25
7,22412,France,3,15
8,22412,France,4,17
9,22412,France,5,13
0,22413,Thailand,1,25
1,22413,Thailand,2,25
2,22413,Thailand,3,25
3,22413,Sweden,1,18
4,22413,Sweden,2,20
5,22413,Sweden,3,22
0,22414,Belgium,1,25
1,22414,Belgium,2,25
2,22414,Belgium,3,25
3,22414,Slovakia,1,19
4,22414,Slovakia,2,17
5,22414,Slovakia,3,18
0,22415,Canada,1,22
1,22415,Canada,2,28
2,22415,Canada,3,24
3,22415,Canada,4,25
4,22415,Canada,5,15
5,22415,Spain,1,25
6,22415,Spain,2,26
7,22415,Spain,3,26
8,22415,Spain,4,15
9,22415,Spain,5,10
0,22416,Dominican Republic,1,25
1,22416,Dominican Republic,2,25
2,22416,Dominican Republic,3,25
3,22416,Mexico,1,15
4,22416,Mexico,2,17
5,22416,Mexico,3,20
0,22417,Japan,1,25
1,22417,Japan,2,20
2,22417,Japan,3,25
3,22417,Japan,4,26
4,22417,Japan,5,15
5,22417,Ukraine,1,27
6,22417,Ukraine,2,25
7,22417,Ukraine,3,20
8,22417,Ukraine,4,24
9,22417,Ukraine,5,11
0,22418,Germany,1,25
1,22418,Germany,2,25
2,22418,Germany,3,25
3,22418,Vietnam,1,18
4,22418,Vietnam,2,17
5,22418,Vietnam,3,21
0,22419,Türkiye,1,25
1,22419,Türkiye,2,25
2,22419,Türkiye,3,25
3,22419,Bulgaria,1,23
4,22419,Bulgaria,2,19
5,22419,Bulgaria,3,13
0,22420,China,1,25
1,22420,China,2,23
2,22420,China,3,25
3,22420,China,4,25
4,22420,Colombia,1,16
5,22420,Colombia,2,25
6,22420,Colombia,3,14
7,22420,Colombia,4,16
0,22421,Serbia,1,25
1,22421,Serbia,2,25
2,22421,Serbia,3,25
3,22421,Cameroon,1,16
4,22421,Cameroon,2,17
5,22421,Cameroon,3,12
0,22422,Poland,1,25
1,22422,Poland,2,15
2,22422,Poland,3,25
3,22422,Poland,4,25
4,22422,Kenya,1,17
5,22422,Kenya,2,25
6,22422,Kenya,3,15
7,22422,Kenya,4,14
0,22423,Argentina,1,20
1,22423,Argentina,2,22
2,22423,Argentina,3,21
3,22423,Slovenia,1,25
4,22423,Slovenia,2,25
5,22423,Slovenia,3,25
0,22424,France,1,17
1,22424,France,2,25
2,22424,France,3,28
3,22424,France,4,25
4,22424,Greece,1,25
5,22424,Greece,2,21
6,22424,Greece,3,26
7,22424,Greece,4,17
0,22425,Sweden,1,25
1,22425,Sweden,2,26
2,22425,Sweden,3,25
3,22425,Sweden,4,25
4,22425,Egypt,1,18
5,22425,Egypt,2,28
6,22425,Egypt,3,20
7,22425,Egypt,4,16
0,22426,Italy,1,25
1,22426,Italy,2,25
2,22426,Italy,3,21
3,22426,Italy,4,25
4,22426,Belgium,1,16
5,22426,Belgium,2,16
6,22426,Belgium,3,25
7,22426,Belgium,4,18
0,22427,USA,1,26
1,22427,USA,2,25
2,22427,USA,3,25
3,22427,Czechia,1,24
4,22427,Czechia,2,20
5,22427,Czechia,3,15
0,22428,Brazil,1,25
1,22428,Brazil,2,25
2,22428,Brazil,3,25
3,22428,Puerto Rico,1,19
4,22428,Puerto Rico,2,13
5,22428,Puerto Rico,3,18
0,22429,Thailand,1,25
1,22429,Thailand,2,17
2,22429,Thailand,3,25
3,22429,Thailand,4,10
4,22429,Thailand,5,14
5,22429,Netherlands,1,23
6,22429,Netherlands,2,25
7,22429,Netherlands,3,23
8,22429,Netherlands,4,25
9,22429,Netherlands,5,16
0,22430,Cuba,1,27
1,22430,Cuba,2,25
2,22430,Cuba,3,22
3,22430,Cuba,4,26
4,22430,Slovakia,1,25
5,22430,Slovakia,2,21
6,22430,Slovakia,3,25
7,22430,Slovakia,4,24
0,22431,Türkiye,1,25
1,22431,Türkiye,2,27
2,22431,Türkiye,3,25
3,22431,Canada,1,21
4,22431,Canada,2,25
5,22431,Canada,3,13
0,22432,Colombia,1,22
1,22432,Colombia,2,25
2,22432,Colombia,3,23
3,22432,Colombia,4,25
4,22432,Colombia,5,12
5,22432,Mexico,1,25
6,22432,Mexico,2,22
7,22432,Mexico,3,25
8,22432,Mexico,4,18
9,22432,Mexico,5,15
0,22433,Japan,1,25
1,22433,Japan,2,30
2,22433,Japan,3,23
3,22433,Japan,4,25
4,22433,Serbia,1,23
5,22433,Serbia,2,28
6,22433,Serbia,3,25
7,22433,Serbia,4,18
0,22434,Kenya,1,25
1,22434,Kenya,2,25
2,22434,Kenya,3,25
3,22434,Vietnam,1,23
4,22434,Vietnam,2,22
5,22434,Vietnam,3,18
0,22435,Bulgaria,1,22
1,22435,Bulgaria,2,14
2,22435,Bulgaria,3,25
3,22435,Bulgaria,4,18
4,22435,Spain,1,25
5,22435,Spain,2,25
6,22435,Spain,3,22
7,22435,Spain,4,25
0,22436,China,1,25
1,22436,China,2,25
2,22436,China,3,25
3,22436,Dominican Republic,1,15
4,22436,Dominican Republic,2,21
5,22436,Dominican Republic,3,17
0,22437,Ukraine,1,25
1,22437,Ukraine,2,25
2,22437,Ukraine,3,25
3,22437,Cameroon,1,17
4,22437,Cameroon,2,21
5,22437,Cameroon,3,20
0,22438,Poland,1,21
1,22438,Poland,2,25
2,22438,Poland,3,19
3,22438,Poland,4,28
4,22438,Poland,5,19
5,22438,Germany,1,25
6,22438,Germany,2,15
7,22438,Germany,3,25
8,22438,Germany,4,26
9,22438,Germany,5,17
0,22439,Netherlands,1,27
1,22439,Netherlands,2,26
2,22439,Netherlands,3,22
3,22439,Netherlands,4,20
4,22439,Netherlands,5,15
5,22439,Serbia,1,25
6,22439,Serbia,2,24
7,22439,Serbia,3,25
8,22439,Serbia,4,25
9,22439,Serbia,5,11
0,22440,Japan,1,25
1,22440,Japan,2,25
2,22440,Japan,3,25
3,22440,Thailand,1,20
4,22440,Thailand,2,23
5,22440,Thailand,3,23
0,22441,USA,1,25
1,22441,USA,2,25
2,22441,USA,3,25
3,22441,Canada,1,18
4,22441,Canada,2,21
5,22441,Canada,3,21
0,22442,Türkiye,1,30
1,22442,Türkiye,2,25
2,22442,Türkiye,3,29
3,22442,Slovenia,1,28
4,22442,Slovenia,2,13
5,22442,Slovenia,3,27
0,22443,Italy,1,25
1,22443,Italy,2,25
2,22443,Italy,3,25
3,22443,Germany,1,22
4,22443,Germany,2,18
5,22443,Germany,3,11
0,22444,Poland,1,25
1,22444,Poland,2,25
2,22444,Poland,3,25
3,22444,Poland,4,22
4,22444,Poland,5,15
5,22444,Belgium,1,27
6,22444,Belgium,2,20
7,22444,Belgium,3,17
8,22444,Belgium,4,25
9,22444,Belgium,5,10
0,22445,Brazil,1,18
1,22445,Brazil,2,25
2,22445,Brazil,3,25
3,22445,Brazil,4,25
4,22445,Dominican Republic,1,25
5,22445,Dominican Republic,2,12
6,22445,Dominican Republic,3,20
7,22445,Dominican Republic,4,12
0,22446,China,1,20
1,22446,China,2,25
2,22446,China,3,25
3,22446,China,4,20
4,22446,France,1,25
5,22446,France,2,27
6,22446,France,3,22
7,22446,France,4,25
0,22447,Netherlands,1,25
1,22447,Netherlands,2,20
2,22447,Netherlands,3,25
3,22447,Netherlands,4,22
4,22447,Netherlands,5,12
5,22447,Japan,1,20
6,22447,Japan,2,25
7,22447,Japan,3,22
8,22447,Japan,4,25
9,22447,Japan,5,15
0,22448,USA,1,14
1,22448,USA,2,25
2,22448,USA,3,14
3,22448,USA,4,23
4,22448,Türkiye,1,25
5,22448,Türkiye,2,22
6,22448,Türkiye,3,25
7,22448,Türkiye,4,25
0,22449,Italy,1,25
1,22449,Italy,2,25
2,22449,Italy,3,25
3,22449,Poland,1,17
4,22449,Poland,2,21
5,22449,Poland,3,18
0,22450,Brazil,1,27
1,22450,Brazil,2,33
2,22450,Brazil,3,25
3,22450,France,1,25
4,22450,France,2,31
5,22450,France,3,19
0,22451,Japan,1,25
1,22451,Japan,2,17
2,22451,Japan,3,18
3,22451,Japan,4,25
4,22451,Türkiye,1,16
5,22451,Türkiye,2,25
6,22451,Türkiye,3,25
7,22451,Türkiye,4,27
0,22452,Italy,1,22
1,22452,Italy,2,25
2,22452,Italy,3,28
3,22452,Italy,4,25
4,22452,Italy,5,15
5,22452,Brazil,1,25
6,22452,Brazil,2,22
7,22452,Brazil,3,30
8,22452,Brazil,4,22
9,22452,Brazil,5,13
0,22453,Japan,1,12
1,22453,Japan,2,17
2,22453,Japan,3,25
3,22453,Japan,4,29
4,22453,Japan,5,16
5,22453,Brazil,1,25
6,22453,Brazil,2,25
7,22453,Brazil,3,19
8,22453,Brazil,4,27
9,22453,Brazil,5,18
0,22454,Türkiye,1,23
1,22454,Türkiye,2,25
2,22454,Türkiye,3,24
3,22454,Türkiye,4,25
4,22454,Türkiye,5,8
5,22454,Italy,1,25
6,22454,Italy,2,13
7,22454,Italy,3,26
8,22454,Italy,4,19
9,22454,Italy,5,15
0,11382,ROC,1,23
1,11382,ROC,2,19
2,11382,ROC,3,14
3,11382,Italy,1,25
4,11382,Italy,2,25
5,11382,Italy,3,25
0,11383,USA,1,25
1,11383,USA,2,25
2,11383,USA,3,25
3,11383,Argentina,1,20
4,11383,Argentina,2,19
5,11383,Argentina,3,20
0,11384,Serbia,1,25
1,11384,Serbia,2,25
2,11384,Serbia,3,25
3,11384,Dominican Republic,1,18
4,11384,Dominican Republic,2,12
5,11384,Dominican Republic,3,20
0,11385,China,1,21
1,11385,China,2,14
2,11385,China,3,14
3,11385,Türkiye,1,25
4,11385,Türkiye,2,25
5,11385,Türkiye,3,25
0,11386,Japan,1,25
1,11386,Japan,2,25
2,11386,Japan,3,25
3,11386,Kenya,1,15
4,11386,Kenya,2,11
5,11386,Kenya,3,23
0,11387,Brazil,1,25
1,11387,Brazil,2,25
2,11387,Brazil,3,25
3,11387,Korea,1,10
4,11387,Korea,2,22
5,11387,Korea,3,19
0,11388,ROC,1,25
1,11388,ROC,2,25
2,11388,ROC,3,25
3,11388,Argentina,1,19
4,11388,Argentina,2,15
5,11388,Argentina,3,13
0,11389,China,1,27
1,11389,China,2,22
2,11389,China,3,21
3,11389,USA,1,29
4,11389,USA,2,25
5,11389,USA,3,25
0,11390,Japan,1,23
1,11390,Japan,2,16
2,11390,Japan,3,24
3,11390,Serbia,1,25
4,11390,Serbia,2,25
5,11390,Serbia,3,26
0,11391,Italy,1,25
1,11391,Italy,2,23
2,11391,Italy,3,25
3,11391,Italy,4,25
4,11391,Türkiye,1,22
5,11391,Türkiye,2,25
6,11391,Türkiye,3,20
7,11391,Türkiye,4,15
0,11392,Brazil,1,22
1,11392,Brazil,2,25
2,11392,Brazil,3,25
3,11392,Brazil,4,23
4,11392,Brazil,5,15
5,11392,Dominican Republic,1,25
6,11392,Dominican Republic,2,17
7,11392,Dominican Republic,3,13
8,11392,Dominican Republic,4,25
9,11392,Dominican Republic,5,12
0,11393,Korea,1,25
1,11393,Korea,2,25
2,11393,Korea,3,26
3,11393,Kenya,1,14
4,11393,Kenya,2,22
5,11393,Kenya,3,24
0,11394,Italy,1,25
1,11394,Italy,2,25
2,11394,Italy,3,25
3,11394,Argentina,1,21
4,11394,Argentina,2,16
5,11394,Argentina,3,15
0,11395,Korea,1,25
1,11395,Korea,2,17
2,11395,Korea,3,25
3,11395,Korea,4,15
4,11395,Korea,5,15
5,11395,Dominican Republic,1,20
6,11395,Dominican Republic,2,25
7,11395,Dominican Republic,3,18
8,11395,Dominican Republic,4,25
9,11395,Dominican Republic,5,12
0,11396,Serbia,1,25
1,11396,Serbia,2,25
2,11396,Serbia,3,25
3,11396,Kenya,1,21
4,11396,Kenya,2,11
5,11396,Kenya,3,20
0,11397,China,1,17
1,11397,China,2,25
2,11397,China,3,25
3,11397,China,4,25
4,11397,China,5,12
5,11397,ROC,1,25
6,11397,ROC,2,23
7,11397,ROC,3,20
8,11397,ROC,4,27
9,11397,ROC,5,15
0,11398,Japan,1,16
1,11398,Japan,2,18
2,11398,Japan,3,24
3,11398,Brazil,1,25
4,11398,Brazil,2,25
5,11398,Brazil,3,26
0,11399,USA,1,25
1,11399,USA,2,25
2,11399,USA,3,17
3,11399,USA,4,20
4,11399,USA,5,15
5,11399,Türkiye,1,19
6,11399,Türkiye,2,20
7,11399,Türkiye,3,25
8,11399,Türkiye,4,25
9,11399,Türkiye,5,12
0,11400,Dominican Republic,1,25
1,11400,Dominican Republic,2,25
2,11400,Dominican Republic,3,25
3,11400,Kenya,1,19
4,11400,Kenya,2,18
5,11400,Kenya,3,10
0,11401,USA,1,20
1,11401,USA,2,12
2,11401,USA,3,19
3,11401,ROC,1,25
4,11401,ROC,2,25
5,11401,ROC,3,25
0,11402,Argentina,1,23
1,11402,Argentina,2,20
2,11402,Argentina,3,18
3,11402,Türkiye,1,25
4,11402,Türkiye,2,25
5,11402,Türkiye,3,25
0,11403,Serbia,1,20
1,11403,Serbia,2,16
2,11403,Serbia,3,25
3,11403,Serbia,4,19
4,11403,Brazil,1,25
5,11403,Brazil,2,25
6,11403,Brazil,3,23
7,11403,Brazil,4,25
0,11404,Japan,1,19
1,11404,Japan,2,25
2,11404,Japan,3,22
3,11404,Japan,4,25
4,11404,Japan,5,14
5,11404,Korea,1,25
6,11404,Korea,2,19
7,11404,Korea,3,25
8,11404,Korea,4,15
9,11404,Korea,5,16
0,11405,China,1,25
1,11405,China,2,25
2,11405,China,3,26
3,11405,Italy,1,21
4,11405,Italy,2,20
5,11405,Italy,3,24
0,11406,Serbia,1,25
1,11406,Serbia,2,25
2,11406,Serbia,3,25
3,11406,Korea,1,18
4,11406,Korea,2,17
5,11406,Korea,3,15
0,11407,USA,1,21
1,11407,USA,2,25
2,11407,USA,3,25
3,11407,USA,4,25
4,11407,USA,5,15
5,11407,Italy,1,25
6,11407,Italy,2,16
7,11407,Italy,3,27
8,11407,Italy,4,16
9,11407,Italy,5,12
0,11408,ROC,1,25
1,11408,ROC,2,23
2,11408,ROC,3,23
3,11408,ROC,4,25
4,11408,ROC,5,10
5,11408,Türkiye,1,21
6,11408,Türkiye,2,25
7,11408,Türkiye,3,25
8,11408,Türkiye,4,15
9,11408,Türkiye,5,15
0,11409,China,1,25
1,11409,China,2,25
2,11409,China,3,25
3,11409,Argentina,1,15
4,11409,Argentina,2,22
5,11409,Argentina,3,19
0,11410,Japan,1,10
1,11410,Japan,2,23
2,11410,Japan,3,25
3,11410,Japan,4,19
4,11410,Dominican Republic,1,25
5,11410,Dominican Republic,2,25
6,11410,Dominican Republic,3,19
7,11410,Dominican Republic,4,25
0,11411,Brazil,1,25
1,11411,Brazil,2,25
2,11411,Brazil,3,25
3,11411,Kenya,1,10
4,11411,Kenya,2,16
5,11411,Kenya,3,8
0,11412,Brazil,1,23
1,11412,Brazil,2,25
2,11412,Brazil,3,25
3,11412,Brazil,4,25
4,11412,ROC,1,25
5,11412,ROC,2,21
6,11412,ROC,3,19
7,11412,ROC,4,22
0,11413,Korea,1,17
1,11413,Korea,2,25
2,11413,Korea,3,28
3,11413,Korea,4,18
4,11413,Korea,5,15
5,11413,Türkiye,1,25
6,11413,Türkiye,2,17
7,11413,Türkiye,3,26
8,11413,Türkiye,4,25
9,11413,Türkiye,5,13
0,11414,Serbia,1,25
1,11414,Serbia,2,25
2,11414,Serbia,3,25
3,11414,Italy,1,21
4,11414,Italy,2,14
5,11414,Italy,3,21
0,11415,Dominican Republic,1,11
1,11415,Dominican Republic,2,20
2,11415,Dominican Republic,3,19
3,11415,USA,1,25
4,11415,USA,2,25
5,11415,USA,3,25
0,11416,Brazil,1,25
1,11416,Brazil,2,25
2,11416,Brazil,3,25
3,11416,Korea,1,16
4,11416,Korea,2,16
5,11416,Korea,3,16
0,11417,Serbia,1,19
1,11417,Serbia,2,15
2,11417,Serbia,3,23
3,11417,USA,1,25
4,11417,USA,2,25
5,11417,USA,3,25
0,11418,Korea,1,18
1,11418,Korea,2,15
2,11418,Korea,3,15
3,11418,Serbia,1,25
4,11418,Serbia,2,25
5,11418,Serbia,3,25
0,11419,Brazil,1,21
1,11419,Brazil,2,20
2,11419,Brazil,3,14
3,11419,USA,1,25
4,11419,USA,2,25
5,11419,USA,3,25
0,19087,Italy,1,25
1,19087,Italy,2,24
2,19087,Italy,3,25
3,19087,Italy,4,25
4,19087,Dominican Republic,1,19
5,19087,Dominican Republic,2,26
6,19087,Dominican Republic,3,21
7,19087,Dominican Republic,4,18
0,19088,Poland,1,20
1,19088,Poland,2,25
2,19088,Poland,3,25
3,19088,Poland,4,28
4,19088,Japan,1,25
5,19088,Japan,2,22
6,19088,Japan,3,23
7,19088,Japan,4,26
0,19089,Türkiye,1,19
1,19089,Türkiye,2,19
2,19089,Türkiye,3,25
3,19089,Türkiye,4,25
4,19089,Türkiye,5,15
5,19089,Netherlands,1,25
6,19089,Netherlands,2,25
7,19089,Netherlands,3,22
8,19089,Netherlands,4,22
9,19089,Netherlands,5,13
0,19090,Brazil,1,25
1,19090,Brazil,2,25
2,19090,Brazil,3,25
3,19090,Kenya,1,14
4,19090,Kenya,2,13
5,19090,Kenya,3,12
0,19091,USA,1,20
1,19091,USA,2,19
2,19091,USA,3,25
3,19091,USA,4,25
4,19091,USA,5,13
5,19091,China,1,25
6,19091,China,2,25
7,19091,China,3,17
8,19091,China,4,20
9,19091,China,5,15
0,19092,France,1,17
1,19092,France,2,17
2,19092,France,3,22
3,19092,Serbia,1,25
4,19092,Serbia,2,25
5,19092,Serbia,3,25
0,19093,USA,1,25
1,19093,USA,2,25
2,19093,USA,3,20
3,19093,USA,4,14
4,19093,USA,5,17
5,19093,Serbia,1,17
6,19093,Serbia,2,20
7,19093,Serbia,3,25
8,19093,Serbia,4,25
9,19093,Serbia,5,15
0,19094,Poland,1,25
1,19094,Poland,2,25
2,19094,Poland,3,25
3,19094,Kenya,1,14
4,19094,Kenya,2,17
5,19094,Kenya,3,15
0,19095,Türkiye,1,21
1,19095,Türkiye,2,25
2,19095,Türkiye,3,25
3,19095,Türkiye,4,25
4,19095,Dominican Republic,1,25
5,19095,Dominican Republic,2,18
6,19095,Dominican Republic,3,22
7,19095,Dominican Republic,4,15
0,19096,Brazil,1,25
1,19096,Brazil,2,25
2,19096,Brazil,3,25
3,19096,Japan,1,20
4,19096,Japan,2,17
5,19096,Japan,3,18
0,19097,Italy,1,29
1,19097,Italy,2,25
2,19097,Italy,3,25
3,19097,Netherlands,1,27
4,19097,Netherlands,2,18
5,19097,Netherlands,3,19
0,19098,France,1,18
1,19098,France,2,16
2,19098,France,3,19
3,19098,China,1,25
4,19098,China,2,25
5,19098,China,3,25
0,19099,Netherlands,1,25
1,19099,Netherlands,2,21
2,19099,Netherlands,3,17
3,19099,Netherlands,4,26
4,19099,Dominican Republic,1,22
5,19099,Dominican Republic,2,25
6,19099,Dominican Republic,3,25
7,19099,Dominican Republic,4,28
0,19100,Japan,1,25
1,19100,Japan,2,25
2,19100,Japan,3,25
3,19100,Kenya,1,17
4,19100,Kenya,2,22
5,19100,Kenya,3,12
0,19101,Italy,1,25
1,19101,Italy,2,25
2,19101,Italy,3,25
3,19101,Türkiye,1,14
4,19101,Türkiye,2,16
5,19101,Türkiye,3,21
0,19102,France,1,27
1,19102,France,2,27
2,19102,France,3,20
3,19102,USA,1,29
4,19102,USA,2,29
5,19102,USA,3,25
0,19103,China,1,21
1,19103,China,2,25
2,19103,China,3,25
3,19103,China,4,29
4,19103,Serbia,1,25
5,19103,Serbia,2,20
6,19103,Serbia,3,22
7,19103,Serbia,4,27
0,19104,Brazil,1,25
1,19104,Brazil,2,38
2,19104,Brazil,3,25
3,19104,Poland,1,21
4,19104,Poland,2,36
5,19104,Poland,3,14
0,19105,USA,1,25
1,19105,USA,2,25
2,19105,USA,3,25
3,19105,Poland,1,22
4,19105,Poland,2,14
5,19105,Poland,3,20
0,19106,Italy,1,26
1,19106,Italy,2,25
2,19106,Italy,3,25
3,19106,Serbia,1,24
4,19106,Serbia,2,20
5,19106,Serbia,3,20
0,19107,China,1,25
1,19107,China,2,21
2,19107,China,3,24
3,19107,China,4,25
4,19107,China,5,12
5,19107,Türkiye,1,23
6,19107,Türkiye,2,25
7,19107,Türkiye,3,26
8,19107,Türkiye,4,21
9,19107,Türkiye,5,15
0,19108,Brazil,1,25
1,19108,Brazil,2,25
2,19108,Brazil,3,25
3,19108,Dominican Republic,1,22
4,19108,Dominican Republic,2,13
5,19108,Dominican Republic,3,17
0,19109,Brazil,1,23
1,19109,Brazil,2,25
2,19109,Brazil,3,15
3,19109,Brazil,4,25
4,19109,Brazil,5,11
5,19109,USA,1,25
6,19109,USA,2,18
7,19109,USA,3,25
8,19109,USA,4,23
9,19109,USA,5,15
0,19110,Türkiye,1,22
1,19110,Türkiye,2,19
2,19110,Türkiye,3,22
3,19110,Italy,1,25
4,19110,Italy,2,25
5,19110,Italy,3,25
0,19111,Brazil,1,25
1,19111,Brazil,2,27
2,19111,Brazil,3,22
3,19111,Brazil,4,25
4,19111,Türkiye,1,21
5,19111,Türkiye,2,25
6,19111,Türkiye,3,25
7,19111,Türkiye,4,15
0,19112,USA,1,18
1,19112,USA,2,20
2,19112,USA,3,17
3,19112,Italy,1,25
4,19112,Italy,2,25
5,19112,Italy,3,25
