,0,1,2,3
0,11700,France,1,27
1,11700,France,2,25
2,11700,France,3,25
3,11700,Bulgaria,1,25
4,11700,Bulgaria,2,21
5,11700,Bulgaria,3,23
0,11701,Germany,1,25
1,11701,Germany,2,25
2,11701,Germany,3,25
3,11701,Australia,1,19
4,11701,Australia,2,18
5,11701,Australia,3,16
0,11702,Japan,1,25
1,11702,Japan,2,25
2,11702,Japan,3,26
3,11702,Iran,1,19
4,11702,Iran,2,22
5,11702,Iran,3,24
0,11703,Serbia,1,22
1,11703,Serbia,2,25
2,11703,Serbia,3,36
3,11703,Serbia,4,25
4,11703,Slovenia,1,25
5,11703,Slovenia,2,18
6,11703,Slovenia,3,34
7,11703,Slovenia,4,18
0,11704,Netherlands,1,19
1,11704,Netherlands,2,22
2,11704,Netherlands,3,25
3,11704,Netherlands,4,20
4,11704,Russia,1,25
5,11704,Russia,2,25
6,11704,Russia,3,18
7,11704,Russia,4,25
0,11705,USA,1,25
1,11705,USA,2,26
2,11705,USA,3,25
3,11705,Canada,1,17
4,11705,Canada,2,24
5,11705,Canada,3,20
0,11706,Poland,1,25
1,11706,Poland,2,25
2,11706,Poland,3,25
3,11706,Italy,1,19
4,11706,Italy,2,20
5,11706,Italy,3,18
0,11707,Brazil,1,31
1,11707,Brazil,2,26
2,11707,Brazil,3,25
3,11707,Argentina,1,29
4,11707,Argentina,2,24
5,11707,Argentina,3,16
0,11708,Germany,1,25
1,11708,Germany,2,22
2,11708,Germany,3,25
3,11708,Germany,4,16
4,11708,Germany,5,15
5,11708,France,1,22
6,11708,France,2,25
7,11708,France,3,22
8,11708,France,4,25
9,11708,France,5,17
0,11709,Iran,1,17
1,11709,Iran,2,25
2,11709,Iran,3,20
3,11709,Iran,4,17
4,11709,Russia,1,25
5,11709,Russia,2,20
6,11709,Russia,3,25
7,11709,Russia,4,25
0,11710,Netherlands,1,25
1,11710,Netherlands,2,25
2,11710,Netherlands,3,22
3,11710,Netherlands,4,17
4,11710,Netherlands,5,8
5,11710,Japan,1,22
6,11710,Japan,2,23
7,11710,Japan,3,25
8,11710,Japan,4,25
9,11710,Japan,5,15
0,11711,Australia,1,21
1,11711,Australia,2,20
2,11711,Australia,3,20
3,11711,Bulgaria,1,25
4,11711,Bulgaria,2,25
5,11711,Bulgaria,3,25
0,11712,Poland,1,26
1,11712,Poland,2,25
2,11712,Poland,3,21
3,11712,Poland,4,25
4,11712,Serbia,1,24
5,11712,Serbia,2,19
6,11712,Serbia,3,25
7,11712,Serbia,4,15
0,11713,Italy,1,23
1,11713,Italy,2,19
2,11713,Italy,3,15
3,11713,Slovenia,1,25
4,11713,Slovenia,2,25
5,11713,Slovenia,3,25
0,11714,Argentina,1,17
1,11714,Argentina,2,21
2,11714,Argentina,3,17
3,11714,Canada,1,25
4,11714,Canada,2,25
5,11714,Canada,3,25
0,11715,USA,1,22
1,11715,USA,2,23
2,11715,USA,3,19
3,11715,Brazil,1,25
4,11715,Brazil,2,25
5,11715,Brazil,3,25
0,11716,Australia,1,26
1,11716,Australia,2,25
2,11716,Australia,3,14
3,11716,Australia,4,23
4,11716,France,1,28
5,11716,France,2,20
6,11716,France,3,25
7,11716,France,4,25
0,11717,Netherlands,1,18
1,11717,Netherlands,2,23
2,11717,Netherlands,3,28
3,11717,Iran,1,25
4,11717,Iran,2,25
5,11717,Iran,3,30
0,11718,Germany,1,19
1,11718,Germany,2,25
2,11718,Germany,3,22
3,11718,Germany,4,30
4,11718,Germany,5,15
5,11718,Bulgaria,1,25
6,11718,Bulgaria,2,21
7,11718,Bulgaria,3,25
8,11718,Bulgaria,4,28
9,11718,Bulgaria,5,11
0,11719,Russia,1,26
1,11719,Russia,2,28
2,11719,Russia,3,25
3,11719,Russia,4,21
4,11719,Russia,5,14
5,11719,Japan,1,28
6,11719,Japan,2,26
7,11719,Japan,3,20
8,11719,Japan,4,25
9,11719,Japan,5,16
0,11720,USA,1,23
1,11720,USA,2,25
2,11720,USA,3,25
3,11720,USA,4,25
4,11720,Argentina,1,25
5,11720,Argentina,2,21
6,11720,Argentina,3,15
7,11720,Argentina,4,19
0,11721,Canada,1,17
1,11721,Canada,2,20
2,11721,Canada,3,25
3,11721,Canada,4,25
4,11721,Brazil,1,25
5,11721,Brazil,2,25
6,11721,Brazil,3,22
7,11721,Brazil,4,27
0,11722,Poland,1,22
1,11722,Poland,2,25
2,11722,Poland,3,19
3,11722,Poland,4,23
4,11722,Slovenia,1,25
5,11722,Slovenia,2,23
6,11722,Slovenia,3,25
7,11722,Slovenia,4,25
0,11723,Serbia,1,25
1,11723,Serbia,2,22
2,11723,Serbia,3,25
3,11723,Serbia,4,25
4,11723,Italy,1,23
5,11723,Italy,2,25
6,11723,Italy,3,22
7,11723,Italy,4,18
0,11724,Germany,1,19
1,11724,Germany,2,25
2,11724,Germany,3,25
3,11724,Germany,4,23
4,11724,Germany,5,13
5,11724,Argentina,1,25
6,11724,Argentina,2,23
7,11724,Argentina,3,17
8,11724,Argentina,4,25
9,11724,Argentina,5,15
0,11725,Iran,1,22
1,11725,Iran,2,25
2,11725,Iran,3,25
3,11725,Iran,4,25
4,11725,Canada,1,25
5,11725,Canada,2,22
6,11725,Canada,3,22
7,11725,Canada,4,22
0,11726,Japan,1,25
1,11726,Japan,2,23
2,11726,Japan,3,22
3,11726,Japan,4,13
4,11726,Serbia,1,18
5,11726,Serbia,2,25
6,11726,Serbia,3,25
7,11726,Serbia,4,25
0,11727,Brazil,1,37
1,11727,Brazil,2,18
2,11727,Brazil,3,28
3,11727,France,1,39
4,11727,France,2,25
5,11727,France,3,30
0,11728,Netherlands,1,18
1,11728,Netherlands,2,15
2,11728,Netherlands,3,18
3,11728,Slovenia,1,25
4,11728,Slovenia,2,25
5,11728,Slovenia,3,25
0,11729,Australia,1,16
1,11729,Australia,2,10
2,11729,Australia,3,12
3,11729,Poland,1,25
4,11729,Poland,2,25
5,11729,Poland,3,25
0,11730,Italy,1,25
1,11730,Italy,2,20
2,11730,Italy,3,25
3,11730,Italy,4,23
4,11730,Italy,5,15
5,11730,Bulgaria,1,19
6,11730,Bulgaria,2,25
7,11730,Bulgaria,3,13
8,11730,Bulgaria,4,25
9,11730,Bulgaria,5,12
0,11731,Russia,1,25
1,11731,Russia,2,25
2,11731,Russia,3,17
3,11731,Russia,4,25
4,11731,USA,1,22
5,11731,USA,2,19
6,11731,USA,3,25
7,11731,USA,4,19
0,11732,Argentina,1,19
1,11732,Argentina,2,22
2,11732,Argentina,3,18
3,11732,Slovenia,1,25
4,11732,Slovenia,2,25
5,11732,Slovenia,3,25
0,11733,Netherlands,1,25
1,11733,Netherlands,2,23
2,11733,Netherlands,3,25
3,11733,Netherlands,4,23
4,11733,Netherlands,5,15
5,11733,Germany,1,18
6,11733,Germany,2,25
7,11733,Germany,3,20
8,11733,Germany,4,25
9,11733,Germany,5,13
0,11734,Brazil,1,25
1,11734,Brazil,2,25
2,11734,Brazil,3,25
3,11734,Japan,1,20
4,11734,Japan,2,16
5,11734,Japan,3,20
0,11735,Serbia,1,22
1,11735,Serbia,2,24
2,11735,Serbia,3,25
3,11735,Serbia,4,25
4,11735,Serbia,5,15
5,11735,France,1,25
6,11735,France,2,26
7,11735,France,3,22
8,11735,France,4,23
9,11735,France,5,9
0,11736,Iran,1,26
1,11736,Iran,2,29
2,11736,Iran,3,21
3,11736,Iran,4,25
4,11736,Italy,1,24
5,11736,Italy,2,27
6,11736,Italy,3,25
7,11736,Italy,4,22
0,11737,Poland,1,25
1,11737,Poland,2,28
2,11737,Poland,3,25
3,11737,USA,1,17
4,11737,USA,2,26
5,11737,USA,3,17
0,11738,Russia,1,25
1,11738,Russia,2,26
2,11738,Russia,3,25
3,11738,Australia,1,19
4,11738,Australia,2,24
5,11738,Australia,3,21
0,11739,Canada,1,28
1,11739,Canada,2,25
2,11739,Canada,3,25
3,11739,Bulgaria,1,26
4,11739,Bulgaria,2,23
5,11739,Bulgaria,3,16
0,11740,Netherlands,1,19
1,11740,Netherlands,2,20
2,11740,Netherlands,3,23
3,11740,Argentina,1,25
4,11740,Argentina,2,25
5,11740,Argentina,3,25
0,11741,Slovenia,1,25
1,11741,Slovenia,2,20
2,11741,Slovenia,3,21
3,11741,Slovenia,4,20
4,11741,Germany,1,19
5,11741,Germany,2,25
6,11741,Germany,3,25
7,11741,Germany,4,25
0,11742,France,1,21
1,11742,France,2,25
2,11742,France,3,24
3,11742,France,4,25
4,11742,France,5,15
5,11742,Japan,1,25
6,11742,Japan,2,22
7,11742,Japan,3,26
8,11742,Japan,4,21
9,11742,Japan,5,11
0,11743,Brazil,1,23
1,11743,Brazil,2,25
2,11743,Brazil,3,25
3,11743,Brazil,4,25
4,11743,Serbia,1,25
5,11743,Serbia,2,23
6,11743,Serbia,3,15
7,11743,Serbia,4,22
0,11744,Russia,1,25
1,11744,Russia,2,19
2,11744,Russia,3,19
3,11744,Russia,4,14
4,11744,Poland,1,21
5,11744,Poland,2,25
6,11744,Poland,3,25
7,11744,Poland,4,25
0,11745,USA,1,25
1,11745,USA,2,25
2,11745,USA,3,25
3,11745,Australia,1,23
4,11745,Australia,2,20
5,11745,Australia,3,17
0,11746,Bulgaria,1,20
1,11746,Bulgaria,2,31
2,11746,Bulgaria,3,22
3,11746,Iran,1,25
4,11746,Iran,2,33
5,11746,Iran,3,25
0,11747,Canada,1,19
1,11747,Canada,2,21
2,11747,Canada,3,25
3,11747,Canada,4,28
4,11747,Canada,5,11
5,11747,Italy,1,25
6,11747,Italy,2,25
7,11747,Italy,3,21
8,11747,Italy,4,26
9,11747,Italy,5,15
0,11748,Serbia,1,19
1,11748,Serbia,2,25
2,11748,Serbia,3,25
3,11748,Serbia,4,25
4,11748,Germany,1,25
5,11748,Germany,2,22
6,11748,Germany,3,18
7,11748,Germany,4,15
0,11749,Japan,1,25
1,11749,Japan,2,21
2,11749,Japan,3,28
3,11749,Japan,4,26
4,11749,Australia,1,18
5,11749,Australia,2,25
6,11749,Australia,3,26
7,11749,Australia,4,24
0,11750,France,1,22
1,11750,France,2,25
2,11750,France,3,30
3,11750,France,4,25
4,11750,Russia,1,25
5,11750,Russia,2,18
6,11750,Russia,3,28
7,11750,Russia,4,19
0,11751,Slovenia,1,25
1,11751,Slovenia,2,25
2,11751,Slovenia,3,25
3,11751,Canada,1,22
4,11751,Canada,2,19
5,11751,Canada,3,22
0,11752,Argentina,1,28
1,11752,Argentina,2,21
2,11752,Argentina,3,20
3,11752,Italy,1,30
4,11752,Italy,2,25
5,11752,Italy,3,25
0,11753,Iran,1,25
1,11753,Iran,2,25
2,11753,Iran,3,25
3,11753,USA,1,19
4,11753,USA,2,23
5,11753,USA,3,23
0,11754,Poland,1,25
1,11754,Poland,2,25
2,11754,Poland,3,25
3,11754,Bulgaria,1,19
4,11754,Bulgaria,2,15
5,11754,Bulgaria,3,12
0,11755,Netherlands,1,19
1,11755,Netherlands,2,22
2,11755,Netherlands,3,25
3,11755,Brazil,1,25
4,11755,Brazil,2,25
5,11755,Brazil,3,27
0,11756,Serbia,1,21
1,11756,Serbia,2,25
2,11756,Serbia,3,26
3,11756,Serbia,4,25
4,11756,Serbia,5,15
5,11756,Iran,1,25
6,11756,Iran,2,15
7,11756,Iran,3,28
8,11756,Iran,4,22
9,11756,Iran,5,8
0,11757,Russia,1,25
1,11757,Russia,2,25
2,11757,Russia,3,23
3,11757,Russia,4,25
4,11757,Canada,1,18
5,11757,Canada,2,18
6,11757,Canada,3,25
7,11757,Canada,4,23
0,11758,France,1,25
1,11758,France,2,25
2,11758,France,3,23
3,11758,France,4,19
4,11758,France,5,9
5,11758,Slovenia,1,17
6,11758,Slovenia,2,19
7,11758,Slovenia,3,25
8,11758,Slovenia,4,25
9,11758,Slovenia,5,15
0,11759,Argentina,1,25
1,11759,Argentina,2,25
2,11759,Argentina,3,25
3,11759,Australia,1,18
4,11759,Australia,2,19
5,11759,Australia,3,20
0,11760,Germany,1,12
1,11760,Germany,2,18
2,11760,Germany,3,27
3,11760,USA,1,25
4,11760,USA,2,25
5,11760,USA,3,29
0,11761,Bulgaria,1,16
1,11761,Bulgaria,2,22
2,11761,Bulgaria,3,12
3,11761,Brazil,1,25
4,11761,Brazil,2,25
5,11761,Brazil,3,25
0,11762,Japan,1,21
1,11762,Japan,2,25
2,11762,Japan,3,22
3,11762,Japan,4,25
4,11762,Japan,5,15
5,11762,Italy,1,25
6,11762,Italy,2,22
7,11762,Italy,3,25
8,11762,Italy,4,15
9,11762,Italy,5,9
0,11763,Poland,1,25
1,11763,Poland,2,25
2,11763,Poland,3,25
3,11763,Netherlands,1,14
4,11763,Netherlands,2,17
5,11763,Netherlands,3,16
0,11764,Iran,1,25
1,11764,Iran,2,20
2,11764,Iran,3,19
3,11764,Iran,4,25
4,11764,Iran,5,13
5,11764,Germany,1,23
6,11764,Germany,2,25
7,11764,Germany,3,25
8,11764,Germany,4,19
9,11764,Germany,5,15
0,11765,Slovenia,1,19
1,11765,Slovenia,2,25
2,11765,Slovenia,3,22
3,11765,Slovenia,4,25
4,11765,Slovenia,5,15
5,11765,Russia,1,25
6,11765,Russia,2,23
7,11765,Russia,3,25
8,11765,Russia,4,20
9,11765,Russia,5,8
0,11766,Japan,1,32
1,11766,Japan,2,16
2,11766,Japan,3,18
3,11766,Japan,4,21
4,11766,Argentina,1,30
5,11766,Argentina,2,25
6,11766,Argentina,3,25
7,11766,Argentina,4,25
0,11767,Netherlands,1,18
1,11767,Netherlands,2,25
2,11767,Netherlands,3,25
3,11767,Netherlands,4,22
4,11767,Netherlands,5,13
5,11767,Bulgaria,1,25
6,11767,Bulgaria,2,18
7,11767,Bulgaria,3,17
8,11767,Bulgaria,4,25
9,11767,Bulgaria,5,15
0,11768,Australia,1,20
1,11768,Australia,2,22
2,11768,Australia,3,14
3,11768,Italy,1,25
4,11768,Italy,2,25
5,11768,Italy,3,25
0,11769,USA,1,23
1,11769,USA,2,17
2,11769,USA,3,25
3,11769,USA,4,25
4,11769,Serbia,1,25
5,11769,Serbia,2,25
6,11769,Serbia,3,19
7,11769,Serbia,4,27
0,11770,Canada,1,25
1,11770,Canada,2,21
2,11770,Canada,3,22
3,11770,Canada,4,17
4,11770,France,1,20
5,11770,France,2,25
6,11770,France,3,25
7,11770,France,4,25
0,11771,Poland,1,17
1,11771,Poland,2,26
2,11771,Poland,3,19
3,11771,Brazil,1,25
4,11771,Brazil,2,28
5,11771,Brazil,3,25
0,11772,Russia,1,25
1,11772,Russia,2,25
2,11772,Russia,3,22
3,11772,Russia,4,25
4,11772,Serbia,1,23
5,11772,Serbia,2,22
6,11772,Serbia,3,25
7,11772,Serbia,4,21
0,11773,Iran,1,23
1,11773,Iran,2,22
2,11773,Iran,3,25
3,11773,Iran,4,25
4,11773,Iran,5,12
5,11773,Australia,1,25
6,11773,Australia,2,25
7,11773,Australia,3,23
8,11773,Australia,4,18
9,11773,Australia,5,15
0,11774,Argentina,1,25
1,11774,Argentina,2,16
2,11774,Argentina,3,25
3,11774,Argentina,4,25
4,11774,Bulgaria,1,20
5,11774,Bulgaria,2,25
6,11774,Bulgaria,3,18
7,11774,Bulgaria,4,18
0,11775,Japan,1,25
1,11775,Japan,2,25
2,11775,Japan,3,25
3,11775,Germany,1,18
4,11775,Germany,2,22
5,11775,Germany,3,20
0,11776,Italy,1,15
1,11776,Italy,2,18
2,11776,Italy,3,21
3,11776,USA,1,25
4,11776,USA,2,25
5,11776,USA,3,25
0,11777,Canada,1,22
1,11777,Canada,2,23
2,11777,Canada,3,19
3,11777,Poland,1,25
4,11777,Poland,2,25
5,11777,Poland,3,25
0,11778,Brazil,1,15
1,11778,Brazil,2,25
2,11778,Brazil,3,19
3,11778,Brazil,4,25
4,11778,Brazil,5,15
5,11778,Slovenia,1,25
6,11778,Slovenia,2,22
7,11778,Slovenia,3,25
8,11778,Slovenia,4,13
9,11778,Slovenia,5,12
0,11779,Netherlands,1,15
1,11779,Netherlands,2,22
2,11779,Netherlands,3,28
3,11779,Netherlands,4,25
4,11779,Netherlands,5,19
5,11779,France,1,25
6,11779,France,2,25
7,11779,France,3,26
8,11779,France,4,23
9,11779,France,5,17
0,11780,Argentina,1,19
1,11780,Argentina,2,23
2,11780,Argentina,3,25
3,11780,Argentina,4,19
4,11780,Russia,1,25
5,11780,Russia,2,25
6,11780,Russia,3,21
7,11780,Russia,4,25
0,11781,Serbia,1,25
1,11781,Serbia,2,25
2,11781,Serbia,3,25
3,11781,Bulgaria,1,20
4,11781,Bulgaria,2,17
5,11781,Bulgaria,3,17
0,11782,Slovenia,1,18
1,11782,Slovenia,2,25
2,11782,Slovenia,3,25
3,11782,Slovenia,4,25
4,11782,Australia,1,25
5,11782,Australia,2,18
6,11782,Australia,3,18
7,11782,Australia,4,17
0,11783,Japan,1,14
1,11783,Japan,2,18
2,11783,Japan,3,19
3,11783,Poland,1,25
4,11783,Poland,2,25
5,11783,Poland,3,25
0,11784,Netherlands,1,19
1,11784,Netherlands,2,23
2,11784,Netherlands,3,25
3,11784,Netherlands,4,21
4,11784,Italy,1,25
5,11784,Italy,2,25
6,11784,Italy,3,23
7,11784,Italy,4,25
0,11785,Canada,1,25
1,11785,Canada,2,26
2,11785,Canada,3,25
3,11785,Germany,1,17
4,11785,Germany,2,24
5,11785,Germany,3,21
0,11786,USA,1,23
1,11786,USA,2,25
2,11786,USA,3,29
3,11786,USA,4,22
4,11786,France,1,25
5,11786,France,2,22
6,11786,France,3,31
7,11786,France,4,25
0,11787,Iran,1,19
1,11787,Iran,2,25
2,11787,Iran,3,19
3,11787,Iran,4,21
4,11787,Brazil,1,25
5,11787,Brazil,2,23
6,11787,Brazil,3,25
7,11787,Brazil,4,25
0,11788,Argentina,1,27
1,11788,Argentina,2,25
2,11788,Argentina,3,26
3,11788,Serbia,1,25
4,11788,Serbia,2,20
5,11788,Serbia,3,24
0,11789,Bulgaria,1,17
1,11789,Bulgaria,2,22
2,11789,Bulgaria,3,17
3,11789,Russia,1,25
4,11789,Russia,2,25
5,11789,Russia,3,25
0,11790,Japan,1,22
1,11790,Japan,2,23
2,11790,Japan,3,18
3,11790,Canada,1,25
4,11790,Canada,2,25
5,11790,Canada,3,25
0,11791,Australia,1,17
1,11791,Australia,2,22
2,11791,Australia,3,12
3,11791,Brazil,1,25
4,11791,Brazil,2,25
5,11791,Brazil,3,25
0,11792,Iran,1,25
1,11792,Iran,2,20
2,11792,Iran,3,19
3,11792,Iran,4,30
4,11792,Slovenia,1,14
5,11792,Slovenia,2,25
6,11792,Slovenia,3,25
7,11792,Slovenia,4,32
0,11793,Netherlands,1,25
1,11793,Netherlands,2,17
2,11793,Netherlands,3,25
3,11793,Netherlands,4,15
4,11793,Netherlands,5,13
5,11793,USA,1,21
6,11793,USA,2,25
7,11793,USA,3,23
8,11793,USA,4,25
9,11793,USA,5,15
0,11794,France,1,19
1,11794,France,2,25
2,11794,France,3,20
3,11794,France,4,25
4,11794,France,5,12
5,11794,Italy,1,25
6,11794,Italy,2,22
7,11794,Italy,3,25
8,11794,Italy,4,21
9,11794,Italy,5,15
0,11795,Germany,1,22
1,11795,Germany,2,19
2,11795,Germany,3,20
3,11795,Poland,1,25
4,11795,Poland,2,25
5,11795,Poland,3,25
0,11796,Australia,1,16
1,11796,Australia,2,13
2,11796,Australia,3,25
3,11796,Australia,4,15
4,11796,Serbia,1,25
5,11796,Serbia,2,25
6,11796,Serbia,3,19
7,11796,Serbia,4,25
0,11797,Japan,1,25
1,11797,Japan,2,25
2,11797,Japan,3,25
3,11797,Bulgaria,1,23
4,11797,Bulgaria,2,18
5,11797,Bulgaria,3,14
0,11798,France,1,25
1,11798,France,2,25
2,11798,France,3,25
3,11798,Iran,1,21
4,11798,Iran,2,21
5,11798,Iran,3,19
0,11799,Canada,1,25
1,11799,Canada,2,25
2,11799,Canada,3,25
3,11799,Netherlands,1,16
4,11799,Netherlands,2,16
5,11799,Netherlands,3,19
0,11800,Brazil,1,25
1,11800,Brazil,2,32
2,11800,Brazil,3,22
3,11800,Brazil,4,25
4,11800,Italy,1,19
5,11800,Italy,2,30
6,11800,Italy,3,25
7,11800,Italy,4,20
0,11801,Slovenia,1,28
1,11801,Slovenia,2,25
2,11801,Slovenia,3,21
3,11801,Slovenia,4,28
4,11801,Slovenia,5,15
5,11801,USA,1,30
6,11801,USA,2,19
7,11801,USA,3,25
8,11801,USA,4,26
9,11801,USA,5,13
0,11802,Poland,1,25
1,11802,Poland,2,25
2,11802,Poland,3,25
3,11802,Argentina,1,21
4,11802,Argentina,2,22
5,11802,Argentina,3,18
0,11803,Germany,1,18
1,11803,Germany,2,18
2,11803,Germany,3,25
3,11803,Germany,4,15
4,11803,Russia,1,25
5,11803,Russia,2,25
6,11803,Russia,3,23
7,11803,Russia,4,25
0,11804,Canada,1,25
1,11804,Canada,2,25
2,11804,Canada,3,25
3,11804,Australia,1,17
4,11804,Australia,2,8
5,11804,Australia,3,20
0,11805,Serbia,1,25
1,11805,Serbia,2,21
2,11805,Serbia,3,25
3,11805,Serbia,4,21
4,11805,Serbia,5,17
5,11805,Netherlands,1,21
6,11805,Netherlands,2,25
7,11805,Netherlands,3,18
8,11805,Netherlands,4,25
9,11805,Netherlands,5,15
0,11806,Bulgaria,1,19
1,11806,Bulgaria,2,24
2,11806,Bulgaria,3,9
3,11806,USA,1,25
4,11806,USA,2,26
5,11806,USA,3,25
0,11807,Iran,1,20
1,11807,Iran,2,20
2,11807,Iran,3,16
3,11807,Poland,1,25
4,11807,Poland,2,25
5,11807,Poland,3,25
0,11808,Japan,1,16
1,11808,Japan,2,16
2,11808,Japan,3,26
3,11808,Slovenia,1,25
4,11808,Slovenia,2,25
5,11808,Slovenia,3,28
0,11809,France,1,26
1,11809,France,2,25
2,11809,France,3,25
3,11809,Argentina,1,24
4,11809,Argentina,2,21
5,11809,Argentina,3,22
0,11810,Brazil,1,25
1,11810,Brazil,2,25
2,11810,Brazil,3,25
3,11810,Germany,1,21
4,11810,Germany,2,21
5,11810,Germany,3,23
0,11811,Russia,1,25
1,11811,Russia,2,16
2,11811,Russia,3,25
3,11811,Russia,4,19
4,11811,Russia,5,15
5,11811,Italy,1,21
6,11811,Italy,2,25
7,11811,Italy,3,17
8,11811,Italy,4,25
9,11811,Italy,5,12
0,11812,Australia,1,23
1,11812,Australia,2,19
2,11812,Australia,3,19
3,11812,Netherlands,1,25
4,11812,Netherlands,2,25
5,11812,Netherlands,3,25
0,11813,Canada,1,17
1,11813,Canada,2,21
2,11813,Canada,3,25
3,11813,Canada,4,25
4,11813,Canada,5,17
5,11813,Serbia,1,25
6,11813,Serbia,2,25
7,11813,Serbia,3,17
8,11813,Serbia,4,20
9,11813,Serbia,5,15
0,11814,USA,1,25
1,11814,USA,2,25
2,11814,USA,3,25
3,11814,Japan,1,21
4,11814,Japan,2,23
5,11814,Japan,3,20
0,11815,France,1,25
1,11815,France,2,21
2,11815,France,3,22
3,11815,France,4,25
4,11815,France,5,15
5,11815,Poland,1,22
6,11815,Poland,2,25
7,11815,Poland,3,25
8,11815,Poland,4,20
9,11815,Poland,5,11
0,11816,Iran,1,31
1,11816,Iran,2,23
2,11816,Iran,3,32
3,11816,Iran,4,18
4,11816,Argentina,1,33
5,11816,Argentina,2,25
6,11816,Argentina,3,30
7,11816,Argentina,4,25
0,11817,Slovenia,1,25
1,11817,Slovenia,2,25
2,11817,Slovenia,3,25
3,11817,Bulgaria,1,23
4,11817,Bulgaria,2,16
5,11817,Bulgaria,3,18
0,11818,Italy,1,25
1,11818,Italy,2,24
2,11818,Italy,3,25
3,11818,Italy,4,21
4,11818,Italy,5,15
5,11818,Germany,1,12
6,11818,Germany,2,26
7,11818,Germany,3,22
8,11818,Germany,4,25
9,11818,Germany,5,13
0,11819,Brazil,1,21
1,11819,Brazil,2,26
2,11819,Brazil,3,20
3,11819,Russia,1,25
4,11819,Russia,2,28
5,11819,Russia,3,25
0,11820,Brazil,1,25
1,11820,Brazil,2,25
2,11820,Brazil,3,25
3,11820,France,1,20
4,11820,France,2,18
5,11820,France,3,19
0,11821,Poland,1,25
1,11821,Poland,2,25
2,11821,Poland,3,25
3,11821,Slovenia,1,22
4,11821,Slovenia,2,21
5,11821,Slovenia,3,23
0,11822,France,1,25
1,11822,France,2,25
2,11822,France,3,25
3,11822,Slovenia,1,20
4,11822,Slovenia,2,18
5,11822,Slovenia,3,19
0,11823,Brazil,1,22
1,11823,Brazil,2,25
2,11823,Brazil,3,25
3,11823,Brazil,4,25
4,11823,Poland,1,25
5,11823,Poland,2,23
6,11823,Poland,3,16
7,11823,Poland,4,14
0,13650,China,1,15
1,13650,China,2,25
2,13650,China,3,22
3,13650,China,4,15
4,13650,Iran,1,25
5,13650,Iran,2,19
6,13650,Iran,3,25
7,13650,Iran,4,25
0,13651,Slovenia,1,19
1,13651,Slovenia,2,19
2,13651,Slovenia,3,14
3,13651,USA,1,25
4,13651,USA,2,25
5,13651,USA,3,25
0,13652,Bulgaria,1,25
1,13652,Bulgaria,2,19
2,13652,Bulgaria,3,22
3,13652,Bulgaria,4,20
4,13652,Serbia,1,19
5,13652,Serbia,2,25
6,13652,Serbia,3,25
7,13652,Serbia,4,25
0,13653,Canada,1,19
1,13653,Canada,2,20
2,13653,Canada,3,28
3,13653,Germany,1,25
4,13653,Germany,2,25
5,13653,Germany,3,30
0,13654,Japan,1,22
1,13654,Japan,2,26
2,13654,Japan,3,25
3,13654,Japan,4,25
4,13654,Netherlands,1,25
5,13654,Netherlands,2,24
6,13654,Netherlands,3,22
7,13654,Netherlands,4,17
0,13655,Brazil,1,25
1,13655,Brazil,2,25
2,13655,Brazil,3,25
3,13655,Australia,1,14
4,13655,Australia,2,18
5,13655,Australia,3,21
0,13656,Poland,1,25
1,13656,Poland,2,25
2,13656,Poland,3,25
3,13656,Argentina,1,21
4,13656,Argentina,2,22
5,13656,Argentina,3,23
0,13657,France,1,25
1,13657,France,2,26
2,13657,France,3,25
3,13657,Italy,1,22
4,13657,Italy,2,24
5,13657,Italy,3,19
0,13658,Japan,1,21
1,13658,Japan,2,25
2,13658,Japan,3,25
3,13658,Japan,4,25
4,13658,China,1,25
5,13658,China,2,19
6,13658,China,3,19
7,13658,China,4,18
0,13659,Netherlands,1,12
1,13659,Netherlands,2,18
2,13659,Netherlands,3,16
3,13659,USA,1,25
4,13659,USA,2,25
5,13659,USA,3,25
0,13660,Brazil,1,25
1,13660,Brazil,2,21
2,13660,Brazil,3,25
3,13660,Brazil,4,25
4,13660,Slovenia,1,21
5,13660,Slovenia,2,25
6,13660,Slovenia,3,20
7,13660,Slovenia,4,16
0,13661,Germany,1,25
1,13661,Germany,2,22
2,13661,Germany,3,17
3,13661,Germany,4,20
4,13661,Argentina,1,18
5,13661,Argentina,2,25
6,13661,Argentina,3,25
7,13661,Argentina,4,25
0,13662,Serbia,1,25
1,13662,Serbia,2,22
2,13662,Serbia,3,23
3,13662,Serbia,4,23
4,13662,France,1,21
5,13662,France,2,25
6,13662,France,3,25
7,13662,France,4,25
0,13663,Poland,1,25
1,13663,Poland,2,23
2,13663,Poland,3,20
3,13663,Poland,4,20
4,13663,Italy,1,21
5,13663,Italy,2,25
6,13663,Italy,3,25
7,13663,Italy,4,25
0,13664,Netherlands,1,26
1,13664,Netherlands,2,25
2,13664,Netherlands,3,25
3,13664,Iran,1,24
4,13664,Iran,2,21
5,13664,Iran,3,21
0,13665,Japan,1,25
1,13665,Japan,2,15
2,13665,Japan,3,21
3,13665,Japan,4,28
4,13665,Japan,5,9
5,13665,USA,1,17
6,13665,USA,2,25
7,13665,USA,3,25
8,13665,USA,4,26
9,13665,USA,5,15
0,13666,Australia,1,22
1,13666,Australia,2,20
2,13666,Australia,3,21
3,13666,Slovenia,1,25
4,13666,Slovenia,2,25
5,13666,Slovenia,3,25
0,13667,Serbia,1,25
1,13667,Serbia,2,25
2,13667,Serbia,3,17
3,13667,Serbia,4,12
4,13667,Serbia,5,15
5,13667,Argentina,1,16
6,13667,Argentina,2,18
7,13667,Argentina,3,25
8,13667,Argentina,4,25
9,13667,Argentina,5,6
0,13668,Bulgaria,1,20
1,13668,Bulgaria,2,25
2,13668,Bulgaria,3,16
3,13668,Bulgaria,4,25
4,13668,Bulgaria,5,10
5,13668,Germany,1,25
6,13668,Germany,2,22
7,13668,Germany,3,25
8,13668,Germany,4,20
9,13668,Germany,5,15
0,13669,France,1,25
1,13669,France,2,25
2,13669,France,3,25
3,13669,Canada,1,16
4,13669,Canada,2,23
5,13669,Canada,3,21
0,13670,USA,1,21
1,13670,USA,2,27
2,13670,USA,3,25
3,13670,USA,4,25
4,13670,Brazil,1,25
5,13670,Brazil,2,25
6,13670,Brazil,3,20
7,13670,Brazil,4,20
0,13671,Slovenia,1,25
1,13671,Slovenia,2,25
2,13671,Slovenia,3,18
3,13671,Slovenia,4,27
4,13671,China,1,15
5,13671,China,2,20
6,13671,China,3,25
7,13671,China,4,25
0,13672,Iran,1,25
1,13672,Iran,2,25
2,13672,Iran,3,18
3,13672,Iran,4,25
4,13672,Australia,1,14
5,13672,Australia,2,22
6,13672,Australia,3,25
7,13672,Australia,4,15
0,13673,Germany,1,27
1,13673,Germany,2,25
2,13673,Germany,3,18
3,13673,Germany,4,28
4,13673,Germany,5,18
5,13673,Serbia,1,25
6,13673,Serbia,2,27
7,13673,Serbia,3,25
8,13673,Serbia,4,26
9,13673,Serbia,5,16
0,13674,Bulgaria,1,19
1,13674,Bulgaria,2,19
2,13674,Bulgaria,3,23
3,13674,Poland,1,25
4,13674,Poland,2,25
5,13674,Poland,3,25
0,13675,Canada,1,21
1,13675,Canada,2,18
2,13675,Canada,3,19
3,13675,Italy,1,25
4,13675,Italy,2,25
5,13675,Italy,3,25
0,13676,Brazil,1,23
1,13676,Brazil,2,29
2,13676,Brazil,3,23
3,13676,China,1,25
4,13676,China,2,31
5,13676,China,3,25
0,13677,Iran,1,20
1,13677,Iran,2,14
2,13677,Iran,3,19
3,13677,Japan,1,25
4,13677,Japan,2,25
5,13677,Japan,3,25
0,13678,Netherlands,1,25
1,13678,Netherlands,2,25
2,13678,Netherlands,3,25
3,13678,Australia,1,20
4,13678,Australia,2,15
5,13678,Australia,3,23
0,13679,France,1,25
1,13679,France,2,22
2,13679,France,3,21
3,13679,France,4,22
4,13679,Poland,1,21
5,13679,Poland,2,25
6,13679,Poland,3,25
7,13679,Poland,4,25
0,13680,Argentina,1,20
1,13680,Argentina,2,21
2,13680,Argentina,3,25
3,13680,Argentina,4,28
4,13680,Italy,1,25
5,13680,Italy,2,25
6,13680,Italy,3,16
7,13680,Italy,4,30
0,13681,Bulgaria,1,18
1,13681,Bulgaria,2,18
2,13681,Bulgaria,3,26
3,13681,Bulgaria,4,25
4,13681,Bulgaria,5,11
5,13681,Canada,1,25
6,13681,Canada,2,25
7,13681,Canada,3,24
8,13681,Canada,4,21
9,13681,Canada,5,15
0,13682,Slovenia,1,17
1,13682,Slovenia,2,21
2,13682,Slovenia,3,24
3,13682,Netherlands,1,25
4,13682,Netherlands,2,25
5,13682,Netherlands,3,26
0,13683,Argentina,1,25
1,13683,Argentina,2,18
2,13683,Argentina,3,25
3,13683,Argentina,4,16
4,13683,Japan,1,27
5,13683,Japan,2,25
6,13683,Japan,3,17
7,13683,Japan,4,25
0,13684,Australia,1,25
1,13684,Australia,2,26
2,13684,Australia,3,19
3,13684,Australia,4,22
4,13684,Canada,1,18
5,13684,Canada,2,28
6,13684,Canada,3,25
7,13684,Canada,4,25
0,13685,Iran,1,19
1,13685,Iran,2,23
2,13685,Iran,3,24
3,13685,Bulgaria,1,25
4,13685,Bulgaria,2,25
5,13685,Bulgaria,3,26
0,13686,China,1,0
1,13686,China,2,0
2,13686,China,3,0
3,13686,France,1,25
4,13686,France,2,25
5,13686,France,3,25
0,13687,Germany,1,16
1,13687,Germany,2,21
2,13687,Germany,3,22
3,13687,Italy,1,25
4,13687,Italy,2,25
5,13687,Italy,3,25
0,13688,Brazil,1,16
1,13688,Brazil,2,25
2,13688,Brazil,3,16
3,13688,Brazil,4,22
4,13688,Poland,1,25
5,13688,Poland,2,22
6,13688,Poland,3,25
7,13688,Poland,4,25
0,13689,Serbia,1,24
1,13689,Serbia,2,25
2,13689,Serbia,3,23
3,13689,Serbia,4,20
4,13689,USA,1,26
5,13689,USA,2,23
6,13689,USA,3,25
7,13689,USA,4,25
0,13690,France,1,25
1,13690,France,2,25
2,13690,France,3,25
3,13690,Netherlands,1,14
4,13690,Netherlands,2,23
5,13690,Netherlands,3,13
0,13691,China,1,25
1,13691,China,2,25
2,13691,China,3,25
3,13691,Germany,1,0
4,13691,Germany,2,0
5,13691,Germany,3,0
0,13692,Argentina,1,20
1,13692,Argentina,2,29
2,13692,Argentina,3,18
3,13692,Argentina,4,17
4,13692,Slovenia,1,25
5,13692,Slovenia,2,27
6,13692,Slovenia,3,25
7,13692,Slovenia,4,25
0,13693,Poland,1,25
1,13693,Poland,2,25
2,13693,Poland,3,25
3,13693,Canada,1,16
4,13693,Canada,2,18
5,13693,Canada,3,16
0,13694,Serbia,1,18
1,13694,Serbia,2,24
2,13694,Serbia,3,17
3,13694,Brazil,1,25
4,13694,Brazil,2,26
5,13694,Brazil,3,25
0,13695,USA,1,18
1,13695,USA,2,27
2,13695,USA,3,25
3,13695,Iran,1,25
4,13695,Iran,2,29
5,13695,Iran,3,27
0,13696,Germany,1,25
1,13696,Germany,2,29
2,13696,Germany,3,23
3,13696,Germany,4,16
4,13696,Netherlands,1,22
5,13696,Netherlands,2,31
6,13696,Netherlands,3,25
7,13696,Netherlands,4,25
0,13697,Argentina,1,25
1,13697,Argentina,2,22
2,13697,Argentina,3,25
3,13697,Argentina,4,25
4,13697,China,1,22
5,13697,China,2,25
6,13697,China,3,22
7,13697,China,4,22
0,13698,Japan,1,25
1,13698,Japan,2,21
2,13698,Japan,3,24
3,13698,Japan,4,25
4,13698,Japan,5,15
5,13698,Italy,1,20
6,13698,Italy,2,25
7,13698,Italy,3,26
8,13698,Italy,4,19
9,13698,Italy,5,13
0,13699,Serbia,1,20
1,13699,Serbia,2,19
2,13699,Serbia,3,25
3,13699,Serbia,4,26
4,13699,Serbia,5,15
5,13699,Canada,1,25
6,13699,Canada,2,25
7,13699,Canada,3,20
8,13699,Canada,4,24
9,13699,Canada,5,11
0,13700,Iran,1,28
1,13700,Iran,2,23
2,13700,Iran,3,19
3,13700,Brazil,1,30
4,13700,Brazil,2,25
5,13700,Brazil,3,25
0,13701,Australia,1,21
1,13701,Australia,2,25
2,13701,Australia,3,25
3,13701,Australia,4,20
4,13701,Australia,5,17
5,13701,Bulgaria,1,25
6,13701,Bulgaria,2,13
7,13701,Bulgaria,3,22
8,13701,Bulgaria,4,25
9,13701,Bulgaria,5,15
0,13702,Argentina,1,25
1,13702,Argentina,2,23
2,13702,Argentina,3,25
3,13702,Argentina,4,19
4,13702,Argentina,5,13
5,13702,Netherlands,1,22
6,13702,Netherlands,2,25
7,13702,Netherlands,3,20
8,13702,Netherlands,4,25
9,13702,Netherlands,5,15
0,13703,Japan,1,22
1,13703,Japan,2,25
2,13703,Japan,3,16
3,13703,France,1,25
4,13703,France,2,27
5,13703,France,3,25
0,13704,Italy,1,25
1,13704,Italy,2,25
2,13704,Italy,3,25
3,13704,Slovenia,1,19
4,13704,Slovenia,2,16
5,13704,Slovenia,3,21
0,13705,Canada,1,21
1,13705,Canada,2,25
2,13705,Canada,3,18
3,13705,Iran,1,25
4,13705,Iran,2,27
5,13705,Iran,3,25
0,13706,Poland,1,25
1,13706,Poland,2,25
2,13706,Poland,3,25
3,13706,Australia,1,17
4,13706,Australia,2,19
5,13706,Australia,3,14
0,13707,USA,1,25
1,13707,USA,2,20
2,13707,USA,3,26
3,13707,USA,4,25
4,13707,Bulgaria,1,12
5,13707,Bulgaria,2,25
6,13707,Bulgaria,3,24
7,13707,Bulgaria,4,23
0,13708,Germany,1,16
1,13708,Germany,2,19
2,13708,Germany,3,25
3,13708,Germany,4,21
4,13708,France,1,25
5,13708,France,2,25
6,13708,France,3,19
7,13708,France,4,25
0,13709,Japan,1,25
1,13709,Japan,2,22
2,13709,Japan,3,25
3,13709,Japan,4,25
4,13709,Slovenia,1,21
5,13709,Slovenia,2,25
6,13709,Slovenia,3,18
7,13709,Slovenia,4,19
0,13710,Italy,1,25
1,13710,Italy,2,25
2,13710,Italy,3,25
3,13710,China,1,21
4,13710,China,2,18
5,13710,China,3,19
0,13711,Serbia,1,25
1,13711,Serbia,2,25
2,13711,Serbia,3,25
3,13711,Australia,1,17
4,13711,Australia,2,20
5,13711,Australia,3,22
0,13712,USA,1,25
1,13712,USA,2,23
2,13712,USA,3,24
3,13712,USA,4,22
4,13712,Poland,1,21
5,13712,Poland,2,25
6,13712,Poland,3,26
7,13712,Poland,4,25
0,13713,Bulgaria,1,21
1,13713,Bulgaria,2,19
2,13713,Bulgaria,3,22
3,13713,Brazil,1,25
4,13713,Brazil,2,25
5,13713,Brazil,3,25
0,13714,USA,1,25
1,13714,USA,2,25
2,13714,USA,3,22
3,13714,USA,4,25
4,13714,Germany,1,21
5,13714,Germany,2,19
6,13714,Germany,3,25
7,13714,Germany,4,18
0,13715,Canada,1,21
1,13715,Canada,2,25
2,13715,Canada,3,21
3,13715,Canada,4,23
4,13715,Argentina,1,25
5,13715,Argentina,2,23
6,13715,Argentina,3,25
7,13715,Argentina,4,25
0,13716,Bulgaria,1,15
1,13716,Bulgaria,2,20
2,13716,Bulgaria,3,23
3,13716,Italy,1,25
4,13716,Italy,2,25
5,13716,Italy,3,25
0,13717,Iran,1,21
1,13717,Iran,2,25
2,13717,Iran,3,25
3,13717,Iran,4,25
4,13717,Iran,5,15
5,13717,Poland,1,25
6,13717,Poland,2,23
7,13717,Poland,3,22
8,13717,Poland,4,27
9,13717,Poland,5,7
0,13718,Brazil,1,25
1,13718,Brazil,2,25
2,13718,Brazil,3,25
3,13718,Brazil,4,25
4,13718,Germany,1,27
5,13718,Germany,2,17
6,13718,Germany,3,20
7,13718,Germany,4,19
0,13719,Japan,1,25
1,13719,Japan,2,25
2,13719,Japan,3,23
3,13719,Japan,4,25
4,13719,Australia,1,18
5,13719,Australia,2,15
6,13719,Australia,3,25
7,13719,Australia,4,19
0,13720,Netherlands,1,29
1,13720,Netherlands,2,25
2,13720,Netherlands,3,25
3,13720,China,1,27
4,13720,China,2,12
5,13720,China,3,13
0,13721,Slovenia,1,25
1,13721,Slovenia,2,25
2,13721,Slovenia,3,25
3,13721,Serbia,1,15
4,13721,Serbia,2,19
5,13721,Serbia,3,23
0,13722,France,1,25
1,13722,France,2,22
2,13722,France,3,25
3,13722,France,4,14
4,13722,France,5,8
5,13722,USA,1,15
6,13722,USA,2,25
7,13722,USA,3,22
8,13722,USA,4,25
9,13722,USA,5,15
0,13723,Germany,1,20
1,13723,Germany,2,25
2,13723,Germany,3,25
3,13723,Germany,4,26
4,13723,Australia,1,25
5,13723,Australia,2,16
6,13723,Australia,3,21
7,13723,Australia,4,24
0,13724,Canada,1,18
1,13724,Canada,2,19
2,13724,Canada,3,16
3,13724,Brazil,1,25
4,13724,Brazil,2,25
5,13724,Brazil,3,25
0,13725,Italy,1,25
1,13725,Italy,2,25
2,13725,Italy,3,25
3,13725,Italy,4,25
4,13725,Iran,1,16
5,13725,Iran,2,27
6,13725,Iran,3,23
7,13725,Iran,4,23
0,13726,Bulgaria,1,22
1,13726,Bulgaria,2,25
2,13726,Bulgaria,3,18
3,13726,Bulgaria,4,16
4,13726,Slovenia,1,25
5,13726,Slovenia,2,22
6,13726,Slovenia,3,25
7,13726,Slovenia,4,25
0,13727,Poland,1,26
1,13727,Poland,2,25
2,13727,Poland,3,25
3,13727,China,1,24
4,13727,China,2,16
5,13727,China,3,18
0,13728,Argentina,1,21
1,13728,Argentina,2,25
2,13728,Argentina,3,25
3,13728,Argentina,4,25
4,13728,Australia,1,25
5,13728,Australia,2,23
6,13728,Australia,3,19
7,13728,Australia,4,15
0,13729,France,1,25
1,13729,France,2,25
2,13729,France,3,25
3,13729,Brazil,1,21
4,13729,Brazil,2,22
5,13729,Brazil,3,21
0,13730,Japan,1,25
1,13730,Japan,2,25
2,13730,Japan,3,22
3,13730,Japan,4,25
4,13730,Canada,1,20
5,13730,Canada,2,16
6,13730,Canada,3,25
7,13730,Canada,4,20
0,13731,Bulgaria,1,22
1,13731,Bulgaria,2,25
2,13731,Bulgaria,3,25
3,13731,Bulgaria,4,25
4,13731,Netherlands,1,25
5,13731,Netherlands,2,16
6,13731,Netherlands,3,21
7,13731,Netherlands,4,21
0,13732,Slovenia,1,24
1,13732,Slovenia,2,14
2,13732,Slovenia,3,21
3,13732,Iran,1,26
4,13732,Iran,2,25
5,13732,Iran,3,25
0,13733,Italy,1,25
1,13733,Italy,2,25
2,13733,Italy,3,25
3,13733,Serbia,1,21
4,13733,Serbia,2,14
5,13733,Serbia,3,23
0,13734,France,1,22
1,13734,France,2,25
2,13734,France,3,23
3,13734,France,4,19
4,13734,Argentina,1,25
5,13734,Argentina,2,23
6,13734,Argentina,3,25
7,13734,Argentina,4,25
0,13735,Canada,1,19
1,13735,Canada,2,15
2,13735,Canada,3,19
3,13735,USA,1,25
4,13735,USA,2,25
5,13735,USA,3,25
0,13736,Germany,1,25
1,13736,Germany,2,22
2,13736,Germany,3,20
3,13736,Germany,4,20
4,13736,Japan,1,23
5,13736,Japan,2,25
6,13736,Japan,3,25
7,13736,Japan,4,25
0,13737,China,1,26
1,13737,China,2,25
2,13737,China,3,25
3,13737,China,4,25
4,13737,Bulgaria,1,28
5,13737,Bulgaria,2,23
6,13737,Bulgaria,3,23
7,13737,Bulgaria,4,17
0,13738,Iran,1,35
1,13738,Iran,2,25
2,13738,Iran,3,25
3,13738,Serbia,1,33
4,13738,Serbia,2,21
5,13738,Serbia,3,12
0,13739,Poland,1,25
1,13739,Poland,2,25
2,13739,Poland,3,25
3,13739,Netherlands,1,19
4,13739,Netherlands,2,23
5,13739,Netherlands,3,22
0,13740,USA,1,29
1,13740,USA,2,22
2,13740,USA,3,20
3,13740,USA,4,25
4,13740,USA,5,17
5,13740,Argentina,1,27
6,13740,Argentina,2,25
7,13740,Argentina,3,25
8,13740,Argentina,4,13
9,13740,Argentina,5,15
0,13741,Australia,1,16
1,13741,Australia,2,12
2,13741,Australia,3,26
3,13741,France,1,25
4,13741,France,2,25
5,13741,France,3,28
0,13742,Brazil,1,25
1,13742,Brazil,2,25
2,13742,Brazil,3,25
3,13742,Japan,1,23
4,13742,Japan,2,23
5,13742,Japan,3,22
0,13743,China,1,17
1,13743,China,2,17
2,13743,China,3,25
3,13743,China,4,22
4,13743,Serbia,1,25
5,13743,Serbia,2,25
6,13743,Serbia,3,23
7,13743,Serbia,4,25
0,13744,Italy,1,25
1,13744,Italy,2,26
2,13744,Italy,3,25
3,13744,Netherlands,1,23
4,13744,Netherlands,2,24
5,13744,Netherlands,3,21
0,13745,Poland,1,25
1,13745,Poland,2,25
2,13745,Poland,3,23
3,13745,Poland,4,25
4,13745,Slovenia,1,14
5,13745,Slovenia,2,23
6,13745,Slovenia,3,25
7,13745,Slovenia,4,17
0,13746,USA,1,20
1,13746,USA,2,25
2,13746,USA,3,25
3,13746,USA,4,25
4,13746,Brazil,1,25
5,13746,Brazil,2,22
6,13746,Brazil,3,23
7,13746,Brazil,4,17
0,13747,Italy,1,21
1,13747,Italy,2,25
2,13747,Italy,3,25
3,13747,Italy,4,25
4,13747,Netherlands,1,25
5,13747,Netherlands,2,22
6,13747,Netherlands,3,13
7,13747,Netherlands,4,22
0,13748,France,1,26
1,13748,France,2,25
2,13748,France,3,25
3,13748,Japan,1,24
4,13748,Japan,2,16
5,13748,Japan,3,20
0,13749,Poland,1,25
1,13749,Poland,2,24
2,13749,Poland,3,25
3,13749,Poland,4,16
4,13749,Poland,5,15
5,13749,Iran,1,21
6,13749,Iran,2,26
7,13749,Iran,3,18
8,13749,Iran,4,25
9,13749,Iran,5,7
0,13750,Poland,1,22
1,13750,Poland,2,23
2,13750,Poland,3,13
3,13750,USA,1,25
4,13750,USA,2,25
5,13750,USA,3,25
0,13751,Italy,1,22
1,13751,Italy,2,20
2,13751,Italy,3,15
3,13751,France,1,25
4,13751,France,2,25
5,13751,France,3,25
0,13752,Italy,1,16
1,13752,Italy,2,23
2,13752,Italy,3,20
3,13752,Poland,1,25
4,13752,Poland,2,25
5,13752,Poland,3,25
0,13753,France,1,25
1,13753,France,2,25
2,13753,France,3,15
3,13753,France,4,21
4,13753,France,5,15
5,13753,USA,1,16
6,13753,USA,2,19
7,13753,USA,3,25
8,13753,USA,4,25
9,13753,USA,5,10
0,16128,Bulgaria,1,20
1,16128,Bulgaria,2,25
2,16128,Bulgaria,3,21
3,16128,Bulgaria,4,25
4,16128,Bulgaria,5,9
5,16128,China,1,25
6,16128,China,2,21
7,16128,China,3,25
8,16128,China,4,20
9,16128,China,5,15
0,16129,Japan,1,25
1,16129,Japan,2,25
2,16129,Japan,3,25
3,16129,Iran,1,16
4,16129,Iran,2,22
5,16129,Iran,3,19
0,16130,Italy,1,22
1,16130,Italy,2,23
2,16130,Italy,3,18
3,16130,Argentina,1,25
4,16130,Argentina,2,25
5,16130,Argentina,3,25
0,16131,Canada,1,25
1,16131,Canada,2,26
2,16131,Canada,3,25
3,16131,Canada,4,22
4,16131,Canada,5,15
5,16131,Cuba,1,21
6,16131,Cuba,2,28
7,16131,Cuba,3,21
8,16131,Cuba,4,25
9,16131,Cuba,5,13
0,16132,Slovenia,1,31
1,16132,Slovenia,2,19
2,16132,Slovenia,3,25
3,16132,Slovenia,4,25
4,16132,Serbia,1,29
5,16132,Serbia,2,25
6,16132,Serbia,3,20
7,16132,Serbia,4,21
0,16133,Poland,1,25
1,16133,Poland,2,18
2,16133,Poland,3,35
3,16133,Poland,4,25
4,16133,France,1,23
5,16133,France,2,25
6,16133,France,3,33
7,16133,France,4,15
0,16134,USA,1,25
1,16134,USA,2,25
2,16134,USA,3,25
3,16134,Netherlands,1,19
4,16134,Netherlands,2,23
5,16134,Netherlands,3,21
0,16135,Brazil,1,26
1,16135,Brazil,2,25
2,16135,Brazil,3,19
3,16135,Brazil,4,25
4,16135,Germany,1,24
5,16135,Germany,2,16
6,16135,Germany,3,25
7,16135,Germany,4,15
0,16136,Slovenia,1,24
1,16136,Slovenia,2,23
2,16136,Slovenia,3,17
3,16136,Bulgaria,1,26
4,16136,Bulgaria,2,25
5,16136,Bulgaria,3,25
0,16137,Serbia,1,34
1,16137,Serbia,2,25
2,16137,Serbia,3,25
3,16137,China,1,32
4,16137,China,2,16
5,16137,China,3,20
0,16138,Poland,1,23
1,16138,Poland,2,23
2,16138,Poland,3,25
3,16138,Poland,4,25
4,16138,Poland,5,15
5,16138,Iran,1,25
6,16138,Iran,2,25
7,16138,Iran,3,21
8,16138,Iran,4,15
9,16138,Iran,5,13
0,16139,Netherlands,1,28
1,16139,Netherlands,2,25
2,16139,Netherlands,3,25
3,16139,Cuba,1,26
4,16139,Cuba,2,23
5,16139,Cuba,3,18
0,16140,Italy,1,15
1,16140,Italy,2,18
2,16140,Italy,3,19
3,16140,USA,1,25
4,16140,USA,2,25
5,16140,USA,3,25
0,16141,Argentina,1,25
1,16141,Argentina,2,19
2,16141,Argentina,3,25
3,16141,Argentina,4,23
4,16141,Argentina,5,13
5,16141,Brazil,1,19
6,16141,Brazil,2,25
7,16141,Brazil,3,23
8,16141,Brazil,4,25
9,16141,Brazil,5,15
0,16142,China,1,20
1,16142,China,2,25
2,16142,China,3,16
3,16142,China,4,17
4,16142,France,1,25
5,16142,France,2,23
6,16142,France,3,25
7,16142,France,4,25
0,16143,Poland,1,25
1,16143,Poland,2,25
2,16143,Poland,3,22
3,16143,Poland,4,25
4,16143,Poland,5,15
5,16143,Bulgaria,1,27
6,16143,Bulgaria,2,19
7,16143,Bulgaria,3,25
8,16143,Bulgaria,4,22
9,16143,Bulgaria,5,11
0,16144,Japan,1,22
1,16144,Japan,2,25
2,16144,Japan,3,25
3,16144,Japan,4,25
4,16144,Serbia,1,25
5,16144,Serbia,2,21
6,16144,Serbia,3,23
7,16144,Serbia,4,20
0,16145,Netherlands,1,25
1,16145,Netherlands,2,33
2,16145,Netherlands,3,25
3,16145,Germany,1,20
4,16145,Germany,2,31
5,16145,Germany,3,21
0,16146,Italy,1,25
1,16146,Italy,2,25
2,16146,Italy,3,20
3,16146,Italy,4,25
4,16146,Cuba,1,20
5,16146,Cuba,2,19
6,16146,Cuba,3,25
7,16146,Cuba,4,18
0,16147,Canada,1,21
1,16147,Canada,2,25
2,16147,Canada,3,21
3,16147,Canada,4,16
4,16147,Argentina,1,25
5,16147,Argentina,2,21
6,16147,Argentina,3,25
7,16147,Argentina,4,25
0,16148,France,1,23
1,16148,France,2,18
2,16148,France,3,25
3,16148,France,4,22
4,16148,Slovenia,1,25
5,16148,Slovenia,2,25
6,16148,Slovenia,3,21
7,16148,Slovenia,4,25
0,16149,Iran,1,23
1,16149,Iran,2,25
2,16149,Iran,3,25
3,16149,Iran,4,25
4,16149,China,1,25
5,16149,China,2,15
6,16149,China,3,20
7,16149,China,4,14
0,16150,Japan,1,25
1,16150,Japan,2,25
2,16150,Japan,3,26
3,16150,Bulgaria,1,22
4,16150,Bulgaria,2,21
5,16150,Bulgaria,3,24
0,16151,Germany,1,23
1,16151,Germany,2,18
2,16151,Germany,3,27
3,16151,Germany,4,19
4,16151,Italy,1,25
5,16151,Italy,2,25
6,16151,Italy,3,25
7,16151,Italy,4,25
0,16152,Brazil,1,16
1,16152,Brazil,2,25
2,16152,Brazil,3,29
3,16152,Brazil,4,22
4,16152,Brazil,5,18
5,16152,Cuba,1,25
6,16152,Cuba,2,22
7,16152,Cuba,3,27
8,16152,Cuba,4,25
9,16152,Cuba,5,20
0,16153,Canada,1,22
1,16153,Canada,2,20
2,16153,Canada,3,20
3,16153,USA,1,25
4,16153,USA,2,25
5,16153,USA,3,25
0,16154,Slovenia,1,25
1,16154,Slovenia,2,25
2,16154,Slovenia,3,25
3,16154,Iran,1,19
4,16154,Iran,2,23
5,16154,Iran,3,23
0,16155,Serbia,1,25
1,16155,Serbia,2,25
2,16155,Serbia,3,25
3,16155,Poland,1,21
4,16155,Poland,2,19
5,16155,Poland,3,14
0,16156,Japan,1,25
1,16156,Japan,2,25
2,16156,Japan,3,25
3,16156,Japan,4,25
4,16156,France,1,27
5,16156,France,2,22
6,16156,France,3,21
7,16156,France,4,20
0,16157,Argentina,1,34
1,16157,Argentina,2,25
2,16157,Argentina,3,25
3,16157,Argentina,4,20
4,16157,Argentina,5,15
5,16157,Netherlands,1,36
6,16157,Netherlands,2,20
7,16157,Netherlands,3,17
8,16157,Netherlands,4,25
9,16157,Netherlands,5,10
0,16158,USA,1,19
1,16158,USA,2,25
2,16158,USA,3,15
3,16158,USA,4,21
4,16158,Brazil,1,25
5,16158,Brazil,2,21
6,16158,Brazil,3,25
7,16158,Brazil,4,25
0,16159,Canada,1,25
1,16159,Canada,2,17
2,16159,Canada,3,21
3,16159,Canada,4,21
4,16159,Germany,1,20
5,16159,Germany,2,25
6,16159,Germany,3,25
7,16159,Germany,4,25
0,16160,Japan,1,25
1,16160,Japan,2,25
2,16160,Japan,3,24
3,16160,Japan,4,25
4,16160,Canada,1,22
5,16160,Canada,2,17
6,16160,Canada,3,26
7,16160,Canada,4,14
0,16161,Iran,1,25
1,16161,Iran,2,26
2,16161,Iran,3,25
3,16161,Germany,1,23
4,16161,Germany,2,24
5,16161,Germany,3,16
0,16162,USA,1,22
1,16162,USA,2,25
2,16162,USA,3,25
3,16162,USA,4,25
4,16162,Serbia,1,25
5,16162,Serbia,2,19
6,16162,Serbia,3,19
7,16162,Serbia,4,21
0,16163,Argentina,1,25
1,16163,Argentina,2,21
2,16163,Argentina,3,21
3,16163,Argentina,4,21
4,16163,Slovenia,1,21
5,16163,Slovenia,2,25
6,16163,Slovenia,3,25
7,16163,Slovenia,4,25
0,16164,Netherlands,1,25
1,16164,Netherlands,2,25
2,16164,Netherlands,3,25
3,16164,China,1,19
4,16164,China,2,22
5,16164,China,3,21
0,16165,Brazil,1,25
1,16165,Brazil,2,25
2,16165,Brazil,3,25
3,16165,Bulgaria,1,22
4,16165,Bulgaria,2,17
5,16165,Bulgaria,3,15
0,16166,Japan,1,25
1,16166,Japan,2,25
2,16166,Japan,3,25
3,16166,Cuba,1,21
4,16166,Cuba,2,16
5,16166,Cuba,3,21
0,16167,Iran,1,19
1,16167,Iran,2,16
2,16167,Iran,3,24
3,16167,Italy,1,25
4,16167,Italy,2,25
5,16167,Italy,3,26
0,16168,USA,1,28
1,16168,USA,2,25
2,16168,USA,3,25
3,16168,China,1,26
4,16168,China,2,22
5,16168,China,3,18
0,16169,Slovenia,1,25
1,16169,Slovenia,2,25
2,16169,Slovenia,3,25
3,16169,Canada,1,23
4,16169,Canada,2,22
5,16169,Canada,3,14
0,16170,Germany,1,21
1,16170,Germany,2,25
2,16170,Germany,3,14
3,16170,Germany,4,25
4,16170,Germany,5,10
5,16170,Poland,1,25
6,16170,Poland,2,22
7,16170,Poland,3,25
8,16170,Poland,4,17
9,16170,Poland,5,15
0,16171,Argentina,1,22
1,16171,Argentina,2,26
2,16171,Argentina,3,25
3,16171,Argentina,4,25
4,16171,France,1,25
5,16171,France,2,24
6,16171,France,3,21
7,16171,France,4,20
0,16172,Japan,1,25
1,16172,Japan,2,25
2,16172,Japan,3,18
3,16172,Japan,4,22
4,16172,Japan,5,18
5,16172,Brazil,1,23
6,16172,Brazil,2,21
7,16172,Brazil,3,25
8,16172,Brazil,4,25
9,16172,Brazil,5,16
0,16173,China,1,13
1,16173,China,2,19
2,16173,China,3,24
3,16173,Italy,1,25
4,16173,Italy,2,25
5,16173,Italy,3,26
0,16174,Serbia,1,25
1,16174,Serbia,2,20
2,16174,Serbia,3,25
3,16174,Serbia,4,25
4,16174,Germany,1,21
5,16174,Germany,2,25
6,16174,Germany,3,23
7,16174,Germany,4,23
0,16175,Canada,1,22
1,16175,Canada,2,25
2,16175,Canada,3,25
3,16175,Canada,4,25
4,16175,Bulgaria,1,25
5,16175,Bulgaria,2,23
6,16175,Bulgaria,3,22
7,16175,Bulgaria,4,20
0,16176,Netherlands,1,25
1,16176,Netherlands,2,18
2,16176,Netherlands,3,25
3,16176,Netherlands,4,22
4,16176,Netherlands,5,11
5,16176,Poland,1,22
6,16176,Poland,2,25
7,16176,Poland,3,18
8,16176,Poland,4,25
9,16176,Poland,5,15
0,16177,Slovenia,1,22
1,16177,Slovenia,2,25
2,16177,Slovenia,3,25
3,16177,Slovenia,4,25
4,16177,Cuba,1,25
5,16177,Cuba,2,15
6,16177,Cuba,3,16
7,16177,Cuba,4,19
0,16178,Argentina,1,25
1,16178,Argentina,2,25
2,16178,Argentina,3,25
3,16178,Bulgaria,1,18
4,16178,Bulgaria,2,21
5,16178,Bulgaria,3,22
0,16179,Iran,1,22
1,16179,Iran,2,18
2,16179,Iran,3,23
3,16179,USA,1,25
4,16179,USA,2,25
5,16179,USA,3,25
0,16180,Serbia,1,11
1,16180,Serbia,2,21
2,16180,Serbia,3,20
3,16180,Italy,1,25
4,16180,Italy,2,25
5,16180,Italy,3,25
0,16181,France,1,25
1,16181,France,2,25
2,16181,France,3,25
3,16181,Cuba,1,18
4,16181,Cuba,2,20
5,16181,Cuba,3,20
0,16182,Japan,1,25
1,16182,Japan,2,25
2,16182,Japan,3,31
3,16182,Japan,4,22
4,16182,Japan,5,15
5,16182,Argentina,1,18
6,16182,Argentina,2,22
7,16182,Argentina,3,33
8,16182,Argentina,4,25
9,16182,Argentina,5,12
0,16183,Poland,1,22
1,16183,Poland,2,18
2,16183,Poland,3,19
3,16183,USA,1,25
4,16183,USA,2,25
5,16183,USA,3,25
0,16184,Brazil,1,23
1,16184,Brazil,2,25
2,16184,Brazil,3,26
3,16184,Brazil,4,25
4,16184,Slovenia,1,25
5,16184,Slovenia,2,21
6,16184,Slovenia,3,24
7,16184,Slovenia,4,21
0,16185,Netherlands,1,16
1,16185,Netherlands,2,25
2,16185,Netherlands,3,21
3,16185,Netherlands,4,25
4,16185,Netherlands,5,15
5,16185,Iran,1,25
6,16185,Iran,2,16
7,16185,Iran,3,25
8,16185,Iran,4,17
9,16185,Iran,5,10
0,16186,Canada,1,17
1,16186,Canada,2,21
2,16186,Canada,3,21
3,16186,France,1,25
4,16186,France,2,25
5,16186,France,3,25
0,16187,China,1,23
1,16187,China,2,25
2,16187,China,3,25
3,16187,China,4,25
4,16187,Germany,1,25
5,16187,Germany,2,18
6,16187,Germany,3,19
7,16187,Germany,4,21
0,16188,Italy,1,19
1,16188,Italy,2,26
2,16188,Italy,3,25
3,16188,Italy,4,20
4,16188,Poland,1,25
5,16188,Poland,2,28
6,16188,Poland,3,18
7,16188,Poland,4,25
0,16189,Bulgaria,1,25
1,16189,Bulgaria,2,19
2,16189,Bulgaria,3,20
3,16189,Bulgaria,4,25
4,16189,Bulgaria,5,16
5,16189,Cuba,1,23
6,16189,Cuba,2,25
7,16189,Cuba,3,25
8,16189,Cuba,4,16
9,16189,Cuba,5,18
0,16190,Netherlands,1,25
1,16190,Netherlands,2,21
2,16190,Netherlands,3,25
3,16190,Netherlands,4,33
4,16190,Netherlands,5,9
5,16190,Serbia,1,22
6,16190,Serbia,2,25
7,16190,Serbia,3,21
8,16190,Serbia,4,35
9,16190,Serbia,5,15
0,16191,Brazil,1,25
1,16191,Brazil,2,26
2,16191,Brazil,3,19
3,16191,Brazil,4,25
4,16191,France,1,20
5,16191,France,2,24
6,16191,France,3,25
7,16191,France,4,23
0,16192,Brazil,1,25
1,16192,Brazil,2,20
2,16192,Brazil,3,15
3,16192,Brazil,4,21
4,16192,Italy,1,23
5,16192,Italy,2,25
6,16192,Italy,3,25
7,16192,Italy,4,25
0,16193,Japan,1,24
1,16193,Japan,2,25
2,16193,Japan,3,21
3,16193,Japan,4,25
4,16193,Japan,5,15
5,16193,China,1,26
6,16193,China,2,23
7,16193,China,3,25
8,16193,China,4,23
9,16193,China,5,12
0,16194,Argentina,1,19
1,16194,Argentina,2,25
2,16194,Argentina,3,25
3,16194,Argentina,4,25
4,16194,Serbia,1,25
5,16194,Serbia,2,16
6,16194,Serbia,3,19
7,16194,Serbia,4,18
0,16195,Iran,1,18
1,16195,Iran,2,22
2,16195,Iran,3,19
3,16195,France,1,25
4,16195,France,2,25
5,16195,France,3,25
0,16196,Canada,1,22
1,16196,Canada,2,22
2,16196,Canada,3,25
3,16196,Canada,4,18
4,16196,Netherlands,1,25
5,16196,Netherlands,2,25
6,16196,Netherlands,3,17
7,16196,Netherlands,4,25
0,16197,Poland,1,29
1,16197,Poland,2,21
2,16197,Poland,3,25
3,16197,Poland,4,25
4,16197,Poland,5,15
5,16197,Slovenia,1,31
6,16197,Slovenia,2,25
7,16197,Slovenia,3,20
8,16197,Slovenia,4,20
9,16197,Slovenia,5,13
0,16198,Germany,1,25
1,16198,Germany,2,25
2,16198,Germany,3,25
3,16198,Bulgaria,1,22
4,16198,Bulgaria,2,18
5,16198,Bulgaria,3,22
0,16199,USA,1,27
1,16199,USA,2,25
2,16199,USA,3,25
3,16199,Cuba,1,25
4,16199,Cuba,2,17
5,16199,Cuba,3,15
0,16200,Brazil,1,25
1,16200,Brazil,2,25
2,16200,Brazil,3,25
3,16200,Netherlands,1,21
4,16200,Netherlands,2,15
5,16200,Netherlands,3,20
0,16201,Canada,1,14
1,16201,Canada,2,25
2,16201,Canada,3,20
3,16201,Canada,4,25
4,16201,Canada,5,9
5,16201,Italy,1,25
6,16201,Italy,2,23
7,16201,Italy,3,25
8,16201,Italy,4,23
9,16201,Italy,5,15
0,16202,China,1,21
1,16202,China,2,20
2,16202,China,3,26
3,16202,China,4,23
4,16202,Slovenia,1,25
5,16202,Slovenia,2,25
6,16202,Slovenia,3,24
7,16202,Slovenia,4,25
0,16203,Argentina,1,25
1,16203,Argentina,2,25
2,16203,Argentina,3,25
3,16203,Germany,1,23
4,16203,Germany,2,18
5,16203,Germany,3,17
0,16204,Serbia,1,19
1,16204,Serbia,2,25
2,16204,Serbia,3,25
3,16204,Serbia,4,22
4,16204,Serbia,5,15
5,16204,Cuba,1,25
6,16204,Cuba,2,23
7,16204,Cuba,3,21
8,16204,Cuba,4,25
9,16204,Cuba,5,11
0,16205,Bulgaria,1,21
1,16205,Bulgaria,2,25
2,16205,Bulgaria,3,22
3,16205,Bulgaria,4,25
4,16205,Bulgaria,5,15
5,16205,Iran,1,25
6,16205,Iran,2,21
7,16205,Iran,3,25
8,16205,Iran,4,22
9,16205,Iran,5,11
0,16206,Poland,1,25
1,16206,Poland,2,22
2,16206,Poland,3,25
3,16206,Poland,4,25
4,16206,Brazil,1,23
5,16206,Brazil,2,25
6,16206,Brazil,3,21
7,16206,Brazil,4,21
0,16207,Slovenia,1,13
1,16207,Slovenia,2,22
2,16207,Slovenia,3,17
3,16207,Italy,1,25
4,16207,Italy,2,25
5,16207,Italy,3,25
0,16208,Japan,1,25
1,16208,Japan,2,26
2,16208,Japan,3,23
3,16208,Japan,4,25
4,16208,Netherlands,1,19
5,16208,Netherlands,2,24
6,16208,Netherlands,3,25
7,16208,Netherlands,4,17
0,16209,Serbia,1,25
1,16209,Serbia,2,23
2,16209,Serbia,3,20
3,16209,Serbia,4,26
4,16209,France,1,20
5,16209,France,2,25
6,16209,France,3,25
7,16209,France,4,28
0,16210,Cuba,1,23
1,16210,Cuba,2,23
2,16210,Cuba,3,22
3,16210,Germany,1,25
4,16210,Germany,2,25
5,16210,Germany,3,25
0,16211,USA,1,18
1,16211,USA,2,25
2,16211,USA,3,25
3,16211,USA,4,41
4,16211,USA,5,12
5,16211,Argentina,1,25
6,16211,Argentina,2,23
7,16211,Argentina,3,23
8,16211,Argentina,4,43
9,16211,Argentina,5,15
0,16212,Brazil,1,25
1,16212,Brazil,2,25
2,16212,Brazil,3,25
3,16212,China,1,19
4,16212,China,2,17
5,16212,China,3,17
0,16213,Poland,1,25
1,16213,Poland,2,25
2,16213,Poland,3,27
3,16213,Canada,1,21
4,16213,Canada,2,23
5,16213,Canada,3,25
0,16214,Japan,1,27
1,16214,Japan,2,26
2,16214,Japan,3,25
3,16214,Japan,4,20
4,16214,Italy,1,29
5,16214,Italy,2,28
6,16214,Italy,3,23
7,16214,Italy,4,25
0,16215,Bulgaria,1,19
1,16215,Bulgaria,2,22
2,16215,Bulgaria,3,22
3,16215,Serbia,1,25
4,16215,Serbia,2,25
5,16215,Serbia,3,25
0,16216,Argentina,1,25
1,16216,Argentina,2,28
2,16216,Argentina,3,27
3,16216,Argentina,4,25
4,16216,Argentina,5,15
5,16216,Iran,1,19
6,16216,Iran,2,30
7,16216,Iran,3,29
8,16216,Iran,4,20
9,16216,Iran,5,11
0,16217,USA,1,25
1,16217,USA,2,27
2,16217,USA,3,27
3,16217,France,1,23
4,16217,France,2,25
5,16217,France,3,25
0,16218,China,1,25
1,16218,China,2,21
2,16218,China,3,17
3,16218,China,4,18
4,16218,Canada,1,23
5,16218,Canada,2,25
6,16218,Canada,3,25
7,16218,Canada,4,25
0,16219,Slovenia,1,25
1,16219,Slovenia,2,32
2,16219,Slovenia,3,25
3,16219,Netherlands,1,20
4,16219,Netherlands,2,30
5,16219,Netherlands,3,22
0,16220,Japan,1,17
1,16220,Japan,2,19
2,16220,Japan,3,18
3,16220,Poland,1,25
4,16220,Poland,2,25
5,16220,Poland,3,25
0,16221,Cuba,1,25
1,16221,Cuba,2,26
2,16221,Cuba,3,25
3,16221,Cuba,4,28
4,16221,Cuba,5,15
5,16221,Iran,1,22
6,16221,Iran,2,28
7,16221,Iran,3,23
8,16221,Iran,4,30
9,16221,Iran,5,10
0,16222,France,1,21
1,16222,France,2,25
2,16222,France,3,25
3,16222,France,4,25
4,16222,Germany,1,25
5,16222,Germany,2,20
6,16222,Germany,3,22
7,16222,Germany,4,21
0,16223,USA,1,29
1,16223,USA,2,25
2,16223,USA,3,25
3,16223,Bulgaria,1,27
4,16223,Bulgaria,2,19
5,16223,Bulgaria,3,21
0,16224,USA,1,25
1,16224,USA,2,25
2,16224,USA,3,17
3,16224,USA,4,24
4,16224,USA,5,15
5,16224,France,1,21
6,16224,France,2,18
7,16224,France,3,25
8,16224,France,4,26
9,16224,France,5,9
0,16225,Italy,1,25
1,16225,Italy,2,25
2,16225,Italy,3,25
3,16225,Argentina,1,17
4,16225,Argentina,2,13
5,16225,Argentina,3,14
0,16226,Japan,1,26
1,16226,Japan,2,25
2,16226,Japan,3,25
3,16226,Slovenia,1,24
4,16226,Slovenia,2,18
5,16226,Slovenia,3,22
0,16227,Poland,1,26
1,16227,Poland,2,25
2,16227,Poland,3,25
3,16227,Brazil,1,24
4,16227,Brazil,2,21
5,16227,Brazil,3,20
0,16228,Japan,1,25
1,16228,Japan,2,26
2,16228,Japan,3,17
3,16228,Japan,4,21
4,16228,Poland,1,19
5,16228,Poland,2,28
6,16228,Poland,3,25
7,16228,Poland,4,25
0,16229,USA,1,25
1,16229,USA,2,25
2,16229,USA,3,25
3,16229,Italy,1,19
4,16229,Italy,2,18
5,16229,Italy,3,19
0,16230,Japan,1,25
1,16230,Japan,2,25
2,16230,Japan,3,17
3,16230,Japan,4,17
4,16230,Japan,5,15
5,16230,Italy,1,18
6,16230,Italy,2,23
7,16230,Italy,3,25
8,16230,Italy,4,25
9,16230,Italy,5,9
0,16231,Poland,1,25
1,16231,Poland,2,24
2,16231,Poland,3,25
3,16231,Poland,4,25
4,16231,USA,1,23
5,16231,USA,2,26
6,16231,USA,3,18
7,16231,USA,4,18
0,18853,Bulgaria,1,21
1,18853,Bulgaria,2,24
2,18853,Bulgaria,3,14
3,18853,France,1,25
4,18853,France,2,26
5,18853,France,3,25
0,18854,Türkiye,1,25
1,18854,Türkiye,2,23
2,18854,Türkiye,3,21
3,18854,Türkiye,4,21
4,18854,Canada,1,17
5,18854,Canada,2,25
6,18854,Canada,3,25
7,18854,Canada,4,25
0,18855,Argentina,1,26
1,18855,Argentina,2,22
2,18855,Argentina,3,23
3,18855,Argentina,4,19
4,18855,Japan,1,24
5,18855,Japan,2,25
6,18855,Japan,3,25
7,18855,Japan,4,25
0,18856,Cuba,1,25
1,18856,Cuba,2,27
2,18856,Cuba,3,25
3,18856,Cuba,4,25
4,18856,Brazil,1,23
5,18856,Brazil,2,29
6,18856,Brazil,3,21
7,18856,Brazil,4,21
0,18857,Netherlands,1,33
1,18857,Netherlands,2,22
2,18857,Netherlands,3,25
3,18857,Netherlands,4,21
4,18857,Netherlands,5,25
5,18857,Slovenia,1,31
6,18857,Slovenia,2,25
7,18857,Slovenia,3,20
8,18857,Slovenia,4,25
9,18857,Slovenia,5,27
0,18858,USA,1,22
1,18858,USA,2,15
2,18858,USA,3,24
3,18858,Poland,1,25
4,18858,Poland,2,25
5,18858,Poland,3,26
0,18859,Germany,1,21
1,18859,Germany,2,18
2,18859,Germany,3,23
3,18859,Italy,1,25
4,18859,Italy,2,25
5,18859,Italy,3,25
0,18860,Iran,1,25
1,18860,Iran,2,25
2,18860,Iran,3,19
3,18860,Iran,4,18
4,18860,Serbia,1,27
5,18860,Serbia,2,17
6,18860,Serbia,3,25
7,18860,Serbia,4,25
0,18861,Slovenia,1,25
1,18861,Slovenia,2,25
2,18861,Slovenia,3,23
3,18861,Slovenia,4,25
4,18861,France,1,18
5,18861,France,2,22
6,18861,France,3,25
7,18861,France,4,21
0,18862,Canada,1,25
1,18862,Canada,2,20
2,18862,Canada,3,23
3,18862,Canada,4,21
4,18862,Poland,1,18
5,18862,Poland,2,25
6,18862,Poland,3,25
7,18862,Poland,4,25
0,18863,Türkiye,1,25
1,18863,Türkiye,2,25
2,18863,Türkiye,3,18
3,18863,Türkiye,4,21
4,18863,Türkiye,5,9
5,18863,Netherlands,1,19
6,18863,Netherlands,2,20
7,18863,Netherlands,3,25
8,18863,Netherlands,4,25
9,18863,Netherlands,5,15
0,18864,Cuba,1,26
1,18864,Cuba,2,25
2,18864,Cuba,3,18
3,18864,Cuba,4,25
4,18864,Germany,1,24
5,18864,Germany,2,20
6,18864,Germany,3,25
7,18864,Germany,4,23
0,18865,Japan,1,25
1,18865,Japan,2,25
2,18865,Japan,3,25
3,18865,Serbia,1,20
4,18865,Serbia,2,16
5,18865,Serbia,3,22
0,18866,Argentina,1,13
1,18866,Argentina,2,25
2,18866,Argentina,3,25
3,18866,Argentina,4,23
4,18866,Argentina,5,11
5,18866,Brazil,1,25
6,18866,Brazil,2,20
7,18866,Brazil,3,19
8,18866,Brazil,4,25
9,18866,Brazil,5,15
0,18867,Bulgaria,1,22
1,18867,Bulgaria,2,28
2,18867,Bulgaria,3,24
3,18867,Canada,1,25
4,18867,Canada,2,30
5,18867,Canada,3,26
0,18868,France,1,25
1,18868,France,2,25
2,18868,France,3,25
3,18868,USA,1,22
4,18868,USA,2,21
5,18868,USA,3,21
0,18869,Netherlands,1,28
1,18869,Netherlands,2,23
2,18869,Netherlands,3,18
3,18869,Poland,1,30
4,18869,Poland,2,25
5,18869,Poland,3,25
0,18870,Cuba,1,25
1,18870,Cuba,2,22
2,18870,Cuba,3,23
3,18870,Cuba,4,25
4,18870,Cuba,5,20
5,18870,Japan,1,18
6,18870,Japan,2,25
7,18870,Japan,3,25
8,18870,Japan,4,19
9,18870,Japan,5,22
0,18871,Iran,1,19
1,18871,Iran,2,18
2,18871,Iran,3,11
3,18871,Italy,1,25
4,18871,Italy,2,25
5,18871,Italy,3,25
0,18872,Serbia,1,21
1,18872,Serbia,2,20
2,18872,Serbia,3,25
3,18872,Serbia,4,22
4,18872,Brazil,1,25
5,18872,Brazil,2,25
6,18872,Brazil,3,22
7,18872,Brazil,4,25
0,18873,Slovenia,1,22
1,18873,Slovenia,2,25
2,18873,Slovenia,3,25
3,18873,Slovenia,4,21
4,18873,Slovenia,5,15
5,18873,Canada,1,25
6,18873,Canada,2,18
7,18873,Canada,3,18
8,18873,Canada,4,25
9,18873,Canada,5,10
0,18874,Türkiye,1,27
1,18874,Türkiye,2,23
2,18874,Türkiye,3,16
3,18874,Türkiye,4,14
4,18874,France,1,25
5,18874,France,2,25
6,18874,France,3,25
7,18874,France,4,25
0,18875,Bulgaria,1,25
1,18875,Bulgaria,2,25
2,18875,Bulgaria,3,21
3,18875,Bulgaria,4,25
4,18875,USA,1,21
5,18875,USA,2,20
6,18875,USA,3,25
7,18875,USA,4,21
0,18876,Japan,1,25
1,18876,Japan,2,16
2,18876,Japan,3,17
3,18876,Japan,4,17
4,18876,Italy,1,23
5,18876,Italy,2,25
6,18876,Italy,3,25
7,18876,Italy,4,25
0,18877,Argentina,1,21
1,18877,Argentina,2,25
2,18877,Argentina,3,25
3,18877,Argentina,4,25
4,18877,Germany,1,25
5,18877,Germany,2,19
6,18877,Germany,3,21
7,18877,Germany,4,21
0,18878,Cuba,1,25
1,18878,Cuba,2,14
2,18878,Cuba,3,25
3,18878,Cuba,4,25
4,18878,Iran,1,20
5,18878,Iran,2,25
6,18878,Iran,3,21
7,18878,Iran,4,21
0,18879,Slovenia,1,25
1,18879,Slovenia,2,25
2,18879,Slovenia,3,25
3,18879,Poland,1,20
4,18879,Poland,2,21
5,18879,Poland,3,18
0,18880,Brazil,1,25
1,18880,Brazil,2,15
2,18880,Brazil,3,25
3,18880,Brazil,4,17
4,18880,Brazil,5,13
5,18880,Italy,1,17
6,18880,Italy,2,25
7,18880,Italy,3,22
8,18880,Italy,4,25
9,18880,Italy,5,15
0,18881,Türkiye,1,25
1,18881,Türkiye,2,22
2,18881,Türkiye,3,25
3,18881,Türkiye,4,21
4,18881,USA,1,20
5,18881,USA,2,25
6,18881,USA,3,27
7,18881,USA,4,25
0,18882,Bulgaria,1,16
1,18882,Bulgaria,2,25
2,18882,Bulgaria,3,13
3,18882,Bulgaria,4,20
4,18882,Netherlands,1,25
5,18882,Netherlands,2,20
6,18882,Netherlands,3,25
7,18882,Netherlands,4,25
0,18883,Serbia,1,21
1,18883,Serbia,2,20
2,18883,Serbia,3,20
3,18883,Germany,1,25
4,18883,Germany,2,25
5,18883,Germany,3,25
0,18884,Iran,1,25
1,18884,Iran,2,29
2,18884,Iran,3,25
3,18884,Iran,4,20
4,18884,Iran,5,13
5,18884,Argentina,1,23
6,18884,Argentina,2,31
7,18884,Argentina,3,20
8,18884,Argentina,4,25
9,18884,Argentina,5,15
0,18885,Germany,1,15
1,18885,Germany,2,16
2,18885,Germany,3,15
3,18885,Brazil,1,25
4,18885,Brazil,2,25
5,18885,Brazil,3,25
0,18886,Poland,1,21
1,18886,Poland,2,25
2,18886,Poland,3,25
3,18886,Poland,4,25
4,18886,Bulgaria,1,25
5,18886,Bulgaria,2,21
6,18886,Bulgaria,3,19
7,18886,Bulgaria,4,18
0,18887,Iran,1,23
1,18887,Iran,2,22
2,18887,Iran,3,17
3,18887,Japan,1,25
4,18887,Japan,2,25
5,18887,Japan,3,25
0,18888,Argentina,1,23
1,18888,Argentina,2,21
2,18888,Argentina,3,24
3,18888,USA,1,25
4,18888,USA,2,25
5,18888,USA,3,26
0,18889,Canada,1,25
1,18889,Canada,2,25
2,18889,Canada,3,25
3,18889,Canada,4,28
4,18889,Cuba,1,21
5,18889,Cuba,2,27
6,18889,Cuba,3,20
7,18889,Cuba,4,26
0,18890,Slovenia,1,25
1,18890,Slovenia,2,26
2,18890,Slovenia,3,25
3,18890,Türkiye,1,22
4,18890,Türkiye,2,24
5,18890,Türkiye,3,20
0,18891,Germany,1,22
1,18891,Germany,2,25
2,18891,Germany,3,27
3,18891,Germany,4,23
4,18891,Germany,5,8
5,18891,Japan,1,25
6,18891,Japan,2,22
7,18891,Japan,3,25
8,18891,Japan,4,25
9,18891,Japan,5,15
0,18892,Serbia,1,25
1,18892,Serbia,2,25
2,18892,Serbia,3,26
3,18892,Netherlands,1,17
4,18892,Netherlands,2,20
5,18892,Netherlands,3,24
0,18893,France,1,25
1,18893,France,2,18
2,18893,France,3,25
3,18893,France,4,19
4,18893,France,5,15
5,18893,Italy,1,23
6,18893,Italy,2,25
7,18893,Italy,3,23
8,18893,Italy,4,25
9,18893,Italy,5,10
0,18894,Iran,1,19
1,18894,Iran,2,25
2,18894,Iran,3,16
3,18894,Iran,4,23
4,18894,Brazil,1,25
5,18894,Brazil,2,22
6,18894,Brazil,3,25
7,18894,Brazil,4,25
0,18895,Bulgaria,1,24
1,18895,Bulgaria,2,25
2,18895,Bulgaria,3,16
3,18895,Bulgaria,4,16
4,18895,Germany,1,26
5,18895,Germany,2,22
6,18895,Germany,3,25
7,18895,Germany,4,25
0,18896,Poland,1,25
1,18896,Poland,2,25
2,18896,Poland,3,25
3,18896,Türkiye,1,19
4,18896,Türkiye,2,12
5,18896,Türkiye,3,19
0,18897,Cuba,1,24
1,18897,Cuba,2,25
2,18897,Cuba,3,20
3,18897,Cuba,4,22
4,18897,Netherlands,1,26
5,18897,Netherlands,2,21
6,18897,Netherlands,3,25
7,18897,Netherlands,4,25
0,18898,USA,1,23
1,18898,USA,2,24
2,18898,USA,3,20
3,18898,Italy,1,25
4,18898,Italy,2,26
5,18898,Italy,3,25
0,18899,Canada,1,18
1,18899,Canada,2,25
2,18899,Canada,3,21
3,18899,Canada,4,20
4,18899,Argentina,1,25
5,18899,Argentina,2,22
6,18899,Argentina,3,25
7,18899,Argentina,4,25
0,18900,Bulgaria,1,20
1,18900,Bulgaria,2,25
2,18900,Bulgaria,3,25
3,18900,Bulgaria,4,20
4,18900,Bulgaria,5,15
5,18900,Iran,1,25
6,18900,Iran,2,22
7,18900,Iran,3,23
8,18900,Iran,4,25
9,18900,Iran,5,11
0,18901,Brazil,1,25
1,18901,Brazil,2,25
2,18901,Brazil,3,24
3,18901,Brazil,4,25
4,18901,Brazil,5,12
5,18901,Slovenia,1,27
6,18901,Slovenia,2,23
7,18901,Slovenia,3,26
8,18901,Slovenia,4,21
9,18901,Slovenia,5,15
0,18902,Japan,1,17
1,18902,Japan,2,15
2,18902,Japan,3,20
3,18902,Poland,1,25
4,18902,Poland,2,25
5,18902,Poland,3,25
0,18903,Cuba,1,21
1,18903,Cuba,2,25
2,18903,Cuba,3,19
3,18903,Cuba,4,13
4,18903,Italy,1,25
5,18903,Italy,2,22
6,18903,Italy,3,25
7,18903,Italy,4,25
0,18904,France,1,25
1,18904,France,2,20
2,18904,France,3,25
3,18904,France,4,25
4,18904,Netherlands,1,20
5,18904,Netherlands,2,25
6,18904,Netherlands,3,19
7,18904,Netherlands,4,22
0,18905,USA,1,23
1,18905,USA,2,25
2,18905,USA,3,25
3,18905,USA,4,25
4,18905,Serbia,1,25
5,18905,Serbia,2,15
6,18905,Serbia,3,23
7,18905,Serbia,4,14
0,18906,Türkiye,1,22
1,18906,Türkiye,2,25
2,18906,Türkiye,3,25
3,18906,Türkiye,4,27
4,18906,Iran,1,25
5,18906,Iran,2,23
6,18906,Iran,3,23
7,18906,Iran,4,25
0,18907,Poland,1,21
1,18907,Poland,2,17
2,18907,Poland,3,25
3,18907,Poland,4,23
4,18907,Brazil,1,25
5,18907,Brazil,2,25
6,18907,Brazil,3,21
7,18907,Brazil,4,25
0,18908,Japan,1,25
1,18908,Japan,2,19
2,18908,Japan,3,26
3,18908,Japan,4,25
4,18908,Slovenia,1,23
5,18908,Slovenia,2,25
6,18908,Slovenia,3,24
7,18908,Slovenia,4,21
0,18909,Cuba,1,25
1,18909,Cuba,2,20
2,18909,Cuba,3,23
3,18909,Cuba,4,25
4,18909,Cuba,5,15
5,18909,France,1,18
6,18909,France,2,25
7,18909,France,3,25
8,18909,France,4,22
9,18909,France,5,10
0,18910,Canada,1,25
1,18910,Canada,2,19
2,18910,Canada,3,26
3,18910,Canada,4,28
4,18910,USA,1,16
5,18910,USA,2,25
6,18910,USA,3,24
7,18910,USA,4,26
0,18911,Serbia,1,26
1,18911,Serbia,2,18
2,18911,Serbia,3,25
3,18911,Serbia,4,25
4,18911,Serbia,5,13
5,18911,Argentina,1,28
6,18911,Argentina,2,25
7,18911,Argentina,3,18
8,18911,Argentina,4,22
9,18911,Argentina,5,15
0,18912,Türkiye,1,22
1,18912,Türkiye,2,44
2,18912,Türkiye,3,23
3,18912,Türkiye,4,25
4,18912,Türkiye,5,12
5,18912,Germany,1,25
6,18912,Germany,2,42
7,18912,Germany,3,25
8,18912,Germany,4,19
9,18912,Germany,5,15
0,18913,Bulgaria,1,23
1,18913,Bulgaria,2,14
2,18913,Bulgaria,3,21
3,18913,Slovenia,1,25
4,18913,Slovenia,2,25
5,18913,Slovenia,3,25
0,18914,Italy,1,25
1,18914,Italy,2,25
2,18914,Italy,3,25
3,18914,Netherlands,1,18
4,18914,Netherlands,2,15
5,18914,Netherlands,3,21
0,18915,Argentina,1,19
1,18915,Argentina,2,17
2,18915,Argentina,3,25
3,18915,Argentina,4,28
4,18915,Argentina,5,9
5,18915,France,1,25
6,18915,France,2,25
7,18915,France,3,22
8,18915,France,4,26
9,18915,France,5,15
0,18916,Canada,1,25
1,18916,Canada,2,20
2,18916,Canada,3,18
3,18916,Canada,4,23
4,18916,Serbia,1,21
5,18916,Serbia,2,25
6,18916,Serbia,3,25
7,18916,Serbia,4,25
0,18917,Netherlands,1,26
1,18917,Netherlands,2,23
2,18917,Netherlands,3,29
3,18917,Netherlands,4,20
4,18917,Brazil,1,24
5,18917,Brazil,2,25
6,18917,Brazil,3,31
7,18917,Brazil,4,25
0,18918,Canada,1,25
1,18918,Canada,2,20
2,18918,Canada,3,25
3,18918,Canada,4,20
4,18918,Canada,5,15
5,18918,Japan,1,21
6,18918,Japan,2,25
7,18918,Japan,3,15
8,18918,Japan,4,25
9,18918,Japan,5,10
0,18919,Bulgaria,1,27
1,18919,Bulgaria,2,25
2,18919,Bulgaria,3,12
3,18919,Bulgaria,4,25
4,18919,Türkiye,1,25
5,18919,Türkiye,2,20
6,18919,Türkiye,3,25
7,18919,Türkiye,4,22
0,18920,Slovenia,1,25
1,18920,Slovenia,2,25
2,18920,Slovenia,3,29
3,18920,Argentina,1,23
4,18920,Argentina,2,22
5,18920,Argentina,3,27
0,18921,Germany,1,25
1,18921,Germany,2,25
2,18921,Germany,3,25
3,18921,Germany,4,25
4,18921,France,1,23
5,18921,France,2,27
6,18921,France,3,20
7,18921,France,4,23
0,18922,Iran,1,26
1,18922,Iran,2,25
2,18922,Iran,3,25
3,18922,Iran,4,26
4,18922,Iran,5,15
5,18922,USA,1,28
6,18922,USA,2,23
7,18922,USA,3,18
8,18922,USA,4,28
9,18922,USA,5,13
0,18923,Cuba,1,25
1,18923,Cuba,2,25
2,18923,Cuba,3,16
3,18923,Cuba,4,21
4,18923,Cuba,5,12
5,18923,Serbia,1,22
6,18923,Serbia,2,21
7,18923,Serbia,3,25
8,18923,Serbia,4,25
9,18923,Serbia,5,15
0,18924,Italy,1,22
1,18924,Italy,2,21
2,18924,Italy,3,22
3,18924,Poland,1,25
4,18924,Poland,2,25
5,18924,Poland,3,25
0,18925,Germany,1,19
1,18925,Germany,2,18
2,18925,Germany,3,21
3,18925,Canada,1,25
4,18925,Canada,2,25
5,18925,Canada,3,25
0,18926,Iran,1,25
1,18926,Iran,2,22
2,18926,Iran,3,25
3,18926,Iran,4,20
4,18926,Iran,5,15
5,18926,Netherlands,1,22
6,18926,Netherlands,2,25
7,18926,Netherlands,3,21
8,18926,Netherlands,4,25
9,18926,Netherlands,5,10
0,18927,Brazil,1,21
1,18927,Brazil,2,25
2,18927,Brazil,3,21
3,18927,Brazil,4,25
4,18927,Brazil,5,9
5,18927,USA,1,25
6,18927,USA,2,18
7,18927,USA,3,25
8,18927,USA,4,22
9,18927,USA,5,15
0,18928,Türkiye,1,17
1,18928,Türkiye,2,18
2,18928,Türkiye,3,20
3,18928,Argentina,1,25
4,18928,Argentina,2,25
5,18928,Argentina,3,25
0,18929,Bulgaria,1,25
1,18929,Bulgaria,2,20
2,18929,Bulgaria,3,21
3,18929,Italy,1,27
4,18929,Italy,2,25
5,18929,Italy,3,25
0,18930,Cuba,1,22
1,18930,Cuba,2,25
2,18930,Cuba,3,21
3,18930,Cuba,4,31
4,18930,Cuba,5,8
5,18930,Slovenia,1,25
6,18930,Slovenia,2,20
7,18930,Slovenia,3,25
8,18930,Slovenia,4,29
9,18930,Slovenia,5,15
0,18931,Iran,1,21
1,18931,Iran,2,17
2,18931,Iran,3,20
3,18931,France,1,25
4,18931,France,2,25
5,18931,France,3,25
0,18932,Canada,1,26
1,18932,Canada,2,25
2,18932,Canada,3,26
3,18932,Brazil,1,24
4,18932,Brazil,2,19
5,18932,Brazil,3,24
0,18933,Netherlands,1,18
1,18933,Netherlands,2,19
2,18933,Netherlands,3,20
3,18933,Japan,1,25
4,18933,Japan,2,25
5,18933,Japan,3,25
0,18934,Argentina,1,19
1,18934,Argentina,2,18
2,18934,Argentina,3,22
3,18934,Poland,1,25
4,18934,Poland,2,25
5,18934,Poland,3,25
0,18935,Bulgaria,1,18
1,18935,Bulgaria,2,20
2,18935,Bulgaria,3,18
3,18935,Cuba,1,25
4,18935,Cuba,2,25
5,18935,Cuba,3,25
0,18936,Türkiye,1,25
1,18936,Türkiye,2,19
2,18936,Türkiye,3,23
3,18936,Türkiye,4,21
4,18936,Serbia,1,20
5,18936,Serbia,2,25
6,18936,Serbia,3,25
7,18936,Serbia,4,25
0,18937,Germany,1,23
1,18937,Germany,2,25
2,18937,Germany,3,24
3,18937,Germany,4,23
4,18937,USA,1,25
5,18937,USA,2,21
6,18937,USA,3,26
7,18937,USA,4,25
0,18938,Canada,1,21
1,18938,Canada,2,25
2,18938,Canada,3,28
3,18938,Canada,4,14
4,18938,Canada,5,15
5,18938,Netherlands,1,25
6,18938,Netherlands,2,22
7,18938,Netherlands,3,26
8,18938,Netherlands,4,25
9,18938,Netherlands,5,9
0,18939,France,1,25
1,18939,France,2,25
2,18939,France,3,16
3,18939,France,4,23
4,18939,France,5,10
5,18939,Japan,1,17
6,18939,Japan,2,19
7,18939,Japan,3,25
8,18939,Japan,4,25
9,18939,Japan,5,15
0,18940,Bulgaria,1,22
1,18940,Bulgaria,2,17
2,18940,Bulgaria,3,20
3,18940,Argentina,1,25
4,18940,Argentina,2,25
5,18940,Argentina,3,25
0,18941,Serbia,1,21
1,18941,Serbia,2,25
2,18941,Serbia,3,18
3,18941,Serbia,4,25
4,18941,Serbia,5,11
5,18941,Poland,1,25
6,18941,Poland,2,21
7,18941,Poland,3,25
8,18941,Poland,4,22
9,18941,Poland,5,15
0,18942,Slovenia,1,25
1,18942,Slovenia,2,25
2,18942,Slovenia,3,25
3,18942,Italy,1,19
4,18942,Italy,2,21
5,18942,Italy,3,19
0,18943,Germany,1,25
1,18943,Germany,2,25
2,18943,Germany,3,25
3,18943,Iran,1,20
4,18943,Iran,2,23
5,18943,Iran,3,20
0,18944,France,1,25
1,18944,France,2,27
2,18944,France,3,13
3,18944,France,4,25
4,18944,France,5,18
5,18944,Brazil,1,23
6,18944,Brazil,2,29
7,18944,Brazil,3,25
8,18944,Brazil,4,19
9,18944,Brazil,5,16
0,18945,Japan,1,25
1,18945,Japan,2,25
2,18945,Japan,3,25
3,18945,USA,1,20
4,18945,USA,2,23
5,18945,USA,3,19
0,18946,Cuba,1,17
1,18946,Cuba,2,20
2,18946,Cuba,3,20
3,18946,Poland,1,25
4,18946,Poland,2,25
5,18946,Poland,3,25
0,18947,Türkiye,1,21
1,18947,Türkiye,2,26
2,18947,Türkiye,3,19
3,18947,Türkiye,4,21
4,18947,Italy,1,25
5,18947,Italy,2,24
6,18947,Italy,3,25
7,18947,Italy,4,25
0,18948,Serbia,1,13
1,18948,Serbia,2,27
2,18948,Serbia,3,14
3,18948,Serbia,4,25
4,18948,Serbia,5,12
5,18948,Slovenia,1,25
6,18948,Slovenia,2,25
7,18948,Slovenia,3,25
8,18948,Slovenia,4,22
9,18948,Slovenia,5,15
0,18949,Japan,1,26
1,18949,Japan,2,25
2,18949,Japan,3,26
3,18949,Canada,1,24
4,18949,Canada,2,18
5,18949,Canada,3,24
0,18950,Poland,1,18
1,18950,Poland,2,25
2,18950,Poland,3,25
3,18950,Poland,4,25
4,18950,Brazil,1,25
5,18950,Brazil,2,23
6,18950,Brazil,3,22
7,18950,Brazil,4,16
0,18951,Italy,1,25
1,18951,Italy,2,20
2,18951,Italy,3,25
3,18951,Italy,4,22
4,18951,Italy,5,11
5,18951,France,1,19
6,18951,France,2,25
7,18951,France,3,22
8,18951,France,4,25
9,18951,France,5,15
0,18952,Slovenia,1,19
1,18952,Slovenia,2,25
2,18952,Slovenia,3,17
3,18952,Slovenia,4,29
4,18952,Slovenia,5,15
5,18952,Argentina,1,25
6,18952,Argentina,2,17
7,18952,Argentina,3,25
8,18952,Argentina,4,27
9,18952,Argentina,5,7
0,18953,Poland,1,25
1,18953,Poland,2,22
2,18953,Poland,3,23
3,18953,Poland,4,25
4,18953,Poland,5,16
5,18953,France,1,22
6,18953,France,2,25
7,18953,France,3,25
8,18953,France,4,20
9,18953,France,5,18
0,18954,Slovenia,1,21
1,18954,Slovenia,2,25
2,18954,Slovenia,3,29
3,18954,Japan,1,25
4,18954,Japan,2,27
5,18954,Japan,3,31
0,18955,Slovenia,1,24
1,18955,Slovenia,2,16
2,18955,Slovenia,3,17
3,18955,Poland,1,26
4,18955,Poland,2,25
5,18955,Poland,3,25
0,18956,Japan,1,23
1,18956,Japan,2,25
2,18956,Japan,3,23
3,18956,Japan,4,23
4,18956,France,1,25
5,18956,France,2,18
6,18956,France,3,25
7,18956,France,4,25
0,21437,Poland,1,25
1,21437,Poland,2,22
2,21437,Poland,3,25
3,21437,Poland,4,25
4,21437,Netherlands,1,22
5,21437,Netherlands,2,25
6,21437,Netherlands,3,22
7,21437,Netherlands,4,22
0,21438,China,1,23
1,21438,China,2,14
2,21438,China,3,22
3,21438,Japan,1,25
4,21438,Japan,2,25
5,21438,Japan,3,25
0,21439,Serbia,1,12
1,21439,Serbia,2,25
2,21439,Serbia,3,25
3,21439,Serbia,4,25
4,21439,Türkiye,1,25
5,21439,Türkiye,2,22
6,21439,Türkiye,3,23
7,21439,Türkiye,4,23
0,21440,Bulgaria,1,16
1,21440,Bulgaria,2,25
2,21440,Bulgaria,3,19
3,21440,Bulgaria,4,19
4,21440,Italy,1,25
5,21440,Italy,2,22
6,21440,Italy,3,25
7,21440,Italy,4,25
0,21441,Ukraine,1,25
1,21441,Ukraine,2,25
2,21441,Ukraine,3,25
3,21441,USA,1,22
4,21441,USA,2,20
5,21441,USA,3,23
0,21442,Argentina,1,25
1,21442,Argentina,2,13
2,21442,Argentina,3,25
3,21442,Argentina,4,25
4,21442,France,1,22
5,21442,France,2,25
6,21442,France,3,22
7,21442,France,4,19
0,21443,Brazil,1,25
1,21443,Brazil,2,25
2,21443,Brazil,3,25
3,21443,Iran,1,19
4,21443,Iran,2,16
5,21443,Iran,3,18
0,21444,Germany,1,25
1,21444,Germany,2,19
2,21444,Germany,3,25
3,21444,Germany,4,23
4,21444,Germany,5,11
5,21444,Canada,1,23
6,21444,Canada,2,25
7,21444,Canada,3,21
8,21444,Canada,4,25
9,21444,Canada,5,15
0,21445,Slovenia,1,25
1,21445,Slovenia,2,21
2,21445,Slovenia,3,25
3,21445,Slovenia,4,25
4,21445,Cuba,1,22
5,21445,Cuba,2,25
6,21445,Cuba,3,18
7,21445,Cuba,4,15
0,21446,China,1,25
1,21446,China,2,25
2,21446,China,3,25
3,21446,Serbia,1,23
4,21446,Serbia,2,23
5,21446,Serbia,3,20
0,21447,Poland,1,27
1,21447,Poland,2,25
2,21447,Poland,3,18
3,21447,Poland,4,39
4,21447,Japan,1,25
5,21447,Japan,2,22
6,21447,Japan,3,25
7,21447,Japan,4,37
0,21448,Germany,1,25
1,21448,Germany,2,25
2,21448,Germany,3,19
3,21448,Germany,4,23
4,21448,Germany,5,11
5,21448,Italy,1,21
6,21448,Italy,2,20
7,21448,Italy,3,25
8,21448,Italy,4,25
9,21448,Italy,5,15
0,21449,Brazil,1,25
1,21449,Brazil,2,24
2,21449,Brazil,3,25
3,21449,Brazil,4,25
4,21449,Brazil,5,13
5,21449,Cuba,1,27
6,21449,Cuba,2,26
7,21449,Cuba,3,21
8,21449,Cuba,4,20
9,21449,Cuba,5,15
0,21450,Argentina,1,25
1,21450,Argentina,2,21
2,21450,Argentina,3,14
3,21450,Argentina,4,25
4,21450,Argentina,5,15
5,21450,Canada,1,22
6,21450,Canada,2,25
7,21450,Canada,3,25
8,21450,Canada,4,22
9,21450,Canada,5,8
0,21451,USA,1,19
1,21451,USA,2,21
2,21451,USA,3,25
3,21451,USA,4,25
4,21451,USA,5,17
5,21451,Iran,1,25
6,21451,Iran,2,25
7,21451,Iran,3,21
8,21451,Iran,4,23
9,21451,Iran,5,15
0,21452,Japan,1,25
1,21452,Japan,2,25
2,21452,Japan,3,26
3,21452,Serbia,1,20
4,21452,Serbia,2,23
5,21452,Serbia,3,24
0,21453,Netherlands,1,21
1,21453,Netherlands,2,25
2,21453,Netherlands,3,25
3,21453,Netherlands,4,25
4,21453,Türkiye,1,25
5,21453,Türkiye,2,23
6,21453,Türkiye,3,22
7,21453,Türkiye,4,23
0,21454,Bulgaria,1,25
1,21454,Bulgaria,2,25
2,21454,Bulgaria,3,28
3,21454,Argentina,1,21
4,21454,Argentina,2,20
5,21454,Argentina,3,26
0,21455,Ukraine,1,25
1,21455,Ukraine,2,20
2,21455,Ukraine,3,25
3,21455,Ukraine,4,17
4,21455,Ukraine,5,15
5,21455,Cuba,1,22
6,21455,Cuba,2,25
7,21455,Cuba,3,20
8,21455,Cuba,4,25
9,21455,Cuba,5,12
0,21456,France,1,25
1,21456,France,2,25
2,21456,France,3,19
3,21456,France,4,26
4,21456,Italy,1,18
5,21456,Italy,2,22
6,21456,Italy,3,25
7,21456,Italy,4,24
0,21457,Iran,1,25
1,21457,Iran,2,23
2,21457,Iran,3,18
3,21457,Iran,4,25
4,21457,Iran,5,12
5,21457,Slovenia,1,17
6,21457,Slovenia,2,25
7,21457,Slovenia,3,25
8,21457,Slovenia,4,18
9,21457,Slovenia,5,15
0,21458,China,1,25
1,21458,China,2,25
2,21458,China,3,13
3,21458,China,4,25
4,21458,Netherlands,1,19
5,21458,Netherlands,2,20
6,21458,Netherlands,3,25
7,21458,Netherlands,4,17
0,21459,Türkiye,1,26
1,21459,Türkiye,2,23
2,21459,Türkiye,3,21
3,21459,Poland,1,28
4,21459,Poland,2,25
5,21459,Poland,3,25
0,21460,Ukraine,1,25
1,21460,Ukraine,2,25
2,21460,Ukraine,3,22
3,21460,Ukraine,4,23
4,21460,Ukraine,5,10
5,21460,Brazil,1,19
6,21460,Brazil,2,14
7,21460,Brazil,3,25
8,21460,Brazil,4,25
9,21460,Brazil,5,15
0,21461,USA,1,22
1,21461,USA,2,25
2,21461,USA,3,25
3,21461,USA,4,23
4,21461,Slovenia,1,25
5,21461,Slovenia,2,27
6,21461,Slovenia,3,20
7,21461,Slovenia,4,25
0,21462,Canada,1,22
1,21462,Canada,2,27
2,21462,Canada,3,29
3,21462,Canada,4,25
4,21462,Canada,5,6
5,21462,France,1,25
6,21462,France,2,29
7,21462,France,3,27
8,21462,France,4,21
9,21462,France,5,15
0,21463,Bulgaria,1,25
1,21463,Bulgaria,2,22
2,21463,Bulgaria,3,25
3,21463,Bulgaria,4,23
4,21463,Bulgaria,5,15
5,21463,Germany,1,22
6,21463,Germany,2,25
7,21463,Germany,3,19
8,21463,Germany,4,25
9,21463,Germany,5,12
0,21464,Netherlands,1,18
1,21464,Netherlands,2,23
2,21464,Netherlands,3,18
3,21464,Japan,1,25
4,21464,Japan,2,25
5,21464,Japan,3,25
0,21465,China,1,22
1,21465,China,2,21
2,21465,China,3,20
3,21465,Türkiye,1,25
4,21465,Türkiye,2,25
5,21465,Türkiye,3,25
0,21466,Poland,1,25
1,21466,Poland,2,25
2,21466,Poland,3,25
3,21466,Serbia,1,21
4,21466,Serbia,2,20
5,21466,Serbia,3,23
0,21467,Brazil,1,25
1,21467,Brazil,2,29
2,21467,Brazil,3,25
3,21467,Slovenia,1,19
4,21467,Slovenia,2,27
5,21467,Slovenia,3,19
0,21468,Argentina,1,23
1,21468,Argentina,2,25
2,21468,Argentina,3,35
3,21468,Argentina,4,21
4,21468,Italy,1,25
5,21468,Italy,2,17
6,21468,Italy,3,37
7,21468,Italy,4,25
0,21469,Ukraine,1,30
1,21469,Ukraine,2,20
2,21469,Ukraine,3,25
3,21469,Ukraine,4,21
4,21469,Ukraine,5,9
5,21469,Iran,1,28
6,21469,Iran,2,25
7,21469,Iran,3,22
8,21469,Iran,4,25
9,21469,Iran,5,15
0,21470,Germany,1,23
1,21470,Germany,2,25
2,21470,Germany,3,29
3,21470,Germany,4,29
4,21470,France,1,25
5,21470,France,2,19
6,21470,France,3,27
7,21470,France,4,27
0,21471,Cuba,1,22
1,21471,Cuba,2,18
2,21471,Cuba,3,25
3,21471,Cuba,4,23
4,21471,USA,1,25
5,21471,USA,2,25
6,21471,USA,3,18
7,21471,USA,4,25
0,21472,Bulgaria,1,24
1,21472,Bulgaria,2,23
2,21472,Bulgaria,3,19
3,21472,Canada,1,26
4,21472,Canada,2,25
5,21472,Canada,3,25
0,21473,Ukraine,1,23
1,21473,Ukraine,2,21
2,21473,Ukraine,3,17
3,21473,France,1,25
4,21473,France,2,25
5,21473,France,3,25
0,21474,Germany,1,25
1,21474,Germany,2,18
2,21474,Germany,3,22
3,21474,Germany,4,21
4,21474,Cuba,1,19
5,21474,Cuba,2,25
6,21474,Cuba,3,25
7,21474,Cuba,4,25
0,21475,Türkiye,1,16
1,21475,Türkiye,2,22
2,21475,Türkiye,3,18
3,21475,Slovenia,1,25
4,21475,Slovenia,2,25
5,21475,Slovenia,3,25
0,21476,Netherlands,1,20
1,21476,Netherlands,2,14
2,21476,Netherlands,3,22
3,21476,Argentina,1,25
4,21476,Argentina,2,25
5,21476,Argentina,3,25
0,21477,Bulgaria,1,27
1,21477,Bulgaria,2,25
2,21477,Bulgaria,3,25
3,21477,Japan,1,25
4,21477,Japan,2,23
5,21477,Japan,3,19
0,21478,Italy,1,25
1,21478,Italy,2,23
2,21478,Italy,3,21
3,21478,Italy,4,25
4,21478,Italy,5,15
5,21478,Poland,1,17
6,21478,Poland,2,25
7,21478,Poland,3,25
8,21478,Poland,4,20
9,21478,Poland,5,11
0,21479,Serbia,1,21
1,21479,Serbia,2,19
2,21479,Serbia,3,25
3,21479,Serbia,4,23
4,21479,Iran,1,25
5,21479,Iran,2,25
6,21479,Iran,3,23
7,21479,Iran,4,25
0,21480,Canada,1,22
1,21480,Canada,2,17
2,21480,Canada,3,17
3,21480,Brazil,1,25
4,21480,Brazil,2,25
5,21480,Brazil,3,25
0,21481,China,1,22
1,21481,China,2,25
2,21481,China,3,25
3,21481,China,4,16
4,21481,China,5,11
5,21481,USA,1,25
6,21481,USA,2,21
7,21481,USA,3,19
8,21481,USA,4,25
9,21481,USA,5,15
0,21482,France,1,22
1,21482,France,2,25
2,21482,France,3,25
3,21482,France,4,20
4,21482,France,5,11
5,21482,Japan,1,25
6,21482,Japan,2,19
7,21482,Japan,3,22
8,21482,Japan,4,25
9,21482,Japan,5,15
0,21483,Netherlands,1,26
1,21483,Netherlands,2,22
2,21483,Netherlands,3,21
3,21483,Netherlands,4,24
4,21483,Germany,1,24
5,21483,Germany,2,25
6,21483,Germany,3,25
7,21483,Germany,4,26
0,21484,Türkiye,1,11
1,21484,Türkiye,2,22
2,21484,Türkiye,3,21
3,21484,Ukraine,1,25
4,21484,Ukraine,2,25
5,21484,Ukraine,3,25
0,21485,Serbia,1,25
1,21485,Serbia,2,22
2,21485,Serbia,3,16
3,21485,Serbia,4,16
4,21485,Cuba,1,22
5,21485,Cuba,2,25
6,21485,Cuba,3,25
7,21485,Cuba,4,25
0,21486,Brazil,1,25
1,21486,Brazil,2,25
2,21486,Brazil,3,25
3,21486,China,1,22
4,21486,China,2,16
5,21486,China,3,23
0,21487,Canada,1,23
1,21487,Canada,2,22
2,21487,Canada,3,28
3,21487,USA,1,25
4,21487,USA,2,25
5,21487,USA,3,30
0,21488,Ukraine,1,24
1,21488,Ukraine,2,25
2,21488,Ukraine,3,25
3,21488,Ukraine,4,22
4,21488,Ukraine,5,15
5,21488,Japan,1,26
6,21488,Japan,2,17
7,21488,Japan,3,18
8,21488,Japan,4,25
9,21488,Japan,5,13
0,21489,Argentina,1,21
1,21489,Argentina,2,25
2,21489,Argentina,3,22
3,21489,Argentina,4,22
4,21489,Iran,1,25
5,21489,Iran,2,22
6,21489,Iran,3,25
7,21489,Iran,4,25
0,21490,Bulgaria,1,18
1,21490,Bulgaria,2,25
2,21490,Bulgaria,3,25
3,21490,Bulgaria,4,25
4,21490,Slovenia,1,25
5,21490,Slovenia,2,23
6,21490,Slovenia,3,21
7,21490,Slovenia,4,22
0,21491,Netherlands,1,25
1,21491,Netherlands,2,18
2,21491,Netherlands,3,21
3,21491,Netherlands,4,28
4,21491,Cuba,1,21
5,21491,Cuba,2,25
6,21491,Cuba,3,25
7,21491,Cuba,4,30
0,21492,China,1,18
1,21492,China,2,15
2,21492,China,3,19
3,21492,Italy,1,25
4,21492,Italy,2,25
5,21492,Italy,3,25
0,21493,Canada,1,32
1,21493,Canada,2,25
2,21493,Canada,3,17
3,21493,Canada,4,23
4,21493,Canada,5,13
5,21493,Poland,1,30
6,21493,Poland,2,14
7,21493,Poland,3,25
8,21493,Poland,4,25
9,21493,Poland,5,15
0,21494,Slovenia,1,23
1,21494,Slovenia,2,27
2,21494,Slovenia,3,23
3,21494,France,1,25
4,21494,France,2,29
5,21494,France,3,25
0,21495,Germany,1,25
1,21495,Germany,2,23
2,21495,Germany,3,26
3,21495,Germany,4,25
4,21495,Iran,1,22
5,21495,Iran,2,25
6,21495,Iran,3,24
7,21495,Iran,4,22
0,21496,Bulgaria,1,20
1,21496,Bulgaria,2,20
2,21496,Bulgaria,3,21
3,21496,Türkiye,1,25
4,21496,Türkiye,2,25
5,21496,Türkiye,3,25
0,21497,Serbia,1,25
1,21497,Serbia,2,18
2,21497,Serbia,3,23
3,21497,Serbia,4,12
4,21497,Argentina,1,18
5,21497,Argentina,2,25
6,21497,Argentina,3,25
7,21497,Argentina,4,25
0,21498,Brazil,1,25
1,21498,Brazil,2,21
2,21498,Brazil,3,33
3,21498,Brazil,4,17
4,21498,Brazil,5,15
5,21498,Italy,1,22
6,21498,Italy,2,25
7,21498,Italy,3,31
8,21498,Italy,4,25
9,21498,Italy,5,13
0,21499,USA,1,20
1,21499,USA,2,21
2,21499,USA,3,22
3,21499,Poland,1,25
4,21499,Poland,2,25
5,21499,Poland,3,25
0,21500,Slovenia,1,25
1,21500,Slovenia,2,15
2,21500,Slovenia,3,16
3,21500,Japan,1,27
4,21500,Japan,2,25
5,21500,Japan,3,25
0,21501,Iran,1,25
1,21501,Iran,2,22
2,21501,Iran,3,21
3,21501,Iran,4,25
4,21501,Iran,5,15
5,21501,Netherlands,1,19
6,21501,Netherlands,2,25
7,21501,Netherlands,3,25
8,21501,Netherlands,4,19
9,21501,Netherlands,5,9
0,21502,Türkiye,1,20
1,21502,Türkiye,2,18
2,21502,Türkiye,3,19
3,21502,France,1,25
4,21502,France,2,25
5,21502,France,3,25
0,21503,Cuba,1,25
1,21503,Cuba,2,23
2,21503,Cuba,3,21
3,21503,Cuba,4,25
4,21503,Cuba,5,11
5,21503,Argentina,1,23
6,21503,Argentina,2,25
7,21503,Argentina,3,25
8,21503,Argentina,4,21
9,21503,Argentina,5,15
0,21504,Bulgaria,1,25
1,21504,Bulgaria,2,19
2,21504,Bulgaria,3,24
3,21504,Bulgaria,4,22
4,21504,Ukraine,1,20
5,21504,Ukraine,2,25
6,21504,Ukraine,3,26
7,21504,Ukraine,4,25
0,21505,China,1,23
1,21505,China,2,20
2,21505,China,3,23
3,21505,Canada,1,25
4,21505,Canada,2,25
5,21505,Canada,3,25
0,21506,Germany,1,25
1,21506,Germany,2,25
2,21506,Germany,3,23
3,21506,Germany,4,25
4,21506,Serbia,1,20
5,21506,Serbia,2,21
6,21506,Serbia,3,25
7,21506,Serbia,4,17
0,21507,Brazil,1,25
1,21507,Brazil,2,25
2,21507,Brazil,3,21
3,21507,Brazil,4,28
4,21507,Poland,1,21
5,21507,Poland,2,21
6,21507,Poland,3,25
7,21507,Poland,4,26
0,21508,USA,1,21
1,21508,USA,2,22
2,21508,USA,3,18
3,21508,Italy,1,25
4,21508,Italy,2,25
5,21508,Italy,3,25
0,21509,USA,1,21
1,21509,USA,2,19
2,21509,USA,3,23
3,21509,Japan,1,25
4,21509,Japan,2,25
5,21509,Japan,3,25
0,21510,Argentina,1,21
1,21510,Argentina,2,23
2,21510,Argentina,3,26
3,21510,Argentina,4,18
4,21510,Brazil,1,25
5,21510,Brazil,2,25
6,21510,Brazil,3,24
7,21510,Brazil,4,25
0,21511,Türkiye,1,24
1,21511,Türkiye,2,21
2,21511,Türkiye,3,27
3,21511,USA,1,26
4,21511,USA,2,25
5,21511,USA,3,29
0,21512,Germany,1,25
1,21512,Germany,2,20
2,21512,Germany,3,23
3,21512,Germany,4,20
4,21512,Japan,1,21
5,21512,Japan,2,25
6,21512,Japan,3,25
7,21512,Japan,4,25
0,21513,China,1,25
1,21513,China,2,22
2,21513,China,3,23
3,21513,China,4,17
4,21513,France,1,22
5,21513,France,2,25
6,21513,France,3,25
7,21513,France,4,25
0,21514,Ukraine,1,25
1,21514,Ukraine,2,20
2,21514,Ukraine,3,20
3,21514,Ukraine,4,26
4,21514,Ukraine,5,15
5,21514,Netherlands,1,21
6,21514,Netherlands,2,25
7,21514,Netherlands,3,25
8,21514,Netherlands,4,24
9,21514,Netherlands,5,13
0,21515,Bulgaria,1,25
1,21515,Bulgaria,2,16
2,21515,Bulgaria,3,25
3,21515,Bulgaria,4,25
4,21515,Bulgaria,5,13
5,21515,Cuba,1,23
6,21515,Cuba,2,25
7,21515,Cuba,3,23
8,21515,Cuba,4,27
9,21515,Cuba,5,15
0,21516,Serbia,1,15
1,21516,Serbia,2,14
2,21516,Serbia,3,16
3,21516,Italy,1,25
4,21516,Italy,2,25
5,21516,Italy,3,25
0,21517,Iran,1,19
1,21517,Iran,2,25
2,21517,Iran,3,18
3,21517,Iran,4,25
4,21517,Iran,5,8
5,21517,Poland,1,25
6,21517,Poland,2,23
7,21517,Poland,3,25
8,21517,Poland,4,21
9,21517,Poland,5,15
0,21518,Canada,1,25
1,21518,Canada,2,21
2,21518,Canada,3,19
3,21518,Canada,4,21
4,21518,Slovenia,1,21
5,21518,Slovenia,2,25
6,21518,Slovenia,3,25
7,21518,Slovenia,4,25
0,21519,Türkiye,1,29
1,21519,Türkiye,2,25
2,21519,Türkiye,3,18
3,21519,Türkiye,4,30
4,21519,Germany,1,27
5,21519,Germany,2,22
6,21519,Germany,3,25
7,21519,Germany,4,28
0,21520,Argentina,1,25
1,21520,Argentina,2,25
2,21520,Argentina,3,21
3,21520,Argentina,4,23
4,21520,Argentina,5,13
5,21520,Japan,1,23
6,21520,Japan,2,23
7,21520,Japan,3,25
8,21520,Japan,4,25
9,21520,Japan,5,15
0,21521,China,1,26
1,21521,China,2,21
2,21521,China,3,17
3,21521,Iran,1,28
4,21521,Iran,2,25
5,21521,Iran,3,25
0,21522,Ukraine,1,15
1,21522,Ukraine,2,20
2,21522,Ukraine,3,25
3,21522,Ukraine,4,25
4,21522,Ukraine,5,10
5,21522,Italy,1,25
6,21522,Italy,2,25
7,21522,Italy,3,16
8,21522,Italy,4,23
9,21522,Italy,5,15
0,21523,Cuba,1,22
1,21523,Cuba,2,25
2,21523,Cuba,3,25
3,21523,Cuba,4,26
4,21523,Poland,1,25
5,21523,Poland,2,19
6,21523,Poland,3,21
7,21523,Poland,4,24
0,21524,Netherlands,1,18
1,21524,Netherlands,2,19
2,21524,Netherlands,3,21
3,21524,Slovenia,1,25
4,21524,Slovenia,2,25
5,21524,Slovenia,3,25
0,21525,Argentina,1,23
1,21525,Argentina,2,25
2,21525,Argentina,3,20
3,21525,Argentina,4,23
4,21525,USA,1,25
5,21525,USA,2,20
6,21525,USA,3,25
7,21525,USA,4,25
0,21526,Brazil,1,25
1,21526,Brazil,2,25
2,21526,Brazil,3,28
3,21526,Japan,1,21
4,21526,Japan,2,23
5,21526,Japan,3,26
0,21527,Cuba,1,25
1,21527,Cuba,2,15
2,21527,Cuba,3,25
3,21527,Cuba,4,21
4,21527,Cuba,5,9
5,21527,France,1,20
6,21527,France,2,25
7,21527,France,3,23
8,21527,France,4,25
9,21527,France,5,15
0,21528,Ukraine,1,22
1,21528,Ukraine,2,19
2,21528,Ukraine,3,17
3,21528,Serbia,1,25
4,21528,Serbia,2,25
5,21528,Serbia,3,25
0,21529,China,1,23
1,21529,China,2,16
2,21529,China,3,24
3,21529,Bulgaria,1,25
4,21529,Bulgaria,2,25
5,21529,Bulgaria,3,26
0,21530,Netherlands,1,22
1,21530,Netherlands,2,20
2,21530,Netherlands,3,15
3,21530,Canada,1,25
4,21530,Canada,2,25
5,21530,Canada,3,25
0,21531,Türkiye,1,22
1,21531,Türkiye,2,24
2,21531,Türkiye,3,25
3,21531,Türkiye,4,22
4,21531,Brazil,1,25
5,21531,Brazil,2,26
6,21531,Brazil,3,22
7,21531,Brazil,4,25
0,21532,Germany,1,25
1,21532,Germany,2,22
2,21532,Germany,3,17
3,21532,Germany,4,25
4,21532,Germany,5,15
5,21532,USA,1,22
6,21532,USA,2,25
7,21532,USA,3,25
8,21532,USA,4,15
9,21532,USA,5,12
0,21533,Serbia,1,15
1,21533,Serbia,2,25
2,21533,Serbia,3,25
3,21533,Serbia,4,25
4,21533,Canada,1,25
5,21533,Canada,2,22
6,21533,Canada,3,18
7,21533,Canada,4,22
0,21534,Bulgaria,1,17
1,21534,Bulgaria,2,25
2,21534,Bulgaria,3,25
3,21534,Bulgaria,4,27
4,21534,Bulgaria,5,15
5,21534,Poland,1,25
6,21534,Poland,2,22
7,21534,Poland,3,23
8,21534,Poland,4,29
9,21534,Poland,5,11
0,21535,Iran,1,24
1,21535,Iran,2,16
2,21535,Iran,3,24
3,21535,France,1,26
4,21535,France,2,25
5,21535,France,3,26
0,21536,Slovenia,1,22
1,21536,Slovenia,2,20
2,21536,Slovenia,3,23
3,21536,Italy,1,25
4,21536,Italy,2,25
5,21536,Italy,3,25
0,21537,Türkiye,1,25
1,21537,Türkiye,2,21
2,21537,Türkiye,3,19
3,21537,Türkiye,4,25
4,21537,Türkiye,5,15
5,21537,Argentina,1,18
6,21537,Argentina,2,25
7,21537,Argentina,3,25
8,21537,Argentina,4,17
9,21537,Argentina,5,17
0,21538,Germany,1,25
1,21538,Germany,2,23
2,21538,Germany,3,20
3,21538,Germany,4,21
4,21538,Brazil,1,21
5,21538,Brazil,2,25
6,21538,Brazil,3,25
7,21538,Brazil,4,25
0,21539,Ukraine,1,21
1,21539,Ukraine,2,27
2,21539,Ukraine,3,29
3,21539,Ukraine,4,21
4,21539,Canada,1,25
5,21539,Canada,2,25
6,21539,Canada,3,31
7,21539,Canada,4,25
0,21540,China,1,20
1,21540,China,2,25
2,21540,China,3,15
3,21540,China,4,25
4,21540,China,5,19
5,21540,Cuba,1,25
6,21540,Cuba,2,23
7,21540,Cuba,3,25
8,21540,Cuba,4,22
9,21540,Cuba,5,17
0,21541,Netherlands,1,13
1,21541,Netherlands,2,22
2,21541,Netherlands,3,19
3,21541,Italy,1,25
4,21541,Italy,2,25
5,21541,Italy,3,25
0,21542,Bulgaria,1,17
1,21542,Bulgaria,2,17
2,21542,Bulgaria,3,16
3,21542,Iran,1,25
4,21542,Iran,2,25
5,21542,Iran,3,25
0,21543,France,1,30
1,21543,France,2,25
2,21543,France,3,20
3,21543,France,4,25
4,21543,France,5,12
5,21543,Poland,1,32
6,21543,Poland,2,20
7,21543,Poland,3,25
8,21543,Poland,4,23
9,21543,Poland,5,15
0,21544,Serbia,1,21
1,21544,Serbia,2,25
2,21544,Serbia,3,25
3,21544,Serbia,4,18
4,21544,Serbia,5,15
5,21544,Slovenia,1,25
6,21544,Slovenia,2,23
7,21544,Slovenia,3,23
8,21544,Slovenia,4,25
9,21544,Slovenia,5,17
0,21545,Brazil,1,29
1,21545,Brazil,2,25
2,21545,Brazil,3,25
3,21545,Brazil,4,25
4,21545,China,1,31
5,21545,China,2,19
6,21545,China,3,16
7,21545,China,4,21
0,21546,Japan,1,23
1,21546,Japan,2,24
2,21546,Japan,3,12
3,21546,Poland,1,25
4,21546,Poland,2,26
5,21546,Poland,3,25
0,21547,Italy,1,25
1,21547,Italy,2,25
2,21547,Italy,3,20
3,21547,Italy,4,25
4,21547,Cuba,1,18
5,21547,Cuba,2,19
6,21547,Cuba,3,25
7,21547,Cuba,4,21
0,21548,France,1,22
1,21548,France,2,25
2,21548,France,3,19
3,21548,France,4,18
4,21548,Slovenia,1,25
5,21548,Slovenia,2,15
6,21548,Slovenia,3,25
7,21548,Slovenia,4,25
0,21549,Brazil,1,26
1,21549,Brazil,2,19
2,21549,Brazil,3,21
3,21549,Poland,1,28
4,21549,Poland,2,25
5,21549,Poland,3,25
0,21550,Italy,1,25
1,21550,Italy,2,22
2,21550,Italy,3,25
3,21550,Italy,4,25
4,21550,Slovenia,1,22
5,21550,Slovenia,2,25
6,21550,Slovenia,3,21
7,21550,Slovenia,4,18
0,21551,Brazil,1,23
1,21551,Brazil,2,25
2,21551,Brazil,3,25
3,21551,Brazil,4,25
4,21551,Slovenia,1,25
5,21551,Slovenia,2,20
6,21551,Slovenia,3,23
7,21551,Slovenia,4,19
0,21552,Poland,1,25
1,21552,Poland,2,25
2,21552,Poland,3,25
3,21552,Italy,1,22
4,21552,Italy,2,19
5,21552,Italy,3,14
0,13455,Brazil,1,31
1,13455,Brazil,2,21
2,13455,Brazil,3,25
3,13455,Brazil,4,25
4,13455,Brazil,5,18
5,13455,Cuba,1,33
6,13455,Cuba,2,25
7,13455,Cuba,3,16
8,13455,Cuba,4,17
9,13455,Cuba,5,16
0,13456,Japan,1,25
1,13456,Japan,2,25
2,13456,Japan,3,25
3,13456,Qatar,1,20
4,13456,Qatar,2,18
5,13456,Qatar,3,15
0,13457,France,1,25
1,13457,France,2,28
2,13457,France,3,26
3,13457,Germany,1,22
4,13457,Germany,2,26
5,13457,Germany,3,24
0,13458,USA,1,25
1,13458,USA,2,25
2,13458,USA,3,25
3,13458,Mexico,1,18
4,13458,Mexico,2,20
5,13458,Mexico,3,12
0,13459,Poland,1,25
1,13459,Poland,2,25
2,13459,Poland,3,25
3,13459,Bulgaria,1,12
4,13459,Bulgaria,2,20
5,13459,Bulgaria,3,20
0,13460,Slovenia,1,25
1,13460,Slovenia,2,25
2,13460,Slovenia,3,25
3,13460,Cameroon,1,19
4,13460,Cameroon,2,23
5,13460,Cameroon,3,21
0,13461,Türkiye,1,25
1,13461,Türkiye,2,25
2,13461,Türkiye,3,25
3,13461,China,1,15
4,13461,China,2,19
5,13461,China,3,14
0,13462,Netherlands,1,25
1,13462,Netherlands,2,25
2,13462,Netherlands,3,25
3,13462,Egypt,1,17
4,13462,Egypt,2,22
5,13462,Egypt,3,16
0,13463,Argentina,1,25
1,13463,Argentina,2,28
2,13463,Argentina,3,18
3,13463,Argentina,4,34
4,13463,Argentina,5,19
5,13463,Iran,1,22
6,13463,Iran,2,30
7,13463,Iran,3,25
8,13463,Iran,4,32
9,13463,Iran,5,21
0,13464,Tunisia,1,25
1,13464,Tunisia,2,25
2,13464,Tunisia,3,25
3,13464,Puerto Rico,1,19
4,13464,Puerto Rico,2,17
5,13464,Puerto Rico,3,20
0,13465,Ukraine,1,26
1,13465,Ukraine,2,21
2,13465,Ukraine,3,20
3,13465,Serbia,1,28
4,13465,Serbia,2,25
5,13465,Serbia,3,25
0,13466,Italy,1,25
1,13466,Italy,2,25
2,13466,Italy,3,39
3,13466,Canada,1,13
4,13466,Canada,2,18
5,13466,Canada,3,37
0,13467,Cuba,1,25
1,13467,Cuba,2,25
2,13467,Cuba,3,22
3,13467,Cuba,4,25
4,13467,Qatar,1,21
5,13467,Qatar,2,21
6,13467,Qatar,3,25
7,13467,Qatar,4,19
0,13468,Brazil,1,25
1,13468,Brazil,2,25
2,13468,Brazil,3,25
3,13468,Japan,1,21
4,13468,Japan,2,18
5,13468,Japan,3,16
0,13469,Germany,1,30
1,13469,Germany,2,25
2,13469,Germany,3,25
3,13469,Cameroon,1,28
4,13469,Cameroon,2,14
5,13469,Cameroon,3,19
0,13470,USA,1,25
1,13470,USA,2,25
2,13470,USA,3,26
3,13470,Bulgaria,1,20
4,13470,Bulgaria,2,23
5,13470,Bulgaria,3,24
0,13471,Poland,1,25
1,13471,Poland,2,25
2,13471,Poland,3,25
3,13471,Mexico,1,17
4,13471,Mexico,2,14
5,13471,Mexico,3,19
0,13472,France,1,25
1,13472,France,2,22
2,13472,France,3,23
3,13472,France,4,34
4,13472,France,5,15
5,13472,Slovenia,1,21
6,13472,Slovenia,2,25
7,13472,Slovenia,3,25
8,13472,Slovenia,4,32
9,13472,Slovenia,5,7
0,13473,Canada,1,25
1,13473,Canada,2,25
2,13473,Canada,3,25
3,13473,China,1,23
4,13473,China,2,21
5,13473,China,3,23
0,13474,Argentina,1,30
1,13474,Argentina,2,25
2,13474,Argentina,3,21
3,13474,Argentina,4,25
4,13474,Argentina,5,9
5,13474,Netherlands,1,28
6,13474,Netherlands,2,20
7,13474,Netherlands,3,25
8,13474,Netherlands,4,27
9,13474,Netherlands,5,15
0,13475,Iran,1,25
1,13475,Iran,2,25
2,13475,Iran,3,22
3,13475,Iran,4,26
4,13475,Egypt,1,14
5,13475,Egypt,2,19
6,13475,Egypt,3,25
7,13475,Egypt,4,24
0,13476,Serbia,1,26
1,13476,Serbia,2,25
2,13476,Serbia,3,25
3,13476,Puerto Rico,1,24
4,13476,Puerto Rico,2,21
5,13476,Puerto Rico,3,16
0,13477,Ukraine,1,25
1,13477,Ukraine,2,25
2,13477,Ukraine,3,25
3,13477,Tunisia,1,21
4,13477,Tunisia,2,19
5,13477,Tunisia,3,15
0,13478,Italy,1,25
1,13478,Italy,2,25
2,13478,Italy,3,25
3,13478,Türkiye,1,18
4,13478,Türkiye,2,20
5,13478,Türkiye,3,22
0,13479,Brazil,1,25
1,13479,Brazil,2,25
2,13479,Brazil,3,26
3,13479,Qatar,1,13
4,13479,Qatar,2,23
5,13479,Qatar,3,24
0,13480,Japan,1,25
1,13480,Japan,2,21
2,13480,Japan,3,25
3,13480,Japan,4,25
4,13480,Cuba,1,18
5,13480,Cuba,2,25
6,13480,Cuba,3,15
7,13480,Cuba,4,19
0,13481,France,1,25
1,13481,France,2,25
2,13481,France,3,25
3,13481,Cameroon,1,19
4,13481,Cameroon,2,19
5,13481,Cameroon,3,22
0,13482,Mexico,1,20
1,13482,Mexico,2,25
2,13482,Mexico,3,25
3,13482,Mexico,4,23
4,13482,Mexico,5,18
5,13482,Bulgaria,1,25
6,13482,Bulgaria,2,20
7,13482,Bulgaria,3,23
8,13482,Bulgaria,4,25
9,13482,Bulgaria,5,16
0,13483,Poland,1,23
1,13483,Poland,2,25
2,13483,Poland,3,25
3,13483,Poland,4,25
4,13483,USA,1,25
5,13483,USA,2,21
6,13483,USA,3,19
7,13483,USA,4,21
0,13484,Slovenia,1,25
1,13484,Slovenia,2,25
2,13484,Slovenia,3,25
3,13484,Germany,1,16
4,13484,Germany,2,22
5,13484,Germany,3,17
0,13485,Argentina,1,27
1,13485,Argentina,2,26
2,13485,Argentina,3,24
3,13485,Argentina,4,25
4,13485,Argentina,5,15
5,13485,Egypt,1,25
6,13485,Egypt,2,28
7,13485,Egypt,3,26
8,13485,Egypt,4,17
9,13485,Egypt,5,6
0,13486,Canada,1,23
1,13486,Canada,2,23
2,13486,Canada,3,17
3,13486,Türkiye,1,25
4,13486,Türkiye,2,25
5,13486,Türkiye,3,25
0,13487,Iran,1,22
1,13487,Iran,2,25
2,13487,Iran,3,20
3,13487,Iran,4,18
4,13487,Netherlands,1,25
5,13487,Netherlands,2,21
6,13487,Netherlands,3,25
7,13487,Netherlands,4,25
0,13488,Serbia,1,29
1,13488,Serbia,2,25
2,13488,Serbia,3,25
3,13488,Tunisia,1,27
4,13488,Tunisia,2,15
5,13488,Tunisia,3,17
0,13489,Ukraine,1,24
1,13489,Ukraine,2,25
2,13489,Ukraine,3,25
3,13489,Ukraine,4,25
4,13489,Puerto Rico,1,26
5,13489,Puerto Rico,2,19
6,13489,Puerto Rico,3,16
7,13489,Puerto Rico,4,19
0,13490,Italy,1,25
1,13490,Italy,2,25
2,13490,Italy,3,25
3,13490,China,1,14
4,13490,China,2,10
5,13490,China,3,14
0,13491,Slovenia,1,25
1,13491,Slovenia,2,25
2,13491,Slovenia,3,21
3,13491,Slovenia,4,25
4,13491,Germany,1,18
5,13491,Germany,2,19
6,13491,Germany,3,25
7,13491,Germany,4,22
0,13492,Italy,1,25
1,13492,Italy,2,21
2,13492,Italy,3,26
3,13492,Italy,4,25
4,13492,Cuba,1,21
5,13492,Cuba,2,25
6,13492,Cuba,3,24
7,13492,Cuba,4,18
0,13493,USA,1,25
1,13493,USA,2,25
2,13493,USA,3,22
3,13493,USA,4,19
4,13493,USA,5,15
5,13493,Türkiye,1,21
6,13493,Türkiye,2,17
7,13493,Türkiye,3,25
8,13493,Türkiye,4,25
9,13493,Türkiye,5,12
0,13494,Poland,1,25
1,13494,Poland,2,25
2,13494,Poland,3,25
3,13494,Tunisia,1,20
4,13494,Tunisia,2,15
5,13494,Tunisia,3,20
0,13495,Netherlands,1,16
1,13495,Netherlands,2,19
2,13495,Netherlands,3,18
3,13495,Ukraine,1,25
4,13495,Ukraine,2,25
5,13495,Ukraine,3,25
0,13496,France,1,25
1,13496,France,2,21
2,13496,France,3,26
3,13496,France,4,22
4,13496,France,5,18
5,13496,Japan,1,17
6,13496,Japan,2,25
7,13496,Japan,3,24
8,13496,Japan,4,25
9,13496,Japan,5,16
0,13497,Serbia,1,23
1,13497,Serbia,2,21
2,13497,Serbia,3,23
3,13497,Argentina,1,25
4,13497,Argentina,2,25
5,13497,Argentina,3,25
0,13498,Brazil,1,25
1,13498,Brazil,2,25
2,13498,Brazil,3,25
3,13498,Iran,1,17
4,13498,Iran,2,22
5,13498,Iran,3,23
0,13499,Italy,1,24
1,13499,Italy,2,25
2,13499,Italy,3,23
3,13499,Italy,4,25
4,13499,Italy,5,15
5,13499,France,1,26
6,13499,France,2,21
7,13499,France,3,25
8,13499,France,4,22
9,13499,France,5,12
0,13500,Slovenia,1,18
1,13500,Slovenia,2,26
2,13500,Slovenia,3,25
3,13500,Slovenia,4,25
4,13500,Ukraine,1,25
5,13500,Ukraine,2,24
6,13500,Ukraine,3,19
7,13500,Ukraine,4,23
0,13501,Argentina,1,16
1,13501,Argentina,2,25
2,13501,Argentina,3,22
3,13501,Argentina,4,21
4,13501,Brazil,1,25
5,13501,Brazil,2,23
6,13501,Brazil,3,25
7,13501,Brazil,4,25
0,13502,Poland,1,25
1,13502,Poland,2,27
2,13502,Poland,3,21
3,13502,Poland,4,22
4,13502,Poland,5,15
5,13502,USA,1,20
6,13502,USA,2,25
7,13502,USA,3,25
8,13502,USA,4,25
9,13502,USA,5,12
0,13503,Poland,1,23
1,13503,Poland,2,25
2,13503,Poland,3,25
3,13503,Poland,4,21
4,13503,Poland,5,15
5,13503,Brazil,1,25
6,13503,Brazil,2,18
7,13503,Brazil,3,20
8,13503,Brazil,4,25
9,13503,Brazil,5,12
0,13504,Italy,1,25
1,13504,Italy,2,25
2,13504,Italy,3,25
3,13504,Slovenia,1,21
4,13504,Slovenia,2,22
5,13504,Slovenia,3,21
0,13505,Brazil,1,25
1,13505,Brazil,2,25
2,13505,Brazil,3,22
3,13505,Brazil,4,25
4,13505,Slovenia,1,18
5,13505,Slovenia,2,18
6,13505,Slovenia,3,25
7,13505,Slovenia,4,18
0,13506,Poland,1,25
1,13506,Poland,2,21
2,13506,Poland,3,18
3,13506,Poland,4,20
4,13506,Italy,1,22
5,13506,Italy,2,25
6,13506,Italy,3,25
7,13506,Italy,4,25
0,21062,Philippines,1,13
1,21062,Philippines,2,17
2,21062,Philippines,3,23
3,21062,Tunisia,1,25
4,21062,Tunisia,2,25
5,21062,Tunisia,3,25
0,21063,USA,1,25
1,21063,USA,2,25
2,21063,USA,3,25
3,21063,Colombia,1,20
4,21063,Colombia,2,21
5,21063,Colombia,3,14
0,21064,Canada,1,22
1,21064,Canada,2,25
2,21064,Canada,3,25
3,21064,Canada,4,29
4,21064,Libya,1,25
5,21064,Libya,2,20
6,21064,Libya,3,12
7,21064,Libya,4,27
0,21065,Cuba,1,25
1,21065,Cuba,2,22
2,21065,Cuba,3,19
3,21065,Cuba,4,19
4,21065,Portugal,1,20
5,21065,Portugal,2,25
6,21065,Portugal,3,25
7,21065,Portugal,4,25
0,21066,Japan,1,19
1,21066,Japan,2,23
2,21066,Japan,3,19
3,21066,Türkiye,1,25
4,21066,Türkiye,2,25
5,21066,Türkiye,3,25
0,21067,Germany,1,38
1,21067,Germany,2,22
2,21067,Germany,3,20
3,21067,Bulgaria,1,40
4,21067,Bulgaria,2,25
5,21067,Bulgaria,3,25
0,21068,Netherlands,1,25
1,21068,Netherlands,2,25
2,21068,Netherlands,3,26
3,21068,Netherlands,4,25
4,21068,Qatar,1,18
5,21068,Qatar,2,23
6,21068,Qatar,3,28
7,21068,Qatar,4,23
0,21069,Slovenia,1,25
1,21069,Slovenia,2,25
2,21069,Slovenia,3,25
3,21069,Chile,1,19
4,21069,Chile,2,20
5,21069,Chile,3,16
0,21070,Poland,1,34
1,21070,Poland,2,25
2,21070,Poland,3,25
3,21070,Romania,1,32
4,21070,Romania,2,15
5,21070,Romania,3,19
0,21071,Argentina,1,19
1,21071,Argentina,2,18
2,21071,Argentina,3,25
3,21071,Argentina,4,25
4,21071,Argentina,5,15
5,21071,Finland,1,25
6,21071,Finland,2,25
7,21071,Finland,3,22
8,21071,Finland,4,22
9,21071,Finland,5,11
0,21072,Iran,1,17
1,21072,Iran,2,25
2,21072,Iran,3,23
3,21072,Iran,4,20
4,21072,Egypt,1,25
5,21072,Egypt,2,16
6,21072,Egypt,3,25
7,21072,Egypt,4,25
0,21073,Ukraine,1,16
1,21073,Ukraine,2,17
2,21073,Ukraine,3,22
3,21073,Belgium,1,25
4,21073,Belgium,2,25
5,21073,Belgium,3,25
0,21074,Serbia,1,22
1,21074,Serbia,2,23
2,21074,Serbia,3,20
3,21074,Czechia,1,25
4,21074,Czechia,2,25
5,21074,Czechia,3,25
0,21075,France,1,25
1,21075,France,2,25
2,21075,France,3,25
3,21075,Korea,1,12
4,21075,Korea,2,18
5,21075,Korea,3,16
0,21076,Brazil,1,19
1,21076,Brazil,2,25
2,21076,Brazil,3,25
3,21076,Brazil,4,25
4,21076,China,1,25
5,21076,China,2,23
6,21076,China,3,22
7,21076,China,4,21
0,21077,Italy,1,25
1,21077,Italy,2,25
2,21077,Italy,3,25
3,21077,Algeria,1,13
4,21077,Algeria,2,22
5,21077,Algeria,3,17
0,21078,Cuba,1,25
1,21078,Cuba,2,25
2,21078,Cuba,3,25
3,21078,Colombia,1,22
4,21078,Colombia,2,21
5,21078,Colombia,3,20
0,21079,Türkiye,1,25
1,21079,Türkiye,2,23
2,21079,Türkiye,3,25
3,21079,Türkiye,4,25
4,21079,Libya,1,18
5,21079,Libya,2,25
6,21079,Libya,3,14
7,21079,Libya,4,16
0,21080,Germany,1,25
1,21080,Germany,2,25
2,21080,Germany,3,25
3,21080,Chile,1,17
4,21080,Chile,2,23
5,21080,Chile,3,21
0,21081,Japan,1,20
1,21081,Japan,2,23
2,21081,Japan,3,22
3,21081,Canada,1,25
4,21081,Canada,2,25
5,21081,Canada,3,25
0,21082,Slovenia,1,19
1,21082,Slovenia,2,14
2,21082,Slovenia,3,25
3,21082,Slovenia,4,25
4,21082,Slovenia,5,13
5,21082,Bulgaria,1,25
6,21082,Bulgaria,2,25
7,21082,Bulgaria,3,18
8,21082,Bulgaria,4,23
9,21082,Bulgaria,5,15
0,21083,Netherlands,1,25
1,21083,Netherlands,2,26
2,21083,Netherlands,3,26
3,21083,Romania,1,23
4,21083,Romania,2,24
5,21083,Romania,3,24
0,21084,USA,1,25
1,21084,USA,2,25
2,21084,USA,3,25
3,21084,Portugal,1,19
4,21084,Portugal,2,22
5,21084,Portugal,3,17
0,21085,Poland,1,25
1,21085,Poland,2,25
2,21085,Poland,3,25
3,21085,Qatar,1,21
4,21085,Qatar,2,14
5,21085,Qatar,3,19
0,21086,Brazil,1,25
1,21086,Brazil,2,25
2,21086,Brazil,3,25
3,21086,Czechia,1,11
4,21086,Czechia,2,22
5,21086,Czechia,3,18
0,21087,Argentina,1,25
1,21087,Argentina,2,23
2,21087,Argentina,3,25
3,21087,Argentina,4,25
4,21087,Korea,1,22
5,21087,Korea,2,25
6,21087,Korea,3,21
7,21087,Korea,4,18
0,21088,Iran,1,23
1,21088,Iran,2,25
2,21088,Iran,3,25
3,21088,Iran,4,25
4,21088,Tunisia,1,25
5,21088,Tunisia,2,20
6,21088,Tunisia,3,23
7,21088,Tunisia,4,16
0,21089,Ukraine,1,25
1,21089,Ukraine,2,25
2,21089,Ukraine,3,25
3,21089,Algeria,1,17
4,21089,Algeria,2,12
5,21089,Algeria,3,11
0,21090,Philippines,1,29
1,21090,Philippines,2,23
2,21090,Philippines,3,25
3,21090,Philippines,4,25
4,21090,Egypt,1,27
5,21090,Egypt,2,25
6,21090,Egypt,3,21
7,21090,Egypt,4,21
0,21091,France,1,19
1,21091,France,2,25
2,21091,France,3,27
3,21091,France,4,25
4,21091,France,5,9
5,21091,Finland,1,25
6,21091,Finland,2,17
7,21091,Finland,3,29
8,21091,Finland,4,21
9,21091,Finland,5,15
0,21092,Serbia,1,25
1,21092,Serbia,2,25
2,21092,Serbia,3,29
3,21092,China,1,18
4,21092,China,2,19
5,21092,China,3,27
0,21093,Italy,1,23
1,21093,Italy,2,20
2,21093,Italy,3,25
3,21093,Italy,4,25
4,21093,Italy,5,13
5,21093,Belgium,1,25
6,21093,Belgium,2,25
7,21093,Belgium,3,22
8,21093,Belgium,4,21
9,21093,Belgium,5,15
0,21094,Portugal,1,23
1,21094,Portugal,2,21
2,21094,Portugal,3,25
3,21094,Portugal,4,25
4,21094,Portugal,5,15
5,21094,Colombia,1,25
6,21094,Colombia,2,25
7,21094,Colombia,3,20
8,21094,Colombia,4,21
9,21094,Colombia,5,11
0,21095,Qatar,1,20
1,21095,Qatar,2,25
2,21095,Qatar,3,25
3,21095,Qatar,4,25
4,21095,Romania,1,25
5,21095,Romania,2,23
6,21095,Romania,3,20
7,21095,Romania,4,22
0,21096,Bulgaria,1,25
1,21096,Bulgaria,2,25
2,21096,Bulgaria,3,25
3,21096,Chile,1,17
4,21096,Chile,2,12
5,21096,Chile,3,12
0,21097,Canada,1,21
1,21097,Canada,2,16
2,21097,Canada,3,25
3,21097,Türkiye,1,25
4,21097,Türkiye,2,25
5,21097,Türkiye,3,27
0,21098,USA,1,25
1,21098,USA,2,25
2,21098,USA,3,23
3,21098,USA,4,27
4,21098,Cuba,1,17
5,21098,Cuba,2,22
6,21098,Cuba,3,25
7,21098,Cuba,4,25
0,21099,Poland,1,22
1,21099,Poland,2,25
2,21099,Poland,3,25
3,21099,Poland,4,25
4,21099,Netherlands,1,25
5,21099,Netherlands,2,23
6,21099,Netherlands,3,19
7,21099,Netherlands,4,22
0,21100,Slovenia,1,25
1,21100,Slovenia,2,17
2,21100,Slovenia,3,31
3,21100,Slovenia,4,25
4,21100,Germany,1,21
5,21100,Germany,2,25
6,21100,Germany,3,29
7,21100,Germany,4,22
0,21101,Japan,1,25
1,21101,Japan,2,25
2,21101,Japan,3,25
3,21101,Libya,1,20
4,21101,Libya,2,17
5,21101,Libya,3,12
0,21102,Brazil,1,22
1,21102,Brazil,2,20
2,21102,Brazil,3,22
3,21102,Serbia,1,25
4,21102,Serbia,2,25
5,21102,Serbia,3,25
0,21103,Finland,1,25
1,21103,Finland,2,25
2,21103,Finland,3,17
3,21103,Finland,4,25
4,21103,Korea,1,18
5,21103,Korea,2,23
6,21103,Korea,3,25
7,21103,Korea,4,21
0,21104,Egypt,1,19
1,21104,Egypt,2,18
2,21104,Egypt,3,22
3,21104,Tunisia,1,25
4,21104,Tunisia,2,25
5,21104,Tunisia,3,25
0,21105,Belgium,1,25
1,21105,Belgium,2,25
2,21105,Belgium,3,25
3,21105,Algeria,1,22
4,21105,Algeria,2,20
5,21105,Algeria,3,12
0,21106,Philippines,1,25
1,21106,Philippines,2,21
2,21106,Philippines,3,25
3,21106,Philippines,4,23
4,21106,Philippines,5,20
5,21106,Iran,1,21
6,21106,Iran,2,25
7,21106,Iran,3,17
8,21106,Iran,4,25
9,21106,Iran,5,22
0,21107,France,1,26
1,21107,France,2,23
2,21107,France,3,25
3,21107,France,4,25
4,21107,France,5,12
5,21107,Argentina,1,28
6,21107,Argentina,2,25
7,21107,Argentina,3,21
8,21107,Argentina,4,20
9,21107,Argentina,5,15
0,21108,Czechia,1,26
1,21108,Czechia,2,25
2,21108,Czechia,3,25
3,21108,China,1,24
4,21108,China,2,19
5,21108,China,3,18
0,21109,Italy,1,25
1,21109,Italy,2,25
2,21109,Italy,3,25
3,21109,Ukraine,1,21
4,21109,Ukraine,2,22
5,21109,Ukraine,3,18
0,21110,Tunisia,1,19
1,21110,Tunisia,2,18
2,21110,Tunisia,3,23
3,21110,Czechia,1,25
4,21110,Czechia,2,25
5,21110,Czechia,3,25
0,21111,Serbia,1,25
1,21111,Serbia,2,19
2,21111,Serbia,3,26
3,21111,Serbia,4,22
4,21111,Serbia,5,9
5,21111,Iran,1,23
6,21111,Iran,2,25
7,21111,Iran,3,24
8,21111,Iran,4,25
9,21111,Iran,5,15
0,21112,USA,1,19
1,21112,USA,2,25
2,21112,USA,3,25
3,21112,USA,4,25
4,21112,Slovenia,1,25
5,21112,Slovenia,2,22
6,21112,Slovenia,3,17
7,21112,Slovenia,4,20
0,21113,Bulgaria,1,25
1,21113,Bulgaria,2,25
2,21113,Bulgaria,3,25
3,21113,Portugal,1,19
4,21113,Portugal,2,23
5,21113,Portugal,3,13
0,21114,Poland,1,25
1,21114,Poland,2,23
2,21114,Poland,3,25
3,21114,Poland,4,25
4,21114,Canada,1,18
5,21114,Canada,2,25
6,21114,Canada,3,20
7,21114,Canada,4,14
0,21115,Türkiye,1,27
1,21115,Türkiye,2,25
2,21115,Türkiye,3,25
3,21115,Türkiye,4,25
4,21115,Netherlands,1,29
5,21115,Netherlands,2,23
6,21115,Netherlands,3,16
7,21115,Netherlands,4,19
0,21116,Argentina,1,23
1,21116,Argentina,2,20
2,21116,Argentina,3,22
3,21116,Italy,1,25
4,21116,Italy,2,25
5,21116,Italy,3,25
0,21117,Belgium,1,25
1,21117,Belgium,2,25
2,21117,Belgium,3,25
3,21117,Finland,1,21
4,21117,Finland,2,17
5,21117,Finland,3,21
0,21118,Czechia,1,22
1,21118,Czechia,2,27
2,21118,Czechia,3,25
3,21118,Czechia,4,25
4,21118,Iran,1,25
5,21118,Iran,2,25
6,21118,Iran,3,20
7,21118,Iran,4,21
0,21119,USA,1,25
1,21119,USA,2,25
2,21119,USA,3,17
3,21119,USA,4,22
4,21119,USA,5,13
5,21119,Bulgaria,1,21
6,21119,Bulgaria,2,19
7,21119,Bulgaria,3,25
8,21119,Bulgaria,4,25
9,21119,Bulgaria,5,15
0,21120,Poland,1,25
1,21120,Poland,2,25
2,21120,Poland,3,25
3,21120,Türkiye,1,15
4,21120,Türkiye,2,22
5,21120,Türkiye,3,19
0,21121,Italy,1,25
1,21121,Italy,2,25
2,21121,Italy,3,25
3,21121,Belgium,1,13
4,21121,Belgium,2,18
5,21121,Belgium,3,18
0,21122,Czechia,1,20
1,21122,Czechia,2,25
2,21122,Czechia,3,21
3,21122,Czechia,4,22
4,21122,Bulgaria,1,25
5,21122,Bulgaria,2,23
6,21122,Bulgaria,3,25
7,21122,Bulgaria,4,25
0,21123,Poland,1,21
1,21123,Poland,2,22
2,21123,Poland,3,23
3,21123,Italy,1,25
4,21123,Italy,2,25
5,21123,Italy,3,25
0,21124,Czechia,1,18
1,21124,Czechia,2,25
2,21124,Czechia,3,22
3,21124,Czechia,4,21
4,21124,Poland,1,25
5,21124,Poland,2,23
6,21124,Poland,3,25
7,21124,Poland,4,25
0,21125,Bulgaria,1,21
1,21125,Bulgaria,2,17
2,21125,Bulgaria,3,25
3,21125,Bulgaria,4,10
4,21125,Italy,1,25
5,21125,Italy,2,25
6,21125,Italy,3,17
7,21125,Italy,4,25
0,11344,Italy,1,26
1,11344,Italy,2,18
2,11344,Italy,3,25
3,11344,Italy,4,25
4,11344,Italy,5,15
5,11344,Canada,1,28
6,11344,Canada,2,25
7,11344,Canada,3,21
8,11344,Canada,4,18
9,11344,Canada,5,11
0,11345,Brazil,1,25
1,11345,Brazil,2,25
2,11345,Brazil,3,25
3,11345,Tunisia,1,22
4,11345,Tunisia,2,20
5,11345,Tunisia,3,15
0,11346,ROC,1,21
1,11346,ROC,2,25
2,11346,ROC,3,25
3,11346,ROC,4,25
4,11346,Argentina,1,25
5,11346,Argentina,2,23
6,11346,Argentina,3,17
7,11346,Argentina,4,21
0,11347,Japan,1,25
1,11347,Japan,2,25
2,11347,Japan,3,25
3,11347,Venezuela,1,21
4,11347,Venezuela,2,20
5,11347,Venezuela,3,15
0,11348,Poland,1,25
1,11348,Poland,2,22
2,11348,Poland,3,22
3,11348,Poland,4,25
4,11348,Poland,5,21
5,11348,Iran,1,18
6,11348,Iran,2,25
7,11348,Iran,3,25
8,11348,Iran,4,22
9,11348,Iran,5,23
0,11349,USA,1,25
1,11349,USA,2,25
2,11349,USA,3,25
3,11349,France,1,18
4,11349,France,2,18
5,11349,France,3,22
0,11350,Iran,1,25
1,11350,Iran,2,25
2,11350,Iran,3,25
3,11350,Venezuela,1,17
4,11350,Venezuela,2,20
5,11350,Venezuela,3,18
0,11351,USA,1,23
1,11351,USA,2,25
2,11351,USA,3,25
3,11351,USA,4,23
4,11351,ROC,1,25
5,11351,ROC,2,27
6,11351,ROC,3,21
7,11351,ROC,4,25
0,11352,Poland,1,25
1,11352,Poland,2,26
2,11352,Poland,3,25
3,11352,Italy,1,20
4,11352,Italy,2,24
5,11352,Italy,3,20
0,11353,France,1,25
1,11353,France,2,25
2,11353,France,3,25
3,11353,Tunisia,1,21
4,11353,Tunisia,2,11
5,11353,Tunisia,3,21
0,11354,Japan,1,23
1,11354,Japan,2,25
2,11354,Japan,3,25
3,11354,Japan,4,25
4,11354,Canada,1,25
5,11354,Canada,2,23
6,11354,Canada,3,23
7,11354,Canada,4,20
0,11355,Brazil,1,19
1,11355,Brazil,2,21
2,11355,Brazil,3,25
3,11355,Brazil,4,25
4,11355,Brazil,5,16
5,11355,Argentina,1,25
6,11355,Argentina,2,25
7,11355,Argentina,3,16
8,11355,Argentina,4,21
9,11355,Argentina,5,14
0,11356,Canada,1,25
1,11356,Canada,2,25
2,11356,Canada,3,25
3,11356,Iran,1,16
4,11356,Iran,2,20
5,11356,Iran,3,22
0,11357,USA,1,25
1,11357,USA,2,23
2,11357,USA,3,25
3,11357,USA,4,25
4,11357,Tunisia,1,14
5,11357,Tunisia,2,25
6,11357,Tunisia,3,14
7,11357,Tunisia,4,23
0,11358,Argentina,1,23
1,11358,Argentina,2,25
2,11358,Argentina,3,25
3,11358,Argentina,4,15
4,11358,Argentina,5,15
5,11358,France,1,25
6,11358,France,2,17
7,11358,France,3,20
8,11358,France,4,25
9,11358,France,5,13
0,11359,Poland,1,25
1,11359,Poland,2,25
2,11359,Poland,3,18
3,11359,Poland,4,25
4,11359,Venezuela,1,16
5,11359,Venezuela,2,13
6,11359,Venezuela,3,25
7,11359,Venezuela,4,15
0,11360,Japan,1,20
1,11360,Japan,2,17
2,11360,Japan,3,25
3,11360,Japan,4,21
4,11360,Italy,1,25
5,11360,Italy,2,25
6,11360,Italy,3,23
7,11360,Italy,4,25
0,11361,Brazil,1,22
1,11361,Brazil,2,20
2,11361,Brazil,3,20
3,11361,ROC,1,25
4,11361,ROC,2,25
5,11361,ROC,3,25
0,11362,Canada,1,25
1,11362,Canada,2,25
2,11362,Canada,3,25
3,11362,Venezuela,1,13
4,11362,Venezuela,2,22
5,11362,Venezuela,3,12
0,11363,Brazil,1,30
1,11363,Brazil,2,25
2,11363,Brazil,3,25
3,11363,Brazil,4,25
4,11363,USA,1,32
5,11363,USA,2,23
6,11363,USA,3,21
7,11363,USA,4,20
0,11364,Japan,1,22
1,11364,Japan,2,21
2,11364,Japan,3,24
3,11364,Poland,1,25
4,11364,Poland,2,25
5,11364,Poland,3,26
0,11365,Argentina,1,23
1,11365,Argentina,2,23
2,11365,Argentina,3,25
3,11365,Argentina,4,25
4,11365,Argentina,5,15
5,11365,Tunisia,1,25
6,11365,Tunisia,2,25
7,11365,Tunisia,3,19
8,11365,Tunisia,4,18
9,11365,Tunisia,5,8
0,11366,Italy,1,30
1,11366,Italy,2,25
2,11366,Italy,3,21
3,11366,Italy,4,25
4,11366,Iran,1,28
5,11366,Iran,2,21
6,11366,Iran,3,25
7,11366,Iran,4,21
0,11367,ROC,1,21
1,11367,ROC,2,25
2,11367,ROC,3,17
3,11367,ROC,4,20
4,11367,France,1,25
5,11367,France,2,20
6,11367,France,3,25
7,11367,France,4,25
0,11368,Poland,1,25
1,11368,Poland,2,25
2,11368,Poland,3,25
3,11368,Canada,1,15
4,11368,Canada,2,21
5,11368,Canada,3,16
0,11369,Brazil,1,25
1,11369,Brazil,2,37
2,11369,Brazil,3,25
3,11369,Brazil,4,21
4,11369,Brazil,5,20
5,11369,France,1,22
6,11369,France,2,39
7,11369,France,3,17
8,11369,France,4,25
9,11369,France,5,18
0,11370,ROC,1,25
1,11370,ROC,2,25
2,11370,ROC,3,25
3,11370,Tunisia,1,20
4,11370,Tunisia,2,22
5,11370,Tunisia,3,16
0,11371,Italy,1,25
1,11371,Italy,2,25
2,11371,Italy,3,25
3,11371,Venezuela,1,22
4,11371,Venezuela,2,15
5,11371,Venezuela,3,17
0,11372,Japan,1,25
1,11372,Japan,2,20
2,11372,Japan,3,29
3,11372,Japan,4,25
4,11372,Japan,5,15
5,11372,Iran,1,21
6,11372,Iran,2,25
7,11372,Iran,3,31
8,11372,Iran,4,22
9,11372,Iran,5,13
0,11373,USA,1,21
1,11373,USA,2,23
2,11373,USA,3,23
3,11373,Argentina,1,25
4,11373,Argentina,2,25
5,11373,Argentina,3,25
0,11374,Poland,1,25
1,11374,Poland,2,22
2,11374,Poland,3,25
3,11374,Poland,4,21
4,11374,Poland,5,9
5,11374,France,1,21
6,11374,France,2,25
7,11374,France,3,21
8,11374,France,4,25
9,11374,France,5,15
0,11375,Italy,1,25
1,11375,Italy,2,23
2,11375,Italy,3,22
3,11375,Italy,4,25
4,11375,Italy,5,12
5,11375,Argentina,1,21
6,11375,Argentina,2,25
7,11375,Argentina,3,25
8,11375,Argentina,4,14
9,11375,Argentina,5,15
0,11376,Japan,1,20
1,11376,Japan,2,22
2,11376,Japan,3,20
3,11376,Brazil,1,25
4,11376,Brazil,2,25
5,11376,Brazil,3,25
0,11377,Canada,1,21
1,11377,Canada,2,28
2,11377,Canada,3,22
3,11377,ROC,1,25
4,11377,ROC,2,30
5,11377,ROC,3,25
0,11378,France,1,25
1,11378,France,2,25
2,11378,France,3,25
3,11378,Argentina,1,22
4,11378,Argentina,2,19
5,11378,Argentina,3,22
0,11379,Brazil,1,25
1,11379,Brazil,2,21
2,11379,Brazil,3,24
3,11379,Brazil,4,23
4,11379,ROC,1,18
5,11379,ROC,2,25
6,11379,ROC,3,26
7,11379,ROC,4,25
0,11380,Argentina,1,25
1,11380,Argentina,2,20
2,11380,Argentina,3,20
3,11380,Argentina,4,25
4,11380,Argentina,5,15
5,11380,Brazil,1,23
6,11380,Brazil,2,25
7,11380,Brazil,3,25
8,11380,Brazil,4,17
9,11380,Brazil,5,13
0,11381,France,1,25
1,11381,France,2,25
2,11381,France,3,21
3,11381,France,4,21
4,11381,France,5,15
5,11381,ROC,1,23
6,11381,ROC,2,17
7,11381,ROC,3,25
8,11381,ROC,4,25
9,11381,ROC,5,12
0,19061,Japan,1,17
1,19061,Japan,2,25
2,19061,Japan,3,25
3,19061,Japan,4,28
4,19061,Japan,5,12
5,19061,Germany,1,25
6,19061,Germany,2,23
7,19061,Germany,3,20
8,19061,Germany,4,30
9,19061,Germany,5,15
0,19062,Italy,1,25
1,19062,Italy,2,27
2,19062,Italy,3,18
3,19062,Italy,4,25
4,19062,Brazil,1,23
5,19062,Brazil,2,25
6,19062,Brazil,3,25
7,19062,Brazil,4,21
0,19063,Poland,1,25
1,19063,Poland,2,25
2,19063,Poland,3,25
3,19063,Egypt,1,21
4,19063,Egypt,2,19
5,19063,Egypt,3,13
0,19064,USA,1,25
1,19064,USA,2,25
2,19064,USA,3,25
3,19064,Argentina,1,20
4,19064,Argentina,2,19
5,19064,Argentina,3,16
0,19065,France,1,23
1,19065,France,2,25
2,19065,France,3,25
3,19065,France,4,21
4,19065,France,5,15
5,19065,Serbia,1,25
6,19065,Serbia,2,17
7,19065,Serbia,3,17
8,19065,Serbia,4,25
9,19065,Serbia,5,6
0,19066,Slovenia,1,25
1,19066,Slovenia,2,25
2,19066,Slovenia,3,20
3,19066,Slovenia,4,25
4,19066,Canada,1,21
5,19066,Canada,2,20
6,19066,Canada,3,25
7,19066,Canada,4,21
0,19067,Italy,1,25
1,19067,Italy,2,25
2,19067,Italy,3,25
3,19067,Egypt,1,15
4,19067,Egypt,2,16
5,19067,Egypt,3,20
0,19068,USA,1,25
1,19068,USA,2,25
2,19068,USA,3,17
3,19068,USA,4,20
4,19068,USA,5,15
5,19068,Germany,1,21
6,19068,Germany,2,17
7,19068,Germany,3,25
8,19068,Germany,4,25
9,19068,Germany,5,11
0,19069,Slovenia,1,25
1,19069,Slovenia,2,25
2,19069,Slovenia,3,25
3,19069,Serbia,1,21
4,19069,Serbia,2,19
5,19069,Serbia,3,19
0,19070,France,1,25
1,19070,France,2,25
2,19070,France,3,25
3,19070,Canada,1,20
4,19070,Canada,2,21
5,19070,Canada,3,17
0,19071,Poland,1,22
1,19071,Poland,2,25
2,19071,Poland,3,19
3,19071,Poland,4,25
4,19071,Poland,5,15
5,19071,Brazil,1,25
6,19071,Brazil,2,19
7,19071,Brazil,3,25
8,19071,Brazil,4,23
9,19071,Brazil,5,12
0,19072,Japan,1,25
1,19072,Japan,2,25
2,19072,Japan,3,18
3,19072,Japan,4,25
4,19072,Argentina,1,16
5,19072,Argentina,2,22
6,19072,Argentina,3,25
7,19072,Argentina,4,23
0,19073,Argentina,1,13
1,19073,Argentina,2,21
2,19073,Argentina,3,21
3,19073,Germany,1,25
4,19073,Germany,2,25
5,19073,Germany,3,25
0,19074,Brazil,1,25
1,19074,Brazil,2,25
2,19074,Brazil,3,25
3,19074,Egypt,1,11
4,19074,Egypt,2,13
5,19074,Egypt,3,16
0,19075,France,1,20
1,19075,France,2,23
2,19075,France,3,27
3,19075,France,4,25
4,19075,France,5,11
5,19075,Slovenia,1,25
6,19075,Slovenia,2,25
7,19075,Slovenia,3,25
8,19075,Slovenia,4,22
9,19075,Slovenia,5,15
0,19076,Japan,1,16
1,19076,Japan,2,18
2,19076,Japan,3,25
3,19076,Japan,4,19
4,19076,USA,1,25
5,19076,USA,2,25
6,19076,USA,3,18
7,19076,USA,4,25
0,19077,Poland,1,15
1,19077,Poland,2,18
2,19077,Poland,3,26
3,19077,Poland,4,20
4,19077,Italy,1,25
5,19077,Italy,2,25
6,19077,Italy,3,24
7,19077,Italy,4,25
0,19078,Canada,1,25
1,19078,Canada,2,25
2,19078,Canada,3,24
3,19078,Canada,4,19
4,19078,Canada,5,16
5,19078,Serbia,1,16
6,19078,Serbia,2,22
7,19078,Serbia,3,26
8,19078,Serbia,4,25
9,19078,Serbia,5,18
0,19079,France,1,18
1,19079,France,2,26
2,19079,France,3,25
3,19079,France,4,25
4,19079,France,5,15
5,19079,Germany,1,25
6,19079,Germany,2,28
7,19079,Germany,3,20
8,19079,Germany,4,21
9,19079,Germany,5,13
0,19080,USA,1,26
1,19080,USA,2,28
2,19080,USA,3,25
3,19080,USA,4,25
4,19080,Brazil,1,24
5,19080,Brazil,2,30
6,19080,Brazil,3,19
7,19080,Brazil,4,19
0,19081,Slovenia,1,20
1,19081,Slovenia,2,26
2,19081,Slovenia,3,19
3,19081,Slovenia,4,20
4,19081,Poland,1,25
5,19081,Poland,2,24
6,19081,Poland,3,25
7,19081,Poland,4,25
0,19082,Italy,1,20
1,19082,Italy,2,23
2,19082,Italy,3,27
3,19082,Italy,4,26
4,19082,Italy,5,17
5,19082,Japan,1,25
6,19082,Japan,2,25
7,19082,Japan,3,25
8,19082,Japan,4,24
9,19082,Japan,5,15
0,19083,Italy,1,20
1,19083,Italy,2,21
2,19083,Italy,3,21
3,19083,France,1,25
4,19083,France,2,25
5,19083,France,3,25
0,19084,Poland,1,25
1,19084,Poland,2,25
2,19084,Poland,3,14
3,19084,Poland,4,25
4,19084,Poland,5,15
5,19084,USA,1,23
6,19084,USA,2,27
7,19084,USA,3,25
8,19084,USA,4,23
9,19084,USA,5,13
0,19085,Italy,1,23
1,19085,Italy,2,28
2,19085,Italy,3,24
3,19085,USA,1,25
4,19085,USA,2,30
5,19085,USA,3,26
0,19086,France,1,25
1,19086,France,2,25
2,19086,France,3,25
3,19086,Poland,1,19
4,19086,Poland,2,20
5,19086,Poland,3,23
