ID_PARTIDA,ID_SET,TIMEA,TIMEB,ATAQUE_A,SAQUE_A,BLOQUEIO_A,RECEPCAO_A,LEVANTAMENTO_A,DEFESA_A,ATAQUE_B,SAQUE_B,BLOQUEIO_B,RECEPCAO_B,LEVANTAMENTO_B,DEFESA_B,FASE_FINAL,VENCEU_SET_A_ANTERIOR,VENCEU_SET_B_ANTERIOR,VENCEU_SET_A,VENCEU_SET_B
11382,1,Italy,ROC,18.42105263157895,4.166666666666666,-7.142857142857143,68.18181818181819,38.23529411764706,19.047619047619047,1.3322676295501878e-15,0.0,9.999999999999998,50.0,28.571428571428566,-3.4482758620689653,False,,,True,False
11382,2,Italy,ROC,44.44444444444444,4.545454545454546,16.666666666666668,58.333333333333336,42.857142857142854,39.99999999999999,2.7777777777777777,0.0,-43.75,68.42105263157895,28.124999999999996,9.523809523809526,False,True,False,True,False
11382,3,Italy,ROC,53.84615384615385,12.5,-8.333333333333334,92.3076923076923,53.84615384615385,41.1764705882353,11.538461538461538,0.0,-41.666666666666664,50.0,31.57894736842105,-43.75,False,True,False,True,False
11383,1,Argentina,USA,44.827586206896555,0.0,-38.46153846153846,38.09523809523809,57.14285714285713,-18.18181818181818,42.30769230769231,12.5,-50.0,64.70588235294117,56.0,28.571428571428573,False,,,False,True
11383,2,Argentina,USA,3.7037037037037033,0.0,-18.181818181818183,23.529411764705884,28.571428571428577,23.80952380952381,25.806451612903224,8.0,-7.142857142857143,80.0,44.827586206896555,30.0,False,False,True,False,True
11383,3,Argentina,USA,20.58823529411765,0.0,-42.857142857142854,69.56521739130434,29.41176470588235,-4.761904761904762,29.032258064516128,0.0,-20.0,80.0,46.875,33.333333333333336,False,False,True,False,True
11384,1,Dominican Republic,Serbia,-9.375,0.0,-50.0,71.42857142857143,30.0,-31.818181818181817,35.714285714285715,0.0,6.249999999999999,64.28571428571429,48.148148148148145,38.888888888888886,False,,,False,True
11384,2,Dominican Republic,Serbia,4.166666666666667,0.0,-10.0,21.05263157894737,20.0,-25.0,30.76923076923077,12.5,27.77777777777778,81.81818181818181,50.0,27.77777777777778,False,False,True,False,True
11384,3,Dominican Republic,Serbia,6.250000000000004,0.0,-40.0,65.0,31.250000000000004,4.545454545454546,51.851851851851855,3.9999999999999996,-6.249999999999998,70.58823529411765,53.84615384615385,-10.0,False,False,True,False,True
11385,1,China,Türkiye,36.0,9.523809523809524,-81.81818181818181,55.55555555555555,36.36363636363637,-31.25,64.28571428571429,0.0,-18.181818181818183,60.0,69.23076923076923,-5.263157894736842,False,,,False,True
11385,2,China,Türkiye,11.11111111111111,6.666666666666666,-33.333333333333336,33.333333333333336,32.0,-31.249999999999996,41.37931034482759,12.5,-16.666666666666668,64.28571428571429,55.55555555555556,42.10526315789474,False,False,True,False,True
11385,3,China,Türkiye,-14.285714285714286,0.0,-25.0,47.61904761904762,17.391304347826086,-7.692307692307692,30.0,4.166666666666667,6.25,84.61538461538461,49.99999999999999,7.6923076923076925,False,False,True,False,True
11386,1,Japan,Kenya,35.714285714285715,8.333333333333334,-15.384615384615385,42.857142857142854,46.42857142857143,38.888888888888886,10.344827586206895,0.0,-21.052631578947366,33.333333333333336,36.0,-5.2631578947368425,False,,,True,False
11386,2,Japan,Kenya,60.0,0.0,-1.2918958832001822e-15,75.0,62.5,54.54545454545455,-8.0,0.0,-57.142857142857146,42.857142857142854,13.636363636363637,-53.84615384615385,False,True,False,True,False
11386,3,Japan,Kenya,22.22222222222222,0.0,-27.272727272727273,50.0,36.36363636363637,7.407407407407407,20.0,0.0,0.0,58.333333333333336,43.243243243243235,15.624999999999996,False,True,False,True,False
11387,1,Brazil,Korea,41.935483870967744,0.0,-30.76923076923077,85.71428571428571,51.724137931034484,69.56521739130434,3.0303030303030303,0.0,-63.63636363636363,44.0,20.689655172413794,-16.666666666666668,False,,,True,False
11387,2,Brazil,Korea,37.142857142857146,0.0,-12.5,35.0,42.42424242424242,13.636363636363637,33.333333333333336,0.0,-50.0,45.45454545454545,46.87500000000001,0.0,False,True,False,True,False
11387,3,Brazil,Korea,34.285714285714285,3.9999999999999996,-6.25,36.84210526315789,50.0,39.130434782608695,6.0606060606060606,0.0,-27.77777777777778,57.142857142857146,33.33333333333333,-16.0,False,True,False,True,False
11388,1,Argentina,ROC,11.764705882352942,0.0,-10.526315789473685,78.26086956521739,32.35294117647059,-13.043478260869565,28.125,3.9999999999999996,-20.0,33.333333333333336,45.454545454545446,47.82608695652174,False,,,False,True
11388,2,Argentina,ROC,-15.384615384615385,12.5,-42.857142857142854,31.57894736842105,27.77777777777778,38.46153846153846,40.90909090909091,0.0,20.833333333333332,50.0,42.85714285714286,11.111111111111109,False,False,True,False,True
11388,3,Argentina,ROC,-4.584146682323227e-16,0.0,-23.076923076923077,54.54545454545455,29.999999999999996,-4.166666666666667,42.857142857142854,12.0,-13.333333333333332,58.333333333333336,56.0,37.5,False,False,True,False,True
11389,1,China,USA,14.583333333333334,0.0,-11.538461538461538,64.0,32.55813953488372,18.75,5.769230769230769,7.142857142857143,5.921189464667501e-16,77.77777777777777,34.69387755102041,23.529411764705884,False,,,False,True
11389,2,China,USA,34.21052631578947,4.761904761904762,-23.80952380952381,50.0,39.99999999999999,-2.6315789473684212,41.86046511627907,0.0,-31.57894736842105,86.36363636363636,50.0,40.625,False,False,True,False,True
11389,3,China,USA,32.142857142857146,0.0,-30.76923076923077,59.09090909090909,42.857142857142854,20.0,16.216216216216218,8.333333333333334,-30.0,90.0,47.05882352941177,8.695652173913043,False,False,True,False,True
11390,1,Japan,Serbia,15.384615384615385,4.3478260869565215,-17.647058823529413,71.42857142857143,35.8974358974359,12.121212121212121,36.8421052631579,3.9999999999999996,-12.5,66.66666666666667,48.57142857142857,0.0,False,,,False,True
11390,2,Japan,Serbia,22.22222222222222,0.0,0.0,52.17391304347826,39.285714285714285,-45.0,44.44444444444444,0.0,-31.57894736842105,75.0,57.69230769230769,46.666666666666664,False,False,True,False,True
11390,3,Japan,Serbia,21.951219512195124,4.166666666666667,-42.857142857142854,72.0,39.473684210526315,22.22222222222222,32.35294117647059,7.6923076923076925,-17.647058823529413,63.63636363636363,50.0,8.0,False,False,True,False,True
11391,1,Italy,Türkiye,20.689655172413794,12.5,-7.142857142857143,31.818181818181817,42.857142857142854,6.666666666666668,11.538461538461538,13.043478260869565,-31.57894736842105,52.38095238095238,38.46153846153846,20.0,False,,,True,False
11391,2,Italy,Türkiye,23.333333333333332,0.0,-27.77777777777778,78.94736842105263,51.724137931034484,33.333333333333336,39.285714285714285,0.0,-22.22222222222222,54.54545454545455,48.148148148148145,-25.0,False,True,False,False,True
11391,3,Italy,Türkiye,23.333333333333332,8.333333333333334,7.142857142857143,64.70588235294117,42.857142857142854,5.2631578947368425,6.666666666666667,0.0,-38.888888888888886,63.1578947368421,27.58620689655173,50.0,False,False,True,True,False
11391,4,Italy,Türkiye,21.428571428571427,4.0,6.666666666666666,46.15384615384615,38.46153846153847,42.857142857142854,-14.705882352941174,6.666666666666667,0.0,38.095238095238095,21.21212121212121,-18.181818181818183,False,True,False,True,False
11392,1,Brazil,Dominican Republic,19.51219512195122,0.0,-11.764705882352942,69.56521739130434,37.5,16.129032258064516,37.142857142857146,0.0,15.384615384615385,31.57894736842105,38.70967741935484,-25.806451612903224,False,,,False,True
11392,2,Brazil,Dominican Republic,48.275862068965516,8.333333333333334,-42.10526315789474,62.5,51.85185185185186,27.77777777777778,33.333333333333336,0.0,-62.5,34.78260869565217,48.275862068965516,-21.05263157894737,False,False,True,True,False
11392,3,Brazil,Dominican Republic,66.66666666666667,16.0,-33.333333333333336,66.66666666666667,68.42105263157893,16.666666666666668,24.0,0.0,-42.857142857142854,25.0,38.0952380952381,-71.42857142857143,False,True,False,True,False
11392,4,Brazil,Dominican Republic,19.565217391304348,8.695652173913043,-36.84210526315789,63.63636363636363,35.8974358974359,22.22222222222222,28.94736842105263,3.9999999999999996,0.0,38.095238095238095,38.888888888888886,22.580645161290324,False,True,False,False,True
11392,5,Brazil,Dominican Republic,33.333333333333336,0.0,-25.0,81.81818181818181,55.55555555555556,0.0,25.0,0.0,-50.0,57.142857142857146,33.333333333333336,-25.0,False,False,True,True,False
11393,1,Kenya,Korea,15.384615384615385,0.0,-16.666666666666668,-5.2631578947368425,36.36363636363637,-16.0,38.70967741935484,16.0,-17.64705882352941,58.333333333333336,46.666666666666664,72.72727272727273,False,,,False,True
11393,2,Kenya,Korea,19.35483870967742,8.695652173913043,-2.3684757858670005e-15,38.095238095238095,39.285714285714285,9.09090909090909,22.22222222222222,12.5,-40.0,57.89473684210526,43.99999999999999,0.0,False,False,True,False,True
11393,3,Kenya,Korea,16.666666666666668,4.166666666666667,0.0,44.0,46.875,-26.08695652173913,20.58823529411765,3.8461538461538463,-9.090909090909092,63.63636363636363,38.23529411764706,36.8421052631579,False,False,True,False,True
11394,1,Argentina,Italy,10.810810810810809,9.090909090909092,-42.857142857142854,61.904761904761905,32.432432432432435,44.0,25.925925925925927,8.333333333333334,-13.636363636363637,50.0,42.30769230769231,13.333333333333334,False,,,False,True
11394,2,Argentina,Italy,0.0,0.0,-60.0,57.142857142857146,27.58620689655173,25.0,33.333333333333336,4.0,14.285714285714286,42.857142857142854,44.827586206896555,52.17391304347826,False,False,True,False,True
11394,3,Argentina,Italy,26.086956521739125,0.0,-40.0,29.999999999999993,26.08695652173913,-19.999999999999996,48.148148148148145,12.5,-41.666666666666664,71.42857142857143,64.0,50.0,False,False,True,False,True
11395,1,Dominican Republic,Korea,9.67741935483871,4.761904761904761,0.0,4.545454545454544,28.571428571428573,1.1842378929335002e-15,15.624999999999998,16.666666666666668,-36.36363636363637,52.63157894736842,40.0,45.00000000000001,False,,,False,True
11395,2,Dominican Republic,Korea,25.64102564102564,16.666666666666668,-33.333333333333336,60.0,30.76923076923077,56.666666666666664,13.513513513513514,5.555555555555555,-18.181818181818183,20.0,27.77777777777778,53.84615384615385,False,False,True,True,False
11395,3,Dominican Republic,Korea,25.0,0.0,-35.714285714285715,42.857142857142854,46.15384615384615,-13.333333333333334,42.857142857142854,0.0,-35.294117647058826,93.75,57.142857142857146,50.0,False,True,False,False,True
11395,4,Dominican Republic,Korea,36.0,8.333333333333334,-6.666666666666663,75.0,56.52173913043478,35.294117647058826,3.3333333333333335,0.0,-46.15384615384615,45.0,23.076923076923077,0.0,False,False,True,True,False
11395,5,Dominican Republic,Korea,25.0,0.0,-60.0,33.333333333333336,44.44444444444444,50.0,28.571428571428566,13.333333333333334,-22.22222222222222,70.0,35.0,42.857142857142854,False,True,False,False,True
11396,1,Kenya,Serbia,30.76923076923077,0.0,-30.0,40.0,44.44444444444444,-24.0,50.0,8.0,-33.333333333333336,60.0,53.333333333333336,26.666666666666668,False,,,False,True
11396,2,Kenya,Serbia,10.526315789473685,0.0,-50.0,15.0,31.57894736842105,-46.666666666666664,58.333333333333336,20.833333333333332,-22.22222222222222,81.81818181818181,68.0,64.70588235294117,False,False,True,False,True
11396,3,Kenya,Serbia,14.285714285714286,5.0,-41.666666666666664,42.10526315789474,33.333333333333336,0.0,30.769230769230774,11.999999999999998,-14.285714285714286,47.05882352941177,42.30769230769231,64.28571428571429,False,False,True,False,True
11397,1,China,ROC,23.68421052631579,5.882352941176471,-31.818181818181817,29.166666666666668,40.0,22.22222222222222,28.94736842105263,12.0,-21.05263157894737,64.70588235294117,37.5,5.26327952414889e-16,False,,,False,True
11397,2,China,ROC,2.380952380952381,8.0,-25.0,77.77777777777777,24.324324324324323,3.125,8.0,0.0,-4.545454545454543,58.333333333333336,32.6530612244898,61.76470588235294,False,False,True,True,False
11397,3,China,ROC,45.833333333333336,12.5,-6.666666666666669,89.47368421052632,60.869565217391305,-38.888888888888886,15.15151515151515,0.0,-50.0,54.54545454545455,42.42424242424242,4.999999999999998,False,True,False,True,False
11397,4,China,ROC,10.41666666666667,7.6923076923076925,-28.571428571428573,65.38461538461539,42.22222222222222,2.7777777777777777,25.641025641025642,0.0,-4.545454545454548,47.82608695652174,44.73684210526316,9.375,False,True,False,False,True
11397,5,China,ROC,10.0,0.0,1.1842378929335002e-15,53.84615384615385,23.80952380952381,-6.666666666666666,1.522591576628786e-15,0.0,-25.0,25.0,37.03703703703704,36.8421052631579,False,False,True,False,True
11398,1,Brazil,Japan,24.242424242424242,0.0,20.0,80.0,47.82608695652174,0.0,8.359326303060002e-16,0.0,-25.0,68.18181818181819,22.580645161290324,-9.090909090909092,False,,,True,False
11398,2,Brazil,Japan,50.0,4.166666666666667,5.882352941176471,70.58823529411765,45.45454545454545,10.344827586206897,17.073170731707318,5.2631578947368425,-50.0,73.91304347826087,31.57894736842105,-3.1250000000000018,False,True,False,True,False
11398,3,Brazil,Japan,18.75,0.0,-14.814814814814815,76.19047619047619,36.36363636363637,3.125,12.962962962962964,0.0,-41.1764705882353,69.56521739130434,33.333333333333336,39.53488372093023,False,True,False,True,False
11399,1,Türkiye,USA,16.216216216216218,4.999999999999999,-22.727272727272727,39.99999999999999,31.428571428571427,7.407407407407407,27.499999999999993,8.333333333333334,-15.384615384615385,61.111111111111114,36.8421052631579,25.92592592592592,False,,,False,True
11399,2,Türkiye,USA,22.857142857142858,4.999999999999999,-39.99999999999999,61.904761904761905,38.70967741935484,27.77777777777778,46.42857142857143,4.0,-25.0,62.5,57.69230769230769,29.41176470588235,False,False,True,False,True
11399,3,Türkiye,USA,24.0,4.0,7.142857142857143,100.0,45.833333333333336,-1.578983857244667e-15,3.3333333333333335,0.0,-30.76923076923077,73.91304347826087,27.586206896551722,7.6923076923076925,False,False,True,True,False
11399,4,Türkiye,USA,30.0,12.5,-25.0,68.42105263157895,44.827586206896555,22.22222222222222,17.24137931034483,4.761904761904762,-8.333333333333334,71.42857142857143,42.3076923076923,-36.8421052631579,False,True,False,True,False
11399,5,Türkiye,USA,-7.105427357601002e-16,7.6923076923076925,-22.222222222222214,72.72727272727273,31.57894736842105,9.090909090909092,25.0,0.0,30.0,80.0,42.857142857142854,-25.0,False,True,False,False,True
11400,1,Dominican Republic,Kenya,4.0,12.5,-5.000000000000001,43.75,33.33333333333333,-12.5,6.249999999999999,0.0,22.22222222222222,17.391304347826086,34.48275862068966,15.789473684210526,False,,,True,False
11400,2,Dominican Republic,Kenya,25.0,8.0,-13.333333333333334,46.666666666666664,39.1304347826087,31.25,3.7037037037037015,5.555555555555555,9.090909090909092,45.0,23.076923076923077,-28.571428571428573,False,True,False,True,False
11400,3,Dominican Republic,Kenya,61.904761904761905,8.333333333333334,-8.333333333333334,33.333333333333336,57.89473684210526,41.666666666666664,-5.882352941176469,0.0,-70.0,14.285714285714286,29.411764705882348,-18.181818181818183,False,True,False,True,False
11401,1,ROC,USA,41.935483870967744,12.0,13.333333333333334,38.888888888888886,60.714285714285715,17.391304347826086,21.875,0.0,-44.44444444444444,57.142857142857146,35.483870967741936,15.789473684210526,False,,,True,False
11401,2,ROC,USA,35.483870967741936,4.166666666666667,-4.545454545454546,63.63636363636363,42.85714285714287,38.095238095238095,11.11111111111111,0.0,-9.090909090909092,49.99999999999999,24.324324324324323,22.22222222222222,False,True,False,True,False
11401,3,ROC,USA,53.57142857142857,8.0,-15.789473684210526,38.888888888888886,59.25925925925926,30.0,25.0,5.263157894736842,-52.38095238095238,56.52173913043478,39.285714285714285,60.0,False,True,False,True,False
11402,1,Argentina,Türkiye,9.67741935483871,4.3478260869565215,-25.0,42.10526315789474,25.925925925925927,0.0,21.05263157894737,3.9999999999999996,6.249999999999999,65.0,41.666666666666664,25.925925925925927,False,,,False,True
11402,2,Argentina,Türkiye,5.555555555555555,0.0,-31.25,52.94117647058823,30.555555555555557,50.0,30.0,0.0,5.882352941176469,64.70588235294117,40.0,28.571428571428573,False,False,True,False,True
11402,3,Argentina,Türkiye,16.27906976744186,0.0,-40.0,73.91304347826087,27.5,-20.0,34.285714285714285,4.0,-12.0,68.75,50.0,32.142857142857146,False,False,True,False,True
11403,1,Brazil,Serbia,28.0,7.999999999999999,-55.55555555555556,75.0,37.5,19.047619047619047,30.76923076923077,4.999999999999999,-1.7763568394002505e-15,21.73913043478261,42.30769230769231,-6.666666666666667,False,,,True,False
11403,2,Brazil,Serbia,58.333333333333336,8.333333333333334,-35.714285714285715,84.61538461538461,65.21739130434783,42.10526315789474,20.689655172413794,0.0,-27.272727272727266,38.095238095238095,35.99999999999999,-15.789473684210526,False,True,False,True,False
11403,3,Brazil,Serbia,24.242424242424242,0.0,-46.666666666666664,41.1764705882353,43.75,37.5,40.62499999999999,4.3478260869565215,-16.666666666666668,76.19047619047619,48.484848484848484,12.499999999999995,False,True,False,False,True
11403,4,Brazil,Serbia,28.94736842105263,8.333333333333334,-15.789473684210526,72.22222222222223,42.10526315789473,48.148148148148145,19.999999999999996,0.0,-29.41176470588235,30.434782608695652,35.13513513513514,35.714285714285715,False,False,True,True,False
11404,1,Japan,Korea,13.333333333333334,0.0,-28.571428571428573,65.0,29.411764705882348,12.0,31.428571428571427,4.166666666666666,-3.7037037037037046,58.8235294117647,37.142857142857146,44.0,False,,,False,True
11404,2,Japan,Korea,23.68421052631579,0.0,-10.0,57.89473684210526,40.54054054054054,38.46153846153846,11.904761904761902,0.0,-27.272727272727273,81.81818181818181,27.027027027027028,14.285714285714281,False,False,True,True,False
11404,3,Japan,Korea,22.91666666666666,0.0,-31.57894736842105,61.904761904761905,37.5,25.806451612903224,35.0,0.0,-27.272727272727273,40.0,35.8974358974359,21.875,False,True,False,False,True
11404,4,Japan,Korea,36.111111111111114,8.333333333333334,-8.0,66.66666666666667,40.0,48.148148148148145,16.666666666666668,0.0,-40.0,47.61904761904762,31.25,3.571428571428572,False,False,True,True,False
11404,5,Japan,Korea,14.705882352941176,0.0,-15.384615384615385,46.666666666666664,29.032258064516128,31.03448275862069,20.58823529411765,0.0,-5.263157894736842,46.15384615384615,29.032258064516128,36.0,False,True,False,False,True
11405,1,China,Italy,18.181818181818183,4.0,-27.777777777777775,44.444444444444436,46.666666666666664,56.25,25.0,4.761904761904761,-16.666666666666668,54.54545454545455,46.42857142857142,-15.789473684210526,False,,,True,False
11405,2,China,Italy,31.818181818181817,4.166666666666667,-10.000000000000004,53.333333333333336,40.90909090909091,-12.5,14.285714285714286,4.761904761904762,-53.84615384615385,45.454545454545446,42.857142857142854,44.44444444444444,False,True,False,True,False
11405,3,China,Italy,16.666666666666668,0.0,-50.0,50.0,27.272727272727273,33.333333333333336,22.727272727272727,4.166666666666667,-23.809523809523807,64.0,41.46341463414634,60.0,False,True,False,True,False
11406,1,Korea,Serbia,18.181818181818183,15.789473684210526,-25.0,26.08695652173913,34.78260869565217,-46.15384615384615,38.09523809523809,16.666666666666668,12.5,35.294117647058826,47.61904761904762,-12.5,False,,,False,True
11406,2,Korea,Serbia,27.77777777777778,0.0,-53.84615384615385,29.166666666666668,42.42424242424242,14.814814814814815,44.827586206896555,16.0,-31.25,60.0,53.57142857142858,4.347826086956522,False,False,True,False,True
11406,3,Korea,Serbia,8.0,6.249999999999999,-33.333333333333336,4.545454545454547,30.434782608695652,-35.0,29.62962962962963,20.833333333333332,5.882352941176469,57.142857142857146,37.5,52.94117647058823,False,False,True,False,True
11407,1,Italy,USA,34.37499999999999,0.0,-13.636363636363637,55.55555555555556,43.75,33.333333333333336,11.904761904761905,4.761904761904762,-38.46153846153846,61.904761904761905,30.76923076923077,25.925925925925927,False,,,True,False
11407,2,Italy,USA,3.225806451612903,12.5,-61.53846153846154,43.47826086956522,38.70967741935484,16.666666666666668,72.22222222222223,0.0,0.0,33.333333333333336,76.47058823529412,-25.0,False,True,False,False,True
11407,3,Italy,USA,33.333333333333336,0.0,5.921189464667501e-16,68.0,45.714285714285715,16.666666666666668,16.216216216216218,0.0,-38.46153846153846,60.869565217391305,31.428571428571427,-8.333333333333336,False,False,True,True,False
11407,4,Italy,USA,-3.5714285714285694,0.0,-38.46153846153846,31.818181818181817,26.923076923076923,7.142857142857145,21.875,3.9999999999999996,30.0,84.61538461538461,33.333333333333336,39.99999999999999,False,True,False,False,True
11407,5,Italy,USA,21.052631578947366,0.0,-14.285714285714286,38.46153846153846,36.8421052631579,20.000000000000004,25.0,14.285714285714286,0.0,45.45454545454545,33.333333333333336,14.285714285714286,False,False,True,False,True
11408,1,ROC,Türkiye,40.0,12.0,-53.84615384615385,38.888888888888886,50.0,18.181818181818183,41.37931034482759,4.761904761904762,-28.571428571428573,34.78260869565217,46.42857142857143,10.000000000000002,False,,,True,False
11408,2,ROC,Türkiye,19.35483870967742,8.695652173913043,-30.76923076923077,45.833333333333336,43.333333333333336,-4.761904761904762,36.666666666666664,3.9999999999999996,-11.11111111111111,56.52173913043478,41.935483870967744,-1.7763568394002505e-15,False,True,False,False,True
11408,3,ROC,Türkiye,10.526315789473685,4.166666666666667,-7.692307692307692,31.818181818181817,28.571428571428573,39.99999999999999,2.777777777777778,8.333333333333334,-27.272727272727273,47.36842105263158,28.571428571428573,70.83333333333333,False,False,True,False,True
11408,4,ROC,Türkiye,40.0,20.833333333333332,22.22222222222222,35.714285714285715,52.94117647058823,0.0,5.263157894736842,0.0,-30.76923076923077,11.764705882352942,42.10526315789473,16.666666666666668,False,False,True,True,False
11408,5,ROC,Türkiye,-8.695652173913041,0.0,-33.333333333333336,71.42857142857143,21.05263157894737,30.0,26.666666666666668,0.0,25.0,37.5,46.666666666666664,8.333333333333334,False,True,False,False,True
11409,1,Argentina,China,12.121212121212121,6.25,-50.0,40.90909090909091,37.5,20.833333333333332,40.0,12.5,-13.333333333333334,66.66666666666667,48.00000000000001,36.8421052631579,False,,,False,True
11409,2,Argentina,China,30.0,0.0,-25.0,55.55555555555556,48.148148148148145,0.0,36.8421052631579,3.9999999999999996,-50.0,70.0,48.57142857142857,65.21739130434783,False,False,True,False,True
11409,3,Argentina,China,10.714285714285714,5.0,-33.333333333333336,47.61904761904762,26.923076923076923,-16.666666666666668,32.25806451612903,8.333333333333334,-13.333333333333334,68.42105263157895,50.0,66.66666666666667,False,False,True,False,True
11410,1,Dominican Republic,Japan,26.666666666666668,0.0,38.46153846153846,33.333333333333336,32.0,42.30769230769231,-13.513513513513514,0.0,-17.647058823529413,50.0,11.428571428571427,33.333333333333336,False,,,True,False
11410,2,Dominican Republic,Japan,47.61904761904762,4.166666666666667,-44.44444444444444,34.78260869565217,48.717948717948715,30.76923076923077,38.888888888888886,4.166666666666667,-33.333333333333336,63.1578947368421,45.16129032258065,-20.58823529411765,False,True,False,True,False
11410,3,Dominican Republic,Japan,24.242424242424242,0.0,-14.285714285714286,90.9090909090909,40.0,-19.23076923076923,33.333333333333336,0.0,-13.333333333333334,87.5,46.666666666666664,28.0,False,True,False,False,True
11410,4,Dominican Republic,Japan,39.39393939393939,0.0,0.0,36.8421052631579,50.0,4.761904761904761,11.42857142857143,0.0,-31.25,78.94736842105263,40.0,-3.999999999999998,False,False,True,True,False
11411,1,Brazil,Kenya,54.166666666666664,12.0,-25.0,100.0,63.1578947368421,20.0,11.11111111111111,0.0,-50.0,23.809523809523807,25.0,-53.333333333333336,False,,,True,False
11411,2,Brazil,Kenya,27.027027027027028,4.166666666666667,-33.333333333333336,50.0,38.23529411764706,61.53846153846154,15.625,5.882352941176471,-25.0,59.999999999999986,25.0,-7.6923076923076925,False,True,False,True,False
11411,3,Brazil,Kenya,65.38461538461539,0.0,-33.333333333333336,60.0,63.63636363636363,61.904761904761905,7.105427357601002e-16,0.0,-44.44444444444444,55.55555555555556,21.05263157894737,-70.58823529411765,False,True,False,True,False
11412,1,Brazil,ROC,25.0,0.0,-25.0,77.27272727272727,39.39393939393939,14.285714285714286,33.333333333333336,0.0,-18.75,47.61904761904762,45.0,3.3333333333333335,True,,,False,True
11412,2,Brazil,ROC,25.0,7.999999999999999,-6.250000000000001,85.0,45.714285714285715,18.51851851851852,27.586206896551722,0.0,-30.434782608695652,25.0,41.37931034482759,11.764705882352942,True,False,True,True,False
11412,3,Brazil,ROC,30.555555555555557,4.166666666666667,-18.181818181818183,50.0,41.935483870967744,65.0,17.647058823529413,5.0,-19.047619047619047,47.61904761904761,34.375,-3.5714285714285734,True,True,False,True,False
11412,4,Brazil,ROC,26.666666666666668,12.0,-22.727272727272723,57.14285714285713,40.0,29.41176470588235,14.705882352941176,4.545454545454545,-21.05263157894737,45.833333333333336,36.666666666666664,27.77777777777778,True,True,False,True,False
11413,1,Korea,Türkiye,5.405405405405405,11.764705882352942,-23.076923076923077,43.47826086956522,29.72972972972973,28.0,34.61538461538461,12.0,4.545454545454546,28.571428571428573,46.15384615384615,38.095238095238095,True,,,False,True
11413,2,Korea,Türkiye,28.571428571428573,8.0,12.5,38.46153846153846,32.35294117647059,41.37931034482759,17.142857142857142,0.0,-37.5,28.571428571428573,31.428571428571427,42.30769230769231,True,False,True,True,False
11413,3,Korea,Türkiye,30.76923076923077,0.0,14.285714285714286,62.5,47.22222222222222,-9.375,36.111111111111114,3.7037037037037037,12.5,58.33333333333332,44.11764705882353,-7.407407407407408,True,True,False,True,False
11413,4,Korea,Türkiye,6.25,0.0,-36.36363636363637,55.0,37.93103448275862,8.695652173913043,34.61538461538461,4.3478260869565215,1.0931426704001542e-15,64.70588235294117,52.0,10.526315789473685,True,True,False,False,True
11413,5,Korea,Türkiye,47.36842105263158,0.0,-30.0,-8.333333333333334,43.75,8.333333333333334,23.80952380952381,15.384615384615385,-27.272727272727273,57.142857142857146,45.0,23.076923076923077,True,False,True,True,False
11414,1,Italy,Serbia,12.121212121212121,0.0,-18.75,69.56521739130434,40.0,-1.8947806286936005e-15,17.857142857142854,4.0,-35.0,64.28571428571429,50.0,50.0,True,,,False,True
11414,2,Italy,Serbia,7.407407407407408,6.666666666666667,-63.63636363636363,36.36363636363637,38.46153846153846,-15.384615384615385,48.0,4.166666666666667,-36.36363636363637,64.28571428571429,54.54545454545455,42.857142857142854,True,False,True,False,True
11414,3,Italy,Serbia,5.88235294117647,4.761904761904761,-35.0,68.18181818181819,32.35294117647059,23.529411764705884,32.25806451612903,0.0,-5.000000000000002,55.55555555555556,55.172413793103445,37.5,True,False,True,False,True
11415,1,Dominican Republic,USA,-6.451612903225806,0.0,-57.14285714285713,40.0,19.999999999999996,19.047619047619047,44.44444444444444,8.333333333333332,20.0,80.0,42.30769230769231,54.54545454545455,True,,,False,True
11415,2,Dominican Republic,USA,26.666666666666668,0.0,-12.5,40.90909090909091,40.0,14.285714285714286,23.529411764705884,7.999999999999999,-22.22222222222222,73.33333333333333,36.666666666666664,36.36363636363637,True,False,True,False,True
11415,3,Dominican Republic,USA,35.483870967741936,0.0,-38.095238095238095,52.63157894736842,44.827586206896555,-12.903225806451612,39.130434782608695,8.333333333333332,-36.8421052631579,65.0,45.45454545454545,66.66666666666667,True,False,True,False,True
11416,1,Brazil,Korea,41.666666666666664,4.166666666666667,8.333333333333334,60.0,52.17391304347826,1.3534147347811431e-15,8.333333333333334,0.0,-25.0,43.47826086956522,27.777777777777775,16.666666666666664,True,,,True,False
11416,2,Brazil,Korea,43.333333333333336,4.0,10.526315789473685,26.666666666666668,50.0,33.333333333333336,5.2631578947368425,12.5,-25.0,26.08695652173913,26.31578947368421,21.428571428571427,True,True,False,True,False
11416,3,Brazil,Korea,29.032258064516128,8.333333333333334,26.666666666666668,46.666666666666664,38.70967741935484,40.90909090909091,13.793103448275861,0.0,-9.999999999999998,50.0,34.48275862068966,2.2737367544323206e-15,True,True,False,True,False
11417,1,Serbia,USA,25.925925925925927,0.0,-14.285714285714283,42.857142857142854,42.30769230769231,-13.043478260869565,44.827586206896555,8.333333333333332,-14.285714285714286,47.05882352941177,57.142857142857146,21.052631578947366,True,,,False,True
11417,2,Serbia,USA,-5.921189464667501e-16,0.0,-25.0,30.434782608695652,28.0,5.882352941176471,22.727272727272723,8.0,0.0,72.72727272727273,45.45454545454545,11.764705882352942,True,False,True,False,True
11417,3,Serbia,USA,20.689655172413794,0.0,-5.263157894736842,47.61904761904761,41.37931034482759,1.2357264969740872e-15,17.5,8.333333333333334,-14.285714285714283,71.42857142857143,30.0,39.130434782608695,True,False,True,False,True
11418,1,Korea,Serbia,7.407407407407407,11.11111111111111,-45.45454545454545,23.80952380952381,24.0,-18.181818181818183,41.935483870967744,4.0,-11.11111111111111,52.94117647058823,56.666666666666664,55.0,True,,,False,True
11418,2,Korea,Serbia,13.793103448275861,12.5,-55.55555555555556,45.0,21.428571428571427,0.0,65.21739130434783,8.333333333333334,13.333333333333332,21.428571428571427,66.66666666666667,19.047619047619047,True,False,True,False,True
11418,3,Korea,Serbia,3.030303030303031,6.666666666666667,-25.0,18.181818181818183,30.303030303030305,33.333333333333336,36.0,16.0,-12.499999999999998,69.23076923076923,40.00000000000001,42.10526315789474,True,False,True,False,True
11419,1,Brazil,USA,17.241379310344826,0.0,-33.333333333333336,47.36842105263158,31.03448275862069,15.0,31.57894736842105,4.166666666666667,-19.999999999999996,55.0,44.44444444444444,9.090909090909092,True,,,False,True
11419,2,Brazil,USA,25.0,0.0,-25.0,65.21739130434783,35.13513513513514,17.391304347826086,29.41176470588235,4.0,-29.41176470588235,68.75,43.333333333333336,29.166666666666668,True,False,True,False,True
11419,3,Brazil,USA,-2.7777777777777795,6.666666666666667,-46.666666666666664,47.61904761904762,25.714285714285715,37.5,52.0,0.0,29.41176470588235,42.857142857142854,56.0,-9.090909090909092,True,False,True,False,True
11830,1,Belgium,Netherlands,30.302727272727275,4.546818181818183,-38.09619047619047,30.0,17.647058823529413,-25.0,35.89564102564103,-8.3325,-25.0,42.854285714285716,35.13945945945946,56.52173913043478,False,,,False,True
11830,2,Belgium,Netherlands,27.274545454545457,-42.10526315789474,-50.0,43.47695652173913,56.245625000000004,100.0,18.181212121212123,0.0008000000000004093,-30.76923076923077,54.54636363636364,35.48,68.42105263157895,False,False,True,False,True
11830,3,Belgium,Netherlands,26.665333333333333,-10.525263157894736,-61.53769230769231,42.85857142857143,25.809677419354838,-10.0,42.85857142857143,-8.3325,-16.66722222222222,41.17823529411765,35.290588235294116,66.666,False,False,True,False,True
11831,1,Serbia,Türkiye,7.407777777777778,-4.545454545454546,-40.0,19.046666666666667,4.002,36.36363636363637,22.221851851851852,-4.164583333333333,-8.333333333333334,22.223333333333333,12.4975,69.23076923076923,False,,,False,True
11831,2,Serbia,Türkiye,28.12375,-0.00041666666666687985,19.999000000000002,42.10578947368421,6.25,50.0,6.450967741935484,0.0,-23.077692307692306,31.819090909090907,16.665333333333333,83.33333333333333,False,False,True,True,False
11831,3,Serbia,Türkiye,28.572857142857142,4.1674999999999995,-9.998999999999999,18.182727272727274,7.404444444444445,50.00071428571429,24.324594594594593,4.16625,-18.181818181818183,-0.0004761904761900431,5.555555555555555,82.61000000000001,False,True,False,False,True
11831,4,Serbia,Türkiye,20.00177777777778,-8.333333333333334,-5.262631578947368,27.272727272727273,4.349347826086956,65.38346153846155,13.953255813953488,-4.348695652173913,-18.75125,22.727272727272727,11.366818181818182,80.0,False,False,True,True,False
11831,5,Serbia,Türkiye,2.7794444444444446,-26.666666666666668,28.571428571428573,26.664666666666665,5.88,86.36454545454545,-8.332916666666668,6.666666666666667,23.076923076923077,18.181818181818183,8.7,61.906190476190474,False,True,False,False,True
11832,1,Germany,Russia,26.667777777777776,9.090454545454547,-33.33166666666667,60.869565217391305,20.0,61.906666666666666,52.94294117647058,-4.16625,-39.9985,22.72590909090909,17.142857142857142,81.25,False,,,False,True
11832,2,Germany,Russia,21.2130303030303,-4.546363636363637,-55.556666666666665,45.45590909090909,10.813513513513515,74.999375,31.035172413793102,-4.166666666666667,-5.879999999999999,24.999000000000002,0.0,33.33166666666667,False,False,True,False,True
11832,3,Germany,Russia,21.741304347826084,4.999499999999999,-11.11111111111111,13.635909090909092,8.334166666666667,35.714285714285715,38.46038461538462,8.333333333333334,-49.998333333333335,11.765882352941176,0.0,90.9090909090909,False,False,True,False,True
11833,1,Japan,Thailand,44.827586206896555,-12.0,33.3325,53.84615384615385,20.000333333333334,84.61538461538461,6.667,-13.333333333333334,-25.0,9.9985,7.6899999999999995,50.0,False,,,True,False
11833,2,Japan,Thailand,46.666666666666664,8.33375,-27.272727272727273,58.82058823529411,27.59,47.36842105263158,32.14178571428572,5.555555555555555,-37.5,17.389999999999997,3.3333333333333335,47.3678947368421,False,True,False,True,False
11833,3,Japan,Thailand,39.39393939393939,-4.0,-21.738695652173913,53.84615384615385,22.583225806451615,82.35352941176471,17.949743589743587,-18.75,-16.666666666666668,33.33375,7.893947368421052,80.00066666666666,False,True,False,True,False
11834,1,China,Korea,21.27787234042553,0.0,-39.99933333333333,41.6675,2.2745454545454544,100.0,30.7674358974359,0.001200000000000614,-0.0011111111111116794,38.09571428571429,5.555555555555555,55.55388888888889,False,,,False,True
11834,2,China,Korea,32.25709677419355,-8.0,-14.285,37.5,3.4468965517241377,62.500625,10.637021276595743,-15.788947368421054,-66.66666666666667,52.17260869565217,4.542727272727273,91.66666666666667,False,False,True,True,False
11834,3,China,Korea,44.444074074074074,-12.499583333333334,-10.001,5.881764705882353,12.0,73.33333333333333,12.5003125,0.0020000000000003127,-100.0,42.10526315789474,6.249375,84.61538461538461,False,True,False,True,False
11834,4,China,Korea,22.221944444444446,-4.0004,-9.09,25.0,10.807297297297298,72.72681818181819,0.0010256410256404573,-5.881764705882353,-37.5,19.049047619047617,12.82102564102564,49.999545454545455,False,True,False,True,False
11835,1,Dominican Republic,USA,41.935483870967744,-9.523333333333333,-100.0,17.390869565217393,100.0,-53.846923076923076,47.21944444444445,0.0,-44.44444444444444,47.36736842105263,-33.333333333333336,-38.46153846153846,False,,,False,True
11835,2,Dominican Republic,USA,9.75390243902439,-4.761428571428572,-41.666666666666664,14.999500000000001,0.0,31.57842105263158,25.530212765957447,-19.9996,-27.272727272727273,31.57842105263158,50.00125,56.24875,False,False,True,False,True
11835,3,Dominican Republic,USA,2.777222222222222,-15.384615384615385,-66.66666666666667,43.47652173913043,0.0,6.664666666666666,44.443703703703704,0.0,0.0,45.45272727272727,100.0,33.3325,False,False,True,False,True
11836,1,Italy,Poland,22.57935483870968,-13.043478260869565,-23.528823529411767,24.9985,18.752187499999998,62.5,21.051052631578948,-8.332916666666668,-11.112222222222222,36.8421052631579,5.262631578947368,55.556666666666665,False,,,False,True
11836,2,Italy,Poland,19.999714285714287,4.167083333333333,20.0,14.998499999999998,31.432,61.90571428571428,24.9990625,-8.694782608695652,-0.0015384615384623256,9.090454545454547,18.7521875,34.998000000000005,False,False,True,True,False
11836,3,Italy,Poland,-3.2264516129032255,15.9992,-11.11,42.85857142857143,22.580645161290324,77.77777777777777,16.12774193548387,-29.999000000000002,-0.0007142857142850646,-17.391304347826086,9.093939393939394,73.33266666666667,False,True,False,True,False
11836,4,Italy,Poland,22.22111111111111,-4.545,-33.333333333333336,21.738260869565217,25.0,75.0,33.331818181818186,0.00040000000000020466,-25.0,52.38,9.67741935483871,38.888888888888886,False,True,False,False,True
11836,5,Italy,Poland,7.1432142857142855,-12.499375,0.0,-0.002142857142857224,7.145357142857143,58.82411764705882,8.695652173913043,6.249375,-22.22222222222222,35.71357142857143,0.0,61.53846153846154,False,False,True,False,True
11837,1,Brazil,Canada,30.30151515151515,0.0,-36.36181818181819,45.001,-100.0,26.666,31.817045454545454,-12.5,-33.333333333333336,25.000833333333333,0.0,-5.554444444444444,False,,,False,True
11837,2,Brazil,Canada,33.333333333333336,-4.16625,57.142857142857146,77.77777777777777,,45.45454545454545,-9.091515151515152,-24.999166666666667,-40.0,34.7804347826087,0.0,-9.090909090909092,False,False,True,True,False
11837,3,Brazil,Canada,50.0005,12.002,33.33166666666667,50.0,0.0,-25.00125,-3.449655172413792,-11.11111111111111,-60.0,7.9988,-7.68923076923077,0.0,False,True,False,True,False
11837,4,Brazil,Canada,26.666333333333334,0.0,25.0,42.85857142857143,0.0,55.55444444444444,-2.630263157894736,-6.666666666666667,-22.221111111111114,29.165833333333335,-2.7027027027027026,53.84615384615385,False,True,False,True,False
11838,1,Germany,Netherlands,4.0004,0.0005263157894739535,0.0,21.050526315789472,4.542727272727273,49.99699999999999,31.035172413793102,-8.333333333333334,14.285714285714286,27.77611111111111,17.39,71.42857142857143,False,,,False,True
11838,2,Germany,Netherlands,33.33282051282051,-8.334166666666667,66.66666666666667,61.10833333333332,21.624324324324323,84.61461538461539,14.284857142857144,-5.2631578947368425,0.0,20.0015,23.529411764705884,87.499375,False,False,True,True,False
11838,3,Germany,Netherlands,30.555833333333332,-6.896206896551725,-33.333333333333336,40.90909090909091,17.143714285714285,64.70588235294117,36.17148936170213,-17.24206896551724,0.0,34.61615384615384,9.090454545454547,89.47368421052632,False,True,False,False,True
11838,4,Germany,Netherlands,22.223333333333333,-16.66625,33.333333333333336,19.047619047619047,36.67066666666666,84.61461538461539,15.38423076923077,-8.332083333333333,-42.857142857142854,36.84263157894737,36.0,100.0,False,False,True,True,False
11838,5,Germany,Netherlands,40.907272727272726,-6.666666666666667,-100.0,36.36545454545455,31.818181818181817,38.46,27.77611111111111,-8.333333333333334,-66.66666666666667,7.693846153846154,36.845263157894735,60.0,False,True,False,True,False
11839,1,Korea,Thailand,18.183333333333334,-6.25,-36.36363636363637,14.285714285714286,5.885294117647058,64.70529411764706,34.21,4.166666666666667,-28.571428571428573,40.001999999999995,21.054736842105264,70.0,False,,,False,True
11839,2,Korea,Thailand,42.42242424242424,0.0008333333333337597,0.0006250000000003197,78.57357142857144,36.36,85.71238095238095,2.7797222222222224,0.0,-20.0,9.091363636363637,5.714285714285714,31.81681818181818,False,False,True,True,False
11839,3,Korea,Thailand,38.88666666666667,-4.0,-6.666666666666667,43.74875,33.33,81.81818181818181,18.91918918918919,-11.11111111111111,-49.99916666666667,31.818181818181817,17.144,52.17434782608696,False,True,False,True,False
11839,4,Korea,Thailand,40.54054054054054,-8.333333333333334,-11.11111111111111,44.445,29.726756756756753,75.0,18.919999999999998,5.555,-63.63636363636363,52.38238095238095,12.82076923076923,52.0,False,True,False,True,False
11840,1,China,Japan,4.445333333333332,-7.6923076923076925,-50.0,35.998,24.997727272727275,46.666666666666664,33.331428571428575,0.0,11.11111111111111,66.66833333333334,43.585641025641024,61.53923076923077,False,,,False,True
11840,2,China,Japan,33.333333333333336,-10.0,14.285714285714286,16.666666666666668,36.36363636363637,39.999,34.99825,-12.5,-100.0,61.111111111111114,32.5045,88.88888888888889,False,False,True,False,True
11840,3,China,Japan,37.038888888888884,-5.881764705882353,0.0,15.998800000000001,28.0016,71.42714285714285,37.141714285714286,16.000799999999998,-100.0,49.99875,37.138285714285715,59.99933333333333,False,False,True,False,True
11842,1,Poland,Serbia,42.8575,-8.332916666666668,-80.0,52.942352941176466,10.7175,78.57142857142857,29.032258064516128,-19.046666666666667,-69.999,10.0,10.343793103448276,46.15384615384615,False,,,True,False
11842,2,Poland,Serbia,22.580322580645163,-5.555555555555555,0.0,22.72681818181818,3.225806451612903,33.33190476190477,39.3930303030303,5.921189464667501e-16,-23.076153846153847,23.52823529411765,9.090909090909092,100.0,False,True,False,False,True
11842,3,Poland,Serbia,-9.373124999999998,6.251250000000001,-57.142857142857146,54.54727272727273,6.253125,38.46076923076923,37.502916666666664,-11.9992,8.333333333333334,20.0,-3.8473076923076923,85.71428571428571,False,False,True,False,True
11842,4,Poland,Serbia,18.749375,-4.545454545454546,-28.57,42.85809523809524,16.663999999999998,15.79,34.285428571428575,-8.33375,-40.0,10.0015,8.822647058823529,52.17391304347826,False,False,True,False,True
11843,1,Brazil,Dominican Republic,31.579736842105262,-12.499166666666666,14.285714285714286,47.618095238095236,5.267631578947369,50.0,11.109629629629628,4.761428571428572,-42.857142857142854,-0.002105263157895814,0.0,71.42714285714285,False,,,True,False
11843,2,Brazil,Dominican Republic,55.9992,-12.0,0.0,54.54545454545455,25.001666666666665,66.66666666666667,3.226774193548386,-15.384615384615385,-28.571428571428573,45.455,6.0606060606060606,14.285714285714286,False,True,False,True,False
11843,3,Brazil,Dominican Republic,43.750625,-8.333333333333334,-22.22222222222222,73.334,13.79586206896552,100.0,18.421315789473685,-16.66611111111111,-16.666666666666668,27.272727272727273,0.0,88.88888888888889,False,True,False,True,False
11844,1,Italy,Türkiye,10.345862068965518,-21.428571428571427,-100.0,31.818181818181817,16.668666666666667,69.23076923076923,61.11277777777778,4.1675,33.33166666666667,72.72818181818182,44.44,27.272727272727273,False,,,False,True
11844,2,Italy,Türkiye,35.71321428571429,-13.04304347826087,-75.0,16.66611111111111,10.714285714285714,35.714285714285715,51.72448275862069,-23.998800000000003,-40.0,47.36842105263158,10.343793103448276,24.999375,False,False,True,False,True
11844,3,Italy,Türkiye,33.333333333333336,-29.41176470588235,-66.66666666666667,19.045714285714286,14.287142857142856,-14.285714285714286,60.87,-8.332916666666668,-80.0,41.665,21.74,54.54454545454546,False,False,True,False,True
11845,1,Canada,USA,13.95232558139535,-12.5,-40.0,13.044782608695652,2.3232558139534887,62.49875,21.429285714285715,-11.539615384615384,11.112222222222222,33.33571428571428,2.437073170731707,100.0,False,,,False,True
11845,2,Canada,USA,16.666666666666668,-6.25,-33.333333333333336,4.763333333333334,0.0,50.0,38.88694444444444,-4.16625,60.0,39.998666666666665,2.936470588235294,100.0,False,False,True,False,True
11845,3,Canada,USA,3.1250000000000004,0.0,-100.0,4.348260869565218,0.0,100.0,48.387741935483874,-0.00040000000000020466,49.9975,50.0,0.0,100.0,False,False,True,False,True
11846,1,Belgium,Germany,21.42892857142857,-14.999500000000001,0.0,15.001499999999998,0.0,100.0,31.2496875,-8.0,0.0,62.500625,13.330333333333332,66.66666666666667,False,,,False,True
11846,2,Belgium,Germany,11.766470588235293,0.0,-33.333333333333336,23.81047619047619,-2.9411764705882355,100.0,32.43297297297297,-4.16625,50.0,44.9985,0.0,100.0,False,False,True,False,True
11846,3,Belgium,Germany,13.332666666666666,-30.77076923076923,-33.333333333333336,16.666666666666668,3.4468965517241377,100.0,50.00055555555556,7.999999999999999,50.0,37.5,11.11111111111111,83.33333333333333,False,False,True,False,True
11847,1,Netherlands,Russia,57.14357142857143,-12.5,14.285714285714286,61.53923076923077,39.28785714285714,66.66722222222222,16.665833333333335,-7.142142857142857,-40.0,10.52842105263158,0.002083333333333215,16.66611111111111,False,,,True,False
11847,2,Netherlands,Russia,34.3746875,-8.332916666666668,-50.0,27.778888888888886,9.68,55.55555555555556,34.3740625,-13.636363636363637,-40.0,40.912727272727274,6.251249999999999,14.285714285714286,False,True,False,True,False
11847,3,Netherlands,Russia,44.001599999999996,-8.335,-72.72818181818182,5.0005,20.0,60.0,43.33266666666667,0.0,-57.142857142857146,38.09761904761905,6.450645161290321,33.333333333333336,False,True,False,False,True
11847,4,Netherlands,Russia,21.21090909090909,4.16625,-0.0009999999999990906,11.110555555555557,9.38,71.42857142857143,12.901612903225805,-4.763809523809524,57.144285714285715,22.72590909090909,6.253125000000001,52.94,False,False,True,True,False
11848,1,Japan,Korea,36.109722222222224,0.00160000000000025,66.66666666666667,76.47117647058823,-2.7027027027027026,,14.633658536585367,-5.555,66.66666666666667,41.665416666666665,2.5615384615384618,100.0,False,,,True,False
11848,2,Japan,Korea,43.751562500000006,-4.166666666666667,0.0,72.22333333333333,6.449032258064516,80.0,24.13689655172414,-5.262631578947368,100.0,28.57190476190476,0.000344827586207073,100.0,False,True,False,True,False
11848,3,Japan,Korea,27.0825,-3.7037037037037037,66.66666666666667,26.088260869565215,6.519565217391304,100.0,21.429285714285715,4.000800000000001,20.0,23.9996,2.3286046511627907,100.0,False,True,False,True,False
11849,1,Canada,Dominican Republic,12.121818181818181,-17.647058823529413,-10.0,-8.000399999999999,9.090909090909092,60.001333333333335,13.335,15.9992,-14.285714285714286,7.142857142857143,10.346206896551722,57.89368421052632,False,,,False,True
11849,2,Canada,Dominican Republic,27.50125,-16.0004,-12.49875,13.637727272727272,7.141666666666667,70.96806451612903,15.093396226415095,0.001200000000000614,-100.0,34.9995,9.263703703703703,88.8872222222222,False,False,True,False,True
11849,3,Canada,Dominican Republic,28.57,-3.4479310344827585,0.0,19.229615384615382,6.821363636363636,48.38709677419355,24.32540540540541,-3.4482758620689653,-30.0,11.539615384615384,2.781388888888889,30.76923076923077,False,False,True,True,False
11849,4,Canada,Dominican Republic,31.818181818181817,-11.764117647058825,-66.66666666666667,0.0,8.333333333333334,53.84615384615385,51.85111111111111,-8.3325,-40.001999999999995,-0.0007692307692300696,7.407407407407407,68.42157894736842,False,True,False,False,True
11850,1,China,Thailand,39.39424242424242,-4.167083333333333,27.273636363636363,50.00125,39.3960606060606,60.87,8.824705882352943,0.0,-12.49875,31.818181818181817,8.82470588235294,23.81047619047619,False,,,True,False
11850,2,China,Thailand,48.27724137931035,4.0,-30.76923076923077,35.712857142857146,37.9351724137931,50.0,22.22222222222222,0.0,-50.0,21.7404347826087,18.52074074074074,46.666000000000004,False,True,False,True,False
11850,3,China,Thailand,48.0,-4.1675,-12.5,40.91,54.169999999999995,21.427857142857142,27.778055555555554,-4.1675,-75.0,36.36318181818182,18.17727272727273,57.142857142857146,False,True,False,True,False
11851,1,Poland,Türkiye,21.8740625,4.349130434782609,50.0,12.499166666666666,24.245454545454546,37.500625,24.242121212121212,3.9988,0.0,13.635454545454547,16.131612903225808,53.333333333333336,False,,,False,True
11851,2,Poland,Türkiye,45.71171428571429,-7.408148148148148,-9.998999999999999,21.738260869565217,25.003125,80.0,33.333333333333336,-8.0,-75.0,19.999200000000002,30.76717948717949,58.8235294117647,False,False,True,True,False
11851,3,Poland,Türkiye,35.296176470588236,4.347391304347826,-60.0,29.166666666666668,14.708823529411765,12.499375,46.42964285714286,-0.00040000000000020466,-27.270909090909093,5.000000000000001,17.240689655172414,33.333333333333336,False,True,False,False,True
11851,4,Poland,Türkiye,6.452258064516131,-0.0004761904761900431,-0.0012500000000006395,14.285238095238096,19.356451612903225,27.272727272727273,26.47205882352941,-8.335,-12.5,21.053684210526313,24.13655172413793,78.57142857142857,False,False,True,False,True
11852,1,Brazil,USA,16.665555555555557,0.0,-43.749375,40.91045454545454,17.145142857142854,55.556666666666665,47.057647058823534,-4.165416666666666,6.250625,35.29529411764706,22.853428571428573,61.90380952380953,False,,,False,True
11852,2,Brazil,USA,27.026486486486487,-5.555555555555555,-30.767692307692307,24.000799999999998,5.261315789473684,55.0015,40.625,7.9996,-59.99933333333333,12.5,9.086969696969698,66.66777777777777,False,False,True,False,True
11852,3,Brazil,USA,32.50025,-7.998399999999999,-9.09,26.084347826086955,5.404054054054055,57.691153846153846,16.279999999999998,8.695652173913043,-37.500625,45.45363636363636,32.56,66.66888888888889,False,False,True,True,False
11852,4,Brazil,USA,32.432432432432435,-9.090454545454547,-26.666666666666668,29.16541666666667,35.13702702702703,56.52086956521739,32.49975,0.0,-42.857142857142854,35.001,46.15512820512821,76.19095238095238,False,True,False,False,True
11853,1,Italy,Serbia,0.001000000000000038,-16.66611111111111,-11.11,4.761904761904762,12.49625,86.66666666666667,21.876562500000002,-11.999600000000001,0.0,20.000666666666667,22.578064516129036,50.0,False,,,False,True
11853,2,Italy,Serbia,27.77722222222222,-16.0,0.0014285714285721593,36.8421052631579,20.00142857142857,28.57095238095238,23.529705882352943,-17.390869565217393,-30.77,23.811904761904763,17.647058823529413,62.5,False,False,True,True,False
11853,3,Italy,Serbia,22.22222222222222,-16.66625,8.332500000000001,44.0,15.786842105263156,46.666666666666664,16.215675675675676,-0.0003846153846155814,-28.571428571428573,29.999000000000002,2.856,38.888888888888886,False,True,False,False,True
11853,4,Italy,Serbia,11.429142857142857,-4.76095238095238,-42.857142857142854,35.0,8.105405405405405,55.55444444444444,28.570285714285713,-16.665416666666665,-10.0,42.10473684210526,17.650000000000002,68.74875,False,False,True,False,True
11854,1,Netherlands,Thailand,38.88805555555555,-16.0004,-7.142857142857143,42.10526315789474,75.0,55.55555555555556,11.903333333333332,-0.0005000000000002558,0.0,28.573809523809523,100.0,19.048571428571428,False,,,True,False
11854,2,Netherlands,Thailand,62.5,4.165416666666665,-12.5,66.66666666666667,100.0,60.0,-0.00032258064516145534,-10.0,-25.0,4.545454545454546,75.0,-9.999500000000001,False,True,False,True,False
11854,3,Netherlands,Thailand,53.56964285714286,-11.999600000000001,-16.666666666666668,47.057647058823534,100.0,30.76923076923077,14.286071428571429,0.0,0.0,44.9995,100.0,-21.428571428571427,False,True,False,True,False
11855,1,Belgium,Dominican Republic,34.146341463414636,0.0003124999999997158,-50.0,33.33074074074074,100.0,21.73782608695652,52.6321052631579,-12.501875,-33.333999999999996,10.713214285714285,100.0,19.999000000000002,False,,,False,True
11855,2,Belgium,Dominican Republic,19.045238095238094,-5.262631578947368,-41.17588235294118,37.501666666666665,100.0,51.723103448275864,31.11266666666667,-4.0,0.0,16.66722222222222,100.0,58.064516129032256,False,False,True,False,True
11855,3,Belgium,Dominican Republic,34.21184210526316,-3.9983999999999997,-27.27318181818182,23.528823529411767,42.857142857142854,83.9992,17.499000000000002,-5.0,-50.000625,8.69608695652174,0.0,91.30521739130435,False,False,True,True,False
11855,4,Belgium,Dominican Republic,24.13758620689655,16.665416666666665,-40.0,41.666666666666664,100.0,59.09090909090909,22.580000000000002,-29.411176470588234,0.0025000000000000946,-4.3478260869565215,66.67,63.15894736842105,False,True,False,True,False
11855,5,Belgium,Dominican Republic,47.370526315789476,6.666666666666667,-50.00125,55.55444444444444,100.0,53.84615384615385,41.17588235294118,-18.180909090909093,-57.142857142857146,33.333999999999996,0.0,11.11111111111111,False,True,False,True,False
11856,1,China,Germany,37.03703703703704,-10.0,-66.665,27.272727272727273,100.0,0.0,39.999,4.0,10.0,29.413529411764703,100.0,12.500625,False,,,False,True
11856,2,China,Germany,10.81081081081081,-19.999000000000002,0.0,36.36409090909091,83.33333333333333,16.666666666666668,26.666333333333334,-4.167916666666667,40.0,50.000625,40.0,23.81047619047619,False,False,True,False,True
11856,3,China,Germany,25.715142857142855,-7.691153846153845,0.0008333333333337597,27.273636363636363,33.333333333333336,57.142857142857146,21.620810810810813,-11.538076923076924,-30.0,69.56434782608696,0.0,31.249375,False,False,True,True,False
11856,4,China,Germany,20.0015,-4.0,0.0022222222222217803,22.223888888888887,85.71142857142857,14.284285714285714,11.905714285714286,-9.524285714285714,-11.11111111111111,49.999583333333334,88.88888888888889,44.999,False,True,False,True,False
11856,5,China,Germany,36.840526315789475,14.285714285714286,-33.333333333333336,50.0,100.0,24.99875,26.313684210526315,-20.0,-50.0,21.428571428571427,,20.0,False,True,False,True,False
11857,1,Brazil,Japan,41.6675,0.00041666666666687985,6.666666666666667,38.464615384615385,27.269999999999996,61.53769230769231,10.345172413793103,-18.75,-71.42857142857143,40.91136363636363,24.138620689655173,40.00066666666667,False,,,True,False
11857,2,Brazil,Japan,35.134054054054054,0.0,-14.285714285714286,29.41176470588235,27.024594594594593,53.84538461538462,17.07219512195122,-0.0005263157894732055,-59.999,35.9992,19.51487804878049,76.19047619047619,False,True,False,True,False
11857,3,Brazil,Japan,26.66711111111111,0.0,-28.572857142857142,63.63863636363636,27.269999999999996,77.77777777777777,16.280232558139534,0.0,-16.666666666666668,52.17130434782609,13.334444444444443,57.692692307692305,False,True,False,True,False
11858,1,Canada,Türkiye,20.513076923076923,-13.04304347826087,-0.0004761904761900431,19.9996,16.216486486486485,45.45545454545454,13.512432432432433,4.0,14.999500000000001,19.9985,21.623783783783782,42.30769230769231,False,,,False,True
11858,2,Canada,Türkiye,32.432432432432435,-12.000399999999999,-0.0021428571428582393,12.50125,11.1075,62.06758620689655,15.383333333333335,-15.788947368421054,-36.8421052631579,19.04714285714286,21.055526315789475,77.27363636363636,False,False,True,True,False
11858,3,Canada,Türkiye,33.333030303030306,0.0008333333333337597,-15.001,9.090909090909092,17.144,41.935806451612905,20.454090909090908,-0.0013043478260870058,-31.249375,13.041739130434784,23.258604651162788,62.07000000000001,False,True,False,True,False
11858,4,Canada,Türkiye,27.271212121212123,4.167083333333333,-46.66866666666667,9.090909090909092,14.708823529411765,52.38095238095238,33.3325,-4.166666666666667,-33.333333333333336,0.0,10.807297297297298,75.0,False,True,False,False,True
11858,5,Canada,Türkiye,11.764705882352942,-8.333333333333334,-25.0,14.287142857142856,43.753125000000004,-24.99875,33.333333333333336,-6.666666666666667,0.0,27.274545454545454,0.0,80.0,False,False,True,False,True
11859,1,Korea,Poland,3.03,6.25,-75.0,22.727272727272727,24.244242424242422,35.0,45.16129032258065,-4.166666666666667,-27.271818181818183,25.0,29.997,63.15684210526316,False,,,False,True
11859,2,Korea,Poland,22.857142857142858,-15.0,-11.11111111111111,19.9988,18.181212121212123,38.095238095238095,28.1246875,11.9992,-20.000999999999998,41.17823529411765,14.707647058823529,43.47782608695652,False,False,True,False,True
11859,3,Korea,Poland,16.129354838709677,-4.346521739130434,-16.666666666666668,14.285714285714286,17.241724137931033,50.00055555555556,31.03448275862069,-4.166666666666667,20.0,14.999500000000001,22.22222222222222,36.8421052631579,False,False,True,False,True
11860,1,Serbia,USA,3.225161290322581,-0.0004761904761907198,-12.5,15.787368421052633,6.664000000000001,36.36545454545455,37.034814814814816,-16.6675,-14.284285714285714,-5.262631578947368,20.83375,60.0,False,,,False,True
11860,2,Serbia,USA,4.879268292682927,0.0,-15.788947368421054,22.72681818181818,0.0024390243902437637,42.42333333333333,27.90511627906977,-8.0012,-26.316315789473684,26.667333333333332,39.020731707317076,80.64451612903225,False,False,True,False,True
11860,3,Serbia,USA,0.0014285714285741896,0.0,-46.152307692307694,15.789473684210526,3.3333333333333335,42.10421052631579,40.626875,-4.3478260869565215,-8.333333333333334,46.153076923076924,24.135172413793107,81.81818181818181,False,False,True,False,True
11861,1,Italy,Russia,5.714857142857142,-8.333333333333334,12.5,23.807619047619045,31.42542857142857,42.85666666666667,22.58225806451613,-15.383461538461539,19.999000000000002,4.761904761904762,6.664,21.739565217391306,False,,,False,True
11861,2,Italy,Russia,35.29294117647059,-4.166666666666667,-57.142857142857146,4.759047619047619,23.333333333333332,20.8325,53.573214285714286,-4.166666666666667,-9.090000000000002,14.285238095238096,7.410370370370372,35.0005,False,False,True,False,True
11861,3,Italy,Russia,26.468235294117648,-7.9988,-36.36363636363637,27.999200000000002,11.11111111111111,44.44444444444444,32.14107142857143,-3.703333333333333,-33.33266666666667,19.046666666666667,10.340689655172413,35.715,False,False,True,False,True
11862,1,Germany,Türkiye,34.615,-19.048571428571428,-87.5,9.523333333333333,25.924444444444447,38.46076923076923,45.45409090909091,-4.16625,-40.0,26.668,19.048095238095236,58.333333333333336,False,,,False,True
11862,2,Germany,Türkiye,20.69103448275862,-5.001,-40.0,-0.00043478260869525673,10.344827586206897,56.249375,40.0008,0.0020000000000004545,-6.666666666666667,0.0,30.43173913043478,33.33444444444444,False,False,True,False,True
11862,3,Germany,Türkiye,25.714285714285715,-8.696521739130436,-27.272727272727273,17.391304347826086,23.53235294117647,68.0,20.455,4.165833333333333,-23.53,21.05263157894737,13.63568181818182,78.78787878787878,False,False,True,False,True
11863,1,Dominican Republic,Korea,33.334166666666675,-4.166666666666667,-46.666666666666664,10.001000000000001,6.0606060606060606,60.714999999999996,27.50025,-8.331666666666665,-72.72636363636364,34.780869565217394,6.97860465116279,53.84615384615385,False,,,True,False
11863,2,Dominican Republic,Korea,40.53918918918919,-14.285714285714286,0.0006666666666670077,30.434782608695652,22.225,44.0004,23.683157894736844,-3.8453846153846154,-50.0,18.180000000000003,16.216756756756755,36.001599999999996,False,True,False,True,False
11863,3,Dominican Republic,Korea,36.36454545454546,-8.333333333333334,-9.090909090909092,43.750625,22.72909090909091,62.50125,3.9996000000000005,-10.525789473684211,0.0,14.999,7.69076923076923,50.0,False,True,False,True,False
11864,1,Belgium,Poland,41.935806451612905,4.0,-16.666666666666668,23.075384615384618,12.118484848484847,53.57107142857142,21.21242424242424,-13.332666666666666,-41.66583333333333,-0.0004166666666662877,6.449032258064516,26.31578947368421,False,,,True,False
11864,2,Belgium,Poland,2.565128205128207,0.0,-50.0,7.999200000000001,10.255641025641026,63.15736842105263,25.0,7.999199999999999,-13.04304347826087,23.529411764705884,17.857142857142858,50.001,False,True,False,False,True
11864,3,Belgium,Poland,49.998214285714276,11.999600000000001,-24.999375,25.003125,25.002857142857145,26.315263157894737,32.431891891891894,-15.78842105263158,-62.49875,0.0012000000000000454,22.225277777777777,47.61904761904762,False,False,True,True,False
11864,4,Belgium,Poland,10.527894736842104,-13.638636363636362,-15.384615384615385,27.271818181818183,23.68,62.5,17.140285714285714,-12.0,0.0007692307692300696,0.0005555555555558397,12.497187499999999,59.09090909090909,False,True,False,False,True
11864,5,Belgium,Poland,22.22222222222222,6.6659999999999995,-9.090909090909092,25.000833333333333,38.888888888888886,50.0,0.0,8.3325,0.0,0.0007142857142860797,15.002499999999998,17.647058823529413,False,False,True,True,False
11865,1,Serbia,Thailand,25.000555555555554,8.33375,10.0,19.9995,11.427428571428571,85.18444444444445,2.563333333333333,9.998999999999999,-25.0,4.546818181818183,5.132307692307692,57.692692307692305,False,,,True,False
11865,2,Serbia,Thailand,6.975581395348837,-15.9988,57.144285714285715,-9.523809523809524,14.287619047619046,82.1432142857143,-8.508723404255319,4.348260869565218,-39.999,38.095238095238095,15.216521739130435,66.66518518518518,False,True,False,True,False
11865,3,Serbia,Thailand,21.623783783783782,-4.16625,-4.1675,58.33291666666667,17.64735294117647,52.63315789473684,10.870217391304347,0.0,-77.77777777777777,34.78130434782609,2.2725,55.17310344827586,False,True,False,True,False
11866,1,Canada,China,28.947105263157894,-0.00041666666666687985,16.665833333333335,9.524761904761904,5.403243243243243,-15.384615384615385,21.05263157894737,0.0,-83.33333333333333,19.048571428571428,-2.7777777777777777,31.57894736842105,False,,,True,False
11866,2,Canada,China,33.335277777777776,-9.09,-28.570714285714285,41.66833333333333,15.154545454545456,20.0,28.88911111111111,4.167916666666667,-53.846923076923076,26.315263157894737,10.865217391304348,52.94176470588235,False,True,False,False,True
11866,3,Canada,China,13.514864864864865,-4.166666666666667,9.998,47.059411764705885,10.815135135135137,76.47176470588235,-2.4987499999999994,-5.555555555555555,-44.44555555555556,36.365,10.0,29.41176470588235,False,False,True,True,False
11866,4,Canada,China,13.795172413793104,0.0,-37.5,24.999166666666667,6.665333333333333,-16.666666666666668,34.78260869565217,16.668333333333333,-22.223333333333333,7.6923076923076925,9.52,16.6675,False,True,False,False,True
11866,5,Canada,China,23.81047619047619,0.0007142857142860797,0.0,9.09,5.0024999999999995,28.572142857142858,4.0,-7.6923076923076925,0.0,23.076923076923077,7.405925925925926,52.94117647058823,False,False,True,True,False
11867,1,Netherlands,USA,5.715428571428572,-13.042608695652175,-30.76923076923077,31.57842105263158,22.85742857142857,46.15461538461538,20.512564102564102,-16.667083333333334,-37.5,65.002,40.53648648648649,58.333333333333336,False,,,False,True
11867,2,Netherlands,USA,13.157894736842104,-20.0,-33.33444444444444,12.501249999999999,12.50075,58.334583333333335,19.44472222222222,16.0012,8.334166666666667,58.33416666666667,33.333888888888886,59.3753125,False,False,True,False,True
11867,3,Netherlands,USA,17.499000000000002,-31.57894736842105,-33.333333333333336,28.56952380952381,17.496000000000002,25.0,28.204871794871796,-8.332916666666668,-50.001666666666665,38.46307692307692,12.816410256410256,84.37625,False,False,True,False,True
11868,1,Italy,Japan,29.410588235294117,-12.000399999999999,-12.501249999999999,28.000799999999998,12.496875000000001,10.525789473684211,24.324594594594593,0.0007407407407411197,-33.333333333333336,68.18181818181819,14.289714285714288,18.182727272727274,False,,,False,True
11868,2,Italy,Japan,33.333333333333336,-10.0,0.0,21.739565217391306,9.090909090909092,-5.881176470588236,51.85259259259259,4.167083333333333,-71.42857142857143,37.5,7.6923076923076925,-12.49875,False,False,True,False,True
11868,3,Italy,Japan,20.513333333333332,16.6675,0.0,43.75,2.4989999999999997,44.44555555555556,9.756829268292682,-5.882352941176471,-25.00125,29.166666666666668,2.5641025641025643,0.0,False,False,True,True,False
11868,4,Italy,Japan,55.55407407407407,-8.0,-28.571428571428573,21.05315789473684,10.714285714285714,20.000999999999998,30.553888888888892,0.0004761904761907198,-100.0,73.91217391304347,0.003823529411764572,-11.113333333333335,False,True,False,True,False
11868,5,Italy,Japan,13.332333333333334,7.142857142857143,-14.285714285714286,61.53769230769231,10.344827586206897,64.70529411764706,25.80548387096774,-7.142142857142857,-16.665,42.857142857142854,0.0,63.63818181818181,False,True,False,False,True
11869,1,Brazil,Russia,24.324594594594593,-4.0,-12.5,49.9995,24.322702702702703,63.9996,9.303488372093023,0.0,-33.333333333333336,27.272727272727273,2.2709090909090905,53.333,False,,,True,False
11869,2,Brazil,Russia,33.33291666666667,16.665416666666665,-9.090909090909092,45.45727272727272,45.45363636363636,70.59,-4.348260869565218,-0.0008333333333337597,0.0,-4.348260869565218,-0.00160000000000025,0.0005263157894739535,False,True,False,True,False
11869,3,Brazil,Russia,26.828780487804877,-3.9983999999999993,-33.333333333333336,31.2475,42.503750000000004,68.7475,26.47205882352941,-11.11111111111111,-45.45454545454545,-0.0018181818181814565,-5.408108108108109,48.275862068965516,False,True,False,True,False
11870,1,Belgium,Korea,27.90860465116279,-8.696521739130436,-50.00142857142857,36.36545454545455,13.953720930232558,75.0,38.71129032258065,-8.0012,-26.668,38.096666666666664,18.75,57.14142857142856,False,,,False,True
11870,2,Belgium,Korea,27.77583333333333,-4.0,-19.99866666666667,27.27136363636364,8.574000000000002,25.0,19.999000000000002,-4.3478260869565215,-42.10473684210526,22.725454545454543,2.563846153846154,65.21739130434783,False,False,True,True,False
11870,3,Belgium,Korea,27.776666666666667,-0.00041666666666687985,-37.5,46.66733333333333,15.382820512820514,60.715357142857144,11.428285714285714,-11.764117647058825,-38.46153846153846,17.38869565217391,2.706216216216216,41.66625,False,True,False,True,False
11870,4,Belgium,Korea,35.48225806451613,-9.999500000000001,-46.666666666666664,42.85476190476191,15.154545454545456,40.90954545454545,42.856857142857145,-4.16625,-42.85857142857143,17.647058823529413,8.33,39.285000000000004,False,True,False,False,True
11870,5,Belgium,Korea,26.921538461538457,0.0,-21.428571428571427,58.333333333333336,3.848076923076923,60.0,14.815185185185184,-7.6923076923076925,-22.22222222222222,21.43,7.406666666666666,66.6661111111111,False,False,True,True,False
11871,1,Thailand,USA,12.903870967741934,-11.11,0.0,5.0,0.0,-53.333333333333336,34.48241379310345,-4.165833333333333,-27.274545454545454,62.500625,29.63,24.99875,False,,,False,True
11871,2,Thailand,USA,0.0,-7.142142857142857,-100.0,-4.545454545454546,6.896551724137931,45.45363636363636,46.152307692307694,-0.0008000000000009777,36.36363636363637,53.84615384615385,30.766923076923078,-11.11111111111111,False,False,True,False,True
11871,3,Thailand,USA,17.141142857142857,-5.882352941176471,-100.0,19.045238095238094,0.0,16.666666666666668,43.58794871794871,-8.333333333333334,-37.5,49.998125,29.408823529411762,30.0005,False,False,True,False,True
11872,1,Canada,Germany,27.27340909090909,6.896551724137931,-22.221111111111114,31.998,4.345217391304348,48.277931034482755,29.54409090909091,-10.344827586206897,-24.999166666666667,40.74,7.497,44.44481481481481,False,,,True,False
11872,2,Canada,Germany,23.9996,-3.7040740740740743,-54.54545454545455,10.52421052631579,8.0028,41.666666666666664,40.0004,-19.998800000000003,0.0,24.999583333333334,0.002307692307692395,-16.666666666666668,False,True,False,True,False
11872,3,Canada,Germany,45.45409090909091,-4.166666666666667,-0.0009999999999990906,25.001666666666665,18.18227272727273,61.53923076923077,7.6923076923076925,-13.333333333333334,-55.556666666666665,39.130434782608695,-0.002142857142857224,44.44444444444444,False,True,False,True,False
11873,1,Japan,Russia,40.911590909090904,3.9995999999999996,25.0,65.002,9.297674418604652,19.9992,35.13513513513514,0.0,-53.848461538461535,26.088260869565215,0.0,0.0005263157894739535,False,,,True,False
11873,2,Japan,Russia,20.001250000000002,0.0,16.666666666666668,38.888333333333335,12.495999999999999,53.333333333333336,23.075641025641026,-13.636363636363637,-9.090909090909092,18.18,2.8525714285714288,26.316842105263156,False,True,False,True,False
11873,3,Japan,Russia,36.8421052631579,0.00040000000000020466,-66.66666666666667,45.002,10.253333333333334,12.500625,28.570857142857143,0.0,-55.553333333333335,26.08695652173913,5.408108108108108,-7.142857142857143,False,True,False,True,False
11874,1,China,Türkiye,0.0002564102564103876,6.666666666666667,-33.33416666666667,20.834166666666665,12.821538461538463,78.94842105263157,32.14178571428572,8.0008,9.523333333333333,14.287142857142856,28.568571428571428,75.0,False,,,False,True
11874,2,China,Türkiye,17.64735294117647,8.333333333333334,-28.571428571428573,15.002500000000001,17.647058823529413,41.668749999999996,36.84263157894737,-4.165416666666666,-37.501875,12.497916666666669,22.854857142857146,58.333333333333336,False,False,True,False,True
11874,3,China,Türkiye,7.69102564102564,-4.761428571428572,-14.287142857142856,8.695652173913043,2.4365853658536585,62.5,22.4985,-3.9988,-5.2621052631578955,36.84105263157895,23.683157894736844,71.42892857142856,False,False,True,False,True
11875,1,Dominican Republic,Poland,39.999,-21.73913043478261,-30.0,0.0008695652173917492,17.23862068965517,22.22222222222222,23.332666666666668,4.166666666666667,-27.273636363636363,38.888888888888886,36.66866666666667,44.44444444444444,False,,,False,True
11875,2,Dominican Republic,Poland,19.99742857142857,4.167916666666667,-36.36363636363637,-5.264736842105263,5.885294117647058,59.26074074074074,15.78921052631579,-4.34695652173913,-8.334166666666667,17.389565217391304,17.142857142857142,57.69230769230769,False,False,True,True,False
11875,3,Dominican Republic,Poland,26.0022,-3.5714285714285716,-7.143571428571429,21.738695652173913,5.88,46.15589743589744,27.27159090909091,-11.538846153846153,-37.5,38.46153846153846,20.451136363636365,58.62068965517241,False,True,False,True,False
11875,4,Dominican Republic,Poland,24.324324324324323,0.00041666666666687985,0.0007142857142850646,23.80809523809524,5.7137142857142855,39.284285714285716,15.382307692307691,-4.545454545454546,0.0008333333333337597,14.285714285714286,26.31736842105263,70.36925925925925,False,True,False,True,False
11876,1,Netherlands,Serbia,4.760000000000001,4.166666666666667,26.667333333333332,19.9985,14.997499999999999,70.00033333333334,4.547045454545455,-4.348260869565218,0.0,-0.0017391304347828805,11.630930232558141,70.00033333333334,False,,,True,False
11876,2,Netherlands,Serbia,24.999642857142856,8.0008,20.000999999999998,0.0,18.51851851851852,43.47913043478261,6.665666666666666,-12.5,-0.0011111111111116794,-12.500416666666666,9.67741935483871,26.31421052631579,False,True,False,True,False
11876,3,Netherlands,Serbia,25.806129032258063,-22.221666666666668,-56.250625,45.45454545454545,41.93225806451613,44.445,51.611935483870965,-12.001199999999999,-28.57,28.570714285714285,30.0,48.0,False,True,False,False,True
11876,4,Netherlands,Serbia,18.918378378378378,12.001600000000002,-16.66625,42.102631578947374,8.3325,49.99884615384615,18.751458333333336,-9.525238095238095,-15.383076923076924,19.999200000000002,10.415833333333333,67.74096774193548,False,False,True,True,False
11877,1,Brazil,Italy,18.7484375,-5.2631578947368425,-18.180909090909093,20.83125,34.375625,47.61857142857143,22.85571428571429,11.9988,0.0,16.666666666666668,17.64941176470588,23.9996,False,,,False,True
11877,2,Brazil,Italy,53.84653846153846,-8.0,-11.11111111111111,41.66583333333333,27.9972,66.66733333333333,20.0004,-20.0,-49.99699999999999,9.09,20.8325,-13.331333333333333,False,False,True,True,False
11877,3,Brazil,Italy,25.641025641025642,0.0016666666666669272,-18.750625,16.668333333333333,10.523947368421052,62.067241379310346,9.090454545454545,-4.999499999999999,-28.572857142857142,18.180909090909093,9.52142857142857,64.51516129032258,False,True,False,True,False
11877,4,Brazil,Italy,30.000999999999998,-8.0,-27.272727272727273,35.71357142857143,23.333333333333332,40.90954545454545,17.64529411764706,-26.31578947368421,-44.44444444444444,27.27318181818182,29.40941176470588,33.33428571428571,False,True,False,True,False
11878,1,Belgium,China,0.0002857142857144319,-5.555555555555555,0.0,26.088260869565215,5.712000000000001,22.22259259259259,24.998124999999998,-4.16625,-8.333333333333334,25.0,9.372499999999999,64.9995,False,,,False,True
11878,2,Belgium,China,28.205128205128204,11.538846153846153,-30.0,30.433913043478263,18.91783783783784,66.66666666666667,33.33288888888889,-11.538076923076924,-61.53923076923077,3.845769230769231,25.578604651162788,68.96448275862069,False,False,True,True,False
11878,3,Belgium,China,22.857142857142858,0.0,0.0016666666666675194,34.78478260869565,23.53,23.809047619047618,23.913260869565217,-4.166666666666667,-39.99933333333333,26.086521739130436,31.91106382978723,88.88962962962962,False,True,False,False,True
11878,4,Belgium,China,29.411470588235293,0.0,0.0011764705882342241,35.001,37.14342857142857,66.66708333333334,19.563695652173912,-9.091363636363637,-77.77888888888889,4.763809523809525,34.087500000000006,70.96774193548387,False,False,True,True,False
11878,5,Belgium,China,40.906363636363636,6.666666666666667,-44.44444444444444,20.0,27.26954545454545,74.9995,26.085652173913044,-37.5,-44.44444444444444,13.334666666666667,21.740434782608695,66.66666666666667,False,True,False,True,False
11879,1,Japan,Netherlands,25.00111111111111,0.0,-30.0,19.047619047619047,27.024324324324322,68.18181818181819,37.14228571428571,-12.001199999999999,-21.429285714285715,23.81095238095238,20.0,73.6842105263158,False,,,False,True
11879,2,Japan,Netherlands,34.285428571428575,-4.761904761904762,-66.66833333333334,34.78130434782609,38.23735294117647,28.570476190476192,48.38612903225807,0.0012500000000006395,-22.22,5.264210526315789,34.48275862068966,40.90954545454545,False,False,True,False,True
11879,3,Japan,Netherlands,8.889777777777777,0.0,-13.333333333333334,4.76,23.254883720930234,44.9985,16.326122448979593,-8.001600000000002,0.0004545454545456871,47.826521739130435,38.30042553191489,69.69666666666666,False,False,True,False,True
11880,1,Thailand,Türkiye,25.71542857142857,0.0,-33.333333333333336,14.997499999999999,5.88,40.74037037037037,17.94794871794872,0.0008695652173917492,-13.332666666666666,27.999200000000002,53.84615384615385,47.618095238095236,False,,,True,False
11880,2,Thailand,Türkiye,3.9996000000000005,-8.3325,-62.5,14.285714285714286,24.002399999999998,21.428571428571427,57.69038461538461,-8.000399999999999,18.182727272727274,45.45454545454545,34.61769230769231,78.94947368421053,False,True,False,False,True
11880,3,Thailand,Türkiye,26.665000000000003,-4.761428571428572,-19.997999999999998,4.543181818181818,3.446206896551724,56.250625,29.72837837837838,8.333333333333334,-46.15538461538461,44.9995,25.711714285714283,88.88944444444445,False,False,True,False,True
11880,4,Thailand,Türkiye,-7.142857142857143,-11.11111111111111,-57.142857142857146,21.738260869565217,6.894827586206896,42.85642857142857,48.150740740740744,0.0,18.182727272727274,24.99875,25.928888888888892,89.9995,False,False,True,False,True
11881,1,Dominican Republic,Russia,19.513170731707316,-16.666666666666668,-24.99875,8.332916666666668,29.726756756756753,52.0,34.286,0.0,-26.663999999999998,26.665333333333333,2.9382352941176473,58.62068965517241,False,,,False,True
11881,2,Dominican Republic,Russia,32.35294117647059,-4.0012,-22.221111111111114,26.316842105263156,35.296470588235294,47.826521739130435,20.00075,-9.523809523809524,-43.750625,20.831666666666667,10.253846153846155,76.19047619047619,False,False,True,True,False
11881,3,Dominican Republic,Russia,24.324864864864864,5.0,-40.0,27.27227272727273,20.515641025641028,46.15423076923077,42.856857142857145,-12.001600000000002,-12.501249999999999,24.9975,19.443888888888885,71.42666666666666,False,True,False,False,True
11881,4,Dominican Republic,Russia,23.25581395348837,0.0,-18.75,15.002,23.812142857142856,56.66733333333333,21.95219512195122,-9.090454545454547,-30.0005,21.737391304347824,7.4975000000000005,65.38461538461539,False,False,True,True,False
11881,5,Dominican Republic,Russia,0.0,0.0,-40.001999999999995,28.572857142857142,23.53235294117647,14.284285714285714,50.0,0.0,33.333333333333336,55.556666666666665,12.49625,39.999,False,True,False,False,True
11882,1,Brazil,Serbia,42.857142857142854,-16.66541666666667,-8.334166666666667,33.333333333333336,10.714285714285714,75.0,-4.165416666666666,-30.76846153846154,-40.0,42.10368421052632,7.690384615384615,25.000625,False,,,True,False
11882,2,Brazil,Serbia,76.1895238095238,-12.000399999999999,-38.46153846153846,60.001,8.694782608695652,100.0,27.58586206896552,-28.57,-71.42714285714285,49.99818181818182,3.5714285714285716,21.427857142857142,False,True,False,True,False
11882,3,Brazil,Serbia,34.614615384615384,16.66625,-8.333333333333334,46.153076923076924,19.233076923076922,61.904761904761905,0.0,0.0,-11.112222222222222,16.666666666666668,9.677741935483871,76.92307692307692,False,True,False,True,False
11883,1,Canada,Poland,43.333333333333336,-11.999600000000001,22.22222222222222,9.09,6.449032258064516,-26.666,20.690689655172413,0.0,16.666666666666668,24.9995,7.140000000000001,-35.0,False,,,True,False
11883,2,Canada,Poland,28.568928571428568,-4.166666666666667,-25.0,22.22222222222222,17.854285714285712,41.6675,18.182424242424243,-9.091818181818182,9.090909090909092,14.999500000000001,6.451612903225806,24.999000000000002,False,True,False,True,False
11883,3,Canada,Poland,10.810270270270271,-4.545454545454546,-12.5,4.76047619047619,10.257692307692308,54.1675,20.588823529411766,-4.166666666666667,9.089090909090912,47.61904761904762,18.181515151515153,5.882352941176471,False,True,False,False,True
11883,4,Canada,Poland,23.077692307692306,-17.645294117647058,28.571428571428573,8.694782608695652,19.228846153846153,-50.0,33.33481481481481,3.9995999999999996,-16.665,50.0,18.517407407407408,57.14357142857143,False,False,True,False,True
11883,5,Canada,Poland,16.667777777777776,-14.285714285714286,-80.0,35.714285714285715,11.113888888888887,-12.5,50.00111111111111,0.002000000000000076,66.66666666666667,33.33166666666667,5.558333333333334,25.0,False,False,True,False,True
11884,1,Italy,Korea,33.33222222222222,-3.8461538461538463,-14.285238095238096,21.74,10.80972972972973,66.66666666666667,19.999000000000002,3.9995999999999996,-45.45363636363636,33.3325,9.99675,52.001999999999995,False,,,True,False
11884,2,Italy,Korea,13.888055555555557,-8.695652173913043,-36.36363636363637,59.09090909090909,17.142857142857142,42.855714285714285,29.62777777777778,-7.9996,-10.0,10.002,3.568928571428571,53.84538461538462,False,True,False,False,True
11884,3,Italy,Korea,26.470294117647057,0.00040000000000077306,-28.571428571428573,36.84,15.624375,60.0004,20.58764705882353,-9.091363636363637,-44.443333333333335,27.27318181818182,2.701621621621622,55.0005,False,False,True,True,False
11884,4,Italy,Korea,30.76820512820513,-4.167083333333333,-41.177058823529414,22.221666666666668,2.3795238095238096,82.6086956521739,19.048333333333332,-9.523809523809524,-35.714285714285715,28.571428571428573,7.14095238095238,62.96222222222222,False,True,False,True,False
11885,1,Germany,USA,35.71357142857143,-8.332083333333332,-41.666666666666664,27.78,3.8492307692307692,-10.001,46.87625,-20.832916666666666,-60.0,38.09238095238095,12.50375,37.49875,False,,,False,True
11885,2,Germany,USA,3.704074074074074,0.0,-66.66666666666667,8.695217391304348,-0.0006896551724136559,14.285714285714286,42.31038461538461,3.9991999999999996,12.5,16.668333333333333,3.8461538461538463,100.0,False,False,True,False,True
11885,3,Germany,USA,31.577368421052633,-14.285,-20.0,-0.0022727272727284353,-10.522105263157894,-12.501249999999999,42.308846153846154,8.336250000000001,-37.50125,18.184545454545454,0.0,42.857142857142854,False,False,True,False,True
11886,1,Russia,Thailand,45.0,0.00160000000000025,16.668333333333333,23.076923076923077,15.78842105263158,79.99933333333334,-5.883235294117647,0.0,-50.00125,19.047619047619047,9.996999999999998,56.25,False,,,True,False
11886,2,Russia,Thailand,24.138275862068966,5.555000000000001,-0.0009090909090913742,3.9991999999999996,6.451612903225806,40.001,28.12625,19.9996,-19.999000000000002,29.40941176470588,28.125,63.15736842105263,False,True,False,False,True
11886,3,Russia,Thailand,60.714999999999996,-8.0,5.553888888888888,46.152307692307694,19.23153846153846,66.66666666666667,11.764117647058823,-7.142857142857143,-66.66777777777777,34.780869565217394,11.426285714285713,33.33277777777778,False,False,True,True,False
11886,4,Russia,Thailand,43.244054054054054,-20.83458333333333,-8.335833333333335,31.57684210526316,13.517567567567568,52.38047619047619,25.0015625,-9.523333333333333,-38.46153846153846,21.052105263157895,24.24,60.0,False,True,False,True,False
11887,1,Dominican Republic,Türkiye,27.58586206896552,-12.500833333333333,0.0,34.999,3.336,-9.091818181818182,16.666333333333334,-13.042608695652175,-12.5,39.999,13.333333333333334,0.0,False,,,True,False
11887,2,Dominican Republic,Türkiye,20.00025,-20.0,12.5,31.577894736842108,2.635,0.0,0.0,-9.523333333333333,83.33333333333333,55.001999999999995,18.922162162162163,-9.524285714285714,False,True,False,True,False
11887,3,Dominican Republic,Türkiye,29.726756756756753,-4.347391304347826,-20.0,8.330833333333333,0.0,60.00066666666667,17.948205128205128,15.999600000000001,-61.53846153846154,19.048095238095236,7.6923076923076925,60.0,False,True,False,False,True
11887,4,Dominican Republic,Türkiye,33.3325,0.0,-33.333333333333336,53.84538461538462,0.0,14.285714285714286,16.665,-23.528823529411767,-100.0,47.826521739130435,16.127741935483872,-11.112222222222222,False,False,True,True,False
11888,1,Canada,Japan,5.8808823529411764,-12.5,-14.285714285714286,16.0,2.9435294117647057,36.36454545454546,20.688620689655174,8.0012,0.002000000000001023,33.333333333333336,9.995333333333333,72.0008,False,,,False,True
11888,2,Canada,Japan,25.00125,-12.5,-44.999,9.089545454545455,0.0017857142857141842,42.85642857142857,36.36212121212122,-0.0004166666666662877,-22.221111111111114,50.00142857142857,18.17818181818182,70.0,False,False,True,False,True
11888,3,Canada,Japan,9.678387096774193,-26.666666666666668,-6.6659999999999995,25.0,12.118181818181817,37.5,24.999166666666667,4.0,-20.0,54.54545454545455,17.14485714285714,89.28571428571429,False,False,True,False,True
11889,1,China,Serbia,26.46941176470588,-0.0013636363636370613,-33.333333333333336,23.998800000000003,6.253125000000001,-11.112222222222222,25.0,12.000399999999999,0.0,40.0025,10.80810810810811,28.571428571428573,False,,,False,True
11889,2,China,Serbia,11.110277777777778,-5.262631578947368,24.99875,26.084782608695654,-2.7,38.46,22.857714285714284,0.0,-0.0012500000000006395,44.446666666666665,6.064242424242424,31.57842105263158,False,False,True,False,True
11889,3,China,Serbia,43.33233333333333,0.0,-27.272727272727273,43.75,10.709999999999999,-14.285714285714286,31.428285714285714,-19.999000000000002,-16.666666666666668,37.49916666666667,0.0,18.749375,False,False,True,True,False
11889,4,China,Serbia,32.143214285714286,4.347391304347826,28.571428571428573,9.525238095238095,-3.5714285714285716,0.002307692307692395,26.827073170731705,4.168333333333334,-100.0,30.433913043478263,2.5641025641025643,81.81818181818181,False,True,False,False,True
11890,1,Korea,USA,-9.090303030303032,-5.882352941176471,-19.999000000000002,16.66625,8.335277777777778,66.66666666666667,20.0,8.3325,-16.66611111111111,60.00066666666667,25.710571428571427,87.5,False,,,False,True
11890,2,Korea,USA,-7.141428571428571,8.334166666666667,-50.0,-9.524761904761906,0.0017857142857141842,42.85666666666667,49.99909090909091,-3.9995999999999996,5.555555555555555,18.181818181818183,42.85857142857143,84.61538461538461,False,False,True,False,True
11890,3,Korea,USA,8.823235294117648,-12.5,-44.443333333333335,4.348695652173913,12.117272727272727,55.55444444444444,26.923076923076923,16.667083333333334,-18.749375,53.848461538461535,27.9984,63.1578947368421,False,False,True,False,True
11891,1,Netherlands,Poland,30.30151515151515,-0.0009090909090913742,-35.29294117647059,21.73782608695652,23.52558823529412,50.0,41.17823529411765,-4.166666666666667,-28.571428571428573,14.996499999999997,25.803870967741933,42.10473684210526,False,,,False,True
11891,2,Netherlands,Poland,30.000333333333334,-8.333333333333334,-20.0,5.884117647058823,17.858571428571427,42.10421052631579,34.3734375,-20.834166666666665,-23.528823529411767,14.286666666666665,18.181818181818183,87.499375,False,False,True,True,False
11891,3,Netherlands,Poland,24.242727272727272,0.0,-33.3325,19.05047619047619,22.57741935483871,42.85809523809524,35.294117647058826,-4.16625,-14.285714285714286,9.522857142857143,28.128125,54.54545454545455,False,True,False,False,True
11891,4,Netherlands,Poland,25.641794871794872,-4.166666666666667,-0.0009523809523814396,42.8552380952381,13.16,40.74111111111111,15.385384615384615,-4.546363636363637,0.0,13.636363636363637,35.134864864864866,73.91217391304347,False,False,True,True,False
11891,5,Netherlands,Poland,56.249375,7.144285714285715,-29.999000000000002,22.22222222222222,20.0,100.0,25.0,0.0,-85.71428571428571,0.0,6.249375,75.0,False,True,False,True,False
11892,1,Germany,Italy,25.001,0.0,-33.33266666666667,41.66708333333333,24.323243243243244,55.555,36.10972222222222,3.9995999999999996,-20.0,29.999000000000002,13.516216216216216,53.57,False,,,False,True
11892,2,Germany,Italy,17.24137931034483,-20.0,-17.646470588235296,25.000999999999998,27.58655172413793,27.77777777777778,34.3734375,-12.499583333333334,-37.50125,56.246249999999996,15.624375,69.9995,False,False,True,False,True
11892,3,Germany,Italy,7.691153846153847,-27.272727272727273,-50.0,12.500416666666666,30.766923076923078,45.45454545454545,50.00111111111111,16.001199999999997,20.002,12.5,22.22,66.66666666666667,False,False,True,False,True
11893,1,Belgium,Brazil,18.42078947368421,0.0,-7.6923076923076925,16.665416666666665,7.691538461538461,34.61538461538461,43.332,-4.0,-19.99866666666667,23.531176470588235,29.032258064516128,60.0,False,,,False,True
11893,2,Belgium,Brazil,25.0,-17.646470588235296,-57.142857142857146,21.736956521739128,16.668333333333333,25.0,46.15192307692307,-0.0008333333333337597,-21.427857142857142,50.00071428571429,30.771153846153844,33.333888888888886,False,False,True,False,True
11893,3,Belgium,Brazil,12.000399999999999,-5.881176470588235,-27.272727272727273,14.997,34.61538461538461,17.646470588235296,44.82896551724138,-16.000799999999998,-25.0,40.0,34.48344827586207,80.0,False,False,True,False,True
11894,1,Dominican Republic,Thailand,28.204102564102566,7.999199999999999,-23.076923076923077,49.99928571428571,9.527142857142858,73.68263157894735,6.121836734693878,-12.499375,-80.0,39.9996,8.695217391304348,59.9995,False,,,True,False
11894,2,Dominican Republic,Thailand,37.50025,-8.3325,-6.6659999999999995,41.17529411764706,7.315853658536585,56.52173913043478,11.627209302325582,0.0,-50.00125,40.90681818181818,14.63170731707317,9.523809523809524,False,True,False,True,False
11894,3,Dominican Republic,Thailand,26.828780487804877,-8.0,18.181818181818183,52.1704347826087,24.999000000000002,30.001000000000005,15.386153846153848,0.0,-22.22222222222222,40.91136363636363,28.944999999999997,17.64588235294118,False,True,False,True,False
11895,1,Russia,Türkiye,31.9996,0.0,-31.25125,4.998500000000001,0.0,21.05263157894737,34.14585365853659,-8.332916666666668,-23.076923076923077,52.17217391304348,25.638461538461538,65.21739130434783,False,,,False,True
11895,2,Russia,Türkiye,25.712857142857143,8.332916666666668,0.0,33.33428571428571,12.118181818181817,34.614615384615384,25.713714285714286,0.0,12.499375,34.78217391304348,24.23909090909091,47.61857142857143,False,False,True,True,False
11895,3,Russia,Türkiye,24.13758620689655,-27.77777777777778,-33.333333333333336,9.091363636363637,6.665,38.46,47.3678947368421,-0.0012500000000006395,-6.667999999999998,18.181818181818183,26.317894736842106,40.00066666666667,False,True,False,False,True
11895,4,Russia,Türkiye,39.9992,-4.1675,12.498124999999998,17.647058823529413,4.345217391304348,50.0,11.764117647058825,-5.263684210526316,-28.571428571428573,23.807619047619045,20.587352941176473,50.0005,False,False,True,True,False
11895,5,Russia,Türkiye,-23.078461538461536,-14.285714285714286,-59.998000000000005,-16.665833333333335,0.0,27.272727272727273,21.051578947368423,0.0013333333333340155,50.0,50.001666666666665,44.44555555555556,85.71428571428571,False,True,False,False,True
11896,1,Canada,Netherlands,12.121212121212121,-5.262631578947368,-24.99875,13.635909090909092,10.340689655172413,-14.284285714285714,37.0362962962963,-3.9995999999999996,6.667333333333334,18.7525,10.346206896551722,40.0,False,,,False,True
11896,2,Canada,Netherlands,-3.125,-15.383846153846154,0.0,9.523809523809524,3.1228124999999998,-7.142857142857143,46.15346153846154,-8.33375,0.0011111111111101006,27.271818181818183,18.181818181818183,57.142857142857146,False,False,True,False,True
11896,3,Canada,Netherlands,28.94578947368421,-4.761904761904762,0.0,7.9996,7.891578947368421,23.999200000000002,35.00075,4.000800000000001,0.0,34.9985,5.714285714285714,20.0005,False,False,True,False,True
11897,1,Japan,Poland,18.7478125,0.0,-19.999000000000002,52.63263157894737,28.128749999999997,27.27227272727273,37.83864864864865,-20.833333333333332,-30.0,22.725909090909088,20.590000000000003,47.618095238095236,False,,,False,True
11897,2,Japan,Poland,25.63948717948718,-4.545454545454546,-38.46230769230769,39.9968,45.0,55.0,37.5009375,0.0,10.0,19.997,21.872500000000002,38.095238095238095,False,False,True,False,True
11897,3,Japan,Poland,35.29352941176471,0.001200000000000614,-18.183636363636364,49.998333333333335,44.12235294117647,41.66583333333333,41.1764705882353,-18.18136363636364,-16.665833333333335,29.167083333333334,20.590000000000003,28.571428571428573,False,False,True,True,False
11897,4,Japan,Poland,37.83567567567568,-12.5,-16.666666666666668,47.62095238095238,24.32216216216216,35.998400000000004,34.285714285714285,-8.695652173913043,-14.285714285714286,29.999000000000002,15.625,50.000454545454545,False,True,False,True,False
11897,5,Japan,Poland,28.57095238095238,0.0,-55.55555555555556,46.152307692307694,33.33,33.333333333333336,36.8421052631579,-13.331999999999999,-33.333333333333336,7.143571428571428,4.997999999999999,50.00083333333333,False,True,False,True,False
11898,1,Brazil,China,39.47131578947368,-7.9996,-6.25125,29.413529411764703,27.775555555555556,63.9988,26.47205882352941,-5.555,-18.181818181818183,27.272727272727273,34.28628571428571,22.223333333333333,False,,,True,False
11898,2,Brazil,China,20.514358974358977,0.0,-17.391739130434782,29.167083333333334,27.5,39.999,27.90558139534884,-4.0,-31.24875,22.725909090909088,23.25581395348837,63.33266666666667,False,True,False,False,True
11898,3,Brazil,China,30.00025,-0.0004761904761907198,-46.66733333333333,24.999583333333334,25.641025641025642,46.15423076923077,47.06058823529412,4.16625,-23.80857142857143,24.9995,44.12058823529412,45.45454545454545,False,False,True,False,True
11898,4,Brazil,China,47.5,-8.334583333333333,-9.091818181818182,26.667333333333332,24.322702702702703,72.72727272727273,10.86891304347826,6.6659999999999995,-61.53846153846154,36.36181818181819,39.99933333333333,60.60545454545455,False,False,True,True,False
11898,5,Brazil,China,40.90909090909091,-7.6923076923076925,-54.54454545454546,28.570714285714285,40.0,55.55555555555556,61.111111111111114,0.0,-0.0012500000000006395,33.3325,33.333333333333336,7.6923076923076925,False,True,False,False,True
11899,1,Germany,Korea,70.0015,-0.0012500000000000473,10.0,27.270909090909093,25.0,45.45363636363636,19.047619047619047,-15.383846153846154,-60.0,4.547272727272728,-4.346086956521739,-12.5,False,,,True,False
11899,2,Germany,Korea,34.286,-20.000799999999998,-5.0005,42.10368421052632,9.090909090909092,69.23076923076923,6.817045454545454,-4.761428571428572,25.0,25.000999999999998,4.5429545454545455,65.51758620689655,False,True,False,True,False
11899,3,Germany,Korea,29.9995,0.00041666666666687985,-25.0,39.133043478260866,10.81162162162162,52.17391304347826,21.209999999999997,4.348695652173913,-20.0,9.090909090909092,2.706216216216216,30.769615384615385,False,True,False,True,False
11900,1,Belgium,Serbia,15.685294117647059,-13.043478260869565,-30.0,17.391304347826086,28.0,64.10205128205128,23.913478260869564,-3.9988,-24.13655172413793,15.002,8.334999999999999,85.29382352941175,False,,,False,True
11900,2,Belgium,Serbia,20.454772727272726,0.0011538461538461975,-18.181818181818183,14.284285714285712,14.288095238095236,53.333999999999996,20.002,-12.500833333333333,-16.666666666666668,16.0016,11.36,61.292258064516126,False,False,True,True,False
11900,3,Belgium,Serbia,23.809285714285714,-12.500416666666666,40.0,42.857142857142854,25.00125,48.0004,15.38423076923077,-4.545454545454546,-14.286666666666665,0.0,19.23,30.0005,False,True,False,True,False
11900,4,Belgium,Serbia,22.221777777777778,4.166666666666667,-15.385384615384615,4.3478260869565215,11.365909090909092,34.091818181818184,30.43369565217391,8.332916666666668,-24.138620689655173,13.045217391304348,10.868695652173912,64.70588235294117,False,True,False,False,True
11900,5,Belgium,Serbia,25.0,6.6659999999999995,-22.223333333333333,40.0,19.9975,69.23076923076923,15.78842105263158,0.0,-36.36363636363637,0.0007142857142850646,10.000499999999999,100.0,False,False,True,True,False
11901,1,Italy,USA,3.2254838709677416,0.0,-36.36363636363637,17.38913043478261,13.331999999999999,46.15384615384615,25.925185185185185,0.0008333333333337597,20.0,-6.250625,14.285714285714286,66.66722222222222,False,,,False,True
11901,2,Italy,USA,29.99833333333333,-14.286190476190475,-6.250624999999999,4.346086956521739,3.125,52.942352941176466,31.429142857142857,-4.0,-40.00066666666667,33.333333333333336,8.576,63.63545454545454,False,False,True,False,True
11901,3,Italy,USA,42.42272727272727,-7.997999999999999,-36.36272727272728,24.999375,13.333333333333334,71.42904761904762,25.63948717948718,-14.999,-36.36272727272728,28.570476190476192,7.896842105263158,50.0,False,False,True,True,False
11901,4,Italy,USA,30.436086956521738,-12.500625,-40.0,-0.0009523809523814396,12.503333333333336,5.882352941176471,58.33416666666667,0.0012000000000011823,-18.75,15.386923076923077,24.0028,56.24875,False,True,False,False,True
11902,1,Korea,Russia,13.886666666666665,8.332916666666668,-33.333333333333336,27.778888888888886,13.153684210526315,65.51655172413793,33.33261904761905,-20.833333333333332,-5.26421052631579,13.044347826086955,12.50075,51.85074074074074,False,,,False,True
11902,2,Korea,Russia,19.353870967741937,-11.764705882352942,-20.0,21.74086956521739,-5.555277777777778,59.999,27.77722222222222,-8.0008,-16.665833333333335,33.332,14.706470588235293,60.715357142857144,False,False,True,False,True
11902,3,Korea,Russia,-3.571785714285715,11.11111111111111,-33.333333333333336,13.637272727272727,3.446206896551724,31.819090909090907,34.48206896551724,0.0,20.0,-11.764705882352942,9.997333333333332,84.21105263157895,False,False,True,False,True
11903,1,Germany,Thailand,20.513076923076923,-3.847692307692308,7.6899999999999995,31.818181818181817,8.108108108108109,50.0,16.668055555555554,-4.16625,7.6923076923076925,9.089545454545455,5.554166666666667,61.53807692307692,False,,,True,False
11903,2,Germany,Thailand,38.711290322580645,-14.284761904761906,-28.571428571428573,34.78173913043479,18.183939393939397,20.0,40.54135135135135,-7.9996,-54.54545454545455,22.223333333333333,5.5575,47.82739130434783,False,True,False,False,True
11903,3,Germany,Thailand,27.776666666666664,-13.637272727272727,-18.74875,21.740434782608695,16.217567567567567,52.17434782608696,29.269024390243903,0.0012500000000006395,-12.5,21.053684210526313,7.14,60.0,False,False,True,False,True
11903,4,Germany,Thailand,15.625,-18.74875,-50.0,18.18136363636364,9.673548387096774,42.857619047619046,39.28642857142857,-8.0008,-37.50125,25.0,10.0,76.19,False,False,True,False,True
11904,1,Japan,Türkiye,39.284642857142856,8.334583333333335,16.666666666666668,33.333333333333336,14.28857142857143,47.61761904761905,26.92269230769231,-5.5566666666666675,-26.667333333333332,17.39217391304348,29.62740740740741,53.333999999999996,False,,,True,False
11904,2,Japan,Türkiye,18.605116279069765,4.0012,-16.665555555555557,6.666666666666667,9.525,75.6745945945946,22.5,-19.9995,-4.168333333333334,25.001666666666665,12.5035,25.925925925925927,False,True,False,True,False
11904,3,Japan,Türkiye,13.515405405405405,-5.882352941176471,-16.666666666666668,36.36318181818182,11.427428571428571,56.52086956521739,43.75,-8.0,-31.249375,43.75,33.333333333333336,68.18045454545455,False,True,False,False,True
11904,4,Japan,Türkiye,29.41,-12.0008,0.0,37.49875,18.183030303030304,54.54409090909091,8.570000000000002,-10.526315789473685,-50.0,27.27227272727273,30.55222222222222,54.54409090909091,False,False,True,True,False
11905,1,Belgium,USA,-9.999666666666666,-10.0,-49.999,10.52842105263158,6.451612903225806,42.85809523809524,47.057647058823534,-16.665416666666665,8.333333333333334,44.446666666666665,24.242727272727272,88.00040000000001,False,,,False,True
11905,2,Belgium,USA,18.18227272727273,8.3325,-36.36454545454546,16.666666666666668,8.694782608695652,7.141428571428571,58.62275862068965,-30.76846153846154,-33.333333333333336,43.4808695652174,23.333666666666666,38.46153846153846,False,False,True,False,True
11905,3,Belgium,USA,11.905952380952382,-9.523809523809524,-5.882352941176471,13.639090909090909,9.755853658536585,44.82793103448276,24.442666666666668,-4.16625,-11.764117647058825,22.22222222222222,4.344565217391304,69.69727272727273,False,False,True,False,True
11906,1,China,Netherlands,40.62375,0.0,0.0,39.999,3.336,68.75,6.450645161290321,-16.665833333333335,-20.0,17.391304347826086,3.3333333333333335,0.0,False,,,True,False
11906,2,China,Netherlands,31.81840909090909,4.166666666666667,-20.0,26.31421052631579,11.364545454545455,56.250625,25.714,5.2631578947368425,-45.45363636363636,33.333333333333336,5.714285714285714,31.249375,False,True,False,True,False
11906,3,China,Netherlands,33.332499999999996,-6.059393939393939,0.0,45.16129032258065,11.668666666666667,52.7775,23.43734375,3.2254838709677416,11.111111111111109,46.664,4.917704918032787,11.537692307692309,False,True,False,True,False
11907,1,Canada,Serbia,43.33633333333333,-16.665833333333335,49.99875,19.045714285714286,13.336000000000002,4.16625,17.24241379310345,0.0,-53.84615384615385,22.22277777777778,17.24137931034483,47.82565217391304,False,,,True,False
11907,2,Canada,Serbia,32.14178571428572,-8.695217391304348,-10.0,4.347826086956522,25.002857142857145,27.77777777777778,23.52852941176471,8.334166666666667,0.0,30.002,9.09,43.479565217391304,False,True,False,False,True
11907,3,Canada,Serbia,33.33222222222222,0.0008333333333337597,-37.5,10.000499999999999,14.708823529411765,45.83291666666667,29.030967741935484,-9.09,-7.142857142857143,5.0,3.225806451612903,42.857142857142854,False,False,True,True,False
11907,4,Canada,Serbia,32.43108108108108,-8.0008,-19.999000000000002,-6.25,22.857142857142858,78.57071428571429,9.374374999999999,-0.0005555555555558397,-33.33266666666667,31.81863636363636,9.675806451612903,29.998,False,True,False,True,False
11908,1,Dominican Republic,Italy,46.153076923076924,-20.833333333333332,-60.0,38.88666666666667,12.496666666666664,11.11111111111111,29.62814814814815,-18.181818181818183,-62.5,41.17529411764706,18.517777777777777,38.46153846153846,False,,,True,False
11908,2,Dominican Republic,Italy,28.124062499999997,4.001200000000001,-36.36454545454546,37.49875,6.669,90.91,17.500750000000004,-15.788947368421054,25.0,22.729545454545455,12.498249999999999,63.63636363636363,False,True,False,True,False
11908,3,Dominican Republic,Italy,16.664791666666666,4.546363636363637,-20.0,17.390434782608697,2.1780434782608693,62.96296296296296,24.99825,-3.9995999999999996,11.11,38.095238095238095,7.318780487804878,34.9995,False,True,False,False,True
11908,4,Dominican Republic,Italy,23.81,4.0,-33.333333333333336,19.048571428571428,2.2260000000000004,55.55555555555556,19.99888888888889,-8.333333333333334,-37.5,37.5,15.556444444444447,52.17304347826087,False,False,True,True,False
11909,1,Brazil,Poland,11.111481481481482,-8.0,5.555,0.0,11.535384615384613,38.88777777777778,-2.8554285714285714,-9.089545454545453,-12.498750000000001,17.391304347826086,2.8542857142857145,68.75,False,,,True,False
11909,2,Brazil,Poland,9.375,-12.499583333333334,7.142857142857143,60.001999999999995,12.123939393939393,65.21608695652174,5.882352941176471,-28.571428571428573,12.49875,38.0947619047619,11.428571428571429,42.857619047619046,False,True,False,True,False
11909,3,Brazil,Poland,42.856857142857145,-11.998399999999998,-42.857142857142854,21.05263157894737,11.761176470588236,61.90285714285714,28.206666666666667,-13.042608695652175,-45.45454545454545,28.573809523809523,15.384871794871795,53.84615384615385,False,True,False,True,False
11910,1,Belgium,Türkiye,23.334,-24.9975,-37.49875,33.3325,7.406666666666666,6.666666666666667,24.325135135135135,-4.0,-45.45454545454545,46.665333333333336,11.10861111111111,57.89421052631579,False,,,False,True
11910,2,Belgium,Türkiye,3.5739285714285716,-5.555,-25.0,22.22222222222222,0.0,-0.001764705882353008,35.483225806451614,-12.5,19.997999999999998,43.746249999999996,10.34206896551724,63.15842105263158,False,False,True,False,True
11910,3,Belgium,Türkiye,5.714285714285714,0.0005263157894739535,-11.11111111111111,28.56952380952381,0.0,0.0016666666666667299,29.72972972972973,-8.0,0.0,35.29529411764706,11.106666666666666,100.0,False,False,True,False,True
11911,1,Japan,USA,25.713714285714286,0.0,-49.999,15.78842105263158,14.285142857142858,34.48241379310345,39.39333333333333,-4.348695652173913,-23.529411764705884,40.90772727272727,14.288285714285713,50.0,False,,,False,True
11911,2,Japan,USA,18.181454545454546,4.16625,-38.46153846153846,22.725454545454543,1.7825,70.73073170731708,35.71404761904762,-3.9995999999999996,-11.110740740740741,47.82826086956521,29.546363636363637,72.4144827586207,False,False,True,False,True
11911,3,Japan,USA,18.42078947368421,-9.523333333333333,-54.54545454545455,31.58,11.11111111111111,39.284642857142856,37.49975,-20.8325,6.25,47.36421052631579,15.002500000000001,60.0,False,False,True,False,True
11912,1,Italy,Netherlands,39.02317073170732,-9.524285714285714,-100.0,20.833333333333332,4.758333333333333,24.0016,42.10421052631579,4.0,-30.0,22.22277777777778,11.108333333333334,31.579473684210527,False,,,False,True
11912,2,Italy,Netherlands,26.828536585365853,-14.285714285714286,-8.334166666666667,14.287142857142856,7.498749999999999,33.332857142857144,19.51195121951219,-15.38423076923077,-16.668333333333333,58.33124999999999,20.513333333333332,49.999375,False,False,True,True,False
11912,3,Italy,Netherlands,29.412941176470586,-4.166666666666667,22.22222222222222,27.77777777777778,3.0327272727272727,47.82695652173913,15.789473684210526,-9.523809523809524,-54.54545454545455,42.85857142857143,13.153684210526315,47.62047619047619,False,True,False,True,False
11912,4,Italy,Netherlands,14.705882352941176,13.635909090909092,-40.0,10.525789473684211,3.0303030303030303,-4.762380952380951,54.83709677419355,-20.832916666666666,-25.0,27.272727272727273,13.329,46.666000000000004,False,True,False,False,True
11912,5,Italy,Netherlands,19.045238095238098,-9.090909090909092,-50.0,15.386153846153848,14.285714285714286,80.0,38.88777777777778,7.142142857142858,-28.572857142857142,30.002,0.0,60.0,False,False,True,False,True
11913,1,China,Dominican Republic,64.999,0.0,-6.249375,50.0,52.94117647058823,44.44555555555556,18.51851851851852,-20.000666666666667,-66.66666666666667,17.391304347826086,12.500416666666666,40.0,False,,,True,False
11913,2,China,Dominican Republic,48.148148148148145,-8.0,-16.666666666666668,31.24875,33.33555555555555,43.750625,32.14357142857143,-14.999,-100.0,30.434347826086956,10.002999999999998,75.00166666666667,False,True,False,True,False
11913,3,China,Dominican Republic,16.214864864864865,0.0,-33.333333333333336,19.048571428571428,18.91891891891892,78.26,35.71380952380952,-12.0,-28.57,10.526315789473685,5.265789473684211,55.55481481481482,False,True,False,False,True
11913,4,China,Dominican Republic,38.233823529411765,3.9995999999999996,-13.636818181818182,38.095238095238095,21.875,50.0015,24.388292682926828,0.0,0.0,20.83,12.50275,34.48344827586207,False,False,True,True,False
11914,1,Canada,Russia,17.647058823529413,-13.331999999999999,-38.46153846153846,4.546818181818182,3.330666666666667,66.66722222222222,39.99966666666667,0.00041666666666687985,10.0,24.998333333333335,10.347586206896553,64.28678571428571,False,,,False,True
11914,2,Canada,Russia,35.294117647058826,-15.384615384615385,-40.0,-17.39217391304348,26.314736842105265,-25.0,62.50125,20.832916666666666,-33.335,-10.0,20.0,45.45454545454545,False,False,True,False,True
11914,3,Canada,Russia,17.39,-14.285714285714286,-31.248124999999998,4.545000000000001,24.9985,50.0,53.84615384615385,-3.9988,-25.0,25.0,13.042173913043477,75.000625,False,False,True,False,True
11915,1,Korea,Serbia,58.82470588235294,0.00040000000000020466,20.00133333333333,-18.184545454545454,6.248125,33.33133333333333,-5.714857142857143,0.0,-49.99875,13.040869565217392,12.118484848484847,70.0005,False,,,True,False
11915,2,Korea,Serbia,21.427857142857142,-4.347391304347825,-40.0,13.042608695652172,9.523809523809524,80.0,22.85914285714286,8.000399999999999,-11.110555555555557,33.333333333333336,5.5575,62.96296296296296,False,True,False,False,True
11915,3,Korea,Serbia,39.28642857142857,-8.000399999999999,12.5,9.091818181818182,9.678709677419354,55.555925925925926,-0.00035714285714303983,-7.6923076923076925,-40.00066666666667,9.09,3.336,18.74875,False,False,True,True,False
11915,4,Korea,Serbia,34.09227272727273,-12.499583333333334,-17.648235294117647,-4.34695652173913,4.448222222222222,89.65517241379311,13.887222222222222,12.5,-54.54545454545455,24.9985,8.572571428571427,51.85074074074074,False,True,False,True,False
11916,1,Poland,Thailand,39.025609756097566,-12.499166666666667,-27.271818181818183,9.091818181818182,19.51219512195122,55.17172413793104,32.43135135135135,-4.166666666666667,-37.499375,47.618095238095236,22.580645161290324,29.166666666666668,False,,,True,False
11916,2,Poland,Thailand,64.28571428571429,-20.0004,-14.285714285714286,38.46230769230769,39.28285714285715,56.52130434782609,22.222962962962963,-13.332666666666666,-50.0,0.0,18.516296296296296,0.0005555555555550503,False,True,False,True,False
11916,3,Poland,Thailand,37.836216216216215,-4.166666666666667,-22.221111111111114,5.2631578947368425,27.024864864864867,59.25851851851852,22.221111111111114,-4.761428571428572,-40.00066666666667,19.047619047619047,23.909999999999997,81.81909090909092,False,True,False,True,False
11917,1,Brazil,Germany,15.15030303030303,-9.091363636363637,0.0,19.049523809523812,12.5015625,44.9995,21.876875000000002,-3.9995999999999996,0.0009090909090913742,24.9995,21.21212121212121,49.99944444444444,False,,,False,True
11917,2,Brazil,Germany,53.84615384615385,-7.9996,0.0,31.24875,17.240689655172414,36.36318181818182,17.142,-5.882352941176471,-85.71428571428571,47.82434782608696,25.806451612903224,42.10473684210526,False,False,True,True,False
11917,3,Brazil,Germany,45.45454545454545,-8.332916666666668,-57.14357142857143,23.529411764705884,9.375,60.87,39.999428571428574,-18.18227272727273,-23.075384615384618,31.818181818181817,12.121212121212121,46.666666666666664,False,True,False,True,False
11917,4,Brazil,Germany,37.038888888888884,3.9995999999999996,-20.00133333333333,26.314210526315787,20.692413793103448,47.06,27.77722222222222,-9.090909090909092,-18.180909090909093,47.9996,18.752499999999998,40.0,False,True,False,True,False
11918,1,Belgium,Japan,20.513333333333332,-3.9999999999999996,4.545909090909091,27.270000000000003,15.384615384615385,63.63681818181818,15.000499999999999,0.0013043478260870058,-61.53846153846154,-0.0028571428571429656,18.423947368421054,64.28642857142857,False,,,True,False
11918,2,Belgium,Japan,33.333333333333336,-18.180909090909093,-22.726363636363637,14.999,13.334,44.44277777777778,21.950731707317075,-19.9996,-40.001,33.33166666666667,28.569285714285716,53.122499999999995,False,True,False,False,True
11918,3,Belgium,Japan,24.324324324324323,-22.728181818181817,0.0009999999999990906,26.086521739130436,17.141142857142857,33.333888888888886,27.58758620689655,0.0,-16.665833333333335,35.29529411764706,25.0,47.61952380952381,False,False,True,False,True
11918,4,Belgium,Japan,27.275,-9.523809523809524,-38.88944444444444,12.499166666666667,18.607209302325582,53.333333333333336,32.60782608695652,-4.0,-30.76846153846154,36.84263157894737,27.90558139534884,63.63757575757575,False,False,True,False,True
11919,1,Russia,Serbia,49.99916666666667,12.0,20.000666666666667,50.0,9.999,58.8235294117647,-7.691923076923076,0.0,-45.45545454545454,8.33375,3.7014814814814816,41.666666666666664,False,,,True,False
11919,2,Russia,Serbia,50.00038461538462,4.166666666666667,-50.001,29.41176470588235,15.38153846153846,50.0,22.223333333333333,-0.0005555555555558397,-39.999,16.665833333333335,10.714285714285714,5.884117647058824,False,True,False,True,False
11919,3,Russia,Serbia,8.824117647058824,16.0,0.0014285714285721593,0.0,9.090909090909092,52.38047619047619,19.23153846153846,0.0008695652173917492,8.3325,-21.735652173913042,8.330833333333333,33.333333333333336,False,True,False,True,False
11920,1,Dominican Republic,Netherlands,25.644615384615385,-8.333333333333334,-26.666666666666668,24.9995,10.523947368421052,52.94176470588235,17.390869565217393,-12.498333333333333,-14.285714285714286,22.72772727272727,15.912272727272729,56.248125,False,,,True,False
11920,2,Dominican Republic,Netherlands,31.428857142857144,-8.696521739130434,-50.0,16.666666666666668,13.888055555555557,41.665416666666665,35.7125,4.1675,-39.998666666666665,15.789473684210526,16.666666666666668,42.857619047619046,False,True,False,False,True
11920,3,Dominican Republic,Netherlands,26.82829268292683,-10.344827586206897,-33.33375,10.0,7.694871794871795,56.2496875,27.082083333333333,-24.13655172413793,-43.750625,23.075769230769232,16.662857142857142,63.333,False,False,True,True,False
11920,4,Dominican Republic,Netherlands,36.11,-8.0008,-23.07923076923077,10.525789473684211,2.78,36.66566666666667,23.81047619047619,-9.090909090909092,-31.249375,39.130434782608695,26.31421052631579,35.9996,False,True,False,True,False
11921,1,Germany,Poland,31.2490625,0.0008000000000004093,-11.11111111111111,19.05,16.131612903225808,52.63157894736842,37.49916666666667,0.0,-7.142857142857143,4.762380952380953,11.540769230769232,17.64764705882353,False,,,True,False
11921,2,Germany,Poland,43.75,0.0,-46.666000000000004,26.316842105263156,12.905806451612902,61.10944444444445,25.0003125,-4.761904761904762,12.49875,22.728636363636365,6.2475,19.047619047619047,False,True,False,True,False
11921,3,Germany,Poland,36.36363636363637,-8.0,-16.668333333333333,31.815909090909088,18.7503125,41.1764705882353,25.805806451612902,-4.3478260869565215,-16.666666666666668,23.81095238095238,15.6246875,52.63157894736842,False,True,False,True,False
11922,1,China,Italy,44.737631578947365,-0.001200000000000614,-75.0,25.0,11.761764705882355,47.05882352941177,35.137297297297295,-5.2631578947368425,-75.0,26.08695652173913,8.11054054054054,15.000499999999999,False,,,True,False
11922,2,China,Italy,66.66791666666667,0.00041666666666687985,14.285714285714286,69.997,22.727272727272727,53.84615384615385,20.0005,-16.665833333333335,-50.0,14.285238095238096,9.087272727272726,8.333333333333334,False,True,False,True,False
11922,3,China,Italy,41.37724137931035,-3.9995999999999996,16.666666666666668,23.53058823529412,10.344827586206897,27.77722222222222,14.634146341463415,-5.2631578947368425,25.0,26.086521739130436,7.689230769230769,28.57,False,True,False,True,False
11923,1,Canada,Korea,42.85642857142857,-4.166666666666667,11.11,8.333333333333334,20.835,39.130434782608695,13.792758620689655,-18.749375,-71.42857142857143,9.524285714285714,10.000333333333334,50.001666666666665,False,,,True,False
11923,2,Canada,Korea,36.36454545454546,0.0,-80.0,9.523809523809524,27.269999999999996,7.693076923076924,58.3325,0.0008333333333337597,-44.44444444444444,12.499999999999998,21.739565217391306,56.25,False,True,False,False,True
11923,3,Canada,Korea,25.48843137254902,-7.142857142857143,-16.66722222222222,20.000799999999998,26.0,50.002105263157894,23.636545454545455,-10.714285714285714,-49.99944444444444,8.0,9.256111111111112,71.42833333333333,False,False,True,True,False
11923,4,Canada,Korea,22.22222222222222,-4.761904761904762,-38.46076923076923,5.002,34.61538461538461,23.076923076923077,47.998400000000004,-8.332916666666668,-9.998999999999999,26.31736842105263,11.114074074074075,91.66666666666667,False,True,False,False,True
11923,5,Canada,Korea,29.63,0.0005263157894739535,-54.54545454545455,10.526842105263157,15.386538461538462,71.42642857142857,35.71357142857143,-4.762380952380953,-30.77,5.880588235294118,0.0,84.61692307692307,False,False,True,False,True
11924,1,Brazil,Thailand,51.85111111111111,-4.0,11.11111111111111,77.78,23.076538461538462,100.0,2.940882352941177,-18.181818181818183,,34.78391304347826,5.5575,0.0007142857142850646,False,,,True,False
11924,2,Brazil,Thailand,37.93137931034483,4.167916666666668,-0.0012499999999988631,53.84615384615385,21.426071428571426,57.142857142857146,12.19439024390244,-13.332666666666666,-33.333333333333336,13.043478260869565,7.142857142857143,71.42857142857143,False,True,False,True,False
11924,3,Brazil,Thailand,57.14214285714286,-4.0,-11.11111111111111,60.001,21.43,93.334,6.666666666666667,0.0,-33.333333333333336,22.726363636363637,-3.222258064516129,28.571428571428573,False,True,False,True,False
11925,1,Türkiye,USA,33.333333333333336,-9.090454545454547,-41.666666666666664,36.84157894736842,9.088181818181818,7.6923076923076925,45.45424242424242,-20.832916666666666,-28.571428571428573,42.10631578947368,24.23909090909091,63.1578947368421,False,,,False,True
11925,2,Türkiye,USA,17.948205128205128,4.165833333333333,-30.0,40.911818181818184,8.336111111111112,80.95238095238095,25.71314285714286,-8.332916666666668,-6.248750000000001,27.274545454545454,16.666666666666668,48.0008,False,False,True,True,False
11925,3,Türkiye,USA,12.4996875,-6.249375,-25.0,18.18318181818182,6.453870967741936,42.85857142857143,46.15461538461538,-0.00041666666666687985,-33.33266666666667,14.285714285714286,7.41,47.36842105263158,False,True,False,False,True
11925,4,Türkiye,USA,12.902903225806451,-21.428571428571427,-39.999,34.78434782608696,9.375,56.250625,46.43035714285714,0.0,-20.000666666666667,36.36272727272728,25.925925925925927,84.21,False,False,True,False,True
11926,1,Germany,Serbia,25.639743589743592,-19.9996,50.0,31.816363636363636,15.383076923076922,22.727272727272727,11.766470588235293,-4.3478260869565215,0.0,49.999,2.8542857142857145,12.500833333333333,False,,,True,False
11926,2,Germany,Serbia,38.70935483870968,4.165833333333333,-40.0,39.998666666666665,23.526176470588236,43.47826086956522,19.445277777777775,-11.764705882352942,-28.57,9.525238095238095,3.336,31.81772727272727,False,True,False,True,False
11926,3,Germany,Serbia,35.4841935483871,-3.9991999999999996,14.285714285714286,26.31736842105263,14.28857142857143,26.316315789473684,18.517037037037035,4.761904761904762,-14.285714285714286,18.18136363636364,0.0,35.294117647058826,False,True,False,True,False
11927,1,Dominican Republic,Japan,43.90512195121951,-12.499583333333334,-31.25125,10.526842105263157,15.0,71.8740625,16.27813953488372,5.26421052631579,-33.333888888888886,66.66523809523808,40.47428571428571,58.62068965517241,False,,,True,False
11927,2,Dominican Republic,Japan,35.419374999999995,0.0003846153846155814,-27.27227272727273,13.045217391304346,12.501666666666665,63.63666666666667,32.652244897959186,-4.166666666666667,-26.666666666666668,60.0036,42.85755102040816,52.7775,False,True,False,True,False
11927,3,Dominican Republic,Japan,34.78065217391304,-13.635454545454547,-46.666000000000004,-4.16625,6.248958333333333,61.1113888888889,31.998800000000003,0.0,-15.385384615384615,52.63157894736842,36.168510638297874,55.555277777777775,False,True,False,False,True
11927,4,Dominican Republic,Japan,3.124374999999999,-6.25,-42.85857142857143,0.0,3.12375,63.1578947368421,28.571785714285713,4.167083333333333,0.0,53.333333333333336,39.285714285714285,92.85785714285714,False,False,True,False,True
11927,5,Dominican Republic,Japan,50.00111111111111,-18.181818181818183,-57.142857142857146,14.285714285714286,20.0,37.499375,47.82347826086957,0.0006666666666670077,-50.0,22.22222222222222,12.0,47.61904761904762,False,False,True,False,True
11928,1,Belgium,Thailand,57.144,-8.332916666666666,-50.0,37.49708333333333,13.8875,4.3478260869565215,48.27551724137931,8.334166666666667,-40.0,20.0005,17.243448275862068,-19.999200000000002,False,,,True,False
11928,2,Belgium,Thailand,31.58,0.0007692307692311628,-40.0,31.816363636363636,21.05263157894737,11.109629629629628,32.431891891891894,-4.166666666666667,-66.66666666666667,35.998,18.923243243243242,26.088260869565215,False,True,False,True,False
11928,3,Belgium,Thailand,34.092045454545456,0.0,-44.44444444444444,54.166666666666664,14.287619047619046,22.221851851851852,33.96245283018868,-4.0,-25.0,13.637272727272727,8.336666666666666,33.335,False,True,False,False,True
11928,4,Belgium,Thailand,36.10777777777778,-11.999600000000001,50.0,71.42714285714285,13.884444444444444,52.942352941176466,2.8557142857142854,-6.666666666666667,100.0,35.0,2.6315789473684212,4.34695652173913,False,False,True,True,False
11929,1,Brazil,Korea,37.14342857142857,-4.0,16.668333333333333,17.647058823529413,30.302727272727275,57.69230769230769,15.384615384615385,0.0,-28.571428571428573,54.16625,35.003499999999995,52.173478260869565,False,,,True,False
11929,2,Brazil,Korea,21.950000000000003,0.0012500000000000473,-24.999375,34.78,26.826341463414632,55.172413793103445,16.66690476190476,-4.166666666666667,0.0,39.13,23.809047619047618,53.1265625,False,True,False,True,False
11929,3,Brazil,Korea,41.666666666666664,11.9992,-33.333333333333336,0.0,22.727272727272727,27.273636363636363,37.03740740740741,0.0016666666666675194,-80.0,15.998,24.135172413793107,24.998125,False,True,False,True,False
11930,1,China,Russia,27.77722222222222,4.166666666666667,0.0015000000000007674,10.52736842105263,26.47176470588235,76.19095238095238,0.0,15.788947368421054,-11.112222222222222,12.500833333333333,6.058787878787879,24.99875,False,,,True,False
11930,2,China,Russia,53.124375,-4.0,-29.41176470588235,42.10578947368421,35.4858064516129,28.571428571428573,46.8753125,-9.090909090909092,-18.180909090909093,16.66625,9.374062499999999,27.776111111111113,False,True,False,True,False
11930,3,China,Russia,47.06029411764706,-4.166666666666667,-23.53,18.749375,20.002285714285716,69.56347826086957,17.07219512195122,-5.882352941176471,-61.53769230769231,8.695652173913043,2.4989999999999997,33.33481481481481,False,True,False,True,False
11931,1,Poland,USA,24.998,-11.111481481481482,-17.648823529411764,33.335,9.758048780487805,54.54590909090909,27.028108108108107,-6.896551724137931,-17.647058823529413,13.043478260869565,10.80972972972973,64.0008,False,,,False,True
11931,2,Poland,USA,25.580465116279072,-3.5714285714285716,-30.77,25.925925925925927,12.19170731707317,32.143214285714286,33.333333333333336,-3.5714285714285716,-26.315263157894737,36.001599999999996,15.907727272727273,63.9992,False,False,True,False,True
11931,3,Poland,USA,-4.440892098500626e-16,-7.142857142857143,-25.0,22.728636363636365,3.1275,36.84157894736842,37.038148148148146,-3.9995999999999996,0.0007142857142850646,30.76846153846154,7.404444444444444,64.9995,False,False,True,False,True
11932,1,Canada,Italy,13.793103448275861,5.555555555555555,-62.500625,0.0,14.2875,16.666666666666668,39.287142857142854,4.0,-9.090000000000002,27.77777777777778,17.858571428571427,44.44444444444444,False,,,False,True
11932,2,Canada,Italy,23.528823529411767,-9.523333333333333,-29.41176470588235,5.264736842105263,21.876875000000002,46.15384615384615,38.710967741935484,-12.5,-12.500625,15.79,24.135172413793107,76.47058823529412,False,False,True,False,True
11932,3,Canada,Italy,33.33305555555555,-5.0,-30.0005,8.332916666666668,14.284571428571429,3.5714285714285716,42.855714285714285,0.0,-53.333333333333336,31.57684210526316,31.432,66.66708333333334,False,False,True,False,True
11933,1,Netherlands,Türkiye,29.99925,-0.0011538461538461975,-46.666666666666664,35.998,9.995999999999999,56.0,32.60847826086957,0.0,-20.0,43.9988,4.765952380952381,55.9996,False,,,False,True
11933,2,Netherlands,Türkiye,12.122121212121211,5.001,-23.529411764705884,18.181818181818183,9.376249999999999,56.5195652173913,27.904651162790696,-4.0,18.181818181818183,31.577368421052633,2.438048780487805,69.99966666666666,False,False,True,False,True
11933,3,Netherlands,Türkiye,25.927407407407404,-28.571428571428573,-20.0,14.288095238095236,11.11111111111111,15.384615384615385,32.001599999999996,-8.333333333333334,20.0,21.428571428571427,17.393478260869564,33.33444444444444,False,False,True,False,True
11934,1,Dominican Republic,Serbia,58.82235294117647,8.333333333333334,-18.184545454545454,20.0,12.49625,30.76923076923077,18.516666666666666,-33.333333333333336,-75.0,8.695652173913043,15.382307692307693,26.667333333333332,False,,,True,False
11934,2,Dominican Republic,Serbia,33.332121212121216,4.0,-30.0,27.77777777777778,19.356129032258064,30.434782608695652,27.271818181818183,-10.0,-10.0,28.0004,14.286857142857144,36.8421052631579,False,True,False,True,False
11934,3,Dominican Republic,Serbia,26.470588235294116,0.0,-33.33444444444444,57.14142857142857,21.872500000000002,64.0,25.000714285714288,-26.314210526315787,-18.750625,41.6625,18.519259259259258,33.333333333333336,False,True,False,True,False
11935,1,Russia,USA,46.42964285714286,-9.090909090909092,-18.180909090909093,9.090454545454547,15.383461538461539,17.645294117647058,51.72551724137931,0.0,-30.000999999999998,39.9985,44.44444444444444,4.762380952380953,False,,,False,True
11935,2,Russia,USA,26.783392857142854,3.8461538461538463,-23.53058823529412,19.9984,5.771923076923077,43.9019512195122,34.09068181818182,0.0011538461538467442,-15.385384615384615,27.9996,30.230232558139537,54.54363636363637,False,False,True,True,False
11935,3,Russia,USA,34.615,-12.499583333333334,-14.285714285714286,4.761428571428572,12.503749999999998,11.112222222222222,28.1234375,4.167083333333333,-35.294117647058826,33.3352380952381,22.582580645161293,58.333333333333336,False,True,False,False,True
11935,4,Russia,USA,37.50125,-20.0,-36.36363636363637,-18.180000000000003,0.0,10.0,42.857142857142854,12.002,-27.273636363636363,27.273636363636363,26.312631578947368,41.666666666666664,False,False,True,False,True
11936,1,Germany,Japan,26.83121951219512,-12.5,-20.00133333333333,26.08695652173913,28.202307692307688,64.0,33.334848484848486,0.00041666666666687985,-50.000625,20.0005,7.142142857142857,56.52173913043478,False,,,False,True
11936,2,Germany,Japan,45.15967741935484,0.002500000000000687,-20.0,40.0025,29.997,75.0,17.240689655172414,9.999500000000001,-20.0,14.284761904761906,6.664,16.0,False,False,True,True,False
11936,3,Germany,Japan,27.499000000000002,-0.00040000000000020466,-21.73913043478261,41.66625,38.4625641025641,58.333333333333336,27.27340909090909,0.00040000000000020466,-44.443333333333335,4.545454545454544,9.30139534883721,60.60545454545455,False,True,False,False,True
11936,4,Germany,Japan,19.999333333333333,-20.0,-38.88944444444444,33.334583333333335,23.331999999999997,64.28571428571429,39.39727272727272,4.0,-66.66666666666667,25.001666666666665,9.675806451612903,69.23,False,False,True,False,True
11937,1,Canada,Thailand,20.688965517241378,-12.5,-33.333333333333336,4.545454545454546,7.407407407407407,9.525714285714287,48.38677419354839,-7.999199999999999,-42.857142857142854,57.142857142857146,19.356129032258064,84.21157894736842,False,,,False,True
11937,2,Canada,Thailand,26.470882352941175,-11.11111111111111,-21.052105263157895,12.501249999999999,17.649117647058823,38.096666666666664,36.3639393939394,8.333333333333334,-38.46,33.332,0.0,67.99879999999999,False,False,True,False,True
11937,3,Canada,Thailand,31.034827586206895,-23.528823529411767,-38.89,4.3478260869565215,21.428571428571427,46.66733333333333,37.93310344827586,0.00040000000000020466,-10.0,38.46153846153846,7.407407407407407,70.58882352941177,False,False,True,False,True
11938,1,China,Poland,58.62310344827586,3.8461538461538463,7.145000000000001,27.27318181818182,21.21212121212121,41.177058823529414,37.83702702702703,0.0,-100.0,30.76846153846154,18.181818181818183,73.33333333333333,False,,,True,False
11938,2,China,Poland,45.45575757575757,12.499583333333334,-19.9995,9.090454545454547,12.904838709677422,18.18227272727273,38.88777777777778,0.0013043478260876238,-36.36454545454546,20.8325,11.425999999999998,68.42105263157895,False,True,False,True,False
11938,3,China,Poland,83.33333333333333,-16.0,-28.573571428571427,40.0,29.165000000000003,66.66666666666667,32.0,-6.25,-88.88888888888889,42.857142857142854,11.996799999999999,-18.181818181818183,False,True,False,True,False
11939,1,Korea,Türkiye,20.690344827586205,-4.167083333333333,0.0,23.80952380952381,13.78896551724138,5.2631578947368425,29.41205882352941,-8.332083333333333,0.0,31.818181818181817,13.792068965517242,17.64764705882353,False,,,False,True
11939,2,Korea,Türkiye,38.23558823529412,-4.166666666666667,0.0,16.666666666666668,0.0,33.333333333333336,34.374375,-9.523333333333333,-50.0,23.808095238095238,17.857142857142858,53.846923076923076,False,False,True,True,False
11939,3,Korea,Türkiye,11.110740740740741,-0.0005555555555558397,20.0,27.27045454545454,3.8457692307692306,-12.499375,40.62375,-4.165416666666666,9.090909090909092,29.41176470588235,24.135172413793107,35.29470588235294,False,True,False,False,True
11939,4,Korea,Türkiye,19.35451612903226,5.555555555555555,-62.5,0.0,6.25,42.855000000000004,45.45484848484848,-0.00040000000000020466,-30.002,22.223333333333333,18.748124999999998,57.89421052631579,False,False,True,False,True
11940,1,Brazil,Netherlands,29.73,0.0,-28.571428571428573,17.646470588235296,18.91891891891892,69.23192307692308,25.71542857142857,-10.0,-16.6675,43.47608695652174,5.882352941176471,28.000800000000005,False,,,True,False
11940,2,Brazil,Netherlands,42.421515151515145,4.000800000000001,-33.33133333333333,58.82470588235294,12.903225806451612,33.334583333333335,32.43081081081081,-10.526315789473685,-58.335,35.9992,16.218378378378375,50.000454545454545,False,True,False,True,False
11940,3,Brazil,Netherlands,38.46153846153846,4.166666666666667,-30.000999999999998,54.997,12.824102564102565,55.17172413793104,28.89022222222222,-4.761904761904762,-43.750625,41.66458333333333,19.045714285714286,41.37965517241379,False,True,False,True,False
11941,1,Belgium,Italy,33.331111111111106,11.998800000000001,-25.0,37.499375,11.538461538461538,42.857142857142854,14.286071428571429,0.001176470588235896,16.666666666666668,-4.761904761904762,3.7074074074074077,-5.881764705882354,False,,,True,False
11941,2,Belgium,Italy,12.498750000000001,-9.998499999999998,-20.0,22.727272727272727,3.2245161290322577,33.33444444444444,43.47869565217391,-8.0,33.333333333333336,13.333333333333334,4.549090909090909,11.110555555555557,False,True,False,False,True
11941,3,Belgium,Italy,25.0,0.0,-38.46230769230769,34.9995,0.0,14.286428571428571,36.36545454545455,-8.3325,0.0,30.433478260869567,9.088484848484848,31.57842105263158,False,False,True,False,True
11941,4,Belgium,Italy,34.21131578947368,-0.0008333333333337597,-33.33166666666667,18.75,5.401351351351352,76.47235294117647,14.286190476190475,-5.556111111111111,-66.66555555555556,13.044347826086955,5.127692307692308,43.47782608695652,False,False,True,True,False
11941,5,Belgium,Italy,47.05882352941177,-13.333333333333334,-33.333333333333336,25.0,-5.882352941176471,42.857142857142854,11.112222222222222,-20.0,-100.0,15.384615384615385,5.2631578947368425,25.0,False,True,False,True,False
11942,1,Dominican Republic,Germany,39.39212121212121,-4.165416666666666,-50.0,16.66444444444444,8.826176470588235,51.61290322580645,28.947894736842105,-13.635454545454547,-36.36454545454546,36.36636363636364,13.155789473684209,50.000454545454545,False,,,True,False
11942,2,Dominican Republic,Germany,31.2503125,-16.001199999999997,0.0008333333333337597,35.29294117647059,9.674838709677418,57.69307692307692,21.052105263157895,-18.180909090909093,-28.571428571428573,61.90571428571428,20.0,47.62,False,True,False,True,False
11942,3,Dominican Republic,Germany,10.714642857142858,0.0,-12.5,-21.73913043478261,3.5742857142857143,29.41235294117647,47.82521739130435,16.0,-0.0009090909090913742,38.46076923076923,20.0025,64.28571428571429,False,True,False,False,True
11942,4,Dominican Republic,Germany,25.64076923076923,-3.845384615384615,-40.0,4.544090909090909,7.5025,51.85259259259259,39.99971428571428,-7.691923076923077,-26.666666666666668,17.391739130434782,11.114166666666668,43.332,False,False,True,False,True
11942,5,Dominican Republic,Germany,25.0015,-14.285,0.0012500000000006395,22.221111111111114,10.523157894736842,68.74875,-4.348695652173912,-10.0,-14.285714285714286,41.66583333333333,12.503749999999998,46.66733333333333,False,False,True,True,False
11943,1,China,USA,63.9992,7.999199999999999,20.0,40.0,9.09,18.75,13.637272727272727,0.0,-66.66666666666667,20.8325,8.695652173913043,-22.22222222222222,False,,,True,False
11943,2,China,USA,46.8734375,8.334166666666667,-30.0,47.36578947368421,9.998999999999999,-5.554444444444444,37.83702702702703,-9.522857142857143,0.0,21.737391304347824,5.880882352941177,13.041739130434784,False,True,False,True,False
11943,3,China,USA,39.13,-8.000399999999999,62.49875,49.99928571428571,0.0,14.285714285714286,21.740434782608695,-11.764117647058825,-20.0,40.90681818181818,8.3325,-46.15538461538461,False,True,False,True,False
11944,1,Italy,Thailand,29.41176470588235,-15.151515151515152,0.0,34.373125,9.256296296296297,54.0545945945946,24.998846153846156,-2.8565714285714283,-23.077692307692306,30.76923076923077,7.406851851851851,60.52578947368421,False,,,False,True
11944,2,Italy,Thailand,51.72241379310344,-8.0,-8.695217391304348,33.333333333333336,13.331333333333331,59.99933333333333,17.945641025641027,4.761904761904762,-62.5,36.36136363636364,7.898947368421053,59.09090909090909,False,False,True,True,False
11944,3,Italy,Thailand,36.58609756097561,0.0,-10.0,50.0025,13.632272727272728,44.82896551724138,26.92134615384615,-7.693461538461539,-39.99933333333333,16.0,13.726274509803924,74.19387096774194,False,True,False,True,False
11944,4,Italy,Thailand,23.53,12.000399999999999,-18.18318181818182,31.25,18.181818181818183,75.0,16.217027027027026,-15.001,-29.999000000000002,20.0004,14.63048780487805,56.0004,False,True,False,True,False
11945,1,Japan,Serbia,38.46038461538462,8.333333333333334,0.0,63.63636363636363,0.0,46.666000000000004,6.05969696969697,-15.384615384615385,-28.57,17.393478260869564,3.2245161290322577,5.882941176470588,False,,,True,False
11945,2,Japan,Serbia,12.82076923076923,-4.0,16.666666666666668,42.106842105263155,2.563076923076923,57.14333333333333,6.06,-9.090909090909092,-25.0,27.27045454545454,0.0,23.075384615384618,False,True,False,True,False
11945,3,Japan,Serbia,33.332727272727276,-4.16625,25.0,28.572142857142858,0.0,83.33333333333333,3.5714285714285716,-6.25,-14.284285714285714,23.80952380952381,7.408148148148149,10.0,False,True,False,True,False
11946,1,Poland,Russia,35.715357142857144,-0.00041666666666687985,20.0,35.294117647058826,15.386538461538462,66.666,3.3333333333333335,0.0016666666666667299,-14.285,26.08608695652174,10.343793103448276,33.333333333333336,False,,,True,False
11946,2,Poland,Russia,27.273939393939393,4.761904761904762,-33.33222222222222,26.08782608695652,31.2503125,29.411176470588234,53.84538461538462,4.167916666666667,-13.332,20.0,16.0,10.526842105263157,False,True,False,False,True
11946,3,Poland,Russia,33.33074074074074,4.16625,-21.428571428571427,40.001999999999995,26.920769230769228,85.71428571428571,7.406296296296296,-5.881764705882353,50.0,16.66625,11.113333333333333,-18.182727272727274,False,False,True,True,False
11946,4,Poland,Russia,10.712857142857144,4.349130434782609,7.6923076923076925,9.522857142857143,7.145357142857143,31.250625,23.529117647058825,-4.166666666666667,7.142857142857143,18.18136363636364,17.64735294117647,74.999375,False,True,False,False,True
11946,5,Poland,Russia,36.36363636363637,14.286428571428571,60.0,40.001999999999995,18.181818181818183,55.556666666666665,7.691538461538462,-37.5,-25.0,21.427857142857142,30.76923076923077,-20.0,False,False,True,True,False
11947,1,Korea,Netherlands,35.13594594594595,0.0,-28.571428571428573,8.69608695652174,2.6315789473684212,57.14333333333333,44.44444444444444,0.0,-57.14190476190476,25.0,21.875,73.91260869565217,False,,,False,True
11947,2,Korea,Netherlands,22.50025,-4.165833333333333,-33.33166666666667,27.27227272727273,12.502500000000001,73.91173913043477,18.419736842105262,-4.166666666666667,-35.0,31.814999999999998,13.509189189189188,33.33291666666667,False,False,True,True,False
11947,3,Korea,Netherlands,17.646176470588237,-31.57842105263158,0.0,22.72909090909091,11.766764705882352,65.001,32.0012,-4.166666666666667,-11.110555555555557,38.459230769230764,30.43304347826087,15.789473684210526,False,True,False,False,True
11947,4,Korea,Netherlands,39.47105263157895,-4.166666666666667,-35.715714285714284,30.0015,5.555555555555555,52.0,32.50275,-13.04304347826087,-31.577894736842108,27.27045454545454,23.68421052631579,44.44481481481481,False,False,True,True,False
11947,5,Korea,Netherlands,40.001,-7.6923076923076925,-42.857142857142854,7.144285714285714,15.002499999999998,70.0,42.85857142857143,7.142142857142857,-22.221111111111114,41.665,35.0,26.666,False,True,False,False,True
11948,1,Belgium,Canada,41.177058823529414,-3.8461538461538463,-31.817272727272726,13.639090909090912,17.145142857142858,50.0,27.907906976744187,-4.166666666666667,-50.000625,30.434347826086956,21.74086956521739,82.75931034482758,False,,,True,False
11948,2,Belgium,Canada,26.663999999999998,12.49875,-19.999000000000002,14.287857142857144,6.669,45.8325,20.689310344827586,-16.666666666666668,0.0007692307692311628,-4.347391304347826,21.426785714285717,61.11055555555556,False,True,False,True,False
11948,3,Belgium,Canada,45.45242424242424,8.000399999999999,-31.249375,20.0,8.823529411764707,69.23153846153846,29.03064516129032,0.0,-35.29352941176471,-13.637727272727272,18.7515625,36.0,False,True,False,True,False
11949,1,Brazil,Türkiye,31.249375,13.043478260869565,-66.66666666666667,29.412941176470586,20.693103448275863,66.66722222222222,30.000333333333334,-5.2631578947368425,-28.572142857142858,4.347391304347826,16.127741935483872,52.940588235294115,False,,,True,False
11949,2,Brazil,Türkiye,33.33428571428571,-11.999600000000001,-7.6923076923076925,18.747500000000002,10.25923076923077,79.3103448275862,2.6315789473684212,6.25,-50.0005,28.570476190476192,16.217027027027026,64.28571428571429,False,True,False,True,False
11949,3,Brazil,Türkiye,24.443555555555555,0.00040000000000020466,-47.059411764705885,40.0004,23.259534883720928,66.66666666666667,37.83756756756757,-3.702592592592592,-38.888888888888886,24.9975,17.144857142857145,39.9996,False,True,False,False,True
11949,4,Brazil,Türkiye,59.25925925925926,-4.0004,-30.76923076923077,30.76846153846154,12.0,50.001,17.646764705882354,-6.666666666666667,-53.846923076923076,17.393043478260868,21.209090909090907,31.577894736842108,False,False,True,True,False
11950,1,Brazil,Japan,37.5015625,0.0,-13.334,21.429285714285715,20.0,80.95333333333333,12.123333333333333,-12.49875,-29.999000000000002,31.81681818181818,21.213939393939395,36.36363636363637,True,,,True,False
11950,2,Brazil,Japan,33.334102564102565,-4.0012,-26.31736842105263,22.724999999999998,22.22277777777778,71.42761904761905,25.000681818181818,4.3478260869565215,-57.14357142857143,45.833333333333336,22.72909090909091,63.33433333333333,True,True,False,True,False
11950,3,Brazil,Japan,36.16914893617022,0.0,-27.778333333333332,30.0,23.9986,56.2490625,31.372745098039214,3.224516129032258,-33.335,37.92758620689655,17.647058823529413,66.666,True,True,False,False,True
11950,4,Brazil,Japan,42.42515151515151,0.0012000000000000454,9.090909090909092,43.74875,29.41176470588235,70.83083333333333,15.384615384615385,0.0,-36.36272727272728,58.333333333333336,32.42918918918919,57.14333333333333,True,False,True,True,False
11951,1,Türkiye,USA,13.889999999999999,-9.090909090909092,-5.555555555555555,42.857142857142854,8.82,49.999545454545455,22.727045454545454,-12.499583333333334,-21.429285714285715,31.580526315789474,16.66761904761905,62.067931034482754,True,,,False,True
11951,2,Türkiye,USA,29.72810810810811,-17.391304347826086,-10.0,16.6675,11.425714285714287,77.77777777777777,24.0,8.000399999999999,-37.499375,27.779444444444444,10.714285714285714,43.75,True,False,True,False,True
11951,3,Türkiye,USA,17.07439024390244,-9.522857142857143,-47.06,43.4804347826087,7.314146341463415,75.00041666666667,31.427714285714288,0.00041666666666687985,-28.572142857142858,22.22277777777778,5.717142857142857,57.14107142857143,True,False,True,False,True
11952,1,Japan,Türkiye,21.620540540540542,-10.526315789473685,-40.001999999999995,35.998400000000004,13.158947368421051,21.053684210526313,35.48225806451613,4.000800000000001,-37.499375,29.40941176470588,22.580645161290324,64.70647058823529,True,,,False,True
11952,2,Japan,Türkiye,15.384615384615385,-5.882352941176471,-0.002000000000001023,54.999,12.503749999999998,-14.285714285714286,50.00142857142857,-12.5,-15.385384615384615,75.0025,17.23862068965517,81.250625,True,False,True,False,True
11952,3,Japan,Türkiye,3.5728571428571443,-5.881176470588235,-62.5,42.853809523809524,9.67741935483871,53.333333333333336,51.99759999999999,-16.0,5.555555555555556,60.0,27.272727272727273,46.668,True,False,True,False,True
11953,1,Brazil,USA,36.36303030303031,-3.5714285714285716,-33.333333333333336,26.08608695652174,17.647058823529413,52.6321052631579,28.204871794871796,-7.6923076923076925,-23.076923076923077,40.74,30.766153846153845,33.33277777777778,True,,,True,False
11953,2,Brazil,USA,26.828536585365853,-8.695217391304348,-6.666666666666667,28.0,9.99775,44.44444444444444,19.148936170212767,7.999199999999999,-33.333333333333336,47.618095238095236,20.454545454545453,72.41413793103449,True,True,False,False,True
11953,3,Brazil,USA,27.272121212121213,-12.500416666666666,-6.664666666666666,36.36272727272728,12.5,34.9995,27.273636363636363,-8.333333333333334,-21.428571428571427,23.807142857142853,25.0009375,27.272727272727273,True,False,True,False,True
11953,4,Brazil,USA,15.6259375,0.0,-27.274545454545454,31.815,18.75,47.36842105263158,28.57190476190476,-11.999600000000001,-21.427142857142858,52.38095238095238,12.49675,69.56521739130434,True,False,True,False,True
13754,1,Brazil,Germany,38.23264705882353,-3.449310344827586,18.182727272727274,63.998400000000004,25.714285714285715,52.94176470588235,26.827073170731705,-3.704444444444445,-40.0,48.14703703703704,17.944615384615386,36.84105263157895,False,,,True,False
13754,2,Brazil,Germany,17.39304347826087,0.0,-25.000625,65.21826086956521,11.36,73.33233333333334,20.754528301886793,-8.0,-30.77,42.857619047619046,10.868478260869566,86.11222222222221,False,True,False,False,True
13754,3,Brazil,Germany,18.183636363636364,-3.8457692307692306,-9.09,36.8421052631579,9.30232558139535,67.7416129032258,23.81,-19.9996,-18.181818181818183,52.0008,28.948684210526313,61.53807692307692,False,False,True,True,False
13754,4,Brazil,Germany,42.856857142857145,-8.332916666666668,0.0,47.61904761904762,17.14142857142857,40.90954545454545,24.243939393939392,9.09,-60.001,72.73,25.807419354838707,56.249375,False,True,False,True,False
13755,1,Dominican Republic,USA,7.6923076923076925,0.0,27.272727272727273,40.91136363636363,2.8594285714285714,80.001,21.428333333333335,-8.335416666666667,-20.0,72.72772727272728,26.468235294117648,63.63636363636363,False,,,False,True
13755,2,Dominican Republic,USA,8.572571428571429,-11.764117647058825,-28.571428571428573,27.272727272727273,6.0606060606060606,64.999,37.03777777777778,-3.9991999999999996,-5.882352941176471,46.666666666666664,34.783478260869565,86.66666666666667,False,False,True,False,True
13755,3,Dominican Republic,USA,20.00133333333333,-10.525263157894736,-25.0,40.906363636363636,6.8999999999999995,64.9995,31.576315789473686,0.0,-16.666666666666668,64.70588235294117,18.181818181818183,48.0,False,False,True,False,True
13756,1,Bulgaria,Thailand,43.333333333333336,-19.047619047619047,-55.55555555555556,9.524761904761906,40.00266666666666,4.3478260869565215,55.17310344827586,-8.3325,-28.572142857142858,29.414117647058823,36.0,4.348260869565217,False,,,False,True
13756,2,Bulgaria,Thailand,34.28457142857143,-13.636363636363637,-26.666,17.391304347826086,18.183030303030304,11.112222222222222,30.77,0.0,-23.528823529411767,15.789473684210526,34.20789473684211,37.03777777777778,False,False,True,False,True
13756,3,Bulgaria,Thailand,29.166666666666668,-14.285238095238096,-42.85785714285714,9.525238095238095,34.779999999999994,36.36363636363637,35.71321428571429,-4.165416666666666,0.0,17.647058823529413,23.9976,5.2631578947368425,False,False,True,False,True
13757,1,Italy,Türkiye,32.25741935483871,-23.80857142857143,-53.84615384615385,43.47782608695652,21.8746875,23.076153846153847,42.30692307692308,-4.166666666666667,-54.54636363636364,49.998125,7.410370370370372,75.0,False,,,False,True
13757,2,Italy,Türkiye,22.581612903225807,-5.2631578947368425,-40.0,-0.0004761904761907198,6.670000000000001,41.666666666666664,40.6240625,-8.000399999999999,-17.64764705882353,22.22222222222222,17.23862068965517,52.94117647058823,False,False,True,False,True
13757,3,Italy,Türkiye,14.706764705882353,-5.0,-25.0,13.636363636363637,19.35483870967742,50.0,30.555555555555557,0.0008333333333337597,-11.112222222222222,27.778333333333332,17.64794117647059,36.8421052631579,False,False,True,False,True
13758,1,Canada,Poland,10.001,0.0,22.221111111111114,44.446666666666665,3.5732142857142857,71.42857142857143,-5.8802941176470584,-4.763809523809524,-10.0,49.99772727272727,8.571428571428571,59.9995,False,,,True,False
13758,2,Canada,Poland,11.427714285714286,-26.086521739130436,-19.999000000000002,57.14380952380952,8.823529411764707,73.6842105263158,10.714285714285714,-4.166666666666667,-28.570714285714285,76.46999999999998,3.446206896551724,74.99875,False,True,False,False,True
13758,3,Canada,Poland,40.74037037037037,-26.08695652173913,-27.274545454545454,45.0,12.5,29.9995,30.554722222222225,-15.998800000000001,-39.999,70.58882352941177,7.140714285714286,68.42105263157895,False,False,True,False,True
13758,4,Canada,Poland,28.1265625,-23.80952380952381,-50.0,59.09136363636364,16.130645161290325,29.998,35.714285714285715,-4.1675,-27.273636363636363,46.668,3.5692857142857144,88.23529411764706,False,False,True,False,True
13759,1,Japan,Korea,43.33266666666667,-12.0008,-25.0,100.0,37.93034482758621,88.23529411764706,23.332,-23.52764705882353,0.0,59.09090909090909,16.666666666666668,18.749375,False,,,True,False
13759,2,Japan,Korea,23.075128205128205,4.165833333333333,-9.999999999999998,26.666666666666668,17.142857142857142,86.20758620689655,2.8565714285714283,0.0005882352941171121,15.383846153846154,43.47913043478261,8.822647058823529,38.09619047619047,False,True,False,True,False
13759,3,Japan,Korea,36.36363636363637,-4.0,-12.5,89.998,32.495999999999995,75.67594594594595,7.142142857142856,-9.090909090909092,-0.0012500000000006395,62.501666666666665,18.601860465116278,58.62034482758621,False,True,False,True,False
13760,1,Belgium,Serbia,25.53148936170213,3.9995999999999996,0.0,23.078461538461536,22.448163265306125,52.6321052631579,7.895526315789475,-7.142857142857143,-22.727272727272727,13.042608695652175,17.645294117647058,23.998800000000003,False,,,True,False
13760,2,Belgium,Serbia,13.15657894736842,0.0,-9.09,16.66333333333333,12.118181818181819,46.15538461538461,41.1764705882353,0.001200000000000614,7.142857142857143,13.334,19.353225806451615,21.05315789473684,False,True,False,False,True
13760,3,Belgium,Serbia,21.95219512195122,-11.11,-40.001333333333335,27.27136363636364,21.62162162162162,35.714285714285715,41.46512195121951,-8.332916666666668,-25.0,37.500625,21.8746875,59.09136363636364,False,False,True,False,True
13760,4,Belgium,Serbia,33.335,-9.090909090909092,-33.33222222222222,3.9983999999999997,16.66944444444444,0.0007692307692300696,34.28399999999999,8.0,-26.08695652173913,21.053684210526313,19.997333333333334,41.1764705882353,False,False,True,False,True
13761,1,China,Netherlands,28.124375,-6.25,-35.714999999999996,20.833333333333332,36.666000000000004,-8.694782608695652,58.06483870967742,-4.0,-13.333333333333334,39.998666666666665,24.997142857142858,14.815925925925924,False,,,False,True
13761,2,China,Netherlands,39.025609756097566,0.0,12.501874999999998,28.57333333333333,28.20205128205128,6.451290322580645,32.50075,0.0,0.0006250000000003197,45.83583333333333,18.42157894736842,-8.333055555555555,False,False,True,True,False
13761,3,China,Netherlands,32.5005,4.166666666666667,-39.9992,26.08521739130435,-2.631315789473684,33.33375,35.13648648648648,-4.16625,-28.57,4.166666666666667,-2.7027027027027026,17.857142857142858,False,True,False,True,False
13761,4,China,Netherlands,45.45272727272727,-4.0,-18.750625,13.042173913043477,-5.555277777777778,35.0,27.272121212121213,4.3478260869565215,-21.427142857142858,8.69391304347826,0.0,-22.22259259259259,False,True,False,True,False
13762,1,Brazil,Poland,21.427500000000002,0.0,7.142857142857143,55.0,14.814814814814815,27.77777777777778,17.390434782608697,-13.04391304347826,-25.0,49.99916666666667,11.629767441860464,82.60826086956521,False,,,True,False
13762,2,Brazil,Poland,27.274242424242424,-8.33375,-25.0,47.06117647058824,18.181818181818183,65.21782608695652,22.85914285714286,-18.18136363636364,-33.333333333333336,77.27318181818181,19.448888888888888,66.66722222222222,False,True,False,True,False
13762,3,Brazil,Poland,28.0004,8.0008,0.0,38.892222222222216,8.33625,70.0,29.999000000000002,-13.635454545454547,-23.076923076923077,27.272727272727273,18.517407407407408,60.00066666666667,False,True,False,True,False
13763,1,Germany,Japan,42.8552380952381,7.6923076923076925,-24.999166666666667,69.56608695652174,31.575263157894735,39.39515151515151,41.861395348837206,-4.0,-44.44444444444444,61.53961538461538,30.229534883720927,62.965185185185184,False,,,True,False
13763,2,Germany,Japan,15.095471698113206,-8.0012,12.50125,45.45454545454545,9.436792452830188,82.35352941176471,7.406666666666666,-0.0004347826086958746,-18.180909090909093,59.089545454545444,27.997,73.17048780487805,False,True,False,True,False
13763,3,Germany,Japan,24.323783783783785,-19.9995,19.997999999999998,56.52,17.64470588235294,60.0005,29.410588235294117,-3.9995999999999996,-57.142857142857146,56.24875,29.408823529411762,75.00125,False,True,False,False,True
13763,4,Germany,Japan,34.28457142857143,0.0008695652173917492,-50.0,80.95476190476191,28.1209375,57.89473684210526,54.28457142857143,-12.500833333333333,-50.00083333333333,61.90380952380953,24.99777777777778,89.47368421052632,False,False,True,False,True
13763,5,Germany,Japan,14.284761904761906,-16.6675,0.0,35.71357142857143,24.9985,63.63545454545454,19.9995,0.0,0.0,66.66777777777777,10.0,64.28642857142857,False,False,True,False,True
13764,1,Canada,Dominican Republic,29.999333333333333,0.0016666666666669272,9.09,6.25,11.541923076923077,72.72681818181819,2.941470588235294,0.0015789473684218603,-50.0,42.85809523809524,6.2521875,73.6842105263158,False,,,True,False
13764,2,Canada,Dominican Republic,48.14666666666667,8.0008,9.090909090909092,69.23230769230769,23.079615384615387,60.0,18.748749999999998,-6.6659999999999995,-50.0,56.0012,3.12375,37.5,False,True,False,True,False
13764,3,Canada,Dominican Republic,31.03551724137931,0.00041666666666687985,-11.112222222222222,39.99733333333334,19.997999999999998,100.0,12.5,-15.789473684210526,-10.0,38.096666666666664,3.2290322580645165,73.33333333333333,False,True,False,True,False
13765,1,Serbia,Thailand,26.189761904761905,4.3478260869565215,-9.090909090909092,16.665833333333335,12.905806451612905,9.090909090909092,38.23441176470588,4.0,-24.998333333333335,30.433478260869567,40.74074074074074,35.294117647058826,False,,,False,True
13765,2,Serbia,Thailand,31.914468085106382,3.704444444444445,-4.762380952380952,12.5,9.521428571428572,30.000999999999998,25.924999999999997,0.00040000000000020466,-24.999375,25.924444444444447,35.9954,44.44444444444444,False,False,True,True,False
13765,3,Serbia,Thailand,30.76871794871795,10.0,-57.14357142857143,16.664583333333333,12.4990625,66.66555555555556,55.883529411764705,0.0008000000000004093,-16.666666666666668,-5.26,6.253125,31.57842105263158,False,True,False,False,True
13765,4,Serbia,Thailand,41.935483870967744,-7.998399999999999,-0.0007692307692300696,22.221111111111114,0.0,60.0,22.223333333333333,-9.999500000000001,-37.49875,9.523333333333333,17.647058823529413,0.0,False,False,True,True,False
13765,5,Serbia,Thailand,-8.694782608695652,0.0,28.571428571428573,38.46,23.81,55.55555555555556,13.043478260869565,-13.333333333333334,55.55555555555556,18.183636363636364,14.29,0.0,False,True,False,False,True
13766,1,Bulgaria,Netherlands,49.999375,3.9995999999999996,-27.272727272727273,14.285,15.6209375,39.1295652173913,24.999285714285715,-0.0006666666666670077,-57.14214285714286,8.695217391304348,7.407407407407407,4.1675,False,,,True,False
13766,2,Bulgaria,Netherlands,2.2734090909090905,-25.0,-41.177058823529414,29.16416666666667,11.365681818181818,37.49875,33.33166666666667,0.0,30.76923076923077,33.33222222222222,12.901935483870966,30.55611111111111,False,True,False,False,True
13766,3,Bulgaria,Netherlands,21.875625,-4.999499999999999,-29.41176470588235,27.274545454545457,24.99875,7.691923076923077,32.432432432432435,-4.166666666666667,-29.412941176470586,42.107894736842105,18.422631578947367,48.0008,False,False,True,False,True
13766,4,Bulgaria,Netherlands,41.17735294117647,-12.501249999999999,0.0,28.57428571428571,18.181818181818183,41.6675,9.090303030303032,-12.49875,-21.427857142857142,29.9985,6.45483870967742,3.4482758620689653,False,False,True,True,False
13766,5,Bulgaria,Netherlands,38.09619047619047,13.334666666666667,-18.181818181818183,28.571428571428573,34.998000000000005,64.70588235294117,20.000666666666667,0.0,-11.11111111111111,0.002000000000001023,24.999375,11.11111111111111,False,True,False,True,False
13767,1,Belgium,Italy,44.44361111111111,-16.665416666666665,-75.0,16.667777777777776,3.4482758620689653,39.99933333333333,35.715357142857144,-18.181818181818183,-41.666666666666664,39.9985,11.535384615384613,5.555555555555555,False,,,True,False
13767,2,Belgium,Italy,24.241515151515152,-4.999499999999999,-22.223333333333333,-4.16625,9.676774193548388,11.764117647058825,35.29588235294118,8.333333333333334,-33.333333333333336,22.221666666666668,7.404444444444444,30.76923076923077,False,True,False,False,True
13767,3,Belgium,Italy,16.217837837837838,-8.695217391304348,-14.285,23.807619047619045,5.403243243243243,40.0,25.000625,-12.0,0.0,25.000999999999998,12.5,46.666000000000004,False,False,True,False,True
13767,4,Belgium,Italy,0.0,4.762380952380953,-11.764705882352942,28.57095238095238,2.936470588235294,33.333333333333336,26.470294117647057,-4.166666666666667,-10.0,5.0,5.88,83.33333333333333,False,False,True,False,True
13768,1,Germany,Korea,37.14371428571429,0.0,-41.665,42.10473684210526,21.875,58.333333333333336,30.76948717948718,-4.546363636363636,-26.666,66.66625,10.80972972972973,75.000625,False,,,True,False
13768,2,Germany,Korea,39.47263157894737,0.00041666666666687985,-20.0,57.144999999999996,16.666666666666668,88.4626923076923,15.384102564102564,-6.249375,-33.3325,43.47913043478261,9.997499999999999,80.002,False,True,False,True,False
13768,3,Germany,Korea,57.14333333333333,-4.0004,-14.285714285714286,-0.0007692307692300696,16.667777777777776,66.66666666666667,4.545909090909091,6.251249999999999,-42.857142857142854,38.09238095238096,14.286190476190475,33.333333333333336,False,True,False,True,False
13769,1,Brazil,Dominican Republic,50.0,3.9995999999999996,9.998999999999999,40.0,25.001666666666665,60.0,-15.999600000000001,-33.33222222222222,-33.333333333333336,29.165833333333335,7.9967999999999995,33.3325,False,,,True,False
13769,2,Brazil,Dominican Republic,6.451612903225806,6.25,-50.0,68.1809090909091,25.804193548387094,32.0008,45.16258064516129,-4.0,-33.333333333333336,31.24875,7.404444444444444,64.70529411764706,False,True,False,False,True
13769,3,Brazil,Dominican Republic,26.19,-3.9995999999999996,-13.333333333333334,81.24875,23.68026315789474,92.30846153846154,9.376562499999999,-5.556111111111111,-15.384615384615385,39.1295652173913,3.4468965517241377,55.9992,False,False,True,True,False
13769,4,Brazil,Dominican Republic,35.483225806451614,4.165833333333333,-33.333333333333336,62.5,24.140689655172416,57.142380952380954,13.156052631578946,-5.555555555555555,-50.0,43.48,6.449032258064516,36.365,False,True,False,True,False
13770,1,Canada,USA,16.129032258064516,-20.0,-50.00125,54.54545454545455,13.795862068965517,46.666000000000004,62.499583333333334,-8.334166666666667,9.090909090909092,66.66666666666667,4.76,52.63368421052631,False,,,False,True
13770,2,Canada,USA,15.78921052631579,-13.635909090909092,-6.248749999999999,47.62095238095238,11.11111111111111,71.42809523809524,25.002045454545453,-16.0004,-25.0,42.10315789473684,4.544999999999999,78.12593749999999,False,False,True,False,True
13770,3,Canada,USA,18.749375,-15.0,0.0,45.45454545454545,15.62375,55.55555555555556,37.500416666666666,0.0,-19.99866666666667,68.75125,21.73913043478261,40.00066666666667,False,False,True,False,True
13771,1,Bulgaria,Serbia,17.022978723404258,4.166666666666667,-38.88777777777778,11.539615384615384,8.692173913043478,18.18227272727273,22.72840909090909,3.8461538461538463,-21.05263157894737,4.348695652173913,8.699782608695653,41.935483870967744,False,,,False,True
13771,2,Bulgaria,Serbia,20.587352941176473,-18.75,-57.14357142857143,9.090454545454547,18.183333333333337,36.84157894736842,44.827241379310344,-4.165833333333333,-24.999375,7.6923076923076925,10.341724137931033,60.001999999999995,False,False,True,False,True
13771,3,Bulgaria,Serbia,29.031612903225806,0.0008333333333337597,-41.177058823529414,13.633636363636363,12.9058064516129,25.925185185185185,32.43054054054054,-7.693076923076924,-35.0,39.13391304347826,27.776944444444446,63.1578947368421,False,False,True,False,True
13772,1,Italy,Netherlands,45.16161290322581,-8.332916666666668,0.0,-5.883529411764706,35.714285714285715,70.58823529411765,24.999285714285715,-5.000500000000001,-81.81636363636363,14.285714285714286,34.61615384615384,9.998,False,,,True,False
13772,2,Italy,Netherlands,46.66766666666667,-7.998799999999999,-40.0,26.664666666666665,33.333333333333336,66.66809523809523,6.451612903225806,0.0,-12.49875,9.090909090909092,26.66466666666667,11.111666666666666,False,True,False,True,False
13772,3,Italy,Netherlands,35.29352941176471,-4.165416666666666,38.46076923076923,33.332,23.529411764705884,56.52086956521739,3.5725000000000007,-6.25,-20.0,18.182727272727274,25.922962962962966,25.0015,False,True,False,True,False
13773,1,China,Türkiye,57.691923076923075,-4.166666666666667,-18.181818181818183,39.998666666666665,45.8325,36.8421052631579,20.689310344827586,-11.763529411764706,-33.333333333333336,34.783478260869565,33.336666666666666,61.53846153846154,False,,,True,False
13773,2,China,Türkiye,22.22222222222222,-9.523809523809524,-58.333333333333336,29.999000000000002,30.766153846153845,54.54363636363637,49.99846153846154,-16.667083333333334,-33.333333333333336,22.221111111111114,33.33,35.714285714285715,False,True,False,False,True
13773,3,China,Türkiye,31.999200000000002,-8.332916666666668,-11.11111111111111,33.333333333333336,58.33625,52.94176470588235,-0.0017241379310353648,-5.881764705882353,-22.22222222222222,38.0947619047619,37.932758620689654,23.528823529411767,False,False,True,True,False
13773,4,China,Türkiye,23.332333333333334,-4.000800000000001,15.384615384615385,34.9985,53.56928571428572,38.88944444444444,10.255897435897436,-4.545454545454546,-37.5,34.78173913043479,40.54054054054054,66.6652380952381,False,True,False,True,False
13774,1,Korea,Poland,-29.166666666666668,-30.0,-33.333333333333336,63.635,4.16875,45.45363636363636,42.106842105263155,-4.167083333333333,25.000833333333333,71.42857142857143,41.17941176470589,81.81818181818181,False,,,False,True
13774,2,Korea,Poland,18.181818181818183,-13.042608695652175,14.287142857142856,78.94842105263157,11.763823529411766,45.0,29.409999999999997,-24.000799999999998,0.0,63.1578947368421,24.13413793103448,81.249375,False,False,True,False,True
13774,3,Korea,Poland,-0.001944444444445834,-8.333333333333334,0.0,26.08869565217391,0.001874999999999627,78.94842105263157,25.0,13.042608695652175,40.0,81.8190909090909,11.538461538461538,83.33333333333333,False,False,True,False,True
13775,1,Dominican Republic,Japan,23.682894736842105,-22.22222222222222,-49.998333333333335,72.72636363636364,16.665,69.56695652173913,39.47394736842105,-8.332916666666668,0.0012500000000006395,78.57142857142857,25.712000000000003,68.96379310344828,False,,,False,True
13775,2,Dominican Republic,Japan,28.125625,-4.166666666666667,60.001,83.33666666666666,3.336,73.33333333333333,17.243103448275864,-14.285714285714286,-23.076923076923077,52.38095238095238,18.517777777777777,55.55555555555556,False,False,True,True,False
13775,3,Dominican Republic,Japan,8.511489361702127,-4.545454545454546,-14.285714285714286,52.17391304347826,6.667555555555555,68.4213157894737,14.002399999999998,4.166666666666667,14.287142857142856,75.0,22.918958333333336,96.875,False,True,False,False,True
13775,4,Dominican Republic,Japan,-6.06060606060606,0.0,-30.0,45.45363636363636,6.451612903225806,36.84263157894737,48.388064516129035,-8.0,0.0018181818181827484,100.0,23.334666666666667,84.61576923076925,False,False,True,False,True
13776,1,Brazil,USA,-0.0006451612903219939,0.0004761904761907198,-22.221111111111114,63.63727272727272,19.998333333333335,42.103157894736846,17.07390243902439,-8.332916666666668,36.36454545454546,49.9995,13.157894736842104,75.00125,False,,,False,True
13776,2,Brazil,USA,18.180909090909093,0.0,-35.294117647058826,47.82608695652174,16.668,46.665333333333336,34.37375,4.0,-9.090909090909092,36.84157894736842,12.5,52.17521739130434,False,False,True,False,True
13776,3,Brazil,USA,18.749375,-10.525789473684211,-33.33416666666667,37.5,14.285714285714286,78.57000000000001,27.585172413793103,12.499583333333334,-20.0,64.70588235294117,14.284642857142858,73.33333333333333,False,False,True,False,True
13777,1,Belgium,Thailand,27.027027027027028,0.0016666666666669272,-6.667333333333333,34.999,22.21777777777778,37.0362962962963,25.0,-13.04391304347826,5.556111111111111,13.635909090909092,51.42857142857143,78.9478947368421,False,,,True,False
13777,2,Belgium,Thailand,21.620270270270268,0.0005263157894739535,-20.0,17.389565217391304,22.49625,51.9988,40.00228571428571,0.0016666666666669272,-5.555,22.22,42.85428571428571,55.556296296296296,False,True,False,False,True
13777,3,Belgium,Thailand,20.512820512820515,-8.69608695652174,-45.45363636363636,27.27045454545454,23.08,58.33416666666667,27.02351351351351,-12.0,-16.6675,19.999000000000002,57.896052631578954,55.555925925925926,False,False,True,False,True
13777,4,Belgium,Thailand,35.4841935483871,4.0,-6.25,22.223333333333333,32.25677419354839,52.17391304347826,23.075641025641026,-9.523333333333333,-23.076923076923077,27.9996,65.85365853658537,59.9995,False,False,True,True,False
13777,5,Belgium,Thailand,45.455,-6.666666666666667,-36.36363636363637,15.384615384615385,22.724999999999998,53.333999999999996,31.819999999999997,0.0,-44.44222222222223,0.0023076923076934884,59.09,52.94117647058823,False,True,False,True,False
13778,1,China,Italy,55.555,12.499583333333334,0.0008333333333325754,8.333333333333334,47.06,22.221111111111114,15.999600000000001,-14.285,-62.5,12.502500000000003,61.540769230769236,62.5,False,,,True,False
13778,2,China,Italy,23.80952380952381,-9.523809523809524,-46.15384615384615,22.224444444444444,57.145714285714284,21.429285714285715,43.330333333333336,-20.83375,0.0,16.667777777777776,32.14071428571429,64.285,False,True,False,False,True
13778,3,China,Italy,34.48172413793103,-4.166666666666667,0.000588235294117948,9.522857142857141,67.85571428571428,36.8421052631579,16.666666666666668,-0.0004347826086958746,-36.36363636363637,26.08608695652174,52.940294117647056,36.839473684210525,False,False,True,True,False
13778,4,China,Italy,33.33179487179488,0.0,-15.0,11.764117647058825,62.164864864864875,48.275862068965516,14.635121951219512,0.0,-17.648823529411764,20.8325,46.343658536585366,35.292647058823526,False,True,False,True,False
13779,1,Bulgaria,Türkiye,14.705882352941176,-15.79,-20.0,13.637727272727272,45.16129032258065,36.84315789473684,40.0,-12.0,0.0,37.5,27.586206896551722,68.41842105263159,False,,,False,True
13779,2,Bulgaria,Türkiye,15.6253125,-9.090454545454547,18.18,17.39,39.39454545454545,49.998,18.750625,4.166666666666667,-10.0,31.581578947368417,50.00266666666666,45.0,False,False,True,False,True
13779,3,Bulgaria,Türkiye,3.5721428571428575,0.0,-26.668,13.635454545454547,30.002666666666666,72.72727272727273,36.0008,-8.0,0.0,31.250625,31.9972,60.001999999999995,False,False,True,False,True
13780,1,Germany,Poland,28.260434782608694,-8.0,-15.384615384615385,65.38538461538461,6.817499999999999,55.17310344827586,32.49825,-3.7037037037037037,-5.555555555555555,72.72772727272728,16.666944444444443,59.25888888888889,False,,,False,True
13780,2,Germany,Poland,27.025675675675675,-21.73913043478261,0.0,60.0015,13.887777777777778,57.691923076923075,37.5003125,-12.499166666666667,-23.528823529411767,55.556666666666665,13.791724137931034,12.5,False,False,True,False,True
13780,3,Germany,Poland,50.000416666666666,-8.332916666666668,-30.0,81.81818181818181,27.272727272727273,70.58823529411765,6.897241379310345,-26.666,-20.0,68.18363636363637,25.926666666666666,70.0,False,False,True,True,False
13780,4,Germany,Poland,21.8746875,3.9987999999999992,-27.273636363636363,30.000999999999998,13.332666666666666,42.10631578947368,26.470588235294116,-8.69391304347826,-0.0009090909090913742,47.82608695652174,28.125,76.47,False,True,False,True,False
13780,5,Germany,Poland,24.99875,-12.5,-100.0,7.142857142857143,13.329333333333333,27.271818181818183,40.0,28.570714285714285,-42.857142857142854,71.42857142857143,21.428571428571427,70.0,False,True,False,False,True
13781,1,Japan,USA,28.207948717948714,-7.9996,-37.5,68.42210526315789,18.91702702702703,84.61538461538461,24.99909090909091,-13.635909090909092,-44.44444444444444,33.33380952380952,17.946666666666665,74.99857142857142,False,,,True,False
13781,2,Japan,USA,39.999,0.0,-46.15384615384615,100.0,13.512162162162161,84.0008,27.906279069767443,-9.522857142857143,-44.44444444444444,34.783478260869565,19.514634146341464,53.57,False,True,False,True,False
13781,3,Japan,USA,25.58232558139535,-0.00040000000000020466,-30.76923076923077,66.66666666666667,17.503999999999998,74.19290322580645,21.951951219512196,-10.0,-7.141428571428571,45.83291666666667,18.923243243243242,66.66777777777777,False,True,False,True,False
13782,1,Canada,Korea,29.41235294117647,-12.499583333333334,0.0,59.9995,31.031379310344825,53.333333333333336,20.83375,-9.091363636363637,-36.36545454545455,24.9985,0.0,62.499375,False,,,True,False
13782,2,Canada,Korea,34.61615384615384,-3.9991999999999996,14.286428571428571,81.81818181818181,29.996499999999997,73.68315789473684,-6.451935483870967,0.0,-37.5,45.45636363636363,9.373750000000001,86.66799999999999,False,True,False,True,False
13782,3,Canada,Korea,48.2751724137931,-4.166666666666667,-4.545,46.666666666666664,19.227692307692305,68.42052631578947,7.6933333333333325,5.882941176470588,-66.66666666666667,63.63590909090909,0.0,60.0008,False,True,False,True,False
13783,1,Netherlands,Serbia,26.83,7.691538461538461,-30.766923076923074,20.834166666666665,51.215609756097564,48.486060606060605,33.333333333333336,-3.846538461538462,-20.0015,11.538461538461538,40.47833333333333,53.333666666666666,False,,,False,True
13783,2,Netherlands,Serbia,20.512820512820515,-12.5,-49.999,0.0,43.59205128205128,46.42964285714286,45.94432432432433,-3.9995999999999996,-26.314736842105262,21.427857142857142,37.14257142857143,75.0,False,False,True,False,True
13783,3,Netherlands,Serbia,35.71357142857143,0.0,-9.999500000000001,0.002307692307692395,42.85821428571428,68.42157894736842,21.8740625,-17.64764705882353,-66.66833333333334,16.667916666666667,56.2521875,42.857142857142854,False,False,True,True,False
13783,4,Netherlands,Serbia,27.274848484848484,-4.167083333333333,0.0,13.04304347826087,37.500625,31.577368421052633,12.901935483870966,4.349130434782609,-42.857142857142854,14.285714285714286,41.37620689655173,47.61952380952381,False,True,False,True,False
13783,5,Netherlands,Serbia,14.999500000000001,-15.383846153846154,-9.090909090909092,21.428571428571427,23.81,36.36454545454546,15.001499999999998,-6.6659999999999995,19.999000000000002,18.181818181818183,44.44722222222222,61.53846153846154,False,True,False,False,True
13784,1,China,Thailand,20.929069767441863,-0.0004347826086958746,-31.817272727272726,25.000416666666666,47.61785714285715,49.99966666666667,28.204615384615384,0.00160000000000025,-6.25,9.090909090909092,46.34146341463415,38.70967741935484,False,,,False,True
13784,2,China,Thailand,44.82793103448276,8.0,-28.571428571428573,30.002999999999997,40.74148148148148,65.2186956521739,23.997999999999998,-23.076923076923077,-40.0,16.665416666666665,58.33583333333333,16.665833333333335,False,False,True,True,False
13784,3,China,Thailand,43.333,8.33375,-10.0,25.001666666666665,64.00439999999999,45.83416666666667,24.13586206896552,-13.333333333333334,-25.000833333333333,12.5,61.29258064516129,27.77777777777778,False,True,False,True,False
13784,4,China,Thailand,25.00027777777778,4.166666666666667,-42.85785714285714,28.56952380952381,48.48151515151515,57.14214285714286,48.482424242424244,-12.500416666666666,-43.75,20.8325,45.45454545454545,45.45454545454545,False,True,False,False,True
13784,5,China,Thailand,27.77777777777778,-8.333333333333334,-63.63545454545454,27.271818181818183,47.05882352941177,62.5,49.997,-21.428571428571427,-50.0,45.45363636363636,55.0,69.23076923076923,False,False,True,False,True
13785,1,Belgium,Türkiye,69.56565217391304,0.0012500000000006395,-14.285714285714286,35.715714285714284,31.999200000000002,53.33266666666667,24.001199999999997,-12.500625,-61.11222222222222,31.817272727272726,54.54318181818181,33.33222222222222,False,,,True,False
13785,2,Belgium,Türkiye,6.66511111111111,-4.545454545454546,-14.285714285714286,15.000499999999999,30.952380952380953,54.54454545454546,22.5005,-12.500416666666666,-0.00041666666666687985,19.047619047619047,29.997750000000003,70.37,False,True,False,False,True
13785,3,Belgium,Türkiye,7.318048780487805,-4.761428571428572,-9.091818181818182,20.835416666666667,38.46153846153846,52.172608695652166,22.58290322580645,0.0012000000000000454,-8.695217391304348,22.220000000000002,43.330333333333336,51.85259259259259,False,False,True,False,True
13785,4,Belgium,Türkiye,17.64764705882353,-18.749375,-33.33111111111111,17.391304347826086,24.244242424242422,38.888888888888886,34.481034482758616,0.0,-52.942352941176466,0.0,16.666666666666668,81.81863636363636,False,False,True,False,True
13786,1,Germany,Netherlands,44.82827586206896,-20.83375,-11.11111111111111,64.7035294117647,17.141142857142857,54.54545454545455,21.427857142857142,-14.285238095238096,-37.5,42.10578947368421,18.182727272727274,-8.331666666666665,False,,,True,False
13786,2,Germany,Netherlands,57.142857142857146,-15.999600000000001,-21.427857142857142,64.70705882352941,20.69,0.0,24.998437499999998,-10.525789473684211,-45.45545454545454,47.62,35.48,-36.36454545454546,False,True,False,True,False
13786,3,Germany,Netherlands,12.123636363636365,-16.666666666666668,-80.0,33.33380952380952,21.617837837837836,21.740434782608695,45.45545454545454,-8.0,0.0,19.999000000000002,25.81,73.33333333333333,False,True,False,False,True
13786,4,Germany,Netherlands,36.95521739130435,-8.0008,-45.45454545454545,36.36409090909091,22.22288888888889,44.443333333333335,27.272121212121213,9.092272727272727,-31.581578947368417,22.727272727272727,15.152424242424242,17.64764705882353,False,False,True,True,False
13787,1,Italy,Serbia,10.714285714285714,0.0014285714285721593,20.0,4.3478260869565215,0.0,53.333999999999996,38.46038461538462,-0.00040000000000020466,24.999375,24.997999999999998,-5.267368421052631,53.84538461538462,False,,,False,True
13787,2,Italy,Serbia,49.99909090909091,-12.0008,49.998333333333335,72.72727272727273,-6.25,83.33333333333333,-4.347391304347826,-21.427142857142858,0.0,35.001,0.0,75.00125,False,False,True,True,False
13787,3,Italy,Serbia,35.48290322580645,4.167083333333333,12.499375,42.857142857142854,0.0,83.3338888888889,20.690689655172413,-12.499375,11.11111111111111,13.634090909090908,-11.764705882352942,75.000625,False,True,False,True,False
13787,4,Italy,Serbia,27.586206896551722,-12.0,23.076923076923077,43.75125,0.0,75.0,12.819230769230769,-19.999000000000002,22.221111111111114,23.809047619047618,-9.527619047619046,87.50041666666668,False,True,False,True,False
13788,1,Canada,Thailand,22.581612903225807,-10.525789473684211,28.571428571428573,12.001199999999999,12.90032258064516,16.666666666666668,22.221851851851852,7.9996,-25.0,13.336,7.142857142857143,60.00066666666667,False,,,False,True
13788,2,Canada,Thailand,24.39317073170732,-18.181818181818183,-40.0,13.636818181818182,36.84,12.499375,38.09428571428571,-12.000399999999999,-33.333333333333336,35.29294117647059,14.289285714285715,36.8421052631579,False,False,True,False,True
13788,3,Canada,Thailand,30.555,4.167083333333333,-57.89526315789474,17.39304347826087,19.995714285714286,28.571428571428573,47.06058823529412,-7.691538461538461,-50.00071428571429,4.545454545454546,28.123437499999998,55.55444444444444,False,False,True,False,True
13789,1,Japan,Poland,35.29676470588236,-4.166666666666667,-22.223333333333333,33.334761904761905,24.24,33.333333333333336,21.87375,0.0,-60.0,15.000499999999999,41.932580645161295,28.570714285714285,False,,,True,False
13789,2,Japan,Poland,40.54135135135135,-11.998399999999998,-37.5,33.333333333333336,24.323783783783785,47.82695652173913,28.204615384615384,-14.285714285714286,-21.428571428571427,28.571428571428573,47.05852941176471,52.630526315789474,False,True,False,True,False
13789,3,Japan,Poland,33.33666666666667,-8.332916666666668,0.0,34.9975,24.24,31.250625,25.000625,-9.090909090909092,-12.5,22.728181818181817,31.25,0.0,False,True,False,True,False
13790,1,Dominican Republic,Korea,34.48275862068966,-16.666666666666668,-36.36272727272728,17.647058823529413,13.33,53.333333333333336,19.999000000000002,-18.18136363636364,0.0,35.001,21.874374999999997,0.0,False,,,True,False
13790,2,Dominican Republic,Korea,37.498333333333335,-15.999600000000001,-7.69076923076923,50.0,15.998,58.33416666666667,12.120909090909091,-41.1764705882353,-33.333333333333336,35.0,15.151515151515152,100.0,False,True,False,True,False
13790,3,Dominican Republic,Korea,42.308461538461536,0.0,-16.665833333333335,0.0,21.742608695652173,84.61538461538461,23.333666666666666,-57.14214285714286,-14.287142857142856,34.783478260869565,31.252499999999998,71.42857142857143,False,True,False,True,False
13791,1,Brazil,Türkiye,3.4468965517241372,-5.26157894736842,20.0,34.78304347826087,31.03448275862069,18.181818181818183,20.688965517241378,-3.9988,10.001000000000001,41.17529411764706,20.692413793103444,54.54545454545455,False,,,False,True
13791,2,Brazil,Türkiye,26.189285714285717,4.0016,-0.0006666666666660604,15.0,24.998,58.82470588235294,31.429714285714283,-8.694782608695652,-7.694615384615385,12.499583333333334,13.16,43.75,False,False,True,True,False
13791,3,Brazil,Türkiye,29.41029411764706,-4.16625,18.181818181818183,59.09090909090909,36.113888888888894,69.23076923076923,29.031290322580645,-8.332916666666668,-38.46153846153846,23.807142857142857,9.09,81.81818181818181,False,True,False,True,False
13791,4,Brazil,Türkiye,34.481034482758616,-4.0,25.0,34.7804347826087,24.138275862068966,-7.6923076923076925,26.92269230769231,4.348695652173913,-27.273636363636363,39.130434782608695,26.918846153846154,-40.0,False,True,False,True,False
13792,1,Bulgaria,USA,23.9984,4.761428571428572,-50.0,-4.761904761904762,0.0,40.0,42.30692307692308,0.00041666666666687985,-21.428571428571427,14.996999999999996,13.043478260869565,49.99875,False,,,False,True
13792,2,Bulgaria,USA,28.571428571428573,-9.091363636363637,-44.44444444444444,17.391739130434782,6.063636363636364,58.825294117647054,35.48451612903226,-0.00040000000000020466,-46.666666666666664,16.665555555555557,3.225806451612903,61.904761904761905,False,False,True,False,True
13792,3,Bulgaria,USA,20.58764705882353,-4.761904761904762,-16.666666666666668,9.093636363636364,9.093939393939394,15.001,32.25967741935484,0.0,-5.884117647058824,11.11111111111111,25.80516129032258,40.908181818181816,False,False,True,False,True
13793,1,Belgium,China,24.138620689655173,-15.78842105263158,-60.0,34.78173913043479,14.284642857142858,26.667333333333335,47.82782608695652,-3.9988,-22.22222222222222,19.99866666666667,20.836666666666666,29.412941176470586,False,,,False,True
13793,2,Belgium,China,35.89846153846154,0.0,-33.333333333333336,26.089130434782607,20.513333333333332,51.85148148148148,52.942352941176466,-4.166666666666667,-43.749375,27.27136363636364,45.16516129032259,43.75,False,False,True,False,True
13793,3,Belgium,China,11.427142857142856,-7.142857142857143,-33.333333333333336,0.0,5.557777777777777,23.075000000000003,46.15423076923077,0.0,4.761428571428572,7.6923076923076925,26.923076923076923,47.368947368421054,False,False,True,False,True
13794,1,Korea,Serbia,17.65073529411765,-10.256923076923076,-37.5,35.29529411764706,14.926268656716417,55.556666666666665,26.924423076923077,-7.6928205128205125,-24.0004,29.408235294117645,14.815925925925926,45.83375,False,,,False,True
13794,2,Korea,Serbia,12.820256410256409,-13.636363636363637,-30.76923076923077,49.99909090909091,26.314473684210526,15.384615384615385,29.03290322580645,-11.999600000000001,0.001176470588235896,22.22277777777778,12.904838709677419,26.66466666666667,False,False,True,False,True
13794,3,Korea,Serbia,24.9978125,-13.043478260869565,-18.181818181818183,36.36363636363637,10.0,42.85785714285714,26.667666666666666,-4.165416666666666,-27.272727272727273,36.84263157894737,30.30606060606061,42.857142857142854,False,False,True,False,True
13795,1,Dominican Republic,Italy,24.324324324324323,-8.332916666666668,-13.334,28.57,16.666190476190472,55.55444444444444,29.26829268292683,-12.5,-43.749375,40.907272727272726,35.294117647058826,71.42714285714285,False,,,False,True
13795,2,Dominican Republic,Italy,30.303030303030305,0.0,-9.090909090909092,38.88777777777778,25.806451612903224,83.3325,21.874375,-9.523809523809524,-50.0,23.80857142857143,31.24875,69.23,False,False,True,True,False
13795,3,Dominican Republic,Italy,14.815185185185184,-25.0,-33.33416666666667,54.54681818181819,16.665,12.5,23.333333333333332,-8.333333333333334,-10.0,40.001333333333335,33.32933333333333,49.99916666666667,False,True,False,False,True
13795,4,Dominican Republic,Italy,56.522608695652174,-12.5,25.0,46.666666666666664,4.3478260869565215,85.71428571428571,16.667083333333334,-11.764705882352942,-30.000999999999998,54.9975,28.571785714285713,0.0,False,False,True,True,False
13795,5,Dominican Republic,Italy,13.636363636363637,-16.665833333333335,-33.33166666666667,38.46,8.3325,9.090000000000002,21.73913043478261,-6.666666666666667,16.666666666666668,20.0,23.80952380952381,63.63545454545454,False,True,False,False,True
13796,1,Brazil,Netherlands,26.47147058823529,-4.166666666666667,18.183636363636364,33.333333333333336,18.751875000000002,58.822941176470586,0.0012903225806458214,-11.764705882352942,-18.181818181818183,39.12826086956522,16.665277777777778,13.334,False,,,True,False
13796,2,Brazil,Netherlands,38.70870967741936,-8.0008,11.112222222222222,57.142857142857146,30.003333333333334,40.0,-0.0009090909090918049,-6.666666666666667,-16.666666666666668,45.455,27.276363636363634,11.765294117647061,False,True,False,True,False
13796,3,Brazil,Netherlands,14.815185185185184,-8.3325,0.0007692307692311628,26.314736842105265,20.689655172413794,68.749375,13.887222222222222,-8.3325,-39.999,38.097142857142856,22.22277777777778,41.17588235294118,False,True,False,True,False
13797,1,Poland,Thailand,17.5,-8.695217391304348,0.0,19.047619047619047,18.605116279069765,50.000416666666666,21.426904761904762,-4.166666666666667,-36.36363636363637,42.85666666666667,2.5620512820512817,77.27318181818181,False,,,False,True
13797,2,Poland,Thailand,22.6411320754717,-3.702592592592592,-22.22222222222222,18.515555555555554,14.285714285714286,62.06965517241379,34.14536585365854,-3.4475862068965513,-11.537307692307694,8.695217391304347,15.789473684210526,66.66708333333334,False,False,True,False,True
13797,3,Poland,Thailand,41.02461538461539,-16.000799999999998,-12.49875,12.49875,36.11,81.81818181818181,6.6659999999999995,12.499375,-40.0,14.998500000000002,17.24241379310345,57.14333333333333,False,False,True,True,False
13797,4,Poland,Thailand,51.72586206896552,-12.499583333333334,49.9975,40.001333333333335,39.997,42.857619047619046,19.997999999999998,-11.763529411764706,-50.0,15.0,24.0016,15.384615384615385,False,True,False,True,False
13797,5,Poland,Thailand,-3.845769230769229,0.0006666666666670077,11.110000000000001,41.665,62.96296296296296,76.92307692307692,-9.522857142857143,-7.6923076923076925,18.181818181818183,-7.693846153846154,4.545454545454546,47.05882352941177,False,True,False,True,False
13798,1,Belgium,Canada,19.355483870967742,-8.695652173913043,11.112222222222222,33.33428571428571,6.899310344827586,24.9995,32.353529411764704,-12.500833333333333,-20.00133333333333,19.997999999999998,29.03258064516129,88.88888888888889,False,,,False,True
13798,2,Belgium,Canada,22.221851851851852,-14.285238095238096,8.333333333333334,19.04714285714286,3.5742857142857143,17.647058823529413,29.999000000000002,-11.999600000000001,-7.6923076923076925,0.0,11.113333333333335,66.66666666666667,False,False,True,False,True
13798,3,Belgium,Canada,42.42333333333333,8.0012,-25.0,5.0,0.0,34.999,38.88861111111111,-4.545454545454546,-33.333333333333336,4.0004,24.241212121212122,36.365,False,False,True,True,False
13798,4,Belgium,Canada,28.12375,4.545000000000001,-16.666666666666668,-0.0014285714285721593,9.375,13.637727272727272,43.749375,-7.999199999999999,0.0,0.0009523809523800862,15.625,28.570476190476192,False,True,False,False,True
13799,1,Bulgaria,Japan,21.05157894736842,-4.761428571428572,-28.571428571428573,4.999499999999999,22.22,66.66761904761904,33.33,-4.165416666666666,-10.001,20.0,34.20736842105263,49.99818181818182,False,,,False,True
13799,2,Bulgaria,Japan,19.353870967741937,-12.499375,-53.334666666666664,26.08695652173913,32.255806451612905,0.0,59.25925925925926,-7.9996,7.144285714285714,42.85928571428571,20.689655172413794,57.89368421052632,False,False,True,False,True
13799,3,Bulgaria,Japan,24.389512195121952,-8.333333333333334,-31.25,18.180909090909093,21.94975609756098,77.27363636363636,26.8290243902439,-4.165833333333333,-40.001,31.818181818181817,26.829268292682926,45.15903225806452,False,False,True,False,True
13800,1,Germany,Italy,19.23076923076923,-9.998,-12.5,34.998999999999995,27.9956,-62.5,42.30769230769231,-8.332916666666668,-19.999000000000002,23.53,26.923076923076923,63.63636363636363,False,,,False,True
13800,2,Germany,Italy,43.47782608695652,-9.090909090909092,-20.0,40.907272727272726,12.500416666666666,-25.0,41.665833333333325,-11.9992,-33.333333333333336,15.786842105263156,20.59294117647059,40.001,False,False,True,False,True
13800,3,Germany,Italy,4.87560975609756,7.691923076923077,22.223333333333333,35.9968,23.072820512820513,19.99866666666667,17.074146341463415,-3.8457692307692306,14.284761904761906,39.9976,31.711707317073174,68.42105263157895,False,False,True,False,True
13801,1,Serbia,Türkiye,37.49875,-8.332916666666668,-46.15384615384615,16.667777777777776,15.998800000000001,27.271818181818183,15.6253125,-9.999500000000001,-45.45272727272727,28.57190476190476,6.251250000000001,25.0,False,,,True,False
13801,2,Serbia,Türkiye,0.0,-6.25,-19.999000000000002,9.089545454545455,15.14909090909091,60.0,32.25709677419355,0.0,0.0005882352941171121,19.99866666666667,9.375,57.142857142857146,False,True,False,False,True
13801,3,Serbia,Türkiye,-4.761190476190476,5.0,-6.665333333333335,33.33375,12.81948717948718,58.822941176470586,14.285428571428572,0.00040000000000020466,0.0,15.004000000000001,5.004250000000001,47.05882352941177,False,False,True,False,True
13801,4,Serbia,Türkiye,24.323783783783785,-7.9996,-6.25,38.888333333333335,11.768235294117646,44.998000000000005,20.512820512820515,-18.181818181818183,-23.528823529411767,40.90909090909091,7.318780487804878,68.42052631578947,False,False,True,True,False
13801,5,Serbia,Türkiye,33.33444444444444,0.0006666666666670077,-22.22222222222222,33.335,11.764705882352942,57.142857142857146,27.77777777777778,-7.6923076923076925,-0.0016666666666675194,57.142857142857146,15.0,24.99875,False,True,False,True,False
13802,1,Dominican Republic,Netherlands,22.223888888888887,-0.0004347826086958746,-18.181818181818183,18.180000000000003,23.68,-7.693076923076922,31.70658536585366,-11.999600000000001,-25.0,31.81772727272727,26.32,42.857619047619046,False,,,False,True
13802,2,Dominican Republic,Netherlands,36.8421052631579,-4.166666666666667,-7.6923076923076925,11.11111111111111,14.635121951219512,43.47869565217391,21.27659574468085,-14.286190476190475,-50.0,47.826521739130435,32.55813953488372,68.750625,False,False,True,True,False
13802,3,Dominican Republic,Netherlands,43.24351351351351,-20.83458333333333,-20.0,31.577894736842108,32.355,30.0,30.303333333333335,-9.090454545454547,-11.11111111111111,57.89631578947368,26.47264705882353,38.88944444444444,False,True,False,True,False
13802,4,Dominican Republic,Netherlands,21.8746875,-12.5,-54.54545454545455,29.16541666666667,26.671,17.645294117647058,41.17794117647059,4.16625,-30.76923076923077,64.285,24.245757575757576,59.999,False,True,False,False,True
13802,5,Dominican Republic,Netherlands,39.99933333333333,13.334,9.090909090909092,14.285714285714286,0.0,54.54454545454546,-0.00041666666666687985,0.0,-60.0,26.667333333333332,30.433913043478263,85.71428571428571,False,False,True,True,False
13803,1,Poland,USA,16.129032258064516,-15.383846153846154,-37.5,21.74,-3.225806451612903,6.25,55.55481481481482,0.0,10.0,36.36272727272728,30.766923076923078,78.94894736842105,False,,,False,True
13803,2,Poland,USA,22.580000000000002,-4.763333333333334,-33.333333333333336,26.083478260869562,6.669,39.99933333333333,38.71193548387097,-8.0012,-6.25,26.31578947368421,16.666666666666668,49.998333333333335,False,False,True,False,True
13803,3,Poland,USA,21.62162162162162,-17.647058823529413,-53.333333333333336,29.167083333333334,5.265789473684211,66.66666666666667,46.875,0.0,-12.5,21.430714285714284,6.664666666666666,54.54590909090909,False,False,True,False,True
13804,1,Canada,China,0.0007142857142840496,-18.74875,0.0,4.34913043478261,17.857857142857142,66.66666666666667,23.53,7.999199999999998,7.142857142857143,9.091818181818182,33.333333333333336,71.42857142857143,False,,,False,True
13804,2,Canada,China,48.484545454545454,-3.9983999999999997,-35.29352941176471,11.764117647058825,24.998124999999998,53.84576923076923,22.49825,0.0,-39.999,13.635909090909092,10.522894736842105,53.84653846153846,False,False,True,True,False
13804,3,Canada,China,13.041304347826088,-33.333333333333336,-20.0,0.001666666666666335,17.391304347826086,15.384615384615385,48.001999999999995,4.0012,-0.0028571428571402585,37.49875,26.08695652173913,85.0,False,True,False,False,True
13804,4,Canada,China,13.511891891891894,5.2631578947368425,-9.092727272727274,8.695652173913043,18.917297297297296,43.47782608695652,29.998,4.16625,-7.691538461538462,15.78842105263158,20.0005,69.23192307692308,False,False,True,False,True
13805,1,Japan,Thailand,27.27045454545454,-16.666666666666668,-6.666666666666667,25.0,15.554666666666668,66.66766666666666,18.604883720930232,-13.042608695652175,-14.285714285714286,34.999,32.5,56.0,False,,,True,False
13805,2,Japan,Thailand,35.714285714285715,-4.0,-19.999333333333333,41.66583333333333,30.76666666666667,74.07629629629629,28.57095238095238,-25.000625,-25.0,33.33208333333334,18.605348837209302,50.000416666666666,False,True,False,True,False
13805,3,Japan,Thailand,31.70853658536586,-8.333333333333334,18.750625,46.666000000000004,34.14585365853659,82.6086956521739,3.0303030303030303,0.0,-28.571428571428573,45.45363636363636,30.306666666666665,44.0004,False,True,False,True,False
13806,1,Brazil,Italy,20.0,-11.764705882352942,-50.0,33.33291666666667,21.428571428571427,19.999000000000002,50.001363636363635,-3.9995999999999996,7.691538461538462,15.384615384615385,31.57894736842105,66.66583333333334,False,,,False,True
13806,2,Brazil,Italy,18.519259259259258,-25.000625,-66.66666666666667,38.093333333333334,33.33266666666667,16.6675,57.89263157894737,-8.3325,0.0,27.273636363636363,38.89166666666667,26.666666666666668,False,False,True,False,True
13806,3,Brazil,Italy,40.91181818181818,0.0,0.0014285714285721593,54.54454545454546,28.57238095238095,80.0,6.452903225806453,-26.667333333333332,-57.14142857142857,13.633636363636363,19.353225806451615,66.66666666666667,False,False,True,True,False
13806,4,Brazil,Italy,-21.738260869565217,0.0,-87.5,50.0,27.997600000000002,75.0,47.3678947368421,-16.6675,36.36272727272728,53.33533333333333,22.22222222222222,50.0,False,True,False,False,True
13807,1,Germany,Türkiye,3.570357142857144,-9.092272727272727,-7.691538461538462,57.897894736842105,24.997142857142858,27.272727272727273,23.53029411764706,-23.999200000000002,0.0,24.9995,37.5,83.33333333333333,False,,,False,True
13807,2,Germany,Türkiye,14.284,9.090454545454547,-50.0,34.78086956521739,25.003749999999997,26.668,40.624375,-4.1675,0.0006666666666670077,28.572857142857142,14.706176470588234,73.33333333333333,False,False,True,False,True
13807,3,Germany,Türkiye,29.99866666666667,-13.635909090909092,-25.0,33.33625,16.129032258064516,-18.181818181818183,34.78304347826087,3.9984,-13.333333333333334,6.251250000000001,38.09142857142857,36.36272727272728,False,False,True,False,True
13808,1,Korea,Netherlands,4.0,-33.3325,-50.0,33.332857142857144,18.519259259259258,15.384615384615385,57.89526315789474,-8.333333333333334,-7.6923076923076925,28.572857142857142,20.0005,90.001,False,,,False,True
13808,2,Korea,Netherlands,40.002,-14.285714285714286,-33.33222222222222,26.090000000000003,13.517297297297299,78.5692857142857,51.72551724137931,-3.9995999999999996,-33.333333333333336,41.17941176470588,23.333333333333332,42.10526315789474,False,False,True,False,True
13808,3,Korea,Netherlands,24.242727272727272,-10.523684210526316,-35.71642857142857,40.908181818181816,38.230588235294114,25.0,47.05705882352942,-8.333333333333334,-11.11111111111111,31.253125,32.35764705882353,72.72727272727273,False,False,True,False,True
13809,1,Bulgaria,Canada,30.0015,-15.385384615384615,-16.666666666666668,40.90909090909091,15.003000000000004,68.0008,27.77638888888889,-8.332916666666668,-21.052105263157895,18.18409090909091,11.430857142857144,50.00090909090909,False,,,True,False
13809,2,Bulgaria,Canada,51.72344827586207,-8.332916666666668,-15.789473684210526,4.546818181818182,10.002333333333333,70.58705882352942,16.666666666666668,17.391304347826086,-46.668,18.18,11.762058823529411,39.999,False,True,False,True,False
13809,3,Bulgaria,Canada,42.42454545454545,12.0,-52.94,-0.001052631578947907,3.4510344827586206,66.66666666666667,38.88944444444444,0.0,-47.369473684210526,7.9984,17.64264705882353,59.09090909090909,False,True,False,True,False
13810,1,Belgium,Poland,11.629767441860466,4.0,21.427142857142858,5.555,13.951162790697675,68.57085714285715,4.652093023255813,-0.0010000000000005115,-5.263684210526316,32.000800000000005,18.606976744186046,57.69384615384615,False,,,True,False
13810,2,Belgium,Poland,15.623750000000001,0.0,-57.14357142857143,16.667083333333334,11.110555555555557,52.630526315789474,51.615161290322575,-0.0012000000000000454,-8.333333333333334,35.714999999999996,24.997142857142855,60.87,False,True,False,False,True
13810,3,Belgium,Poland,18.920540540540543,0.0,-28.57,12.5,10.527105263157894,64.28607142857143,22.49975,-27.272727272727273,-17.646470588235296,20.831666666666667,30.766153846153845,70.83416666666666,False,False,True,True,False
13810,4,Belgium,Poland,52.0004,-18.18136363636364,-53.84538461538462,4.763333333333334,12.0,58.333333333333336,53.57285714285714,-7.999199999999999,-40.0,27.779999999999998,17.24206896551724,15.788947368421054,False,True,False,False,True
13810,5,Belgium,Poland,36.36409090909091,6.666666666666667,-33.333333333333336,8.333333333333334,21.73695652173913,38.46153846153846,31.818181818181817,0.0,-33.33444444444444,-7.141428571428571,13.635454545454547,41.1764705882353,False,False,True,True,False
13811,1,China,USA,43.47913043478261,-4.545,-52.63421052631579,-4.544090909090909,13.041304347826086,76.92153846153846,26.312894736842107,12.500833333333333,-36.36454545454546,4.760000000000001,18.425263157894737,66.66666666666667,False,,,False,True
13811,2,China,USA,44.44222222222223,-8.694782608695652,-26.667333333333332,14.286190476190475,11.11111111111111,46.666666666666664,41.93483870967742,-8.0,-41.666666666666664,30.0,10.001333333333331,29.41176470588235,False,False,True,False,True
13811,3,China,USA,15.999600000000001,4.545454545454546,-45.45363636363636,36.84105263157895,25.92185185185185,21.427857142857142,38.71032258064516,-16.6675,9.090909090909092,23.80666666666667,25.81,57.14214285714286,False,False,True,False,True
13812,1,Brazil,Serbia,15.907045454545454,-12.500833333333333,4.165833333333333,50.001999999999995,18.180454545454545,73.91304347826087,6.975813953488371,-9.092272727272727,-23.076923076923077,33.33095238095238,12.19390243902439,57.69230769230769,False,,,True,False
13812,2,Brazil,Serbia,31.579473684210527,0.0,42.10473684210526,71.42857142857143,22.22277777777778,81.81818181818181,-25.805806451612902,-22.22222222222222,-66.665,37.49708333333333,21.21151515151515,-0.0016666666666675194,False,True,False,True,False
13812,3,Brazil,Serbia,28.57,0.0,-17.391739130434782,61.904761904761905,24.99875,50.0,24.999000000000002,-4.545454545454546,-15.384615384615385,33.333333333333336,19.9985,24.000800000000005,False,True,False,True,False
13813,1,Dominican Republic,Germany,30.000999999999998,-12.499583333333334,-15.384615384615385,23.80952380952381,6.24625,66.66666666666667,17.240689655172414,-4.165,-44.443333333333335,45.0005,31.031379310344825,25.0,False,,,True,False
13813,2,Dominican Republic,Germany,38.8875,-8.0,5.882352941176471,14.285714285714286,14.288,47.61857142857143,25.581162790697675,-4.3478260869565215,-45.45454545454545,52.17304347826087,34.14341463414634,47.37,False,True,False,True,False
13813,3,Dominican Republic,Germany,0.0,-18.180909090909093,40.0,-0.0013636363636364154,22.221666666666668,-45.45363636363636,45.45409090909091,4.000800000000001,50.0,44.44444444444444,19.045238095238094,90.001,False,True,False,False,True
13813,4,Dominican Republic,Germany,25.00175,-22.221851851851852,-5.553333333333333,33.333333333333336,12.191219512195122,56.25,11.903095238095236,-11.9988,-26.663999999999998,57.14380952380952,25.585116279069766,60.0005,False,False,True,True,False
13814,1,Korea,Türkiye,21.74021739130435,-4.166666666666667,-28.571428571428573,47.62047619047619,17.77577777777778,86.666,14.705882352941176,0.0,-31.81863636363636,33.33095238095238,19.99942857142857,64.70529411764706,False,,,True,False
13814,2,Korea,Türkiye,9.091363636363637,-7.142857142857143,-66.66666666666667,13.636363636363637,13.640454545454544,33.333333333333336,57.1447619047619,4.166666666666667,-22.223333333333333,53.84461538461539,38.09952380952381,71.42857142857143,False,True,False,False,True
13814,3,Korea,Türkiye,11.428285714285714,0.0,-21.428571428571427,8.332916666666668,8.11027027027027,42.85928571428571,31.248749999999998,0.0,-11.11111111111111,44.446666666666665,12.497499999999999,50.0,False,False,True,False,True
13814,4,Korea,Türkiye,-13.043478260869565,0.0,-50.0,24.9985,34.77913043478261,-28.572857142857142,40.91090909090909,-8.333333333333334,0.0007692307692311628,62.50125,13.636363636363637,71.42857142857143,False,False,True,False,True
13815,1,Belgium,Bulgaria,32.35058823529411,7.999200000000001,-36.36272727272728,14.999,28.1209375,52.94117647058823,37.03703703703704,-9.090909090909092,-37.5,-8.698260869565217,16.665833333333335,66.66666666666667,False,,,True,False
13815,2,Belgium,Bulgaria,15.62375,-0.0008333333333337597,-7.142857142857143,24.999000000000002,9.3784375,68.42,17.143428571428572,-12.500833333333333,5.881176470588237,-4.545,23.529705882352943,68.42105263157895,False,True,False,True,False
13815,3,Belgium,Bulgaria,0.0,-28.571428571428573,5.556111111111111,22.72681818181818,25.583255813953485,71.42821428571428,0.0007317073170731985,-8.334166666666667,7.143571428571429,33.332,24.387560975609752,74.19290322580645,False,True,False,False,True
13815,4,Belgium,Bulgaria,21.051052631578948,0.0005000000000002558,-33.3325,18.180909090909093,2.856,35.9996,40.0,-12.000399999999999,-35.29529411764706,21.05421052631579,25.0,80.0004,False,False,True,False,True
13815,5,Belgium,Bulgaria,14.285714285714286,-17.64588235294118,-0.0014285714285721593,7.142857142857143,8.824411764705882,51.61290322580645,2.6313157894736845,-6.668000000000001,0.0,7.693076923076922,13.159736842105264,75.86172413793102,False,False,True,True,False
13816,1,Thailand,USA,30.301212121212124,0.0,-45.45454545454545,21.429285714285715,26.470588235294116,75.0,10.811081081081081,-11.764705882352942,8.333333333333334,12.499166666666667,22.22472222222222,58.82411764705882,False,,,True,False
13816,2,Thailand,USA,8.333333333333334,7.6923076923076925,-49.99875,33.33083333333334,16.215675675675676,40.90909090909091,48.48575757575758,0.0,-26.667333333333332,23.075384615384618,25.0025,82.61,False,True,False,False,True
13816,3,Thailand,USA,18.915945945945946,4.166666666666667,-33.333333333333336,15.788947368421054,13.513513513513514,52.94176470588235,29.788297872340426,-16.665833333333335,-15.788947368421054,16.66583333333333,16.67047619047619,73.07846153846154,False,False,True,False,True
13816,4,Thailand,USA,22.581612903225807,-16.666666666666668,-62.5,9.090909090909092,6.4490322580645145,38.095238095238095,36.66466666666667,-3.9991999999999996,-41.177058823529414,13.334666666666667,33.333333333333336,70.58941176470589,False,False,True,False,True
13817,1,China,Japan,18.749375,4.0,5.263684210526316,38.88944444444444,27.27,63.15684210526316,2.5669230769230773,0.0,-8.333333333333334,8.335416666666667,10.81081081081081,35.294117647058826,False,,,True,False
13817,2,China,Japan,22.22222222222222,-6.249375,-44.44444444444444,12.499583333333334,25.92925925925926,42.10526315789474,42.85607142857142,7.998799999999999,0.0,7.142857142857143,15.998399999999998,44.44388888888889,False,True,False,False,True
13817,3,China,Japan,37.4990625,4.166666666666667,-36.8421052631579,19.999000000000002,30.0,55.55333333333333,42.50025,-8.332916666666668,-12.49875,25.00208333333333,17.952820512820512,54.16708333333333,False,False,True,False,True
13817,4,China,Japan,-0.001290322580645363,-16.665833333333335,0.0,21.74,12.117272727272727,87.5,31.035172413793102,-3.9995999999999996,-18.182727272727274,20.0,26.921538461538464,73.91391304347826,False,False,True,False,True
13818,1,Germany,Serbia,51.85296296296296,4.165833333333333,-23.076923076923077,6.666666666666667,23.9976,39.99933333333333,37.03777777777778,-16.66611111111111,-33.333333333333336,26.087391304347825,22.22222222222222,23.076923076923077,False,,,True,False
13818,2,Germany,Serbia,17.85857142857143,-17.64764705882353,-53.846923076923076,9.999500000000001,22.221111111111114,70.001,46.42857142857143,-8.331666666666665,-15.385384615384615,21.43,16.666666666666668,69.23153846153846,False,True,False,False,True
13818,3,Germany,Serbia,2.326279069767442,-0.0014285714285714828,-30.000999999999998,20.83125,17.94948717948718,76.47,18.182727272727274,-4.0,-13.333333333333334,10.526315789473685,19.357419354838708,66.66722222222222,False,False,True,False,True
13818,4,Germany,Serbia,15.625,-0.0005263157894739535,-42.857142857142854,8.69695652173913,2.945,83.33333333333333,30.76923076923077,0.0,-33.333333333333336,5.555,2.9426470588235296,100.0,False,False,True,False,True
13819,1,Canada,Türkiye,35.483548387096775,-8.333333333333334,-0.0011111111111116794,47.61904761904762,-3.444827586206897,42.857142857142854,28.1221875,-8.695652173913043,-70.0,31.57842105263158,0.0,100.0,False,,,True,False
13819,2,Canada,Türkiye,33.334848484848486,-4.545454545454546,-60.0,-4.761428571428572,0.0,50.0,40.74074074074074,4.3478260869565215,-33.333333333333336,40.001,-3.5714285714285716,84.61461538461539,False,True,False,False,True
13819,3,Canada,Türkiye,12.900967741935482,-8.333333333333334,85.71428571428571,14.286666666666665,-3.336666666666667,100.0,7.406296296296296,-4.167083333333333,-25.001666666666665,60.001,0.0,100.0,False,False,True,True,False
13819,4,Canada,Türkiye,44.442962962962966,-3.9995999999999996,-27.272727272727273,36.365,-3.9983999999999997,77.77666666666667,43.9988,0.0,-85.71428571428571,40.001,0.0,75.0,False,True,False,True,False
13820,1,Brazil,China,40.0,-12.499583333333334,-20.0,10.526315789473685,20.001714285714286,60.0,21.8746875,-9.523809523809524,-41.66916666666666,28.572857142857142,16.665333333333333,73.33333333333333,False,,,True,False
13820,2,Brazil,China,36.36363636363637,-12.5,-7.6923076923076925,18.180454545454545,28.125,25.000999999999998,25.804516129032258,0.0004347826086958746,-52.94117647058823,38.097142857142856,31.2496875,66.66666666666667,False,True,False,True,False
13820,3,Brazil,China,14.998,-11.110555555555557,-19.999000000000002,20.0,31.575789473684207,47.05882352941177,34.375625,0.0,0.0010000000000005115,12.5,18.7528125,53.84615384615385,False,True,False,False,True
13820,4,Brazil,China,31.03241379310345,-13.635909090909092,-62.50125,27.272727272727273,22.58225806451613,64.28571428571429,39.284642857142856,-4.166666666666667,-39.999,16.667777777777776,25.928888888888892,53.333333333333336,False,False,True,False,True
13820,5,Brazil,China,20.832083333333333,13.333333333333334,33.333333333333336,18.180909090909093,30.43565217391304,36.84263157894737,5.263684210526316,9.090909090909092,-18.181818181818183,0.0013333333333340155,47.06117647058824,69.999,False,False,True,True,False
13821,1,Bulgaria,Dominican Republic,40.62625,8.33375,0.0,31.24875,100.0,77.77777777777777,17.85607142857143,0.0,-28.574285714285715,-8.694782608695652,100.0,0.0,False,,,True,False
13821,2,Bulgaria,Dominican Republic,22.726818181818178,-0.00040000000000020466,60.0,11.11,63.63999999999999,71.42857142857143,-4.348695652173912,-30.767692307692307,0.0,8.695652173913043,57.145714285714284,16.666666666666668,False,True,False,True,False
13821,3,Bulgaria,Dominican Republic,31.709268292682925,-12.5,0.0,9.999500000000001,92.31076923076924,21.427857142857142,19.44222222222222,-9.090909090909092,-58.33166666666667,9.522857142857143,96.88,57.142857142857146,False,True,False,True,False
13822,1,Japan,Netherlands,35.8948717948718,-3.9992,-33.333333333333336,47.61952380952381,12.817179487179487,69.23153846153846,37.4996875,-4.347391304347826,-42.85857142857143,42.85809523809524,13.889722222222222,49.999,False,,,True,False
13822,2,Japan,Netherlands,30.232558139534884,-4.999499999999999,-66.66666666666667,39.12826086956522,16.66785714285714,25.000833333333333,55.88470588235294,-7.999199999999999,8.333333333333334,52.63315789473684,32.35764705882353,49.999,False,True,False,False,True
13822,3,Japan,Netherlands,32.49825,-3.8461538461538463,33.333333333333336,49.996818181818185,14.629756097560977,42.857142857142854,23.077692307692306,0.0008333333333337597,9.090909090909092,54.16833333333333,10.522894736842105,63.63636363636363,False,False,True,True,False
13822,4,Japan,Netherlands,21.429523809523808,0.0,-70.0,43.47826086956522,11.627906976744185,55.55611111111111,31.57657894736842,0.0,0.0,50.0005,5.402702702702703,85.71571428571428,False,True,False,False,True
13822,5,Japan,Netherlands,22.726363636363637,0.0,-50.0,53.84615384615385,4.35,71.42857142857143,54.9995,-7.142142857142857,100.0,63.63636363636363,15.003000000000004,24.99875,False,False,True,False,True
13823,1,Belgium,USA,9.677096774193549,-17.64764705882353,20.0,28.571428571428573,0.0,50.0,37.038148148148146,-0.0008333333333337597,14.285714285714286,49.99857142857143,19.23,60.0,False,,,False,True
13823,2,Belgium,USA,23.685263157894735,4.762380952380953,-66.66666666666667,30.433043478260867,-2.563076923076923,55.55611111111111,40.5427027027027,-8.0,8.333333333333334,15.79,8.33,45.45454545454545,False,False,True,False,True
13823,3,Belgium,USA,23.527058823529416,0.0,-55.55555555555556,33.3325,2.8568571428571428,23.077692307692306,39.39484848484848,4.166666666666667,-16.665,33.333333333333336,9.087272727272728,62.499375,False,False,True,False,True
13824,1,Korea,Thailand,-16.216756756756755,-27.272727272727273,-0.0014285714285721593,31.9996,87.18205128205128,75.00125,13.634999999999998,0.0,43.749375,24.99875,94.73894736842105,80.0,False,,,False,True
13824,2,Korea,Thailand,19.443055555555556,-4.348695652173913,-37.5,36.84368421052631,90.6221875,83.33333333333333,43.333333333333336,-20.83375,-33.333333333333336,4.761428571428572,96.55172413793103,18.182727272727274,False,False,True,False,True
13824,3,Korea,Thailand,12.50025,-17.646470588235296,-33.333333333333336,8.332083333333333,100.0,69.23153846153846,34.48344827586207,0.0,0.0012500000000006395,21.43,93.33,42.857142857142854,False,False,True,False,True
13825,1,Italy,Poland,27.77722222222222,-20.0,21.428571428571427,23.07923076923077,88.23529411764706,64.28571428571429,11.765882352941176,3.703333333333333,-54.54636363636364,10.525263157894736,100.0,47.05882352941177,False,,,False,True
13825,2,Italy,Poland,23.52823529411765,-11.9992,-37.5,5.882352941176471,100.0,52.17391304347826,9.676129032258064,-9.998999999999999,-31.25,14.285714285714286,90.31935483870967,53.334666666666664,False,False,True,True,False
13825,3,Italy,Poland,30.76923076923077,-18.51814814814815,-16.665,0.0004347826086958746,100.0,36.84263157894737,22.856,-11.11,-15.384615384615385,13.637727272727272,94.28285714285714,50.0,False,True,False,True,False
13825,4,Italy,Poland,48.14851851851852,-3.9983999999999993,-18.749375,20.0,82.14,63.1578947368421,15.78921052631579,-16.666666666666668,-49.99875,-4.545454545454546,100.0,55.0005,False,True,False,True,False
13826,1,Netherlands,Türkiye,26.18952380952381,-8.695652173913043,-42.857142857142854,36.36363636363637,6.97953488372093,54.54545454545455,39.99971428571428,-7.9996,-25.000625,47.61904761904762,10.80810810810811,84.61538461538461,False,,,False,True
13826,2,Netherlands,Türkiye,3.8457692307692306,-16.666666666666668,0.0,27.274545454545454,-7.1414285714285715,45.45454545454545,29.62777777777778,8.334166666666667,-12.5,59.999,3.7066666666666666,100.0,False,False,True,False,True
13826,3,Netherlands,Türkiye,21.21181818181818,-14.285238095238096,-10.0,54.166666666666664,2.8608571428571428,33.333333333333336,21.62108108108108,0.0012000000000000454,-21.428571428571427,49.998333333333335,2.7016216216216216,84.61461538461539,False,False,True,False,True
13827,1,Belgium,Germany,47.05735294117647,-4.000800000000001,-100.0,44.446666666666665,3.125,52.94117647058823,37.5,-10.0,-55.556666666666665,52.38333333333333,6.2521875,45.45454545454545,False,,,True,False
13827,2,Belgium,Germany,27.027567567567566,0.0005555555555558397,-66.66666666666667,4.545,2.5615384615384618,52.38095238095238,45.715714285714284,0.001200000000000614,-83.335,46.666666666666664,5.712,81.82,False,True,False,False,True
13827,3,Belgium,Germany,32.55767441860465,-13.04304347826087,-29.999000000000002,23.80857142857143,2.1730434782608694,62.498333333333335,34.04382978723404,-8.69695652173913,-71.42857142857143,65.0,4.085102040816327,92.0008,False,False,True,False,True
13827,4,Belgium,Germany,28.946315789473687,-10.0,-28.57,29.168333333333333,7.694358974358974,84.61461538461539,40.6259375,0.0,-36.36363636363637,44.44444444444444,2.9394117647058824,62.5,False,False,True,False,True
13828,1,Serbia,USA,8.108378378378378,-11.11111111111111,-24.999166666666667,52.17434782608696,0.0,77.77777777777777,41.377931034482756,-4.16625,-8.334166666666667,46.668,13.793448275862069,65.0,False,,,False,True
13828,2,Serbia,USA,35.714285714285715,3.2254838709677416,-33.33277777777778,40.00266666666666,9.090909090909092,77.77666666666667,44.73710526315789,-0.0006060606060609161,-38.45923076923077,34.48517241379311,18.91702702702703,46.666666666666664,False,False,True,False,True
13828,3,Serbia,USA,14.286285714285714,-17.647058823529413,-42.857142857142854,40.91090909090909,7.14,57.142857142857146,33.33444444444444,8.33375,0.0,50.00071428571429,7.140714285714286,57.14190476190476,False,False,True,False,True
13829,1,Dominican Republic,Thailand,27.27060606060606,-4.348695652173913,-28.571428571428573,4.763809523809525,85.18518518518519,50.001999999999995,37.14114285714286,-4.165416666666666,-19.997999999999998,28.571428571428573,90.628125,52.38142857142857,False,,,False,True
13829,2,Dominican Republic,Thailand,25.71457142857143,0.00041666666666687985,-44.44444444444444,14.284285714285712,96.66333333333334,55.556666666666665,27.58862068965517,-4.166666666666667,-41.6675,0.0004761904761907198,89.28571428571429,27.77722222222222,False,False,True,True,False
13829,3,Dominican Republic,Thailand,34.21157894736842,-12.001199999999999,0.0,9.526190476190477,100.0,33.333333333333336,29.030322580645162,0.0008695652173917492,-45.45454545454545,13.635454545454547,90.0,26.316315789473684,False,True,False,True,False
13829,4,Dominican Republic,Thailand,44.44611111111111,-12.499166666666667,-29.41176470588235,21.05263157894737,96.55206896551725,33.332857142857144,32.432162162162165,-13.636363636363637,-76.92384615384616,38.093809523809526,96.875,33.33416666666667,False,True,False,True,False
13830,1,China,Poland,64.9995,4.1675,25.0,33.333333333333336,0.0,40.0,-0.0008695652173905135,-33.333333333333336,-71.42857142857143,13.639090909090909,0.0,11.11111111111111,False,,,True,False
13830,2,China,Poland,28.125625,-16.0,33.333333333333336,36.8421052631579,-6.2521875,57.89578947368421,16.128387096774194,-13.04304347826087,-28.572857142857142,14.287142857142856,-3.5714285714285716,47.05882352941177,False,True,False,True,False
13830,3,China,Poland,24.137241379310346,-8.332916666666668,-12.5,47.059411764705885,0.0,63.16,13.156315789473682,-19.046666666666667,-20.0,22.728181818181817,-2.6315789473684212,32.0,False,True,False,True,False
13831,1,Brazil,Korea,33.33259259259259,0.0,-25.0,6.666666666666667,92.3076923076923,50.0,7.1432142857142855,-11.11111111111111,-18.181818181818183,4.545454545454546,91.66666666666667,63.63636363636363,False,,,True,False
13831,2,Brazil,Korea,16.128064516129033,4.0,-5.262105263157895,6.249375,100.0,52.940588235294115,3.126875000000001,-5.261052631578946,-16.666666666666668,11.9992,96.871875,41.1764705882353,False,True,False,True,False
13831,3,Brazil,Korea,44.828620689655175,0.0,15.384615384615385,33.333333333333336,92.31076923076922,41.6675,8.572285714285714,-14.285,-100.0,26.087391304347825,85.29411764705883,43.75,False,True,False,True,False
13832,1,Belgium,Netherlands,30.955476190476194,-20.0012,12.5,34.9985,2.275,47.9992,10.524473684210525,-4.761428571428572,-35.71357142857143,45.0,5.265789473684211,80.95190476190476,False,,,True,False
13832,2,Belgium,Netherlands,24.9975,0.0,14.287142857142857,34.61423076923077,2.322093023255814,54.54545454545455,35.483225806451614,3.8461538461538463,-7.140714285714286,59.09,5.878235294117648,85.71357142857143,False,True,False,False,True
13832,3,Belgium,Netherlands,18.60325581395349,-4.761904761904762,-23.076923076923077,42.8552380952381,2.2239999999999998,55.55481481481482,32.60826086956522,-12.499166666666667,-27.77777777777778,31.577894736842108,0.0,85.18518518518519,False,False,True,False,True
13832,4,Belgium,Netherlands,23.810714285714283,-4.761904761904762,-33.33444444444444,22.724999999999998,-0.0014285714285714828,89.47368421052632,27.027027027027028,8.0,10.0,55.55277777777778,5.261842105263159,79.99900000000001,False,False,True,False,True
13833,1,Japan,Türkiye,17.24137931034483,-4.761904761904762,16.666666666666668,36.84315789473684,0.0,63.63636363636363,39.39272727272727,-16.665416666666665,-8.3325,62.50125,8.819411764705883,100.0,False,,,False,True
13833,2,Japan,Türkiye,-2.5002500000000003,-13.333333333333334,-40.0,60.001599999999996,0.0,66.66666666666667,30.767692307692307,0.0,21.05263157894737,61.53769230769231,7.404444444444444,100.0,False,False,True,False,True
13833,3,Japan,Türkiye,22.50025,0.0,0.0,47.05882352941177,0.002040816326530496,66.66708333333334,8.824705882352943,-5.557222222222222,0.0014285714285721593,33.33416666666667,-2.7777777777777777,75.0,False,False,True,True,False
13833,4,Japan,Türkiye,26.473529411764705,-0.0004545454545456871,-50.0,56.520434782608696,2.6983783783783784,52.94117647058823,41.17764705882353,-3.9983999999999997,0.0,71.42857142857143,0.003823529411764572,62.5,False,True,False,False,True
13834,1,Canada,Serbia,19.04619047619048,-5.0,50.0,17.389130434782608,0.0,100.0,22.50025,-7.9996,40.0,5.2631578947368425,0.0,100.0,False,,,False,True
13834,2,Canada,Serbia,4.0004,-13.333333333333334,19.997999999999998,8.694347826086956,0.0,100.0,25.806451612903224,4.167916666666667,100.0,16.6675,0.0,100.0,False,False,True,False,True
13834,3,Canada,Serbia,26.668333333333333,-4.167916666666667,27.270909090909093,6.666666666666667,7.140714285714286,100.0,13.335333333333331,-9.522380952380951,-40.0,9.090909090909092,-0.001481481481481713,75.0,False,False,True,True,False
13834,4,Canada,Serbia,15.908636363636363,-8.694782608695652,-23.529411764705884,42.85809523809524,9.67741935483871,66.66666666666667,25.58139534883721,-12.500833333333333,11.113333333333335,14.284761904761906,2.8542857142857145,80.0,False,True,False,False,True
13835,1,China,Dominican Republic,19.354193548387098,3.9995999999999996,-13.331999999999999,29.41176470588235,93.10344827586206,53.33266666666667,5.26078947368421,-5.2631578947368425,-22.22222222222222,-8.331249999999999,93.93939393939394,38.88777777777778,False,,,True,False
13835,2,China,Dominican Republic,51.998400000000004,12.499583333333334,-42.855714285714285,18.749375,100.0,43.749375,21.427142857142858,5.881176470588235,-77.77777777777777,-4.167916666666667,90.32290322580646,50.00083333333333,False,True,False,True,False
13835,3,China,Dominican Republic,44.44555555555556,0.0,-44.44444444444444,27.275454545454544,100.0,69.23153846153846,21.21333333333333,-26.666,-44.44444444444444,8.0,87.87727272727274,7.142142857142858,False,True,False,True,False
13836,1,Italy,Korea,34.48206896551724,-12.499166666666667,-20.0,28.572857142857142,14.81185185185185,78.9478947368421,2.940882352941176,-16.666666666666668,-25.0,38.095238095238095,3.128125,49.99928571428571,False,,,True,False
13836,2,Italy,Korea,14.28595238095238,-16.66625,-15.385384615384615,18.18136363636364,6.819999999999999,60.0008,11.627674418604652,-8.332916666666668,0.0,10.526842105263157,10.871521739130435,56.0008,False,True,False,False,True
13836,3,Italy,Korea,31.03551724137931,0.0,-7.142857142857143,0.0,6.899310344827586,53.84615384615385,10.342758620689652,-6.25,-18.181818181818183,17.393478260869564,3.0272727272727256,45.45545454545454,False,False,True,True,False
13836,4,Italy,Korea,38.46230769230769,0.0,-36.36363636363637,35.712857142857146,15.38423076923077,30.0,27.274545454545454,-26.314736842105265,-100.0,16.665833333333335,0.0,38.46153846153846,False,True,False,True,False
13837,1,Brazil,Bulgaria,32.14214285714286,-12.5,16.665,14.284761904761906,7.404444444444445,49.99916666666667,14.286428571428571,0.0004545454545456871,-44.44444444444444,0.0020000000000003127,10.342413793103447,35.712857142857146,False,,,True,False
13837,2,Brazil,Bulgaria,34.481034482758616,-4.0,-27.778333333333332,5.881764705882353,7.142857142857143,47.369473684210526,18.91756756756757,-5.000500000000001,-50.0,33.33083333333333,7.496250000000001,47.05882352941177,False,True,False,True,False
13837,3,Brazil,Bulgaria,23.332333333333334,-12.498750000000001,-18.181818181818183,0.0,6.896551724137931,100.0,-3.702592592592593,-10.524736842105261,-42.857142857142854,10.525789473684211,10.709999999999999,53.333333333333336,False,True,False,True,False
13838,1,Türkiye,USA,31.43,-16.667083333333334,-12.5,52.38095238095238,2.8525714285714288,57.142857142857146,40.0,-4.346521739130434,-60.0,47.05823529411765,7.696153846153846,87.499375,False,,,False,True
13838,2,Türkiye,USA,63.15631578947367,-4.168333333333334,-27.271818181818183,46.15384615384615,0.0,50.0,29.032258064516128,-15.787894736842103,-60.0,54.54590909090909,6.06,33.333333333333336,False,False,True,True,False
13838,3,Türkiye,USA,39.285714285714285,-7.6923076923076925,-7.144285714285714,47.82608695652174,6.666666666666667,60.0,33.33282051282051,-3.845384615384615,-57.142857142857146,30.434347826086956,10.00125,83.335,False,True,False,False,True
13838,4,Türkiye,USA,45.45545454545454,-4.1675,-33.333333333333336,54.997,5.5575,83.33333333333333,34.211842105263166,-4.166666666666667,-37.5,56.52086956521739,0.0,46.665333333333336,False,False,True,True,False
13838,5,Türkiye,USA,45.45363636363636,-11.764705882352942,-41.66833333333333,43.748125,4.164583333333333,81.81818181818181,22.223333333333333,17.646470588235296,-50.0,59.99733333333334,0.0,100.0,False,True,False,False,True
13839,1,Japan,Serbia,28.26,4.166666666666667,-57.142857142857146,50.0025,7.6923076923076925,80.0,33.332142857142856,-13.044347826086955,-49.99916666666667,60.87260869565218,17.39108695652174,51.85259259259259,False,,,True,False
13839,2,Japan,Serbia,14.583541666666667,-0.0004761904761907198,-37.50125,47.823043478260864,4.162916666666667,69.23230769230769,31.42742857142857,4.166666666666667,-7.693076923076922,30.000999999999998,0.0,88.88888888888889,False,True,False,False,True
13839,3,Japan,Serbia,9.616346153846154,5.262631578947368,-100.0,60.8704347826087,0.0,73.33433333333332,39.532558139534885,-8.0008,-15.384615384615385,36.84,-0.0004545454545456871,78.57142857142857,False,False,True,False,True
13839,4,Japan,Serbia,17.0231914893617,-13.04304347826087,-46.15384615384615,57.142857142857146,-3.9983999999999997,71.42821428571429,24.999318181818182,-12.5,7.142142857142858,44.44555555555556,0.0,56.2484375,False,False,True,False,True
13840,1,Canada,Germany,13.793448275862069,-21.05263157894737,37.5,13.043478260869565,3.4482758620689653,50.0,13.043478260869565,12.0008,-49.99875,49.998333333333335,0.0,85.71357142857143,False,,,False,True
13840,2,Canada,Germany,44.445,-16.002,11.11,52.942352941176466,5.555555555555555,52.0008,19.998250000000002,-10.526315789473685,-44.443333333333335,47.61714285714286,2.628947368421053,49.99916666666667,False,False,True,True,False
13840,3,Canada,Germany,33.332564102564106,-8.0,-55.556666666666665,43.47869565217391,2.56,70.0,40.00114285714286,-7.407037037037037,-53.84615384615385,47.62095238095238,5.403243243243243,47.36684210526316,False,True,False,False,True
13840,4,Canada,Germany,37.142857142857146,-16.66625,-19.999000000000002,33.331428571428575,2.6273684210526316,87.5,36.36454545454546,-0.00041666666666687985,-50.0,50.0,8.823529411764707,74.999375,False,False,True,False,True
13841,1,Dominican Republic,Poland,13.333333333333334,-14.999500000000001,-45.45363636363636,13.637272727272727,-3.33,60.001333333333335,26.92115384615385,-3.9991999999999996,9.090000000000002,12.5,14.814814814814815,10.001500000000002,False,,,False,True
13841,2,Dominican Republic,Poland,28.300377358490568,-5.262105263157895,-53.333333333333336,9.998999999999999,13.729607843137254,61.53692307692308,30.0004,-11.111944444444443,-35.29352941176471,29.412941176470586,15.685098039215687,51.85407407407407,False,False,True,True,False
13841,3,Dominican Republic,Poland,23.810238095238095,-4.167083333333333,-27.27227272727273,20.0,0.0,59.08909090909091,11.361590909090909,-4.761904761904762,-26.31578947368421,27.271818181818183,17.073170731707318,62.96222222222222,False,True,False,True,False
13841,4,Dominican Republic,Poland,-0.0004166666666662877,-7.142142857142857,-50.0,0.0,3.7055555555555553,54.54545454545455,47.82739130434783,-0.00041666666666687985,-7.143571428571429,53.84615384615385,14.285714285714286,88.89,False,True,False,False,True
13841,5,Dominican Republic,Poland,58.82470588235294,-6.666666666666667,-0.0012500000000006395,0.0,12.5,30.0,9.999500000000001,11.11111111111111,-66.66666666666667,28.570714285714285,11.11,12.50125,False,False,True,True,False
13842,1,Brazil,Thailand,23.684473684210527,-4.166666666666667,0.0,17.645294117647058,0.0,83.33444444444444,5.127692307692308,-5.262631578947368,-10.0,26.08608695652174,13.514594594594595,47.36842105263158,False,,,True,False
13842,2,Brazil,Thailand,44.44444444444444,-0.0007692307692311628,-45.45363636363636,20.831666666666667,5.712,36.36318181818182,26.190714285714286,8.333333333333334,-50.0,39.9968,15.001000000000001,57.89473684210526,False,True,False,True,False
13842,3,Brazil,Thailand,16.666,-4.3478260869565215,-54.54636363636364,34.9995,9.999,61.53923076923077,34.373125,-19.9996,-11.11111111111111,31.819999999999997,16.669333333333334,50.0,False,True,False,False,True
13842,4,Brazil,Thailand,39.39424242424242,-3.9995999999999996,-59.999,26.314736842105265,9.095757575757576,21.05157894736842,50.0,-13.04304347826087,-58.333333333333336,29.165833333333335,0.0,23.53058823529412,False,False,True,True,False
13843,1,Bulgaria,Italy,17.239655172413794,0.0,-100.0,-4.166666666666667,0.0,7.6923076923076925,63.6390909090909,8.000399999999999,-24.999166666666667,-9.092727272727274,5.0,50.0,False,,,False,True
13843,2,Bulgaria,Italy,24.322432432432432,-4.999,-80.0,4.761904761904762,9.08939393939394,27.272727272727273,58.622068965517244,-8.332916666666668,-28.570476190476192,5.555555555555555,6.67,69.23076923076923,False,False,True,False,True
13843,3,Bulgaria,Italy,31.2503125,-4.761428571428572,-61.53923076923077,9.523333333333333,6.449032258064515,23.52823529411765,51.61354838709677,-15.999600000000001,-46.66733333333333,11.112777777777778,3.1290625,45.0,False,False,True,False,True
13844,1,Belgium,Japan,34.14707317073171,4.0,-27.272727272727273,39.996,10.526315789473685,100.0,19.56478260869565,-6.249375,-54.54454545454546,31.818181818181817,5.769230769230769,88.23470588235294,False,,,True,False
13844,2,Belgium,Japan,10.256666666666666,-5.555555555555555,-30.76923076923077,59.091818181818184,5.261842105263159,60.0,20.929069767441863,0.0,-100.0,66.66666666666667,0.0,92.85714285714286,False,True,False,False,True
13844,3,Belgium,Japan,35.134594594594596,-7.997999999999999,8.333333333333334,55.556666666666665,5.555,71.42857142857143,17.143428571428572,0.0,-40.0,63.63409090909091,10.523947368421052,83.33333333333333,False,False,True,True,False
13844,4,Belgium,Japan,13.636363636363637,-9.090909090909092,-54.54545454545455,42.85666666666667,0.0,36.36363636363637,55.1696551724138,4.0,-60.0,90.001,3.5692857142857144,100.0,False,True,False,False,True
13844,5,Belgium,Japan,63.1578947368421,-7.142857142857143,-75.0,50.0,4.765714285714286,100.0,42.85571428571428,-9.090909090909092,-100.0,58.333333333333336,14.290000000000001,63.63636363636363,False,False,True,True,False
13845,1,Germany,USA,11.428285714285714,-16.666666666666668,-37.4975,47.36842105263158,5.553333333333333,55.55555555555556,33.333,-4.167916666666667,0.0007142857142860797,26.663999999999998,6.664666666666666,50.000625,False,,,False,True
13845,2,Germany,USA,9.678387096774193,-7.6923076923076925,20.0,36.36409090909091,3.0318181818181817,-0.002000000000000076,49.99916666666667,4.166666666666667,0.0,9.093636363636364,7.999199999999999,77.77777777777777,False,False,True,False,True
13845,3,Germany,USA,35.48193548387097,-3.9995999999999996,33.333333333333336,25.001666666666665,2.8594285714285714,70.8325,-6.250937500000001,0.0,-41.66583333333333,26.08521739130435,0.0,62.5,False,False,True,True,False
13845,4,Germany,USA,21.27531914893617,-0.0004545454545456871,-57.142857142857146,40.90909090909091,2.1242553191489364,72.41413793103449,41.66555555555556,-7.999199999999999,-33.333333333333336,38.09428571428572,0.0,63.63636363636363,False,True,False,False,True
13846,1,Canada,Netherlands,26.469117647058823,-4.0,10.0,19.9995,0.0,66.66666666666667,15.790526315789473,0.0018181818181821025,0.0,33.333333333333336,-2.5,60.86913043478261,False,,,True,False
13846,2,Canada,Netherlands,20.455454545454543,-7.9996,-15.383846153846154,23.9984,0.0,83.33375,21.950000000000003,0.0,-28.57,68.42210526315789,2.1274468085106384,60.00066666666667,False,True,False,False,True
13846,3,Canada,Netherlands,18.60372093023256,-7.999199999999999,-35.714285714285715,29.16541666666667,-2.08,85.18592592592593,14.998750000000001,3.9995999999999996,-26.315263157894737,47.82478260869566,0.0,71.9996,False,False,True,False,True
13846,4,Canada,Netherlands,27.77777777777778,-4.348260869565218,-33.333333333333336,33.333333333333336,-2.4402439024390246,63.63727272727272,33.33027777777777,0.00160000000000025,-33.33166666666667,57.14142857142856,0.0028205128205124417,72.72772727272728,False,False,True,False,True
13847,1,China,Korea,36.66499999999999,0.0008333333333337597,-16.666666666666668,8.333333333333334,9.673548387096774,66.66625,0.001162790697674683,-7.142142857142857,-60.0,21.73782608695652,5.132307692307692,57.89421052631579,False,,,True,False
13847,2,China,Korea,26.08695652173913,-10.0,-31.57842105263158,42.857142857142854,4.166666666666667,38.46,25.64025641025641,-8.333333333333334,-24.99875,22.22277777777778,2.8608571428571428,56.250625,False,True,False,False,True
13847,3,China,Korea,38.45961538461538,-4.16625,-9.090909090909092,15.792105263157895,0.0,22.22277777777778,10.344827586206897,-5.0,-36.36272727272728,9.523333333333332,6.45483870967742,58.335,False,False,True,True,False
13847,4,China,Korea,33.33307692307692,-7.69076923076923,-46.15384615384615,22.726363636363637,11.11111111111111,39.9995,25.716571428571427,0.0004166666666662877,-55.553333333333335,13.042608695652175,11.11,50.0005,False,True,False,True,False
13848,1,Italy,Thailand,48.572857142857146,-4.16625,-37.49875,34.999,6.0606060606060606,36.36409090909091,37.5021875,-4.761428571428572,-66.665,14.28761904761905,6.057272727272727,24.9995,False,,,True,False
13848,2,Italy,Thailand,49.99875,4.0,-15.383846153846154,28.57,19.996799999999997,40.0,8.571428571428571,0.0,-100.0,13.043478260869565,0.0,33.33416666666667,False,True,False,True,False
13848,3,Italy,Thailand,53.33233333333333,-0.0008333333333325754,-12.5,38.46076923076923,3.1206250000000004,45.45318181818182,16.665666666666667,-13.333333333333334,-66.66666666666667,13.635454545454547,16.667333333333332,53.84615384615385,False,True,False,True,False
13849,1,Bulgaria,Poland,21.21121212121212,-9.091818181818182,-50.00125,-4.763333333333334,20.002666666666663,55.55611111111111,32.25806451612903,-7.9996,22.223333333333333,29.997000000000003,9.090303030303032,29.411176470588234,False,,,False,True
13849,2,Bulgaria,Poland,46.87625,-4.0,0.0,16.666666666666668,7.405185185185185,73.33333333333333,9.678709677419354,-7.6923076923076925,-27.271818181818183,30.433478260869567,3.128125,15.384615384615385,False,False,True,True,False
13849,3,Bulgaria,Poland,29.030322580645162,-12.500833333333333,-27.272727272727273,6.666666666666667,2.9435294117647057,66.66799999999999,3.5700000000000003,-16.666666666666668,-49.99928571428571,4.761904761904762,0.0037142857142855846,72.72727272727273,False,True,False,True,False
13849,4,Bulgaria,Poland,35.29588235294118,-7.998799999999999,-50.00083333333333,20.000999999999998,3.1265625000000004,30.76923076923077,29.998,-9.090909090909092,-44.446666666666665,13.634545454545453,15.625,33.333333333333336,False,True,False,True,False
13850,1,Serbia,USA,34.998000000000005,-6.896206896551725,-35.29529411764706,49.99916666666667,9.997333333333332,33.3352380952381,35.292352941176475,-7.407407407407407,-41.1764705882353,23.998800000000003,20.689655172413794,40.90909090909091,True,,,True,False
13850,2,Serbia,USA,22.856,-0.0008333333333337597,-6.25,33.33428571428571,25.928888888888892,33.332857142857144,27.586206896551722,-8.333333333333334,-20.0,22.729090909090907,20.832083333333333,55.55444444444444,True,True,False,True,False
13850,3,Serbia,USA,12.121818181818181,-4.763333333333334,-63.63636363636363,33.330416666666665,3.8492307692307692,46.153076923076924,37.50083333333333,0.0,20.0,35.0,15.998399999999998,23.076923076923077,True,True,False,False,True
13850,4,Serbia,USA,20.832083333333333,0.0,-44.443333333333335,47.826521739130435,-7.9967999999999995,9.090000000000002,29.999333333333333,-4.000800000000001,-11.11111111111111,31.57842105263158,6.893793103448275,60.001333333333335,True,False,True,False,True
13850,5,Serbia,USA,15.38423076923077,0.0,-28.571428571428573,46.15384615384615,7.405185185185185,80.0,12.49875,0.0,-26.666666666666668,28.571428571428573,10.523684210526316,38.46076923076923,True,False,True,True,False
13851,1,Brazil,Japan,29.165625000000002,-20.69,23.528823529411767,12.0,9.301627906976744,71.43035714285715,9.302790697674418,-3.7037037037037037,-31.25,18.180909090909093,28.572142857142858,27.273333333333333,True,,,True,False
13851,2,Brazil,Japan,30.952380952380953,-3.703333333333333,-19.99866666666667,26.08478260869565,35.00025,19.999333333333333,31.705365853658538,-11.10925925925926,0.0,26.922307692307694,42.42727272727273,11.110000000000001,True,True,False,True,False
13851,3,Brazil,Japan,18.7509375,4.761428571428572,-24.998125,9.088636363636361,19.351935483870967,50.00111111111111,25.641025641025642,4.167916666666667,-8.333333333333334,9.52142857142857,31.432,39.13173913043478,True,True,False,False,True
13851,4,Brazil,Japan,66.66583333333334,0.0,-11.764705882352942,30.766923076923078,36.36772727272727,24.99875,24.241818181818182,-13.333333333333334,-75.0,30.434782608695652,17.142857142857142,-14.284761904761906,True,False,True,True,False
13852,1,Thailand,Türkiye,22.858285714285714,-4.16625,-23.076153846153847,19.997999999999998,14.284642857142858,29.166666666666668,24.243030303030302,-12.499166666666667,-26.08521739130435,31.81590909090909,23.81142857142857,36.36363636363637,True,,,True,False
13852,2,Thailand,Türkiye,13.157368421052633,-18.749375,-50.0,18.183636363636364,21.05315789473684,24.138275862068966,44.44444444444444,0.0012500000000006395,-5.262105263157895,23.076923076923077,12.502500000000003,23.999200000000002,True,True,False,False,True
13852,3,Thailand,Türkiye,28.123125,-5.555,-71.42857142857143,21.73913043478261,24.242424242424242,-18.181818181818183,66.66583333333334,-8.0,-21.428571428571427,43.75,33.3375,26.31578947368421,True,False,True,False,True
13852,4,Thailand,Türkiye,26.087391304347825,-4.545909090909091,-11.112222222222222,23.807619047619045,31.818181818181817,-29.41176470588235,41.66708333333333,4.347391304347826,-33.333333333333336,35.001,30.76923076923077,7.142857142857143,True,False,True,False,True
13853,1,China,Italy,21.8740625,-8.69695652173913,0.0,28.57190476190476,25.809677419354838,54.54318181818181,26.31421052631579,-8.332916666666668,-25.000833333333333,47.61666666666667,18.918378378378375,57.14333333333333,True,,,False,True
13853,2,China,Italy,26.667333333333332,0.0,-14.286428571428571,13.636363636363637,12.905806451612905,52.94176470588235,38.23647058823529,0.0008000000000004093,-37.5,38.888888888888886,5.882352941176471,47.82521739130435,True,False,True,False,True
13853,3,China,Italy,33.334722222222226,-7.691923076923077,-4.763333333333332,18.18318181818182,19.050238095238097,73.07692307692308,14.286734693877552,4.167916666666667,0.0011111111111101006,45.83416666666667,18.75166666666667,60.607575757575766,True,False,True,True,False
13853,4,China,Italy,44.44481481481481,0.0,-68.749375,37.49875,33.336,64.28642857142857,44.11764705882353,0.0,-30.76923076923077,66.6652380952381,14.70264705882353,58.8235294117647,True,True,False,False,True
13854,1,Brazil,Serbia,-6.452258064516128,0.0,-50.0,29.167083333333334,21.873124999999998,40.0,31.9996,8.333333333333334,33.333333333333336,21.429285714285715,14.286071428571429,31.81863636363636,True,,,False,True
13854,2,Brazil,Serbia,52.0,-0.00041666666666687985,-7.691538461538461,31.251875,19.23153846153846,-11.112222222222222,28.570714285714285,-10.525789473684211,-49.999,13.043478260869565,7.999199999999999,14.286428571428571,True,False,True,True,False
13854,3,Brazil,Serbia,31.578157894736844,-7.6923076923076925,-26.668666666666663,39.130434782608695,21.050526315789472,25.000833333333333,22.856857142857145,4.1675,-33.333333333333336,33.33,14.283428571428571,4.761904761904762,True,True,False,True,False
13854,4,Brazil,Serbia,38.88777777777778,-4.1675,-19.048095238095236,22.221666666666668,20.58823529411765,24.0,22.49975,-10.0,-22.22222222222222,39.130434782608695,32.50125,13.331,True,True,False,True,False
13855,1,Italy,Türkiye,35.13567567567568,-16.0004,-26.668,41.17764705882353,15.789736842105263,75.001,10.344827586206897,-5.555555555555555,-27.77722222222222,29.996999999999996,16.668,38.095238095238095,True,,,True,False
13855,2,Italy,Türkiye,35.00125,-7.407407407407407,-24.999375,54.54545454545455,12.5,59.25925925925926,40.54135135135136,-18.520370370370372,-6.666666666666667,43.998400000000004,7.5040000000000004,54.54454545454546,True,True,False,True,False
13855,3,Italy,Türkiye,24.998749999999998,-4.0,-15.383846153846154,20.0005,9.093333333333334,60.0,22.581290322580646,0.000454545454546333,-31.250625,56.522608695652174,13.793103448275861,29.412941176470586,True,True,False,True,False
13856,1,Serbia,Türkiye,38.45846153846154,-3.846923076923077,-30.76923076923077,26.921538461538464,5.126153846153846,52.94117647058823,35.715357142857144,3.846923076923077,-53.332,25.0,3.225806451612903,21.05315789473684,True,,,True,False
13856,2,Serbia,Türkiye,20.0,0.0,-21.051578947368423,43.7525,5.553888888888888,72.72772727272728,3.2245161290322573,-5.882352941176471,-19.048571428571428,24.999166666666667,5.8808823529411764,76.47058823529412,True,True,False,True,False
13856,3,Serbia,Türkiye,26.82951219512195,-8.0,-5.882352941176471,20.0,6.974651162790698,55.55518518518519,19.446666666666665,8.0008,-9.524761904761906,26.08695652173913,8.336111111111112,35.9992,True,True,False,True,False
13857,1,Brazil,Italy,14.285142857142858,4.348695652173913,0.0,44.999,12.118787878787877,9.090909090909092,41.93677419354839,-19.9988,16.666666666666668,40.90681818181818,15.625,11.538076923076924,True,,,False,True
13857,2,Brazil,Italy,24.9996875,0.0,-38.89,45.45272727272727,26.665333333333333,21.053684210526313,35.29264705882353,-4.16625,-50.001,36.36045454545455,17.14457142857143,13.637727272727272,True,False,True,False,True
13857,3,Brazil,Italy,30.301515151515154,-4.545454545454546,-66.66666666666667,31.819090909090907,9.091212121212122,42.10526315789474,39.39454545454545,-8.0,0.0,28.57333333333333,21.208787878787877,31.25,True,False,True,False,True
13873,1,Croatia,Poland,14.287857142857144,0.0,0.0,33.33238095238095,0.0,-33.333333333333336,40.74111111111111,-11.538461538461538,33.333333333333336,31.25125,14.281071428571428,12.5,False,,,False,True
13873,2,Croatia,Poland,37.03777777777778,-12.0008,57.142857142857146,66.66777777777777,21.43,-16.665,14.705588235294117,-14.285238095238096,0.0,49.996818181818185,21.21212121212121,-60.0,False,False,True,True,False
13873,3,Croatia,Poland,18.919729729729728,0.0013043478260870058,-33.333333333333336,54.54545454545455,9.68,18.749375,24.444222222222223,-12.001199999999999,-16.665,50.0,15.55688888888889,100.0,False,True,False,False,True
13873,4,Croatia,Poland,9.676774193548388,-18.750625,-20.0,49.998636363636365,16.665333333333333,0.0,45.45409090909091,0.00041666666666687985,-14.285714285714286,27.272727272727273,19.05,7.142857142857143,False,False,True,False,True
13874,1,Kenya,Netherlands,-3.5692857142857144,-8.333333333333334,14.287142857142857,8.3325,0.0,-52.93941176470588,37.93034482758621,4.167916666666667,7.142857142857143,54.54545454545455,0.0,68.75,False,,,False,True
13874,2,Kenya,Netherlands,18.181212121212123,-17.647058823529413,-36.36363636363637,4.166250000000001,-6.246875,-38.459230769230764,34.613846153846154,0.0,-16.66611111111111,28.57,0.0,33.333333333333336,False,False,True,False,True
13874,3,Kenya,Netherlands,-0.00040000000000020466,-8.333333333333334,-28.568571428571428,0.001304347826086388,0.0,-73.33533333333334,52.0,0.0,15.384615384615385,45.45636363636363,3.8438461538461537,37.5,False,False,True,False,True
13875,1,Thailand,Türkiye,17.24206896551724,-11.110555555555557,-49.998333333333335,15.79,0.0,-20.0,55.9992,-12.498333333333333,-7.691538461538462,24.99875,0.0,26.666666666666668,False,,,False,True
13875,2,Thailand,Türkiye,38.46333333333333,-3.3329999999999997,-37.500625,14.815925925925924,0.0,3.5717857142857143,26.08782608695652,3.334000000000001,-46.66733333333333,35.714642857142856,4.549090909090909,19.231923076923074,False,False,True,True,False
13875,3,Thailand,Türkiye,26.666333333333334,-9.090454545454547,-30.0,45.45545454545454,6.896551724137931,16.665833333333335,49.999583333333334,-12.0008,-15.384615384615385,11.763529411764706,8.698695652173912,-36.36363636363637,False,True,False,False,True
13875,4,Thailand,Türkiye,33.333333333333336,-4.166666666666667,-11.11,35.29470588235294,2.275,24.325135135135135,28.57257142857143,-10.0,-22.221666666666668,-4.545454545454546,0.0,0.0007142857142850646,False,False,True,True,False
13875,5,Thailand,Türkiye,26.667333333333332,-20.0,25.00125,10.0,0.0,-9.998999999999999,5.879999999999999,-15.384615384615385,-10.001,16.666666666666668,0.0,33.333333333333336,False,True,False,True,False
13876,1,Belgium,Puerto Rico,29.412941176470586,7.9996,-28.572142857142858,28.571428571428573,6.2484375000000005,73.33333333333333,9.37375,-6.666666666666667,0.0,-8.332916666666668,0.0,-11.764117647058825,False,,,True,False
13876,2,Belgium,Puerto Rico,28.20179487179487,-7.6923076923076925,-0.0007692307692311628,16.66625,2.7766666666666664,3.570357142857143,23.076923076923077,-3.8449999999999993,-35.714285714285715,4.348695652173912,5.403243243243243,-7.9988,False,True,False,True,False
13876,3,Belgium,Puerto Rico,50.00153846153846,4.0004,-9.998999999999999,15.384615384615385,3.7037037037037037,22.22222222222222,17.856785714285714,-6.666666666666667,-25.0,-4.165,7.146428571428571,-11.111666666666666,False,True,False,True,False
13877,1,Cameroon,Italy,5.001,-20.0,-40.0,-0.0008695652173917492,5.26421052631579,-69.999,63.15842105263158,4.0,0.0,37.49875,11.764705882352942,53.84615384615385,False,,,False,True
13877,2,Cameroon,Italy,16.0,-0.0007692307692311628,-33.333333333333336,4.347391304347826,6.666666666666667,4.762380952380952,50.00208333333333,8.333333333333334,-25.0,18.184545454545454,16.66875,64.70529411764706,False,False,True,False,True
13877,3,Cameroon,Italy,6.667666666666666,6.25,-8.333333333333334,-4.166666666666667,3.4482758620689653,-0.001999999999998181,37.03703703703704,8.0,15.385384615384615,13.332666666666666,7.693846153846156,45.0,False,False,True,False,True
13878,1,Dominican Republic,Korea,38.88722222222222,-0.00040000000000020466,-11.76529411764706,-5.881176470588235,6.453870967741936,-0.0006666666666670077,15.386153846153848,5.2631578947368425,-60.001,17.390434782608697,0.0,-5.881176470588235,False,,,True,False
13878,2,Dominican Republic,Korea,54.16791666666666,-8.333333333333334,8.333333333333334,29.999000000000002,0.0,23.075384615384618,11.999600000000001,-23.076153846153847,-37.5,33.332857142857144,-3.8461538461538463,-40.0,False,True,False,True,False
13878,3,Dominican Republic,Korea,49.99875,15.9988,-19.99866666666667,0.0009090909090913742,4.997999999999999,15.384615384615385,26.664666666666665,-19.999333333333333,-20.0,8.0,3.2225806451612904,-13.333333333333334,False,True,False,True,False
13879,1,Kazakhstan,USA,15.38423076923077,-11.764705882352942,-33.333333333333336,-15.78842105263158,0.0,14.28761904761905,41.37724137931035,-8.332083333333333,-44.44555555555556,6.668666666666667,0.0,44.999,False,,,False,True
13879,2,Kazakhstan,USA,12.0028,-23.076153846153847,-80.0,-4.761904761904762,-3.5714285714285716,-18.75,56.522608695652174,-11.999600000000001,-10.0,39.998000000000005,0.0,64.70588235294117,False,False,True,False,True
13879,3,Kazakhstan,USA,22.22037037037037,-4.346521739130434,0.0,4.998,3.57,11.112222222222222,35.483225806451614,-8.334166666666667,-21.427857142857142,0.0010000000000005115,-3.0303030303030303,26.315263157894737,False,False,True,False,True
13880,1,Brazil,Czechia,6.2496875,0.0,18.183636363636364,41.1764705882353,3.5742857142857143,8.3325,7.6956410256410255,-19.046666666666667,40.0,8.695652173913043,2.7024324324324325,23.80857142857143,False,,,True,False
13880,2,Brazil,Czechia,30.556666666666665,-12.000399999999999,-16.665,18.75,2.856,62.500625,-2.9408823529411774,0.0,0.0,18.18318181818182,2.8542857142857145,-4.167083333333333,False,True,False,True,False
13880,3,Brazil,Czechia,22.50075,-9.090909090909092,-28.570714285714285,17.391304347826086,2.4989999999999997,43.47869565217391,26.82560975609756,-4.0,-30.000999999999998,19.9995,2.628947368421053,15.385384615384615,False,True,False,False,True
13880,4,Brazil,Czechia,30.303030303030305,3.9995999999999996,0.0,40.00066666666667,0.0,74.9995,15.150909090909092,-16.666666666666668,42.85857142857143,21.738260869565217,0.0,8.333333333333334,False,False,True,True,False
13881,1,Belgium,Kenya,25.6425641025641,4.1691666666666665,22.22222222222222,26.664666666666665,11.425714285714287,51.61290322580645,12.498125,-6.25,-21.429285714285715,4.347391304347826,0.0,14.814444444444446,False,,,True,False
13881,2,Belgium,Kenya,37.498333333333335,8.000399999999999,-18.180909090909093,30.76923076923077,0.0,50.000625,17.390434782608693,-7.142857142857143,-37.50125,-4.546363636363637,0.0,-23.529411764705884,False,True,False,True,False
13881,3,Belgium,Kenya,42.85642857142857,-4.166666666666667,-40.0,39.999,3.33,69.56478260869565,5.403243243243242,-16.665833333333335,-66.66666666666667,13.042608695652175,-5.5569444444444445,24.999583333333334,False,True,False,True,False
13882,1,Argentina,China,32.353529411764704,0.0,-20.0,45.45818181818182,24.999374999999997,-33.333999999999996,45.714,-8.334166666666667,-33.335,54.545,17.14,-7.142142857142858,False,,,False,True
13882,2,Argentina,China,-8.107567567567568,9.092272727272727,0.0,47.996,18.7475,15.383076923076922,6.251249999999999,0.0012000000000000454,16.666666666666668,35.0015,18.184242424242427,46.15461538461538,False,False,True,False,True
13882,3,Argentina,China,23.40382978723404,-14.286666666666665,-9.090909090909092,37.501666666666665,13.039999999999997,11.110555555555557,35.0,0.0,-39.99933333333333,61.11,27.5,23.07730769230769,False,False,True,False,True
13883,1,Colombia,Japan,19.04714285714286,4.999499999999999,-49.99875,26.31578947368421,0.0,28.125,38.77612244897959,-19.9988,0.0016666666666675194,15.789473684210526,2.127659574468085,46.874375,False,,,False,True
13883,2,Colombia,Japan,33.333333333333336,-4.3478260869565215,-37.5,52.37857142857143,-6.45032258064516,-12.000399999999999,25.998800000000003,-12.5,-55.55555555555556,31.819090909090907,0.0,42.309230769230766,False,False,True,False,True
13883,3,Colombia,Japan,33.333333333333336,-17.647058823529413,-33.33444444444444,13.043478260869565,0.0,-33.333333333333336,48.275862068965516,4.0004,-22.221111111111114,21.427142857142858,6.893793103448275,31.57894736842105,False,False,True,False,True
13884,1,Cameroon,Netherlands,-8.695217391304348,-24.998333333333335,-16.665,-0.0004545454545456871,0.0,-7.691538461538461,42.857142857142854,4.167916666666668,25.0,11.11111111111111,-5.004,50.0,False,,,False,True
13884,2,Cameroon,Netherlands,10.346206896551724,0.0,-11.112222222222222,0.0,-3.225806451612903,-6.25,16.66625,4.0,-9.091818181818182,5.882941176470588,7.999199999999999,38.46153846153846,False,False,True,False,True
13884,3,Cameroon,Netherlands,15.38423076923077,-7.142857142857143,0.0,0.0,0.0,-23.076923076923077,41.666666666666664,16.665416666666665,12.5,23.076153846153847,4.166666666666667,6.25,False,False,True,False,True
13885,1,Bulgaria,Germany,35.48258064516129,-8.695652173913043,-12.49875,14.999500000000001,-0.0013333333333335417,-9.09,41.66527777777778,-8.33375,-25.0,42.85666666666667,-5.2631578947368425,8.695652173913043,False,,,False,True
13885,2,Bulgaria,Germany,29.730540540540538,-12.500416666666666,-20.0,15.785789473684211,0.0,5.555,22.580000000000002,-13.635909090909092,0.0,10.524736842105261,3.2274193548387102,4.166666666666667,False,False,True,True,False
13885,3,Bulgaria,Germany,6.453225806451614,8.334166666666667,0.0,38.093809523809526,0.0,11.764705882352942,22.857142857142858,-12.499583333333334,-16.666666666666668,16.66625,6.2484375000000005,26.666666666666668,False,True,False,False,True
13885,4,Bulgaria,Germany,4.760952380952382,-9.522380952380953,-36.36545454545455,12.5,-0.0019512195121950803,56.52173913043478,21.429285714285715,-0.00040000000000020466,-23.528823529411767,5.882352941176471,-6.893793103448275,52.173478260869565,False,False,True,False,True
13886,1,Canada,Serbia,29.165833333333335,-8.69608695652174,0.0010000000000005115,-0.0020000000000003127,4.346086956521739,-29.41235294117647,38.46230769230769,-7.9996,-20.0,5.553888888888888,0.0,29.41235294117647,False,,,False,True
13886,2,Canada,Serbia,0.0012000000000000454,-17.64588235294118,-11.11111111111111,-11.110555555555557,0.0,5.262631578947369,35.7125,-16.668333333333333,0.0,28.571428571428573,0.0,39.99933333333333,False,False,True,False,True
13886,3,Canada,Serbia,32.14,-5.0,0.0008333333333337597,8.697391304347825,-3.3333333333333335,-4.167083333333333,31.250625,8.0,-44.443333333333335,16.667777777777776,0.0,0.0005882352941171121,False,False,True,False,True
13887,1,Czechia,Japan,5.717428571428571,-6.6659999999999995,0.0,0.0008333333333337597,0.0,11.765882352941176,33.3325,12.0,11.11,16.669166666666666,0.0,15.79,False,,,False,True
13887,2,Czechia,Japan,25.713142857142856,-0.0004761904761907198,-31.25,9.089090909090908,0.0,-13.04391304347826,35.898717948717945,0.0016666666666675194,-11.11111111111111,20.0,0.0,24.9975,False,False,True,False,True
13887,3,Czechia,Japan,6.2509375,16.665,-25.0,15.998800000000001,-3.0293939393939393,-44.827586206896555,35.89871794871795,7.9996,-22.22222222222222,16.666666666666668,0.0,53.84576923076923,False,False,True,False,True
13888,1,Germany,Kazakhstan,23.68631578947368,8.332916666666668,5.262631578947368,33.332,26.317894736842106,46.152692307692305,7.317317073170732,-6.25,-28.57,24.99875,2.4414634146341467,6.667666666666667,False,,,True,False
13888,2,Germany,Kazakhstan,35.4841935483871,4.000799999999999,-20.000999999999998,17.64529411764706,39.28642857142857,46.152692307692305,12.121212121212121,5.555555555555555,25.0,4.546363636363637,16.663999999999998,-3.5721428571428566,False,True,False,True,False
13888,3,Germany,Kazakhstan,26.47,12.5,-33.33222222222222,10.0,18.752499999999998,31.818181818181817,31.999200000000002,4.545454545454546,-24.998333333333335,17.389130434782608,7.6923076923076925,5.262631578947369,False,True,False,True,False
13889,1,Bulgaria,Serbia,27.027567567567566,14.285714285714286,-100.0,23.81095238095238,8.104864864864865,25.0,57.577272727272735,-8.000399999999999,-12.5,28.57238095238095,6.06,25.0,False,,,False,True
13889,2,Bulgaria,Serbia,45.15870967741936,4.000800000000001,-36.36363636363637,18.75,19.351612903225806,-14.285,41.66722222222222,-18.18227272727273,-62.5,37.50125,22.223888888888887,0.001176470588235896,False,False,True,True,False
13889,3,Bulgaria,Serbia,30.302727272727275,0.0011538461538461975,-9.091818181818182,43.47869565217391,25.809677419354838,-37.5,28.944736842105264,-11.537692307692309,-33.33416666666667,43.9988,13.884444444444444,-37.5,False,True,False,True,False
13889,4,Bulgaria,Serbia,30.30121212121212,-4.545454545454546,-50.0,13.635454545454543,27.272727272727273,0.0,41.17529411764706,-4.16625,-50.001,34.9995,35.29558823529412,22.22222222222222,False,True,False,False,True
13889,5,Bulgaria,Serbia,19.04714285714286,-9.998999999999999,-16.668333333333333,28.571428571428573,36.36636363636364,-10.0,38.095238095238095,7.142857142857143,33.333333333333336,22.22222222222222,10.529473684210526,-7.142857142857143,False,False,True,False,True
13890,1,Italy,Puerto Rico,54.839677419354835,-21.429285714285715,-14.285,16.668333333333333,0.0,-0.0005263157894732055,25.000625,0.0011538461538461975,-44.443333333333335,22.724545454545453,3.225806451612903,-28.0004,False,,,True,False
13890,2,Italy,Puerto Rico,6.06,-8.333333333333334,15.383076923076924,26.314736842105262,3.1246875,57.14333333333333,-13.79241379310345,-0.0009090909090913742,0.0,9.090909090909092,0.0,-37.50125,False,True,False,True,False
13890,3,Italy,Puerto Rico,34.286857142857144,-15.38423076923077,-15.386153846153844,36.365,0.0,22.72772727272727,26.66466666666667,-4.16625,-38.46153846153846,13.639090909090909,-2.94,-4.349130434782609,False,True,False,True,False
13891,1,Argentina,Brazil,23.25627906976744,-5.2631578947368425,-44.44444444444444,26.088260869565215,9.526666666666667,25.806451612903224,41.46048780487805,-8.0,-28.570714285714285,38.89111111111111,7.143571428571428,29.030967741935484,False,,,False,True
13891,2,Argentina,Brazil,-6.665666666666667,-7.142857142857143,-25.00125,17.39260869565217,25.00125,10.52842105263158,30.76846153846154,4.1675,40.001,30.76923076923077,25.00208333333333,30.0005,False,False,True,False,True
13891,3,Argentina,Brazil,37.14142857142857,0.0004761904761907198,-55.55555555555556,29.16625,8.573428571428572,-14.815555555555555,54.84032258064516,0.0012000000000000454,-35.714285714285715,44.9985,25.80516129032258,-4.546363636363636,False,False,True,False,True
13892,1,Canada,USA,18.747812500000002,-4.998499999999999,-49.99916666666667,0.0,29.99566666666667,21.428571428571427,48.27448275862069,-12.500416666666666,-26.666666666666668,27.778333333333332,17.242758620689653,18.181818181818183,False,,,False,True
13892,2,Canada,USA,29.9995,-16.666666666666668,-30.76923076923077,17.390869565217393,0.0,9.090454545454547,34.375625,-7.691923076923077,-30.76923076923077,21.051052631578944,15.379999999999999,8.334166666666667,False,False,True,False,True
13892,3,Canada,USA,22.728181818181817,-6.25,-28.571428571428573,-9.523809523809524,0.0,-7.142142857142856,41.37862068965517,4.16625,-26.66466666666667,26.666,3.5732142857142857,27.272727272727273,False,False,True,False,True
13893,1,China,Colombia,62.96407407407407,0.0,-16.6675,58.82470588235294,32.142857142857146,16.667777777777776,26.666,0.0,-55.55555555555556,22.729090909090907,10.717142857142859,-40.0005,False,,,True,False
13893,2,China,Colombia,31.819318181818186,0.00160000000000025,-8.696521739130436,47.61904761904762,15.214565217391305,40.625,20.930232558139537,0.0,-25.000625,8.69608695652174,4.351521739130435,27.273030303030303,False,True,False,True,False
13893,3,China,Colombia,43.33433333333333,-8.332499999999998,-26.666,42.855714285714285,14.708235294117648,47.82565217391304,12.11969696969697,-11.764705882352942,-42.855714285714285,14.286666666666665,5.886176470588235,10.713571428571429,False,True,False,True,False
13894,1,Korea,Türkiye,6.665333333333333,-0.0007142857142860797,-25.0,-13.635909090909092,6.898965517241379,20.0,35.4841935483871,-0.002400000000000091,33.333333333333336,0.0,16.127741935483872,49.999,False,,,False,True
13894,2,Korea,Türkiye,0.0003846153846155814,-0.0007142857142860797,-100.0,-9.092727272727274,3.8449999999999998,33.333333333333336,49.9995,4.166666666666667,36.36363636363637,16.6675,10.522105263157894,66.66666666666667,False,False,True,False,True
13894,3,Korea,Türkiye,-3.704814814814815,-23.077692307692306,0.0,-16.6675,0.0,100.0,23.53,11.9988,0.0,0.0011111111111116794,17.648235294117647,85.715,False,False,True,False,True
13895,1,Croatia,Dominican Republic,17.646764705882354,-19.9995,-42.857142857142854,9.090454545454547,28.57085714285714,38.46307692307692,33.333939393939396,-11.9992,-0.0016666666666675194,18.74875,5.880882352941177,33.33416666666667,False,,,False,True
13895,2,Croatia,Dominican Republic,25.924444444444443,-12.5,-66.66666666666667,-4.763333333333334,10.714285714285714,50.0,48.27551724137931,-4.167083333333333,-100.0,0.0,3.8499999999999996,87.5,False,False,True,False,True
13895,3,Croatia,Dominican Republic,24.999375,-0.0004761904761907198,-57.142857142857146,27.273636363636363,26.670333333333335,28.57,41.66499999999999,-12.0,11.112222222222222,0.0,3.1265625000000004,62.5,False,False,True,False,True
13896,1,Belgium,Italy,23.52823529411765,0.0,6.667333333333333,34.9985,0.0,11.11111111111111,15.384358974358975,-9.090454545454547,-27.77777777777778,29.16875,12.49675,44.0012,False,,,True,False
13896,2,Belgium,Italy,19.608039215686276,6.897586206896552,-45.83375,24.13689655172414,3.8446153846153845,28.204358974358975,22.221111111111114,0.0,-12.000399999999999,7.141428571428571,11.761764705882353,38.63590909090909,False,True,False,False,True
13896,3,Belgium,Italy,22.859142857142857,-11.11111111111111,-13.636363636363637,26.923076923076923,8.825882352941177,-0.0008000000000004093,20.93093023255814,-6.896206896551725,-21.051578947368423,21.73913043478261,4.997999999999999,51.72379310344827,False,False,True,False,True
13896,4,Belgium,Italy,-15.152424242424244,-10.0,-60.0,33.33428571428571,5.882352941176471,24.999642857142856,39.286071428571425,-8.334583333333333,28.570714285714285,12.5,25.002857142857145,73.91304347826087,False,False,True,False,True
13897,1,Cameroon,Kenya,29.166666666666668,-4.761904761904762,-44.44222222222223,9.522857142857143,0.0,-17.64588235294118,28.57107142857143,4.167083333333333,-55.55555555555556,5.264736842105263,0.0,46.666666666666664,False,,,False,True
13897,2,Cameroon,Kenya,28.572857142857142,-15.9992,-44.44555555555556,20.832916666666666,-2.779166666666667,28.570714285714285,28.57371428571429,-11.112222222222222,-37.5,4.999,2.86,0.0012499999999988631,False,False,True,False,True
13897,3,Cameroon,Kenya,10.344482758620689,-10.0,-33.333333333333336,42.8552380952381,3.33,-18.749375,42.30769230769231,-12.5,-11.11111111111111,23.53058823529412,-3.8500000000000005,16.666666666666668,False,False,True,False,True
13898,1,Poland,Thailand,50.0,-3.9983999999999997,23.077692307692306,12.499375,22.22,41.17588235294118,7.691538461538462,5.881764705882353,100.0,4.34695652173913,7.6923076923076925,-33.333333333333336,False,,,True,False
13898,2,Poland,Thailand,43.333999999999996,-16.666666666666668,0.0,23.525294117647057,6.898965517241379,28.572857142857142,-7.1425,0.0,-100.0,0.0,7.405185185185185,18.181818181818183,False,True,False,True,False
13898,3,Poland,Thailand,62.50208333333333,-7.999200000000001,-0.0009999999999990906,49.999375,15.998800000000001,74.99875,19.229615384615382,-0.000588235294117948,-100.0,-4.761904761904762,3.8499999999999996,100.0,False,True,False,True,False
13899,1,Croatia,Thailand,34.78304347826087,0.0,0.0,-9.08909090909091,14.286190476190475,0.0,56.0008,4.166250000000001,-33.333333333333336,-5.882352941176471,24.0028,50.0,False,,,False,True
13899,2,Croatia,Thailand,-9.091818181818182,-15.384615384615385,-60.0,-9.090454545454547,3.1237500000000002,83.33333333333333,26.666333333333334,-0.0008000000000004093,100.0,9.090909090909092,0.0,69.23153846153846,False,False,True,False,True
13899,3,Croatia,Thailand,48.14962962962963,-18.18136363636364,-71.42857142857143,0.0,15.387692307692308,30.000999999999998,37.14228571428571,4.16625,-50.0,0.0,5.555,11.112222222222222,False,False,True,False,True
13900,1,China,Japan,27.906279069767443,3.7033333333333336,-10.524736842105263,34.61538461538461,0.0,4.545454545454546,24.443333333333335,-3.7037037037037037,0.0,7.999199999999999,2.33,-0.0008000000000004093,False,,,True,False
13900,2,China,Japan,51.431714285714285,4.0,0.0012500000000006395,18.75125,-2.78,29.167083333333334,29.72864864864865,-5.882352941176471,-62.49875,11.998800000000001,0.0,-10.526842105263157,False,True,False,True,False
13900,3,China,Japan,51.61290322580645,-7.143571428571429,-27.77722222222222,44.0,3.1290625,-35.29294117647059,41.02487179487179,-7.143928571428572,-75.0,38.463846153846156,-0.003999999999999915,5.881764705882354,False,True,False,True,False
13901,1,Brazil,Colombia,50.000454545454545,0.0,14.287142857142857,64.28571428571429,0.0,25.0,0.001052631578947907,0.0,-50.0,-0.0023809523809529224,0.0,-26.666666666666668,False,,,True,False
13901,2,Brazil,Colombia,50.00153846153846,7.998399999999999,37.5,30.000999999999998,0.0,9.524761904761904,16.666333333333334,-16.6675,-66.66777777777777,29.16541666666667,-3.336666666666667,11.764705882352942,False,True,False,True,False
13901,3,Brazil,Colombia,38.88805555555555,-4.166666666666667,-13.333333333333334,14.286666666666665,0.0,22.221666666666668,21.2130303030303,4.761904761904762,-57.142857142857146,36.36181818181819,0.0,-34.783478260869565,False,True,False,True,False
13902,1,Dominican Republic,Türkiye,22.581935483870968,-12.000399999999999,24.99875,5.2631578947368425,10.347931034482757,50.00125,5.405405405405405,-9.523809523809524,-33.333333333333336,13.635909090909092,5.713142857142857,60.0,False,,,True,False
13902,2,Dominican Republic,Türkiye,13.791724137931034,-4.761428571428572,-100.0,-0.0018181818181821025,0.0,33.333333333333336,28.569714285714284,-8.0,-33.333333333333336,-5.2631578947368425,15.152424242424242,76.9223076923077,False,True,False,False,True
13902,3,Dominican Republic,Türkiye,3.2248387096774183,10.527368421052632,-20.0,-9.523333333333333,3.575,16.666666666666668,40.0004,-4.167083333333333,14.287142857142857,0.0,19.229615384615386,50.0,False,False,True,False,True
13902,4,Dominican Republic,Türkiye,27.58448275862069,-8.334583333333333,33.333333333333336,0.0,3.4468965517241377,77.77777777777777,-2.9411764705882355,-11.764117647058825,-100.0,10.52842105263158,6.0606060606060606,70.0,False,False,True,True,False
13902,5,Dominican Republic,Türkiye,26.085652173913044,0.0,-50.0,-7.142857142857143,0.0,50.0,23.334,-0.0006666666666670077,25.0,7.693846153846154,6.896551724137931,42.857142857142854,False,True,False,False,True
13903,1,Argentina,Czechia,31.9996,-7.999199999999999,-11.109444444444442,33.33222222222222,0.0,31.033103448275863,21.74021739130435,-5.0,-38.888888888888886,39.12826086956522,0.0,20.68793103448276,False,,,True,False
13903,2,Argentina,Czechia,9.43433962264151,-5.001,-11.11111111111111,16.665833333333335,0.0,12.000399999999999,26.189285714285717,0.0008000000000004093,20.000999999999998,26.31578947368421,-0.0009302325581396803,25.71485714285714,False,True,False,False,True
13903,3,Argentina,Czechia,12.19439024390244,0.0,-17.391739130434782,5.555000000000001,2.272727272727273,45.83291666666667,9.755121951219513,-9.090909090909092,-21.05315789473684,20.834166666666665,-2.5025,41.1764705882353,False,False,True,True,False
13903,4,Argentina,Czechia,17.50025,4.167083333333333,-16.666666666666668,31.819090909090907,0.0,14.285238095238096,18.91864864864865,-4.347391304347826,-21.428571428571427,4.349130434782609,-5.128205128205129,15.79,False,True,False,True,False
13904,1,Netherlands,Puerto Rico,16.666944444444443,-4.166666666666667,-8.695652173913043,31.817272727272726,5.7137142857142855,31.819090909090907,23.075384615384614,-8.333333333333334,18.183636363636364,21.738260869565217,0.0,11.540384615384616,False,,,False,True
13904,2,Netherlands,Puerto Rico,23.91391304347826,0.0012500000000000473,-9.091363636363637,19.999000000000002,-2.1739130434782608,44.11882352941176,11.763333333333332,-4.761904761904762,-6.6659999999999995,8.698260869565217,0.0,24.326216216216213,False,False,True,True,False
13904,3,Netherlands,Puerto Rico,31.033103448275863,0.0,18.182727272727274,19.999333333333333,0.0,31.81863636363636,0.00027777777777752516,0.0006250000000003197,-16.666666666666668,15.998399999999998,0.0,17.647058823529413,False,True,False,True,False
13904,4,Netherlands,Puerto Rico,28.572142857142858,-4.166666666666667,0.0,39.99933333333333,0.0,43.750625,4.759523809523809,-6.25,-17.64764705882353,-0.0018181818181814565,0.0,25.806774193548385,False,True,False,True,False
13905,1,Korea,Poland,17.38869565217391,-5.882352941176471,0.0,0.0,3.8461538461538463,33.333333333333336,54.54545454545455,-15.998800000000001,0.0,-14.287142857142857,19.047619047619047,100.0,False,,,False,True
13905,2,Korea,Poland,2.7040540540540543,0.001052631578947907,-100.0,4.761428571428572,16.22,71.42857142857143,44.0008,-12.5,-11.11111111111111,-5.555,30.77269230769231,100.0,False,False,True,False,True
13905,3,Korea,Poland,29.62851851851852,-12.499375,-50.0,-9.090454545454547,0.001666666666666572,-25.0,45.160645161290326,-4.000800000000001,0.0,15.383076923076922,19.228461538461538,76.92307692307692,False,False,True,False,True
13906,1,Canada,Kazakhstan,34.375625,-4.165416666666666,29.41176470588235,58.33583333333333,-3.125,55.55611111111111,5.881764705882354,-20.0,7.6923076923076925,54.545,-2.857142857142857,21.051578947368423,False,,,True,False
13906,2,Canada,Kazakhstan,36.11,-4.0016,0.0,28.571428571428573,0.0,77.77777777777777,9.67741935483871,-12.499375,6.25,31.819999999999997,0.0,18.749375,False,True,False,True,False
13906,3,Canada,Kazakhstan,54.54681818181818,0.0012500000000000473,23.076923076923077,66.66666666666667,0.0,39.99933333333333,0.0,-25.0,0.0,45.45545454545454,7.404444444444445,9.999,False,True,False,True,False
13907,1,Korea,Thailand,3.5714285714285716,7.691538461538461,-75.0,-4.545454545454546,9.67548387096774,62.5,57.14392857142857,-8.000399999999999,0.0,-8.333333333333334,25.922962962962966,73.33333333333333,False,,,False,True
13907,2,Korea,Thailand,17.95,-6.25,-50.0,-9.090909090909092,2.5012499999999998,49.99875,37.5,0.0,-33.333333333333336,13.333333333333334,5.265789473684211,52.94,False,False,True,False,True
13907,3,Korea,Thailand,15.791842105263155,-7.142857142857143,-100.0,-4.166666666666667,13.161842105263156,63.63727272727272,57.143214285714286,-0.0008000000000004093,-33.333333333333336,23.076153846153847,6.666666666666667,75.0,False,False,True,False,True
13908,1,Germany,Serbia,27.776944444444446,-4.3478260869565215,14.287142857142857,21.73913043478261,-2.7027027027027026,17.646470588235296,38.70870967741936,-8.000399999999999,19.9995,42.86,3.4468965517241377,14.286428571428571,False,,,False,True
13908,2,Germany,Serbia,29.999666666666666,-8.694347826086956,29.999000000000002,18.182727272727274,7.14,12.5,40.0008,8.334583333333333,15.789473684210526,20.0025,0.0030769230769230114,35.71357142857143,False,False,True,False,True
13908,3,Germany,Serbia,37.83810810810811,-4.3478260869565215,12.5,20.83125,-2.857142857142857,17.64764705882353,43.7515625,0.0,14.285714285714286,22.728181818181817,0.0,27.778888888888886,False,False,True,False,True
13909,1,Croatia,Türkiye,-3.3340000000000005,0.0,-33.333333333333336,-4.546818181818182,6.4477419354838705,66.66666666666667,39.9988,-4.167083333333333,50.0,0.0,13.039999999999997,50.0,False,,,False,True
13909,2,Croatia,Türkiye,-4.762857142857142,-33.33416666666667,0.0,5.263684210526316,-8.695652173913043,33.333333333333336,57.14357142857143,-19.9996,66.66666666666667,12.5,7.140000000000001,71.42857142857143,False,False,True,False,True
13909,3,Croatia,Türkiye,4.000800000000001,-7.6923076923076925,100.0,-14.285714285714286,7.9968,37.5,40.00066666666667,4.167916666666667,100.0,16.666666666666668,17.244482758620688,87.5,False,False,True,False,True
13910,1,Italy,Kenya,22.223703703703702,-3.9983999999999993,-25.0,9.090909090909092,4.3478260869565215,45.0005,2.9417647058823526,-19.999333333333333,-33.335,0.0004347826086958746,-5.0,31.57842105263158,False,,,True,False
13910,2,Italy,Kenya,35.134324324324325,-12.499166666666667,-22.22222222222222,15.0,2.7777777777777777,28.0,40.0,-12.5,0.0,19.04714285714286,-3.225806451612903,9.525238095238096,False,True,False,True,False
13910,3,Italy,Kenya,37.93,-8.0,0.0,13.333333333333334,3.0303030303030303,47.61952380952381,15.623749999999998,-5.882352941176471,-30.0,13.044782608695652,-9.372499999999999,-6.665333333333334,False,True,False,True,False
13911,1,Bulgaria,USA,14.284761904761906,-13.333333333333334,0.0,5.554444444444444,0.0,0.0008333333333337597,64.0004,-16.66625,22.22222222222222,30.76923076923077,12.5,42.857142857142854,False,,,False,True
13911,2,Bulgaria,USA,25.639999999999997,-12.5,7.142857142857143,8.693913043478261,2.7,66.66583333333334,28.0,-4.0,17.390869565217393,11.11111111111111,9.09,23.077692307692306,False,False,True,True,False
13911,3,Bulgaria,USA,7.9996,-16.665833333333335,16.665833333333335,-13.635909090909092,0.0,40.0,41.66708333333333,16.667083333333334,9.090909090909092,10.002,4.0032,50.0,False,True,False,False,True
13911,4,Bulgaria,USA,7.691538461538461,-6.666666666666667,7.142857142857143,12.498750000000001,0.0,33.33266666666667,34.48310344827586,8.0,25.0,50.00214285714286,3.567857142857143,50.0,False,False,True,False,True
13912,1,Cameroon,Puerto Rico,35.9992,4.16625,-7.142142857142856,-4.168333333333334,3.567857142857143,-11.764705882352942,24.324594594594593,12.500833333333333,-49.99875,13.637272727272727,10.80972972972973,23.9996,False,,,False,True
13912,2,Cameroon,Puerto Rico,22.580000000000002,0.0,-53.84538461538462,8.696521739130434,-3.125,13.043478260869565,44.827241379310344,0.0012000000000011823,-12.5,6.25,0.0,0.0004999999999995453,False,False,True,False,True
13912,3,Cameroon,Puerto Rico,7.691923076923077,-16.666666666666668,-28.571428571428573,13.635454545454547,3.57,-42.10368421052632,50.00153846153846,-4.16625,9.090909090909092,0.0011111111111116794,0.0,19.048095238095236,False,False,True,False,True
13913,1,Dominican Republic,Poland,24.99892857142857,-16.666666666666668,-37.5,-8.695217391304348,3.5749999999999997,100.0,40.74,-0.00040000000000020466,-66.66666666666667,6.668000000000001,23.075769230769232,45.45454545454545,False,,,False,True
13913,2,Dominican Republic,Poland,53.57285714285714,-0.00040000000000020466,-100.0,-5.884117647058823,7.694999999999999,-30.0,60.714285714285715,-18.18227272727273,-50.0,-4.166666666666667,7.9968,-33.333333333333336,False,False,True,True,False
13913,3,Dominican Republic,Poland,34.28457142857143,-12.499583333333334,-33.33166666666667,0.0,16.663888888888888,45.45454545454545,26.46941176470588,-9.090454545454547,0.0012499999999988631,4.761904761904762,10.80810810810811,14.287857142857144,False,True,False,True,False
13913,4,Dominican Republic,Poland,35.712857142857146,0.0008000000000004093,-71.42714285714285,5.2631578947368425,13.788620689655172,36.36363636363637,23.68421052631579,-9.523333333333333,-28.574285714285715,8.695652173913043,26.31578947368421,42.857142857142854,False,True,False,True,False
13914,1,Kazakhstan,Serbia,-7.141785714285713,-23.076923076923077,9.998999999999999,15.786315789473681,0.0,-11.762941176470587,46.42785714285714,-20.000799999999998,33.3325,40.001999999999995,3.3350000000000004,93.750625,False,,,False,True
13914,2,Kazakhstan,Serbia,13.513783783783783,-11.11111111111111,13.331333333333331,8.332083333333333,5.41,24.0,23.68631578947368,0.0,27.775,31.249375,5.56,56.0,False,False,True,False,True
13914,3,Kazakhstan,Serbia,7.691153846153845,-10.0,0.0,17.390869565217393,7.9968,6.666666666666667,66.66791666666667,-0.0008000000000004093,18.181818181818183,44.44222222222223,12.0,47.05823529411765,False,False,True,False,True
13915,1,China,Czechia,39.998666666666665,8.335,-37.49875,61.111666666666665,25.81,16.666666666666668,33.334074074074074,-9.999500000000001,-27.271818181818183,-9.087272727272726,30.766153846153845,33.333333333333336,False,,,True,False
13915,2,China,Czechia,42.10473684210526,4.000800000000001,-28.573571428571427,30.000999999999998,29.996999999999996,4.544090909090909,37.4995,-4.545454545454546,-37.49875,27.9984,26.82951219512195,31.818181818181817,False,True,False,True,False
13915,3,China,Czechia,28.571190476190477,-3.8461538461538463,-62.5,58.334583333333335,34.88813953488372,15.789473684210526,36.36484848484849,-7.691923076923077,-69.999,25.0025,38.23735294117647,29.41235294117647,False,True,False,True,False
13916,1,Brazil,Japan,28.1253125,-4.761904761904762,-29.999000000000002,23.80857142857143,0.0,-20.0,37.83810810810811,-3.9995999999999996,16.666666666666668,39.9995,-2.7,-7.407037037037037,False,,,False,True
13916,2,Brazil,Japan,12.121212121212121,0.0,-66.665,29.997000000000003,-3.0303030303030303,9.090909090909092,50.00375,-12.500416666666666,0.0,21.05421052631579,-4.0,-23.52823529411765,False,False,True,False,True
13916,3,Brazil,Japan,70.83208333333333,-4.167083333333333,-33.33222222222222,56.25125,0.0,-31.57894736842105,32.25741935483871,-11.11111111111111,-60.0,9.524285714285714,0.0,-0.0012500000000000473,False,False,True,True,False
13916,4,Brazil,Japan,33.333636363636366,-9.523333333333333,-25.0,24.998333333333335,0.0,-15.789473684210526,35.89692307692308,4.1675,-36.36454545454546,47.369473684210526,0.0,7.6923076923076925,False,True,False,False,True
13917,1,Bulgaria,Canada,31.57842105263158,-9.091363636363637,15.383846153846154,21.740434782608695,-2.566153846153846,-4.9995,45.16096774193549,-4.166666666666667,13.334666666666667,25.0,-0.0031249999999998224,14.999500000000001,False,,,False,True
13917,2,Bulgaria,Canada,41.93741935483871,3.8461538461538463,8.697826086956523,15.999600000000001,-0.001470588235293616,33.3325,25.63923076923077,3.8461538461538463,0.0,30.76730769230769,10.81,6.250624999999999,False,False,True,True,False
13917,3,Bulgaria,Canada,15.788947368421054,0.0,6.25,23.80857142857143,5.7128571428571435,25.0005,34.88418604651163,-8.333333333333334,0.0,20.0,-2.4975,78.26086956521739,False,True,False,False,True
13917,4,Bulgaria,Canada,0.0005000000000002558,-13.333333333333334,0.0,28.56952380952381,4.765714285714286,33.333333333333336,39.13,-7.998799999999999,42.855714285714285,23.07461538461538,5.0,20.0,False,False,True,False,True
13918,1,Argentina,Colombia,13.044347826086955,5.001,-27.273636363636363,34.780869565217394,22.724999999999998,0.00045454545454504114,34.9995,-4.1675,-16.666666666666668,39.999,24.996000000000002,6.665333333333333,False,,,False,True
13918,2,Argentina,Colombia,20.4525,-4.166666666666667,-30.76923076923077,39.99733333333334,19.51219512195122,22.221111111111114,12.19439024390244,-11.11111111111111,-11.11111111111111,30.436086956521738,20.93,3.3326666666666664,False,False,True,True,False
13918,3,Argentina,Colombia,20.83395833333333,3.5721428571428575,-5.26421052631579,23.076923076923077,15.556444444444443,-11.766470588235295,25.924629629629628,-3.570357142857142,-38.46076923076923,66.66518518518518,21.818363636363635,6.450967741935483,False,True,False,False,True
13918,4,Argentina,Colombia,25.807096774193546,4.1675,0.0016666666666675194,38.89,29.03,-23.81095238095238,27.586896551724138,-9.523809523809524,0.0012500000000006395,33.333333333333336,13.336000000000002,-26.666,False,False,True,True,False
13918,5,Argentina,Colombia,57.142857142857146,-7.142857142857143,-33.333333333333336,50.0,30.766153846153845,0.0,18.75,-11.11111111111111,-50.0,61.53846153846154,28.572142857142858,-0.0016666666666651508,False,True,False,True,False
13919,1,Germany,USA,18.519259259259258,-22.221666666666668,42.857142857142854,4.762857142857143,0.0007407407407411197,-12.49875,39.13173913043478,4.165833333333333,9.998999999999999,14.287857142857144,4.344347826086956,30.76923076923077,False,,,False,True
13919,2,Germany,USA,4.999,-23.076923076923077,12.49875,0.0,9.998999999999999,-77.78,79.99933333333334,-11.9992,11.11111111111111,29.998,6.664666666666666,-12.5,False,False,True,False,True
13919,3,Germany,USA,18.749375,-12.0,13.333333333333334,9.998,3.4499999999999997,15.385384615384615,24.138965517241378,-7.9996,21.050526315789472,22.725454545454543,10.709999999999999,-0.0009090909090913742,False,False,True,False,True
13920,1,Belgium,Netherlands,34.99925,-4.000800000000001,16.665833333333335,39.99933333333333,0.0,56.665,10.526315789473685,-6.25,-33.333333333333336,21.738695652173913,4.879268292682927,8.333055555555555,False,,,True,False
13920,2,Belgium,Netherlands,30.554166666666667,8.33375,-11.112222222222222,17.391304347826086,-2.7027027027027026,29.999000000000002,35.48193548387097,0.00041666666666687985,-0.0016666666666651508,4.34695652173913,0.0,55.55555555555556,False,True,False,True,False
13920,3,Belgium,Netherlands,22.218888888888888,-12.0,0.0,15.386923076923077,-2.1780434782608693,54.9995,19.60745098039216,-4.0,-35.29294117647059,29.168333333333333,0.0,69.56478260869565,False,True,False,False,True
13920,4,Belgium,Netherlands,27.451960784313723,-3.8461538461538463,-19.998,31.033103448275863,-2.0,31.249375,32.431891891891894,-7.693076923076924,-30.0,33.3325,5.404864864864865,21.051052631578944,False,False,True,True,False
13921,1,Bulgaria,Kazakhstan,53.1259375,-4.166666666666667,5.557222222222222,23.528823529411767,3.567857142857143,53.33533333333333,24.999444444444446,-10.525263157894736,0.0,18.180909090909093,2.94,-14.999500000000001,False,,,True,False
13921,2,Bulgaria,Kazakhstan,37.03592592592593,8.0,12.49875,35.29117647058823,11.114074074074075,18.181818181818183,41.9341935483871,-22.72772727272727,18.181818181818183,12.499583333333334,3.57,-12.500625,False,True,False,True,False
13921,3,Bulgaria,Kazakhstan,30.00133333333333,-8.33375,27.272727272727273,11.110555555555557,4.0032,41.6675,4.000399999999999,10.525263157894738,16.665833333333335,9.523809523809524,-3.7037037037037037,50.0,False,True,False,True,False
13922,1,Dominican Republic,Thailand,33.333333333333336,6.896551724137931,-38.46076923076923,0.0,22.22277777777778,20.0,45.45454545454545,-9.678064516129032,-12.5,14.288571428571426,18.17977272727273,63.63636363636363,False,,,False,True
13922,2,Dominican Republic,Thailand,44.44444444444444,-8.0008,25.0,-7.142857142857143,15.998399999999998,49.997857142857136,8.572571428571427,-6.250625,-100.0,4.544545454545454,9.675483870967744,62.5,False,False,True,True,False
13922,3,Dominican Republic,Thailand,35.8974358974359,-8.333333333333334,0.0,-9.090454545454547,3.121875,50.001,17.073414634146342,9.092272727272727,-66.66666666666667,9.093636363636364,16.280232558139534,30.434782608695652,False,True,False,True,False
13922,4,Dominican Republic,Thailand,18.42105263157895,-13.04304347826087,66.665,9.091818181818182,10.522894736842105,16.66625,14.892340425531916,-8.333333333333334,-50.0,-5.2631578947368425,8.699130434782608,66.66733333333333,False,True,False,False,True
13922,5,Dominican Republic,Thailand,49.99777777777778,-8.333333333333334,-66.66666666666667,7.1450000000000005,5.555555555555555,37.49875,55.0,0.0,-33.333333333333336,18.180909090909093,21.050526315789472,39.999,False,False,True,False,True
13923,1,Brazil,China,29.411176470588234,-4.165833333333333,-70.0,26.08695652173913,5.7128571428571435,5.263157894736846,41.93677419354839,-4.166666666666667,-26.667333333333332,14.284285714285716,10.0,14.285238095238096,False,,,False,True
13923,2,Brazil,China,46.66833333333333,-12.499166666666667,10.0,6.251875,0.0,0.0,17.242758620689656,-5.556111111111111,-40.001,20.0,-3.702222222222222,-11.764705882352942,False,False,True,True,False
13923,3,Brazil,China,34.286857142857144,-8.0008,-14.285714285714286,35.0005,5.711428571428572,-4.545454545454546,24.39,-9.090454545454547,-42.85857142857143,34.78217391304348,0.0,-3.7022222222222223,False,True,False,True,False
13923,4,Brazil,China,45.45454545454545,-8.33375,-27.271818181818183,23.80952380952381,5.713142857142857,-8.3325,39.9992,4.3478260869565215,-45.0,10.0015,-3.8461538461538463,16.666666666666668,False,True,False,True,False
13924,1,Kenya,Puerto Rico,-6.250937500000001,-6.25,-25.001666666666665,14.285714285714286,-3.125,14.999500000000001,32.1425,-8.332916666666668,18.181818181818183,20.00133333333333,3.8461538461538463,26.666,False,,,False,True
13924,2,Kenya,Puerto Rico,37.92965517241379,-0.0008333333333325754,-50.0,5.555,-3.3333333333333335,38.888333333333335,32.14071428571428,-10.0,-62.5,0.0,-7.146428571428571,52.94117647058823,False,False,True,True,False
13924,3,Kenya,Puerto Rico,5.1315384615384625,5.2642105263157895,-14.285714285714286,13.043478260869565,2.635263157894737,34.78217391304348,25.805806451612902,-4.166666666666667,-11.113333333333333,-5.557222222222222,3.336666666666667,35.001,False,True,False,False,True
13924,4,Kenya,Puerto Rico,11.764705882352942,-15.0,-0.0006666666666670077,9.523809523809524,-7.895263157894736,42.308076923076925,20.0,-15.999600000000001,-21.427142857142858,23.53,2.9441176470588237,56.520434782608696,False,False,True,False,True
13925,1,Canada,Germany,-2.6305263157894747,0.0,11.764117647058825,4.0,0.0,13.334,31.57894736842105,4.0012,16.666666666666668,27.274545454545454,0.0,66.66714285714286,False,,,False,True
13925,2,Canada,Germany,12.0008,0.0008000000000004093,5.555,17.393478260869564,2.0795833333333333,26.08869565217391,21.276808510638297,-8.0,10.0015,4.545454545454546,2.1713043478260867,57.691538461538464,False,False,True,False,True
13925,3,Canada,Germany,54.54606060606061,-16.667083333333334,8.335833333333333,0.0,3.121875,-5.0,36.36333333333334,-4.165416666666666,7.691538461538461,20.0,12.5,-10.000499999999999,False,False,True,True,False
13925,4,Canada,Germany,39.285000000000004,-4.0,21.427142857142858,18.748124999999998,0.0,14.285,24.138620689655173,-11.11,12.5,18.181818181818183,-3.33,23.81047619047619,False,True,False,True,False
13925,5,Canada,Germany,36.840526315789475,-14.285714285714286,40.0,12.5,6.25,63.63636363636363,7.143571428571429,-20.0,28.571428571428573,16.666666666666668,15.383076923076922,-20.0,False,True,False,True,False
13926,1,Croatia,Korea,37.83756756756757,-14.286190476190475,-100.0,-4.165833333333333,13.509189189189188,0.0007142857142860797,44.82655172413793,4.000800000000001,-62.5,0.0,-3.3350000000000004,33.333333333333336,False,,,False,True
13926,2,Croatia,Korea,26.314210526315787,-3.447931034482759,-50.0,-4.3478260869565215,15.791052631578946,60.0,28.124375,-11.110740740740741,60.0,-11.9992,11.761764705882355,46.666666666666664,False,False,True,True,False
13926,3,Croatia,Korea,30.952619047619052,0.0,11.11111111111111,-15.385,21.424761904761905,33.33238095238095,25.001250000000002,14.815925925925924,0.0,0.0,2.4985,44.443333333333335,False,True,False,False,True
13926,4,Croatia,Korea,28.2025641025641,-24.99875,-66.665,-16.66625,2.634210526315789,42.857142857142854,20.58794117647059,16.666666666666668,-50.0,0.0,5.40972972972973,39.999,False,False,True,False,True
13927,1,Colombia,Czechia,30.76794871794872,-13.636363636363637,-9.091818181818182,22.72772727272727,0.0,3.225483870967742,36.84131578947368,-8.0,-66.665,31.577894736842108,2.5,18.517777777777777,False,,,False,True
13927,2,Colombia,Czechia,17.857142857142858,7.142857142857143,-50.0,8.333333333333334,6.666666666666667,12.5,40.6246875,16.666666666666668,-14.284285714285714,30.76923076923077,7.142857142857143,50.001,False,False,True,False,True
13927,3,Colombia,Czechia,35.134864864864866,-12.500833333333333,-6.666666666666667,15.789473684210526,2.779166666666667,36.666333333333334,8.889111111111111,0.0,-8.333333333333334,23.80952380952381,8.888,25.0003125,False,False,True,True,False
13927,4,Colombia,Czechia,14.705294117647059,-21.05263157894737,25.0,17.389565217391304,2.9441176470588237,5.554444444444445,29.166666666666668,0.0012500000000000473,7.6923076923076925,20.0,0.0,7.69076923076923,False,True,False,False,True
13928,1,Serbia,USA,43.47826086956522,-23.999200000000002,35.714285714285715,6.25,0.0,60.0,0.0017391304347834985,-10.000499999999999,0.0,31.57842105263158,18.18409090909091,30.0,False,,,True,False
13928,2,Serbia,USA,46.42928571428571,-16.667083333333334,15.789473684210526,26.316315789473684,3.33,26.666,24.324594594594593,-16.66625,0.0,21.05,6.45,-23.077692307692306,False,True,False,True,False
13928,3,Serbia,USA,39.13173913043479,-3.999199999999999,49.999,39.999,15.003000000000004,69.23076923076923,-3.9991999999999996,-23.076923076923077,11.11111111111111,13.637272727272727,15.998800000000001,-36.36272727272728,False,True,False,True,False
13929,1,Poland,Türkiye,36.36242424242425,-4.0,-39.999,-5.881176470588235,3.2280645161290322,61.53846153846154,30.30606060606061,-13.635909090909092,-100.0,8.69608695652174,9.996,0.0,False,,,True,False
13929,2,Poland,Türkiye,26.666333333333334,-8.69608695652174,-33.333333333333336,0.0,12.903548387096773,77.77777777777777,46.43035714285714,-16.001199999999997,0.0,5.0015,10.340689655172413,0.0,False,True,False,False,True
13929,3,Poland,Türkiye,30.768076923076926,-13.04304347826087,-42.857142857142854,0.0,0.0,50.0,37.5003125,-20.83375,-85.71571428571428,0.0,19.353548387096776,100.0,False,False,True,False,True
13929,4,Poland,Türkiye,37.03777777777778,-12.500833333333333,37.49875,11.765882352941176,3.7066666666666666,50.0,4.759523809523809,-10.525789473684211,-27.272727272727273,-10.526315789473685,9.52095238095238,20.0,False,False,True,True,False
13929,5,Poland,Türkiye,30.434347826086956,-16.665833333333335,-100.0,-7.6923076923076925,0.0,100.0,71.42714285714285,0.0,-77.77777777777777,0.0,35.712857142857146,66.66666666666667,False,True,False,False,True
13930,1,Belgium,Cameroon,59.09,7.9996,40.0,42.857142857142854,0.0,33.333333333333336,-4.347391304347826,-12.5,-66.66666666666667,-4.166666666666667,0.0,-35.71357142857143,False,,,True,False
13930,2,Belgium,Cameroon,41.174705882352946,8.332916666666668,-33.332857142857144,23.529411764705884,0.0,47.62047619047619,27.905348837209303,-10.000499999999999,-41.17588235294118,4.163333333333333,0.0,23.80952380952381,False,True,False,True,False
13930,3,Belgium,Cameroon,37.93310344827586,-12.0,10.0,50.0,0.0,64.70529411764706,3.4475862068965513,-28.570714285714285,-33.33444444444444,33.33428571428571,0.0,20.0,False,True,False,True,False
13931,1,Argentina,Japan,19.355806451612903,0.0,-27.273636363636363,-0.0012500000000006395,0.0,-8.3325,37.144,8.332916666666668,-20.0,16.666666666666668,3.0272727272727273,28.571428571428573,False,,,False,True
13931,2,Argentina,Japan,19.513658536585364,0.0005263157894739535,-18.181818181818183,16.66875,0.002499999999999858,23.528823529411767,30.76948717948718,0.0008000000000004093,-16.668333333333333,0.0005263157894732055,0.0,69.9995,False,False,True,False,True
13931,3,Argentina,Japan,10.714285714285714,0.0,-8.333333333333334,4.76095238095238,0.0,-25.0,22.856,8.332916666666668,-11.11111111111111,16.667777777777776,0.0,41.66833333333333,False,False,True,False,True
13932,1,Italy,Netherlands,36.36409090909091,-4.0,28.572142857142858,30.0,4.76,72.72818181818182,-10.344482758620689,-15.384615384615385,-10.001000000000001,13.633636363636363,0.0,11.11111111111111,False,,,True,False
13932,2,Italy,Netherlands,11.766176470588235,-4.545454545454546,-23.076923076923077,21.740434782608695,0.0,23.808095238095238,24.998611111111114,-8.0008,-33.33111111111111,38.09380952380952,-2.94,5.555555555555555,False,True,False,False,True
13932,3,Italy,Netherlands,28.1246875,0.0,-8.3325,35.714285714285715,3.2274193548387102,50.001875,10.347586206896553,-12.5,-50.0,-0.0013636363636364154,0.0,33.333333333333336,False,False,True,True,False
13932,4,Italy,Netherlands,49.9990625,-24.999583333333334,-11.11111111111111,30.0015,6.25,42.106842105263155,24.999285714285715,0.0,-33.333333333333336,22.22222222222222,0.0,-13.635454545454547,False,True,False,True,False
13933,1,Belgium,Japan,34.146829268292684,-8.0,-23.076923076923077,17.646470588235296,2.629473684210526,39.284285714285716,28.947894736842105,-19.047619047619047,-33.335,26.084347826086958,5.404054054054055,-22.57967741935484,False,,,True,False
13933,2,Belgium,Japan,8.331944444444444,-0.0005000000000002558,17.647058823529413,4.165,-0.0012121212121214016,18.18,15.001249999999999,3.9991999999999996,-40.0,21.051052631578948,0.0,43.48,False,True,False,False,True
13933,3,Belgium,Japan,7.893947368421052,-11.764117647058825,-50.0,0.0,0.0,20.83458333333333,34.285428571428575,-8.3325,0.0,26.664666666666665,15.154545454545456,21.427500000000002,False,False,True,False,True
13933,4,Belgium,Japan,26.667555555555555,-13.635909090909092,-25.0,26.08695652173913,2.4365853658536585,24.137241379310346,29.999000000000002,-3.9983999999999997,-23.07461538461538,31.57894736842105,2.3771428571428572,25.714,False,False,True,False,True
13934,1,Canada,Thailand,69.56478260869565,-12.5,-15.385384615384615,0.001764705882353844,0.0,19.999333333333333,30.00133333333333,-0.0004999999999995453,-100.0,9.524285714285714,-3.332,50.0,False,,,True,False
13934,2,Canada,Thailand,41.02307692307693,-3.9995999999999996,-14.285714285714286,4.761904761904762,0.0,68.75,24.390975609756097,0.0,-27.274545454545454,4.166666666666667,0.0,60.001,False,True,False,True,False
13934,3,Canada,Thailand,42.306538461538466,0.0,-38.46076923076923,0.0,0.0,50.0,49.9996875,-8.0008,-20.0,-0.0030000000000001137,-3.23,81.81818181818181,False,True,False,False,True
13934,4,Canada,Thailand,33.332307692307694,-4.0,15.789473684210526,9.093181818181819,0.0,30.000999999999998,19.999333333333333,4.545454545454546,14.285714285714286,26.08521739130435,0.0,31.9996,False,False,True,True,False
13935,1,Brazil,Italy,27.77638888888889,-4.16625,-8.333333333333334,22.223333333333333,0.0,11.10925925925926,17.49925,-14.284761904761906,-36.36363636363637,39.12826086956522,2.3232558139534887,9.090000000000002,False,,,True,False
13935,2,Brazil,Italy,16.129032258064516,-13.043478260869565,-5.882352941176471,39.999,0.0,9.09,27.26969696969697,-16.6675,-19.99866666666667,35.0,5.882352941176471,15.0,False,True,False,False,True
13935,3,Brazil,Italy,7.500249999999999,0.0,-23.077692307692306,4.546818181818182,5.126923076923077,15.385,12.195365853658537,0.0008000000000004093,7.142142857142857,49.999545454545455,2.4975,24.0,False,False,True,False,True
13935,4,Brazil,Italy,34.285428571428575,-15.999600000000001,-36.36363636363637,49.99777777777778,3.1281250000000003,24.999583333333334,14.28547619047619,-14.286190476190475,-0.0009090909090913742,28.570476190476192,5.553333333333333,7.999999999999999,False,False,True,True,False
13935,5,Brazil,Italy,29.63,-18.749375,-18.181818181818183,38.46076923076923,13.04565217391304,30.76846153846154,27.270454545454548,-18.750625,-16.666666666666668,8.336666666666668,0.0,18.748125,False,True,False,True,False
13936,1,Dominican Republic,USA,36.10944444444445,-8.0008,33.333333333333336,-9.999,2.628947368421053,53.333999999999996,13.635454545454547,4.76095238095238,-71.42857142857143,8.696521739130436,9.754390243902439,66.66666666666667,False,,,True,False
13936,2,Dominican Republic,USA,16.13032258064516,-10.525789473684211,-33.33166666666667,-4.76,10.34206896551724,37.5,50.00083333333333,-12.0,-33.333333333333336,-13.333333333333334,15.387692307692308,66.66833333333334,False,True,False,False,True
13936,3,Dominican Republic,USA,23.528823529411767,0.0,-18.181818181818183,0.0,6.063636363636364,10.0,29.72972972972973,4.166666666666667,-0.0009999999999990906,0.0,10.522368421052633,76.92384615384616,False,False,True,False,True
13936,4,Dominican Republic,USA,11.538461538461538,-14.285714285714286,-33.333333333333336,-10.0,3.575,33.333333333333336,46.875,-12.0,-20.0,16.665833333333335,23.334666666666667,50.0,False,False,True,False,True
13937,1,Germany,Türkiye,35.714285714285715,0.0,-7.6923076923076925,-0.0004347826086958746,-7.407407407407407,7.691538461538462,25.714285714285715,4.166666666666667,-57.142857142857146,4.761904761904762,0.0,38.46153846153846,False,,,False,True
13937,2,Germany,Türkiye,22.22222222222222,-5.555,50.0,8.694782608695652,0.0,16.666666666666668,54.545,3.998799999999999,0.0,18.7475,0.0,27.272727272727273,False,False,True,False,True
13937,3,Germany,Türkiye,44.44444444444444,4.546363636363637,-100.0,5.0009999999999994,-3.7,49.99928571428571,64.2875,-8.333333333333334,-27.271818181818183,19.046190476190475,0.0,30.000999999999998,False,False,True,False,True
13938,1,Argentina,Netherlands,26.831707317073175,-12.0008,-6.251250000000001,23.80952380952381,0.0,22.22222222222222,14.63268292682927,-4.545,-27.27136363636364,40.91045454545454,0.0,22.724999999999998,False,,,True,False
13938,2,Argentina,Netherlands,23.333333333333332,-5.555,-55.55555555555556,13.046086956521739,0.0,6.667333333333334,55.9992,-4.0,-7.69076923076923,26.666666666666668,0.0,11.764117647058825,False,True,False,False,True
13938,3,Argentina,Netherlands,3.333,0.0,-100.0,13.043478260869565,0.0,-5.882941176470588,52.0028,4.1675,-11.112222222222222,16.666666666666668,0.0,14.286428571428571,False,False,True,False,True
13938,4,Argentina,Netherlands,0.0016129032258072767,7.6923076923076925,-42.857142857142854,4.346086956521738,0.0,-22.221111111111114,41.37931034482759,4.0004,0.0,15.383846153846154,0.0,52.38095238095238,False,False,True,False,True
13939,1,Poland,Serbia,18.180606060606063,-4.167083333333333,-44.443333333333335,-4.166666666666667,12.902258064516129,66.66666666666667,24.137241379310346,0.0,-0.0018181818181827484,-9.523809523809524,16.669333333333334,100.0,False,,,False,True
13939,2,Poland,Serbia,23.075769230769232,-13.04304347826087,-12.49875,-4.999499999999999,-3.336666666666667,33.33166666666667,24.9996875,-12.498333333333333,-50.0,-5.5566666666666675,3.034242424242424,61.53846153846154,False,False,True,False,True
13939,3,Poland,Serbia,29.168333333333333,-11.110555555555557,-69.999,4.545454545454546,3.9983999999999997,14.285714285714286,53.84615384615385,-12.0,-25.0,-6.666666666666667,20.000799999999998,70.001,False,False,True,False,True
13940,1,Italy,Japan,46.668,-9.523809523809524,-20.002,45.45636363636363,8.825882352941177,15.384615384615385,44.44555555555556,-8.333333333333334,-42.857142857142854,57.89263157894737,8.828235294117647,0.0008333333333337597,False,,,False,True
13940,2,Italy,Japan,25.580000000000002,8.333333333333334,-18.74875,31.577894736842108,9.087272727272726,66.66766666666666,17.3075,-4.761904761904762,-0.0016666666666675194,24.997500000000002,1.9992,60.86869565217391,False,False,True,True,False
13940,3,Italy,Japan,53.57,-7.9984,-14.285714285714286,33.333333333333336,14.81777777777778,78.94842105263157,11.429142857142859,-14.285714285714286,-33.333333333333336,43.47521739130435,5.7137142857142855,14.285714285714286,False,True,False,True,False
13940,4,Italy,Japan,38.236176470588234,4.16625,-7.142142857142858,18.74625,6.0590909090909095,59.09045454545455,5.262631578947369,6.25,-16.6675,13.635909090909092,12.5,78.94736842105263,False,True,False,True,False
13941,1,Germany,Thailand,24.99888888888889,-12.499583333333334,28.572142857142858,20.00133333333333,-5.407567567567567,38.888333333333335,6.0612121212121215,-21.05263157894737,0.0,15.787894736842103,3.1246875,26.666666666666668,False,,,True,False
13941,2,Germany,Thailand,27.77861111111111,0.0003999999999996362,8.334166666666667,44.44611111111111,0.0,35.29294117647059,27.77638888888889,-18.18227272727273,-27.272727272727273,21.741304347826087,0.0,33.333333333333336,False,True,False,True,False
13941,3,Germany,Thailand,12.498125000000002,-5.555,14.285714285714286,41.665,0.0,0.0,35.9992,4.0,0.0,37.49875,0.0,54.54545454545455,False,True,False,False,True
13941,4,Germany,Thailand,24.323513513513515,-3.9995999999999996,-30.0,68.42263157894736,-2.628947368421053,33.333333333333336,28.57057142857143,-17.39260869565217,-0.0007142857142850646,21.737391304347828,0.0,-0.001764705882353008,False,False,True,True,False
13942,1,China,Puerto Rico,43.9988,-3.9995999999999996,12.5,24.999166666666667,19.23153846153846,43.75,11.54,-19.999333333333333,-33.33222222222222,-4.762857142857143,0.0,38.46230769230769,False,,,True,False
13942,2,China,Puerto Rico,33.333636363636366,8.333333333333334,-26.314736842105262,5.262631578947368,9.377500000000001,82.3529411764706,20.0,4.999499999999999,-21.427857142857142,-8.333333333333334,0.0,37.501875,False,True,False,True,False
13942,3,China,Puerto Rico,33.331944444444446,0.0012000000000000454,-23.80952380952381,24.999000000000002,17.138571428571428,68.42315789473685,20.93046511627907,-4.761904761904762,-16.666666666666668,8.33375,6.975581395348837,69.22961538461537,False,True,False,True,False
13943,1,Canada,Türkiye,56.0,-22.72681818181818,-50.0,13.043478260869565,6.663999999999999,10.0,46.667,-8.0,-83.33333333333333,0.0,0.0,50.0,False,,,False,True
13943,2,Canada,Türkiye,46.42892857142857,-15.9992,20.0,-17.389999999999997,-3.4517241379310346,0.0,18.517037037037035,11.999600000000001,-30.000999999999998,14.285238095238096,3.848076923076923,0.0011111111111101006,False,False,True,False,True
13943,3,Canada,Türkiye,13.955348837209304,-7.692692307692307,-25.0,-4.1675,4.765714285714286,31.25,26.82780487804878,-10.714642857142858,-14.287142857142857,-0.0013636363636364154,2.2715909090909094,69.999,False,False,True,False,True
13944,1,Dominican Republic,Serbia,5.12897435897436,-4.000800000000001,9.998999999999999,10.526315789473685,-2.4365853658536585,47.06,21.62162162162162,-24.0,-23.077692307692306,26.08608695652174,0.0,50.0,False,,,False,True
13944,2,Dominican Republic,Serbia,42.85666666666667,-24.9995,-25.0,0.0010000000000005115,4.759047619047619,-49.999,54.16833333333333,-15.999600000000001,-28.571428571428573,53.334666666666664,0.0,15.385384615384615,False,False,True,False,True
13944,3,Dominican Republic,Serbia,9.678064516129032,-11.11111111111111,14.285714285714286,13.043478260869565,3.1290625,24.999375,28.1253125,0.0012500000000006395,-11.764705882352942,18.749375,5.883529411764705,46.15384615384615,False,False,True,False,True
13945,1,Argentina,Belgium,31.249375,-6.25,-26.315263157894737,4.164166666666667,3.121875,36.84315789473684,39.53511627906977,0.0008000000000004093,-49.998333333333335,33.33133333333333,14.28952380952381,63.9992,False,,,False,True
13945,2,Argentina,Belgium,28.12625,0.0,-23.529411764705884,-13.636363636363637,9.67483870967742,73.33266666666667,27.58793103448276,12.498333333333333,-21.05263157894737,21.73913043478261,3.2283870967741937,49.99916666666667,False,False,True,False,True
13945,3,Argentina,Belgium,24.240606060606062,-8.694782608695652,-55.55555555555556,31.819999999999997,18.7453125,38.888333333333335,39.39424242424242,-11.999600000000001,-38.46076923076923,29.998,14.285714285714286,82.3529411764706,False,False,True,False,True
13946,1,Poland,USA,31.2496875,-15.9992,-50.0,-5.881764705882353,20.591470588235296,88.23411764705882,23.53058823529412,-17.38869565217391,-36.36181818181819,0.0,8.574000000000002,24.99875,False,,,True,False
13946,2,Poland,USA,24.99892857142857,-8.332916666666666,33.33222222222222,0.0,13.337333333333333,62.5,9.678709677419354,-14.286190476190475,-50.0,-10.0015,10.001333333333331,33.33222222222222,False,True,False,True,False
13946,3,Poland,USA,40.73888888888889,-12.000399999999999,37.5,6.249375,19.23153846153846,27.272727272727273,9.375,-0.0005555555555558397,-100.0,0.0,12.118181818181819,-14.285714285714286,False,True,False,True,False
13947,1,Brazil,Puerto Rico,41.17588235294118,11.9988,41.665,75.00125,11.764705882352942,23.076153846153847,-4.167916666666666,-27.270909090909093,-40.0,-4.164583333333334,0.0,19.999000000000002,False,,,True,False
13947,2,Brazil,Puerto Rico,26.666,8.3325,22.221111111111114,25.000833333333333,10.34206896551724,74.99958333333333,-7.6923076923076925,-7.142857142857143,0.0,0.0,3.8461538461538463,24.9995,False,True,False,True,False
13947,3,Brazil,Puerto Rico,41.37931034482759,-11.999600000000001,-33.333333333333336,38.46076923076923,24.137931034482758,52.38142857142857,4.0,-13.332666666666666,-66.665,19.9985,8.335833333333333,25.000625,False,True,False,True,False
13948,1,China,Netherlands,28.94763157894737,-13.635454545454547,-26.31578947368421,27.272727272727273,-0.0009756097560977135,61.53846153846154,23.80857142857143,-12.0,-12.498750000000001,27.77722222222222,0.0,51.280256410256406,False,,,False,True
13948,2,China,Netherlands,26.471176470588233,0.0,-7.142857142857143,27.778333333333332,0.0,71.42761904761905,31.03344827586207,-4.762857142857143,-27.273636363636363,29.16625,0.002857142857143507,52.63315789473685,False,False,True,True,False
13948,3,China,Netherlands,40.62625,-0.0012500000000000473,-14.285714285714286,33.330666666666666,6.25,72.22055555555555,17.854285714285716,-6.249375,-37.49875,22.72681818181818,-3.332,11.11111111111111,False,True,False,True,False
13948,4,China,Netherlands,23.529705882352943,-15.789473684210526,-42.857142857142854,36.36454545454546,2.563846153846154,61.11055555555556,41.936129032258066,-4.167083333333333,-7.140714285714286,43.74875,0.0,54.54545454545455,False,True,False,False,True
13948,5,China,Netherlands,42.10473684210526,-6.666666666666667,-14.284285714285716,41.665,-4.997,74.99875,22.22222222222222,0.0,20.0,21.428571428571427,0.0,20.002000000000002,False,False,True,True,False
13949,1,Japan,Puerto Rico,36.17234042553192,0.0,-18.181818181818183,53.333333333333336,32.557906976744185,43.90390243902439,23.80952380952381,-6.249375,-26.316842105263156,16.66916666666667,4.648372093023256,19.445,False,,,True,False
13949,2,Japan,Puerto Rico,39.02317073170732,-4.165833333333333,-55.55555555555556,5.5538888888888875,33.33025641025641,58.064516129032256,25.806451612903224,4.9995,-6.667333333333334,13.636363636363637,11.76235294117647,-15.14969696969697,False,True,False,True,False
13949,3,Japan,Puerto Rico,26.470294117647057,-4.0,-8.332500000000001,31.579473684210527,27.27,40.90863636363636,14.286785714285713,-4.761428571428572,-12.499375,17.391304347826086,21.428571428571427,-4.1675,False,True,False,True,False
13950,1,Serbia,Thailand,31.03344827586207,-16.66583333333333,6.6659999999999995,19.047619047619047,0.0,20.000999999999998,12.90258064516129,-12.499166666666667,-42.857142857142854,31.58,3.2274193548387102,15.384615384615385,False,,,True,False
13950,2,Serbia,Thailand,38.88805555555555,-19.9988,8.333333333333334,40.001333333333335,3.0303030303030303,62.50208333333334,7.692564102564102,-11.764705882352942,-28.571428571428573,15.001,0.0,41.666666666666664,False,True,False,True,False
13950,3,Serbia,Thailand,45.160645161290326,-8.333333333333334,33.33444444444444,21.429285714285715,0.0,25.0,12.0,-12.499375,-12.5,19.9995,0.0,40.0,False,True,False,True,False
13951,1,Türkiye,USA,16.126129032258063,-17.39217391304348,14.287142857142857,-9.523809523809524,6.451612903225806,50.0,23.076923076923077,-4.16625,12.5,5.555,3.3333333333333335,38.46076923076923,False,,,False,True
13951,2,Türkiye,USA,42.42363636363636,4.166666666666667,-50.001,14.284761904761906,14.288000000000002,71.42928571428571,32.43378378378378,0.0,-42.855714285714285,0.0025000000000000946,5.261052631578947,0.0011111111111116794,False,False,True,True,False
13951,3,Türkiye,USA,40.90681818181818,-14.285238095238096,-60.0,-14.284761904761906,22.727272727272727,33.333333333333336,37.50083333333333,8.333333333333334,-12.5,0.0005555555555558397,4.545909090909091,66.66777777777777,False,True,False,False,True
13951,4,Türkiye,USA,0.0,9.090909090909092,-14.284285714285714,4.543181818181818,6.2496875,60.0,21.8746875,-8.000399999999999,20.000999999999998,-9.090909090909092,6.249375,0.0,False,False,True,False,True
13952,1,Dominican Republic,Germany,24.138965517241378,-15.0,-15.383846153846154,5.001,0.0,46.15461538461538,36.36272727272728,-16.667083333333334,-22.22222222222222,17.64764705882353,3.034242424242424,81.81818181818181,False,,,False,True
13952,2,Dominican Republic,Germany,59.260370370370374,4.1675,-57.142857142857146,-6.25,0.0,71.42857142857143,45.455,-5.262631578947368,-45.45363636363636,9.090454545454547,0.0,11.11111111111111,False,False,True,True,False
13952,3,Dominican Republic,Germany,24.99888888888889,-11.999600000000001,0.0,5.5566666666666675,-2.7777777777777777,52.94117647058823,17.141714285714286,-13.636818181818182,-20.0,31.81863636363636,5.555,33.33266666666667,False,True,False,True,False
13952,4,Dominican Republic,Germany,32.144999999999996,-4.16625,10.0,7.6923076923076925,-6.8982758620689655,33.33266666666667,12.90258064516129,-26.31578947368421,-40.001,13.636363636363637,0.0,33.333333333333336,False,True,False,True,False
13953,1,Argentina,Italy,10.714642857142858,0.0,-25.0,13.635909090909092,25.923333333333332,-17.390869565217393,37.500625,-3.9995999999999996,-16.666666666666668,33.33277777777778,22.581612903225807,14.285238095238096,False,,,False,True
13953,2,Argentina,Italy,3.4482758620689653,5.2631578947368425,-55.55555555555556,26.316315789473684,37.035555555555554,3.447586206896552,40.624375,-16.666666666666668,30.0,31.57894736842105,42.42727272727273,26.924230769230768,False,False,True,False,True
13953,3,Argentina,Italy,8.107837837837838,-11.764117647058825,-15.383846153846154,34.780869565217394,7.891578947368421,20.0004,32.25838709677419,-8.0,-23.076923076923077,39.998666666666665,25.807096774193546,44.001599999999996,False,False,True,False,True
13954,1,Canada,Poland,15.15060606060606,-11.110555555555557,0.0,-8.335833333333333,5.880882352941177,30.000999999999998,25.80516129032258,4.0,0.0,31.248124999999998,6.253125000000001,90.0,False,,,False,True
13954,2,Canada,Poland,20.455,-3.9991999999999996,-33.333333333333336,0.0,11.62860465116279,68.42105263157895,5.714285714285714,-5.2631578947368425,0.0010000000000005115,-4.347391304347826,5.261578947368421,22.22222222222222,False,False,True,True,False
13954,3,Canada,Poland,21.428214285714287,12.499583333333334,-50.0,7.693846153846154,12.496666666666664,28.571428571428573,16.665416666666665,-23.529411764705884,-49.9975,-22.729545454545455,11.996799999999999,22.22222222222222,False,True,False,True,False
13954,4,Canada,Poland,14.999500000000001,-12.499583333333334,-100.0,-18.181818181818183,10.257692307692308,87.50125,17.240344827586206,8.332916666666668,-55.55555555555556,0.0015000000000007674,6.253125,0.0,False,True,False,False,True
13954,5,Canada,Poland,-28.570714285714285,-20.0,-33.333333333333336,0.0,21.43,0.0,54.54545454545455,-6.666666666666667,71.42857142857143,0.0,22.221111111111114,100.0,False,False,True,False,True
13955,1,Brazil,Netherlands,32.1425,-4.0004,9.090909090909092,36.84263157894737,33.33259259259259,22.221666666666668,3.3336666666666663,10.525789473684211,-35.715714285714284,8.697391304347827,6.250625,20.0005,False,,,True,False
13955,2,Brazil,Netherlands,31.42742857142857,-4.165,21.428571428571427,-5.555555555555555,8.106486486486487,41.37896551724138,10.811081081081081,-0.0005000000000002558,-44.44555555555556,13.636363636363637,11.429142857142857,31.818181818181817,False,True,False,True,False
13955,3,Brazil,Netherlands,24.99892857142857,-3.9983999999999997,5.263684210526316,22.22222222222222,29.63037037037037,39.9995,3.335666666666667,0.0015000000000007674,-26.66866666666667,22.727272727272727,6.895862068965517,25.0,False,True,False,True,False
13956,1,Thailand,USA,33.332564102564106,-15.999600000000001,-21.43,27.27136363636364,0.0,50.0,24.99875,-4.348695652173913,-21.427857142857142,22.72681818181818,0.0,11.764117647058825,False,,,True,False
13956,2,Thailand,USA,37.4996875,-4.16625,0.0,21.053684210526313,0.0,54.54545454545455,31.035172413793102,-13.636363636363637,-38.46153846153846,9.522857142857143,0.0,45.45454545454545,False,True,False,True,False
13956,3,Thailand,USA,12.498124999999998,-10.000499999999999,25.0,10.526315789473685,-3.125,44.44444444444444,39.284285714285716,-12.499166666666667,-9.090909090909092,5.555555555555555,3.8461538461538463,50.0,False,True,False,False,True
13956,4,Thailand,USA,17.646764705882354,-12.0,-27.271818181818183,10.527368421052632,0.0,18.181818181818183,31.111555555555555,-29.62925925925926,-7.142857142857143,9.090909090909092,2.5,53.84538461538462,False,False,True,False,True
13956,5,Thailand,USA,12.496666666666664,-7.142857142857143,100.0,21.427142857142858,0.0,100.0,28.57095238095238,0.0,8.333333333333334,7.6923076923076925,5.0,37.5,False,False,True,False,True
13957,1,China,Italy,30.302121212121214,4.166666666666667,0.0,17.391739130434782,13.893055555555556,24.999375,37.141714285714286,-3.8461538461538463,-22.223333333333333,21.74086956521739,27.024864864864863,66.66666666666667,False,,,False,True
13957,2,China,Italy,18.180909090909093,0.0,-33.333333333333336,9.998999999999999,19.046666666666667,29.999000000000002,60.867826086956526,0.0012500000000006395,16.666666666666668,35.29294117647059,33.331428571428575,37.49875,False,False,True,False,True
13957,3,China,Italy,24.999166666666667,0.0,-33.333333333333336,39.12869565217392,16.665,7.691538461538461,44.44277777777778,-4.0,8.333333333333334,26.316315789473688,11.11111111111111,69.56608695652174,False,False,True,False,True
13958,1,Serbia,Türkiye,61.53884615384615,0.00160000000000025,-72.72727272727273,18.749375,11.114444444444443,36.36363636363637,48.14740740740741,-20.0005,-75.0,-0.0013043478260870058,19.229999999999997,33.333333333333336,False,,,True,False
13958,2,Serbia,Türkiye,45.15967741935484,-16.66625,-16.666666666666668,-4.760000000000001,9.378125,100.0,15.625625,0.0004545454545456871,-100.0,-5.2631578947368425,6.2478125,41.666666666666664,False,True,False,True,False
13958,3,Serbia,Türkiye,55.17103448275862,-16.0,0.0,-13.043478260869565,7.407407407407407,60.0,21.739565217391306,13.04391304347826,-24.99875,4.763333333333334,9.092727272727274,0.0,False,True,False,True,False
13959,1,Canada,Dominican Republic,20.58823529411765,-5.555,-25.0,-4.758095238095238,0.0,11.764117647058825,39.39424242424242,0.0008000000000004093,-27.270909090909093,23.529411764705884,3.0272727272727273,69.23076923076923,False,,,False,True
13959,2,Canada,Dominican Republic,30.001250000000006,-16.001199999999997,-8.333333333333334,9.52142857142857,0.0,50.00083333333333,26.46764705882353,-4.3478260869565215,-15.384615384615385,19.046190476190475,-2.8542857142857145,41.1764705882353,False,False,True,True,False
13959,3,Canada,Dominican Republic,33.334242424242426,8.3325,12.50125,6.25,-3.225806451612903,64.70588235294117,10.80972972972973,-5.555555555555555,-24.999166666666667,-0.0008695652173917492,2.563846153846154,46.668,False,True,False,True,False
13959,4,Canada,Dominican Republic,27.90488372093023,-7.6923076923076925,-6.249374999999999,-8.696521739130434,0.0,50.0,32.60891304347826,-3.8449999999999998,-26.314736842105265,21.74173913043478,0.0,71.9984,False,True,False,False,True
13959,5,Canada,Dominican Republic,72.72727272727273,-7.140714285714286,-33.333333333333336,0.0,0.0,83.33333333333333,20.00133333333333,-50.0,-100.0,-8.333333333333334,0.0,33.333333333333336,False,False,True,True,False
13960,1,Belgium,Brazil,26.468235294117648,-3.7037037037037037,-18.75,34.78391304347826,18.183030303030304,22.22277777777778,22.224444444444444,-14.815185185185184,0.0008333333333337597,34.61576923076923,27.909302325581393,52.63157894736842,False,,,True,False
13960,2,Belgium,Brazil,16.666999999999998,0.0016666666666675194,-41.666666666666664,21.74086956521739,6.67,35.294117647058826,39.39454545454545,0.0,-7.6938461538461524,35.294117647058826,15.151515151515152,68.42105263157895,False,True,False,False,True
13960,3,Belgium,Brazil,12.500937500000001,-18.181818181818183,-33.333333333333336,12.0,15.15,25.000625,49.99961538461538,11.9992,-30.0,49.99875,24.0,78.94578947368421,False,False,True,False,True
13960,4,Belgium,Brazil,27.779999999999998,-17.647058823529413,-44.44444444444444,27.272727272727273,8.333333333333334,47.61857142857143,46.8753125,-4.167916666666668,-18.75,21.430714285714284,11.765882352941176,63.15894736842105,False,False,True,False,True
13961,1,Germany,Poland,33.33194444444444,-12.499583333333334,-57.142857142857146,-8.0,2.9382352941176473,77.77888888888889,37.93,3.8461538461538463,-50.0,-10.52421052631579,9.998999999999999,46.666666666666664,False,,,False,True
13961,2,Germany,Poland,45.83166666666667,-7.9996,55.55555555555556,-11.110555555555557,8.3325,0.0,10.002,0.0010000000000005115,-59.998000000000005,9.091363636363637,10.714285714285714,44.44444444444444,False,False,True,True,False
13961,3,Germany,Poland,12.500625,-11.11111111111111,20.0,-13.636363636363637,3.029090909090909,29.999000000000002,25.80548387096774,0.001200000000000614,11.11,6.25,20.68758620689655,77.77777777777777,False,True,False,False,True
13961,4,Germany,Poland,29.728918918918918,-7.143571428571429,50.0,-4.349130434782609,13.158947368421053,57.142857142857146,27.027837837837836,-7.691923076923076,-41.17764705882353,-0.00040000000000020466,16.214864864864865,42.85785714285714,False,False,True,True,False
13961,5,Germany,Poland,23.528823529411767,-10.0,33.333333333333336,-14.285714285714286,0.0,-25.0,29.9985,6.6659999999999995,0.001999999999998181,0.0,6.664,40.0,False,True,False,False,True
13962,1,Belgium,China,25.807096774193546,-11.109444444444442,-42.85857142857143,4.763333333333334,19.999333333333333,47.369473684210526,45.160322580645165,-4.001200000000001,0.0,33.332,22.219259259259257,30.434782608695652,False,,,False,True
13962,2,Belgium,China,23.332666666666668,-5.262631578947368,-42.857142857142854,4.167083333333333,28.568571428571428,-0.001176470588235896,41.668749999999996,16.666666666666668,0.0,18.748124999999998,16.66541666666667,28.571428571428573,False,False,True,False,True
13962,3,Belgium,China,25.58093023255814,8.0,-60.001999999999995,26.922307692307694,14.632682926829267,42.308461538461536,40.5427027027027,0.0,-14.285238095238096,8.0,8.11027027027027,47.61857142857143,False,False,True,False,True
13963,1,Japan,Netherlands,23.25441860465116,4.0,-12.5,31.814999999999998,23.809285714285714,44.444074074074074,21.43047619047619,-4.347391304347826,25.0,8.331666666666665,14.636585365853657,68.0004,False,,,True,False
13963,2,Japan,Netherlands,42.10605263157895,-4.347391304347826,-45.45545454545454,47.82608695652174,22.22222222222222,13.04391304347826,45.94486486486487,-4.166666666666667,-33.33266666666667,22.72681818181818,19.51463414634146,47.36842105263158,False,True,False,True,False
13963,3,Japan,Netherlands,31.704634146341462,-15.9992,-28.571428571428573,26.314736842105262,12.191951219512195,46.15538461538461,25.0,-9.523809523809524,-23.529411764705884,24.999000000000002,9.67548387096774,14.286666666666665,False,True,False,True,False
13964,1,Argentina,Puerto Rico,41.46512195121951,-7.9996,-30.76846153846154,42.106842105263155,17.498250000000002,46.152307692307694,30.554722222222225,0.0015000000000007674,-31.249375,26.085652173913044,0.0,20.8325,False,,,True,False
13964,2,Argentina,Puerto Rico,0.0017948717948719844,-6.666666666666667,-22.22222222222222,26.08869565217391,13.513243243243243,44.443333333333335,38.46153846153846,-7.9996,9.999500000000001,21.428571428571427,7.407407407407407,38.888333333333335,False,True,False,False,True
13964,3,Argentina,Puerto Rico,4.6499999999999995,-14.285238095238096,-23.077692307692306,36.84105263157895,26.194285714285712,46.153076923076924,21.951951219512196,-20.8325,-4.999499999999999,11.110555555555557,12.19609756097561,86.95652173913044,False,False,True,False,True
13964,4,Argentina,Puerto Rico,15.554666666666664,-4.3478260869565215,-20.0,30.433913043478263,20.452727272727273,55.55555555555556,25.0,-7.999199999999999,0.0014285714285714828,31.81772727272727,12.5035,29.16541666666667,False,False,True,False,True
13965,1,China,Italy,9.3734375,-11.764117647058825,0.0,33.3352380952381,12.49625,45.45363636363636,33.333333333333336,-8.332916666666668,26.666666666666668,46.666666666666664,11.767058823529412,59.9988,True,,,False,True
13965,2,China,Italy,37.4996875,-18.180909090909093,-50.00142857142857,21.73913043478261,16.666666666666668,40.0,34.48310344827586,-0.0008000000000004093,-8.333333333333334,22.221111111111114,10.347931034482757,26.31578947368421,True,False,True,False,True
13965,3,China,Italy,52.38095238095238,-0.00040000000000020466,-39.99933333333333,55.55555555555556,23.52823529411765,81.81818181818181,15.998399999999998,-30.76923076923077,-50.0,21.73913043478261,-3.702222222222222,28.573571428571427,True,False,True,True,False
13965,4,China,Italy,16.666666666666668,-11.764705882352942,-27.273636363636363,31.81681818181818,3.702222222222222,10.526315789473685,42.85892857142857,-7.9996,7.6923076923076925,40.00066666666667,16.0,39.9995,True,True,False,False,True
13966,1,Türkiye,USA,16.215405405405406,0.0,-16.665833333333335,-5.0015,5.555,-37.5,30.232093023255814,-8.333333333333334,-33.333333333333336,0.0,2.3255813953488373,49.99928571428571,True,,,False,True
13966,2,Türkiye,USA,-0.00024390243902416842,-13.332666666666666,20.0,8.335833333333333,2.437804878048781,50.0,25.806774193548385,-4.0012,33.333333333333336,0.0,9.375625,66.66666666666667,True,False,True,False,True
13966,3,Türkiye,USA,25.71314285714286,-14.285238095238096,-58.333333333333336,4.546363636363637,8.568857142857144,62.5,31.43,0.0,-37.499375,11.11111111111111,0.0,87.5,True,False,True,False,True
13967,1,Brazil,Japan,37.0362962962963,-5.2631578947368425,-80.0,14.285238095238096,22.22222222222222,33.33133333333333,63.998400000000004,-8.332916666666668,0.0,37.5,30.43173913043478,31.25,True,,,False,True
13967,2,Brazil,Japan,23.682631578947365,-16.666666666666668,-30.77,39.9996,12.824358974358974,63.1578947368421,40.62375,4.0,-25.0,49.99928571428571,25.806774193548385,48.14925925925926,True,False,True,False,True
13967,3,Brazil,Japan,36.11277777777778,-12.0,-13.333333333333334,47.36842105263158,13.884722222222223,75.00166666666667,21.052105263157895,-9.090909090909092,-25.001666666666665,36.36318181818182,19.444444444444443,42.308076923076925,True,False,True,True,False
13967,4,Brazil,Japan,34.999,0.0,-29.16458333333333,40.90636363636363,20.0,70.83125,32.61,-11.538461538461538,-18.75,30.771153846153844,22.727272727272727,42.85642857142857,True,True,False,True,False
13967,5,Brazil,Japan,21.8740625,0.0,-26.666666666666668,46.15538461538461,12.904838709677419,68.18181818181819,16.128064516129033,0.0,-42.85785714285714,26.666666666666668,3.4499999999999997,61.90333333333332,True,True,False,True,False
13968,1,Poland,Serbia,43.332,-16.667083333333334,33.33166666666667,25.0,12.497187499999999,46.15461538461538,22.22074074074074,-9.090454545454547,-66.66666666666667,10.0,19.23076923076923,0.0011111111111116794,True,,,True,False
13968,2,Poland,Serbia,10.345172413793103,0.0,0.0,5.0,0.0,13.332666666666666,28.206410256410255,-16.666666666666668,-33.333333333333336,0.0,8.104054054054055,75.0,True,True,False,False,True
13968,3,Poland,Serbia,15.626249999999999,0.0,-44.44444444444444,8.695652173913043,2.9441176470588237,-40.0,48.14629629629629,-8.0,-55.55555555555556,-18.748124999999998,3.9983999999999997,45.45727272727272,True,False,True,False,True
13968,4,Poland,Serbia,12.123030303030305,-19.231153846153845,-14.284285714285714,9.998499999999998,12.50375,41.66583333333333,6.899310344827588,-12.498333333333333,-10.001,-5.001,9.996,25.0,True,False,True,True,False
13968,5,Poland,Serbia,42.10631578947368,0.0,-40.0,6.666666666666667,11.106666666666666,50.0,46.66466666666667,6.6659999999999995,-60.0,-7.142857142857143,6.664000000000001,25.0,True,True,False,False,True
13969,1,Brazil,Italy,39.99833333333333,0.0,-6.668666666666665,33.332857142857144,10.715714285714284,3.7044444444444453,32.5,-8.3325,-42.85785714285714,25.002916666666664,19.51219512195122,76.18904761904761,True,,,True,False
13969,2,Brazil,Italy,26.31578947368421,-4.347391304347826,-6.6659999999999995,43.479565217391304,13.153684210526315,26.92192307692308,36.84105263157895,-4.166666666666667,6.249375,45.45136363636363,20.0025,48.001599999999996,True,True,False,False,True
13969,3,Brazil,Italy,29.412647058823527,-8.000399999999999,-12.5,33.333333333333336,8.568,54.54590909090909,17.946666666666665,-12.000399999999999,0.0006250000000003197,39.12869565217392,21.05210526315789,42.30692307692308,True,False,True,True,False
13969,4,Brazil,Italy,44.44518518518518,-7.9996,45.45818181818182,44.44833333333334,20.000799999999998,57.89368421052632,5.8808823529411764,5.26421052631579,-46.15384615384615,52.176956521739136,8.821176470588235,76.92307692307692,True,True,False,True,False
13970,1,Serbia,USA,42.42484848484848,-7.9996,-49.99875,-11.11111111111111,3.121875,43.75,21.21212121212121,0.0009523809523807629,-49.99916666666667,0.0,8.825882352941179,18.183636363636364,True,,,True,False
13970,2,Serbia,USA,50.001666666666665,-4.167916666666667,-75.0,11.114444444444445,7.691538461538461,26.666,25.00107142857143,-14.285238095238096,-42.857142857142854,-4.761428571428572,7.69576923076923,-18.183636363636364,True,True,False,True,False
13970,3,Serbia,USA,13.793103448275861,0.0005555555555558397,-55.553333333333335,4.545454545454546,3.4499999999999997,42.85857142857143,40.00266666666667,-4.166666666666667,-14.287142857142856,-5.884117647058823,3.332,46.66733333333333,True,True,False,False,True
13970,4,Serbia,USA,54.83806451612903,-8.33375,-66.665,-13.041739130434781,6.449032258064515,66.66666666666667,34.48310344827586,12.49875,-80.0,4.761428571428572,10.001333333333331,0.0,True,False,True,True,False
13971,1,Italy,USA,30.30484848484849,-4.000800000000001,-0.0009090909090913742,41.17411764705883,0.0,72.22222222222223,22.22083333333333,-14.999500000000001,0.001999999999999602,-4.546818181818182,0.0,74.999375,True,,,True,False
13971,2,Italy,USA,38.46153846153846,-4.1658333333333335,30.76923076923077,18.7475,3.57,52.94117647058823,-3.8457692307692306,6.249375,0.0012500000000006395,4.762380952380953,-3.5742857142857143,60.0,True,True,False,True,False
13971,3,Italy,USA,11.904285714285713,-7.407037037037037,24.99875,21.74217391304348,0.002499999999999858,55.5574074074074,11.11,0.00040000000000020466,-8.333333333333334,15.9988,-4.999,54.999,True,True,False,True,False
13972,1,Brazil,Serbia,17.24241379310345,-4.16625,-54.54545454545455,14.997500000000002,0.0,62.5,37.5021875,-23.075769230769232,16.665833333333335,9.09,-3.125,46.66733333333333,True,,,False,True
13972,2,Brazil,Serbia,15.383461538461539,4.3478260869565215,-20.0,19.047619047619047,0.0,37.5,27.027837837837836,-4.167083333333333,-15.383846153846154,21.739565217391306,-2.6315789473684212,70.0005,True,False,True,False,True
13972,3,Brazil,Serbia,22.50075,-11.764117647058825,-45.45636363636363,20.0004,-2.6328947368421054,62.49875,42.857142857142854,8.0,-37.4975,28.572142857142858,2.9411764705882355,68.42263157894736,True,False,True,False,True
16024,1,Germany,Netherlands,28.1253125,12.500833333333333,-25.000625,11.765882352941176,15.149090909090908,60.86826086956521,32.35205882352941,-13.634999999999998,-33.33583333333333,-4.350000000000001,8.819411764705883,33.333333333333336,False,,,True,False
16024,2,Germany,Netherlands,31.034827586206895,8.0,-28.571428571428573,26.316842105263156,23.33066666666667,18.51888888888889,38.888333333333335,-9.090909090909092,-23.076153846153847,8.3325,10.81081081081081,29.16625,False,True,False,True,False
16024,3,Germany,Netherlands,9.375625000000001,-14.999,12.5,18.180454545454545,15.628125,11.765882352941176,20.586470588235294,-7.999199999999999,8.333333333333332,5.882352941176471,3.1265625,19.046190476190475,False,True,False,False,True
16024,4,Germany,Netherlands,21.87625,4.0004,-11.11111111111111,33.33277777777778,28.1221875,23.81,27.586206896551722,-9.090909090909092,-28.571428571428573,8.695217391304348,16.13032258064516,31.57894736842105,False,False,True,True,False
16025,1,Dominican Republic,Japan,19.04642857142857,-12.499583333333334,7.142857142857143,19.999000000000002,16.277441860465117,55.26394736842104,21.153846153846153,-16.666666666666668,-6.25,19.047619047619047,29.166666666666668,74.28685714285714,False,,,False,True
16025,2,Dominican Republic,Japan,10.526052631578947,-11.11111111111111,0.0,-4.347826086956522,5.261052631578947,56.52043478260869,15.385384615384615,4.0,13.332666666666666,25.0,25.0015,79.3103448275862,False,False,True,False,True
16025,3,Dominican Republic,Japan,33.335952380952385,4.000000000000001,-14.285714285714286,0.0,28.568571428571424,69.99966666666666,34.20921052631579,-4.544545454545454,-33.333333333333336,-4.349565217391304,25.641025641025642,63.9992,False,False,True,True,False
16025,4,Dominican Republic,Japan,7.40851851851852,-20.0,-20.002,-4.346521739130435,9.378125,71.42928571428571,39.28642857142857,-4.000800000000001,-7.6923076923076925,8.333333333333334,25.925925925925927,82.35235294117648,False,True,False,False,True
16026,1,Italy,Thailand,23.527058823529412,-4.165416666666666,-0.0009090909090913742,26.087391304347825,15.147272727272728,40.0005,25.71342857142857,-11.538461538461538,-23.07923076923077,27.27227272727273,31.430285714285713,45.45545454545454,False,,,False,True
16026,2,Italy,Thailand,29.166666666666668,-3.9991999999999996,10.0,15.386153846153844,13.04391304347826,44.44555555555556,6.25,-17.646470588235296,-37.5,9.092272727272727,24.99875,28.571428571428573,False,False,True,True,False
16026,3,Italy,Thailand,20.45431818181818,3.704444444444445,-14.286428571428571,18.517777777777777,11.906666666666666,37.93,27.276136363636365,-3.4482758620689653,-24.999166666666667,15.383461538461539,14.63048780487805,51.85259259259259,False,True,False,False,True
16026,4,Italy,Thailand,36.36318181818182,-19.999666666666666,-11.762941176470587,18.519259259259258,23.254883720930234,37.038148148148146,21.952439024390245,-3.5710714285714285,-16.666666666666668,33.33375,19.997999999999998,23.333666666666666,False,False,True,True,False
16026,5,Italy,Thailand,41.17529411764706,7.142142857142857,28.571428571428573,16.665833333333335,15.789473684210526,29.41176470588235,17.391304347826086,0.0,-37.49875,0.0015384615384623256,9.094090909090909,60.0,False,True,False,True,False
16027,1,Canada,Poland,25.58139534883721,0.0,-28.571785714285713,10.001000000000001,12.821538461538461,81.48185185185186,15.906590909090909,-4.761428571428572,-40.90909090909091,8.333333333333334,14.636585365853657,49.999583333333334,False,,,True,False
16027,2,Canada,Poland,39.285357142857144,-8.33375,-35.714285714285715,19.048571428571428,10.344827586206897,29.412941176470586,43.7496875,-8.3325,-10.002,14.286666666666665,19.35516129032258,40.001333333333335,False,True,False,False,True
16027,3,Canada,Poland,17.07439024390244,0.0,-6.250625,10.525263157894736,21.62189189189189,64.0,6.668,-4.76047619047619,0.0,4.346956521739131,20.929767441860466,68.18136363636364,False,False,True,True,False
16027,4,Canada,Poland,18.749375,-20.833333333333332,-7.691538461538462,14.284761904761906,6.666666666666667,52.94117647058823,17.142285714285716,-12.499166666666667,0.001666666666666335,16.66611111111111,6.2475000000000005,36.36318181818182,False,True,False,False,True
16027,5,Canada,Poland,52.9435294117647,-23.076153846153847,-29.999000000000002,-14.285,11.761764705882353,18.180909090909093,36.36545454545455,6.667333333333334,-42.857142857142854,29.999000000000002,13.634545454545453,81.81818181818181,False,False,True,False,True
16028,1,Bulgaria,Croatia,27.27136363636364,4.166666666666667,30.0,18.18,4.549090909090909,84.61461538461539,-10.712857142857143,-15.384615384615385,-80.0,9.092727272727274,21.427142857142858,80.001,False,,,True,False
16028,2,Bulgaria,Croatia,24.997142857142858,4.0008,20.0,35.71357142857143,3.5714285714285716,87.5,19.999200000000002,-17.647058823529413,-19.997999999999998,9.09,8.695652173913043,23.076923076923077,False,True,False,True,False
16028,3,Bulgaria,Croatia,14.99775,4.166666666666667,-7.142142857142856,11.766470588235293,0.0,92.85642857142857,13.042173913043477,-9.998999999999999,-26.314736842105265,-0.0026086956521740117,10.641063829787234,87.49916666666667,False,True,False,True,False
16029,1,Brazil,China,29.409411764705883,-8.695217391304348,14.285714285714286,39.1295652173913,18.7503125,62.499375,36.36363636363637,-3.9991999999999996,0.0,47.61761904761905,6.4548387096774205,58.82411764705882,False,,,False,True
16029,2,Brazil,China,32.258709677419354,-3.9995999999999996,0.002000000000001023,44.998000000000005,12.902258064516127,77.77833333333334,23.52852941176471,-4.545,-14.285714285714286,21.738260869565217,11.427714285714286,73.33333333333333,False,False,True,True,False
16029,3,Brazil,China,34.28514285714286,-24.999000000000002,22.223333333333333,20.0,0.0,69.23153846153846,30.303939393939395,4.0,0.0,19.999333333333333,6.664,83.99799999999999,False,True,False,False,True
16029,4,Brazil,China,41.37724137931035,-4.0004,40.0,49.99875,7.145357142857143,92.3076923076923,33.335,-19.9995,-28.571428571428573,30.433478260869567,3.336666666666667,100.0,False,False,True,True,False
16029,5,Brazil,China,42.85785714285714,-16.666666666666668,,23.076923076923077,-6.666666666666667,60.0,46.66733333333333,-6.666666666666667,-0.002500000000001279,60.0,0.0,66.66666666666667,False,True,False,False,True
16030,1,Serbia,USA,19.998285714285714,-4.761904761904762,-42.85785714285714,26.08521739130435,10.80810810810811,36.36272727272728,33.333636363636366,0.0,9.998999999999999,5.262631578947368,6.063636363636364,43.9988,False,,,False,True
16030,2,Serbia,USA,37.5003125,-8.33375,-7.693076923076924,11.113333333333335,19.35483870967742,23.81047619047619,19.44361111111111,-9.999500000000001,0.0009090909090913742,22.726363636363637,8.11027027027027,21.427857142857142,False,False,True,True,False
16030,3,Serbia,USA,30.303030303030305,3.9996000000000005,-50.0,16.665,22.580645161290324,36.84263157894737,37.03777777777778,-9.522857142857143,-20.0,4.348260869565217,3.7066666666666666,11.763529411764706,False,True,False,True,False
16030,4,Serbia,USA,21.427142857142854,-9.522857142857143,-60.0,9.998999999999999,10.714285714285714,26.668,50.0,-16.0,-6.666666666666667,11.110555555555557,8.0,42.857142857142854,False,True,False,False,True
16030,5,Serbia,USA,16.66722222222222,0.0,-22.22222222222222,-8.335833333333333,5.553333333333334,50.0,38.888888888888886,-0.0007142857142860797,-24.99875,16.665,15.003000000000004,50.001666666666665,False,False,True,False,True
16031,1,Korea,Türkiye,14.283928571428572,-20.0,-57.142857142857146,0.0,3.5710714285714285,20.0,51.852222222222224,-12.501249999999999,-19.999000000000002,24.999166666666667,30.77269230769231,57.142857142857146,False,,,False,True
16031,2,Korea,Türkiye,19.230384615384615,5.883529411764706,-25.0,5.26421052631579,17.859285714285715,0.0008000000000015461,54.54545454545455,-19.9996,-16.665833333333335,5.881176470588235,24.24121212121212,71.42857142857143,False,False,True,False,True
16031,3,Korea,Türkiye,26.666333333333334,-19.9996,-20.0,4.763333333333334,9.090909090909092,30.76846153846154,17.498250000000002,-7.999599999999999,-21.429285714285715,10.0,22.22222222222222,31.999200000000002,False,False,True,False,True
16032,1,Croatia,Germany,26.923461538461538,-10.526315789473685,-16.666666666666668,31.821363636363632,16.0,30.76923076923077,34.28485714285714,0.0,-28.571428571428573,41.1764705882353,5.880882352941177,100.0,False,,,False,True
16032,2,Croatia,Germany,32.25774193548387,0.0,14.284285714285714,4.3469565217391315,13.329333333333333,77.77777777777777,25.000833333333333,12.000399999999999,-33.333333333333336,22.726363636363637,5.882352941176471,79.99933333333334,False,False,True,False,True
16032,3,Croatia,Germany,24.389512195121952,0.0,10.0,-4.544090909090909,-0.0036363636363635587,86.66766666666666,26.08826086956522,4.165833333333333,-7.689999999999999,26.08608695652174,8.699130434782608,67.85821428571428,False,False,True,False,True
16033,1,Bulgaria,Dominican Republic,23.077179487179485,0.0,-30.76923076923077,23.80952380952381,6.248125,65.0,18.604883720930232,-8.694782608695652,0.0,25.000833333333333,2.502,69.56521739130434,False,,,True,False
16033,2,Bulgaria,Dominican Republic,24.137931034482758,0.0,-42.857142857142854,19.045714285714286,3.704444444444445,66.66866666666667,51.612258064516126,-4.166666666666667,-11.112222222222222,18.748124999999998,7.406666666666666,84.21,False,True,False,False,True
16033,3,Bulgaria,Dominican Republic,34.37625,12.501249999999999,50.0,25.00125,0.0,80.001,23.332666666666668,-5.881764705882353,12.501249999999999,4.347391304347826,-3.7074074074074073,86.66733333333333,False,False,True,True,False
16033,4,Bulgaria,Dominican Republic,17.142285714285716,0.0,-44.44444444444444,4.545454545454546,2.942647058823529,90.0,43.24567567567567,0.0012500000000000473,-9.09,13.333333333333334,6.45483870967742,84.61615384615385,False,True,False,False,True
16033,5,Bulgaria,Dominican Republic,14.285238095238096,27.272727272727273,-66.66666666666667,42.857142857142854,5.264736842105263,62.5,85.71214285714284,-6.666666666666667,-27.271818181818183,-18.181818181818183,-6.664000000000001,80.0,False,False,True,False,True
16034,1,Brazil,Netherlands,36.665333333333336,4.16625,-22.223333333333333,28.570476190476192,-3.2274193548387102,81.25125,32.25677419354839,-8.333333333333334,0.0,-9.090909090909092,9.676451612903225,58.8235294117647,False,,,True,False
16034,2,Brazil,Netherlands,20.586764705882356,8.0008,-14.284285714285714,27.274545454545454,3.0272727272727273,93.334,18.180909090909093,4.348695652173913,14.285714285714286,-8.694782608695652,3.225806451612903,75.0,False,True,False,True,False
16034,3,Brazil,Netherlands,22.220370370370368,-8.332916666666668,9.091818181818182,15.78842105263158,7.999199999999999,75.00083333333333,3.5728571428571425,-13.636363636363637,40.0,18.18318181818182,0.0,85.71142857142857,False,True,False,True,False
16035,1,Canada,Thailand,15.383589743589745,-11.764117647058825,-25.0,0.0,30.000999999999998,27.5848275862069,32.25774193548387,0.0,-20.00133333333333,53.333333333333336,21.87625,42.309615384615384,False,,,False,True
16035,2,Canada,Thailand,18.183333333333337,-8.0,-5.262105263157895,0.003913043478261018,27.272727272727273,26.923076923076923,11.902380952380952,4.0,0.0009090909090913742,30.433043478260867,23.07948717948718,29.62888888888889,False,False,True,False,True
16035,3,Canada,Thailand,22.223888888888887,4.762857142857143,-4.76047619047619,13.042608695652175,22.50275,17.648235294117647,21.275106382978723,0.0,0.0009090909090913742,14.284761904761906,13.635909090909088,36.10916666666667,False,False,True,False,True
16036,1,Italy,Poland,39.391212121212114,0.0012500000000000473,-20.0,33.33190476190477,17.142857142857142,64.28571428571429,31.035172413793102,-4.545454545454546,-43.75,14.285714285714286,13.793103448275861,39.99933333333333,False,,,True,False
16036,2,Italy,Poland,18.51851851851852,-14.285714285714286,-6.666666666666667,9.522857142857143,24.140344827586205,22.72681818181818,22.223333333333333,-8.332916666666668,8.333333333333334,16.666666666666668,11.11,40.90863636363636,False,True,False,False,True
16036,3,Italy,Poland,5.880294117647058,-14.285714285714286,-15.384615384615385,4.0,15.6278125,35.294117647058826,24.9990625,12.001199999999999,-5.556111111111111,18.181818181818183,12.901935483870966,73.0773076923077,False,False,True,False,True
16036,4,Italy,Poland,22.223703703703702,-21.053684210526313,-72.72727272727273,-0.0014285714285721593,11.108148148148146,27.273636363636363,37.498333333333335,-4.16625,-8.333333333333334,7.142857142857143,4.346086956521739,61.53769230769231,False,False,True,False,True
16037,1,Serbia,Türkiye,39.285714285714285,0.0003846153846155814,-21.426428571428573,-5.557222222222222,6.895862068965517,15.787894736842107,41.66694444444445,-20.83458333333333,-23.528823529411767,25.001666666666665,8.570000000000002,24.999375,False,,,True,False
16037,2,Serbia,Türkiye,13.889166666666666,-23.53,0.0012500000000006395,-4.349130434782609,6.0593939393939396,44.44444444444444,31.034827586206895,0.0,-5.882941176470588,15.383846153846154,24.998214285714287,59.09090909090909,False,True,False,False,True
16037,3,Serbia,Türkiye,34.48241379310345,-25.0,-75.0,-4.544090909090908,3.3366666666666664,33.333333333333336,61.9052380952381,8.0,-30.77,49.998333333333335,14.285714285714286,46.15384615384615,False,False,True,False,True
16037,4,Serbia,Türkiye,39.286071428571425,-19.046666666666667,-27.272727272727273,16.664583333333333,6.667,41.666666666666664,40.00033333333333,-4.0,-21.43,29.413529411764703,14.285,41.1764705882353,False,False,True,False,True
16038,1,China,Germany,46.42857142857143,-8.0,0.0,33.334666666666664,0.0,80.0,22.2225,-15.788947368421054,40.0,30.432608695652174,11.426857142857143,68.75125,False,,,True,False
16038,2,China,Germany,56.25,-8.334166666666667,0.0,30.0005,20.692068965517244,77.77833333333334,31.033793103448275,9.522857142857143,0.0,27.27318181818182,10.7175,81.8190909090909,False,True,False,True,False
16038,3,China,Germany,31.2496875,0.0,-20.0,16.666666666666668,12.497187499999999,68.18045454545454,31.70609756097561,-13.636818181818182,-46.15461538461538,27.9984,12.82128205128205,88.23588235294118,False,True,False,True,False
16039,1,Dominican Republic,Netherlands,37.14342857142857,8.332916666666668,-16.666666666666668,5.881764705882352,9.67483870967742,90.0,26.665333333333333,0.0,12.50125,12.498333333333333,3.0272727272727273,64.70647058823529,False,,,True,False
16039,2,Dominican Republic,Netherlands,29.02967741935484,-13.043478260869565,-23.077692307692306,23.80952380952381,-3.4499999999999997,66.66666666666667,33.333939393939396,-12.5,-21.428571428571427,21.050526315789472,10.345172413793103,63.1578947368421,False,True,False,False,True
16039,3,Dominican Republic,Netherlands,49.9995,-8.3325,-33.333333333333336,7.6899999999999995,8.692173913043478,62.49875,25.925925925925927,-26.314210526315787,-77.77888888888889,10.0,12.0028,79.998,False,False,True,True,False
16039,4,Dominican Republic,Netherlands,23.529705882352943,-9.09,0.0,14.286190476190475,-2.8525714285714288,80.0,28.947105263157894,-4.1658333333333335,8.332500000000001,19.999000000000002,0.0,86.95521739130434,False,True,False,False,True
16039,5,Dominican Republic,Netherlands,28.57238095238095,7.142142857142857,66.66666666666667,9.091818181818182,0.0,84.61538461538461,11.540769230769232,0.0,-28.571428571428573,21.43,11.53730769230769,93.334,False,False,True,True,False
16040,1,Poland,Thailand,25.925925925925927,0.00040000000000020466,-7.69076923076923,25.0,10.717142857142859,36.84105263157895,23.334666666666667,-19.999000000000002,-55.55777777777777,21.73913043478261,6.062121212121211,50.000625,False,,,True,False
16040,2,Poland,Thailand,34.48275862068966,8.334583333333333,12.5,0.0,7.145357142857143,33.33277777777778,28.0,-11.764705882352942,-37.49875,22.728181818181817,0.0,5.882352941176471,False,True,False,True,False
16040,3,Poland,Thailand,27.271818181818183,-8.0,-16.666666666666668,14.286428571428571,9.372499999999999,66.6675,-2.9438235294117643,-6.666666666666667,-10.001000000000001,13.635909090909092,0.0,16.0004,False,True,False,True,False
16041,1,Croatia,Japan,17.07414634146342,-23.52823529411765,28.571428571428573,40.912727272727274,2.4429268292682926,79.1675,29.267804878048782,-8.0012,-24.99875,23.076923076923077,2.563076923076923,67.56756756756756,False,,,False,True
16041,2,Croatia,Japan,9.091363636363637,5.0,-16.666666666666668,18.181818181818183,0.0,78.26217391304348,34.28628571428571,-4.1675,33.33166666666667,16.66722222222222,0.0,69.56478260869565,False,False,True,False,True
16041,3,Croatia,Japan,6.451612903225806,-10.0,36.36363636363637,23.80952380952381,3.2245161290322577,81.25,21.052894736842106,-7.998799999999999,27.272727272727273,33.333888888888886,2.7805555555555554,90.47619047619048,False,False,True,False,True
16042,1,Canada,Korea,52.17391304347826,0.0,0.0,7.6923076923076925,31.818181818181817,-4.545454545454546,27.272727272727273,-22.221666666666668,-100.0,13.634999999999998,5.558611111111111,-0.0004166666666662877,False,,,True,False
16042,2,Canada,Korea,31.9996,4.000800000000001,0.0,13.334666666666667,18.517777777777777,33.33444444444444,9.375,-6.25,-25.0,4.545454545454546,-2.8608571428571428,8.694347826086956,False,True,False,True,False
16042,3,Canada,Korea,41.93516129032258,-8.334166666666667,-11.11111111111111,0.0,16.668,37.03592592592593,17.141714285714286,-10.525789473684211,-22.22222222222222,9.09,4.998749999999999,6.666666666666667,False,True,False,True,False
16043,1,Italy,USA,16.665,-23.528823529411767,-25.00125,0.0015789473684211124,3.5714285714285716,58.825294117647054,41.37931034482759,-16.66541666666667,-11.11111111111111,7.691538461538461,11.996799999999999,70.58882352941177,False,,,False,True
16043,2,Italy,USA,62.070344827586204,-4.166666666666667,-0.0007692307692311628,0.0,-3.8461538461538463,31.819090909090907,18.74875,-6.666666666666667,-45.45545454545454,9.090454545454547,3.2245161290322577,31.57894736842105,False,False,True,True,False
16043,3,Italy,USA,32.35235294117647,-12.0,-23.076153846153847,10.0,2.94,58.8235294117647,21.21212121212121,-4.544545454545454,-29.41176470588235,14.285238095238096,18.17878787878788,26.316315789473684,False,True,False,True,False
16043,4,Italy,USA,6.896551724137931,-9.999500000000001,-45.45545454545454,-5.0,0.0,46.15384615384615,36.0004,-15.9992,33.333333333333336,-6.251250000000001,8.333333333333334,26.316842105263156,False,True,False,False,True
16043,5,Italy,USA,8.334583333333335,-9.998999999999999,-57.142857142857146,21.42642857142857,4.3478260869565215,46.666666666666664,47.05882352941177,-6.666666666666667,-9.090909090909092,22.22222222222222,12.49625,30.77,False,False,True,False,True
16044,1,Brazil,Dominican Republic,45.45272727272727,-3.8461538461538463,-42.857142857142854,54.166666666666664,3.031818181818182,34.9995,31.706829268292683,-3.8461538461538463,-22.221111111111114,12.50125,5.555555555555555,84.21052631578948,False,,,True,False
16044,2,Brazil,Dominican Republic,12.903548387096773,-19.047619047619047,-55.55555555555556,19.999000000000002,0.0026666666666666098,83.3325,30.76923076923077,-12.499166666666667,0.0025000000000000946,11.764117647058825,11.11111111111111,92.3076923076923,False,True,False,False,True
16044,3,Brazil,Dominican Republic,21.620540540540542,4.165833333333333,0.0,49.9995,0.0,85.7147619047619,14.70705882352941,-4.545909090909091,0.0012500000000006395,26.08608695652174,6.89448275862069,71.42928571428571,False,False,True,True,False
16044,4,Brazil,Dominican Republic,9.524047619047618,-11.110740740740741,9.092727272727272,36.36681818181818,12.824358974358974,86.36363636363636,5.715142857142856,-12.0,7.691538461538461,30.433913043478263,6.2521875,68.42105263157895,False,True,False,True,False
16045,1,China,Netherlands,44.826206896551724,-11.11037037037037,0.0,22.725909090909088,7.140714285714286,53.84538461538462,35.29294117647059,-12.0,-14.285714285714286,0.0,6.2475,78.57142857142857,False,,,True,False
16045,2,China,Netherlands,19.444444444444443,0.0017391304347828805,33.333333333333336,22.727272727272727,11.764705882352942,89.47421052631579,27.271212121212123,-0.0008000000000004093,0.0,14.284285714285716,2.9382352941176473,93.750625,False,True,False,False,True
16045,3,China,Netherlands,32.14214285714286,0.00040000000000020466,40.0,10.527368421052632,0.0033333333333336176,66.66555555555556,27.586206896551722,-9.090909090909092,0.0,13.042173913043477,3.121875,69.23076923076923,False,False,True,True,False
16045,4,China,Netherlands,50.00233333333333,-8.333333333333334,37.5,25.0,0.0,91.66666666666667,28.1234375,0.0,100.0,28.568571428571424,0.0,64.28642857142857,False,True,False,True,False
16046,1,Poland,Serbia,22.727272727272727,0.0016000000000008186,21.430714285714284,12.499375,-4.351304347826087,12.49875,-9.677741935483871,-5.555,-54.54636363636364,4.348260869565217,6.449032258064515,23.076923076923077,False,,,True,False
16046,2,Poland,Serbia,26.18952380952381,-12.0,-0.0007142857142860797,19.9995,2.3258139534883724,41.93709677419355,16.668055555555554,-8.695652173913043,-38.095238095238095,18.18227272727273,5.556111111111111,55.0,False,True,False,True,False
16046,3,Poland,Serbia,32.499,-16.128709677419355,5.2621052631578955,31.81590909090909,0.0,16.666333333333334,27.4995,-17.856428571428573,-37.499375,11.540000000000001,0.0,30.43521739130435,False,True,False,True,False
16047,1,Bulgaria,Japan,18.519259259259258,-9.998999999999999,-20.000999999999998,23.81095238095238,3.8446153846153845,71.42857142857143,48.001599999999996,-11.9992,20.0,19.99866666666667,-0.002400000000000091,84.61538461538461,False,,,False,True
16047,2,Bulgaria,Japan,13.8875,-0.0005555555555558397,-36.36454545454546,9.090909090909092,2.942941176470588,78.94684210526316,40.00085714285714,-4.166666666666667,-18.181818181818183,47.06117647058824,0.0,83.33333333333333,False,False,True,False,True
16047,3,Bulgaria,Japan,12.903870967741934,0.0,-9.998999999999999,26.085652173913044,3.2290322580645165,84.61615384615385,27.270606060606063,0.0008000000000004093,10.0,16.669444444444444,13.332666666666666,86.666,False,False,True,False,True
16048,1,Korea,USA,10.81081081081081,-17.64764705882353,-33.335,4.761428571428572,0.003421052631578828,33.333333333333336,45.45454545454545,-8.334166666666667,18.75,14.289285714285715,8.0028,34.999,False,,,False,True
16048,2,Korea,USA,23.076666666666668,-12.000399999999999,-18.181818181818183,9.091363636363637,5.124358974358974,49.998846153846145,33.33166666666667,-11.111851851851851,-18.183636363636364,18.184545454545454,2.8560000000000008,24.0,False,False,True,False,True
16048,3,Korea,USA,-6.451612903225806,-8.333333333333334,-25.0,4.546363636363637,3.0318181818181817,14.285238095238096,50.0,4.167083333333333,0.0,9.090909090909092,15.789473684210526,28.571428571428573,False,False,True,False,True
16049,1,Italy,Türkiye,24.0,-10.0,-59.998000000000005,5.26157894736842,3.8430769230769224,60.0,59.091818181818184,-16.66625,-7.144285714285713,17.646470588235296,9.523809523809524,18.181818181818183,False,,,False,True
16049,2,Italy,Türkiye,17.143142857142855,0.00041666666666687985,-8.333333333333334,40.907272727272726,11.764705882352942,29.410588235294117,39.99933333333333,-15.386153846153844,-6.666666666666667,9.523809523809524,3.3333333333333335,30.0,False,False,True,False,True
16049,3,Italy,Türkiye,8.107567567567566,-10.0,0.0009090909090913742,22.72681818181818,8.570571428571428,41.17764705882353,30.76923076923077,-4.16625,-15.789473684210526,11.11111111111111,14.28857142857143,40.0,False,False,True,False,True
16050,1,Brazil,Croatia,18.7490625,-7.9996,50.0,13.044347826086955,3.0272727272727273,73.33200000000001,5.556944444444446,0.001200000000000614,24.998333333333335,17.39217391304348,5.714285714285714,85.71428571428571,False,,,True,False
16050,2,Brazil,Croatia,19.44361111111111,8.002,0.0,19.999333333333333,3.029090909090909,91.30434782608695,18.517407407407408,-11.110555555555557,38.46230769230769,-8.69608695652174,10.343793103448276,53.333999999999996,False,True,False,True,False
16050,3,Brazil,Croatia,49.997727272727275,4.166666666666667,60.0,24.99875,10.522105263157894,92.3076923076923,-13.636818181818182,-11.11111111111111,0.0,13.636363636363637,13.640454545454544,66.66666666666667,False,True,False,True,False
16051,1,Bulgaria,Germany,48.14962962962963,-0.0004166666666662877,20.0,33.336666666666666,3.8461538461538463,73.33133333333332,30.769615384615385,-15.789473684210526,-50.0,22.727272727272727,3.575,69.23153846153846,False,,,True,False
16051,2,Bulgaria,Germany,21.21121212121212,-14.284761904761906,25.0,9.090454545454547,6.451612903225806,86.66666666666667,32.14,-0.0012500000000000473,-22.22222222222222,0.0006250000000003197,3.7037037037037037,81.25,False,True,False,False,True
16051,3,Bulgaria,Germany,36.11027777777778,-12.5,-25.0,-5.0,0.0,86.36363636363636,28.1253125,-4.165833333333333,-17.647058823529413,14.285238095238096,13.329,71.42857142857143,False,False,True,True,False
16051,4,Bulgaria,Germany,6.666444444444445,-3.9995999999999996,-0.0009090909090900823,4.761904761904762,4.4462222222222225,74.99928571428572,17.391304347826086,-15.999600000000001,0.0,17.390869565217393,4.351521739130435,92.0,False,True,False,False,True
16051,5,Bulgaria,Germany,23.076153846153847,-9.090909090909092,0.0,7.142857142857143,4.17,92.30846153846154,52.63157894736842,0.0,0.0009090909090913742,20.0,5.2631578947368425,80.0,False,False,True,False,True
16052,1,Korea,Thailand,7.894473684210527,-5.555,-33.33444444444444,21.74086956521739,12.821538461538463,54.54681818181818,29.410882352941176,4.167083333333333,5.882352941176471,24.9975,16.217297297297296,60.714999999999996,False,,,False,True
16052,2,Korea,Thailand,24.999318181818182,-7.6923076923076925,-50.0,11.539230769230768,15.219130434782608,19.048095238095236,39.477105263157895,-7.142857142857143,-4.167916666666667,9.088636363636363,2.4997499999999997,29.63037037037037,False,False,True,False,True
16052,3,Korea,Thailand,14.286428571428571,0.0,-22.221666666666668,-0.0004761904761907198,2.3253488372093023,58.33208333333332,29.266829268292685,-8.333333333333334,-4.76095238095238,4.76047619047619,17.5,50.00125,False,False,True,False,True
16053,1,China,Japan,47.06029411764706,-4.16625,-12.5,5.881764705882353,0.0,88.88944444444445,29.031935483870967,-5.263684210526316,-16.665,4.544090909090909,19.35483870967742,62.50125,False,,,True,False
16053,2,China,Japan,27.027567567567566,-0.00037037037037055987,-20.0,18.180000000000003,0.0,94.44444444444444,20.512307692307694,-4.0,33.335,26.921538461538464,13.510540540540541,80.0,False,True,False,True,False
16053,3,China,Japan,30.302727272727275,3.8461538461538463,16.666666666666668,14.284761904761906,6.449032258064515,85.715,35.13513513513514,-11.538846153846153,33.333333333333336,7.9996,8.107297297297297,76.47058823529412,False,True,False,True,False
16054,1,Canada,Serbia,14.63170731707317,-22.221666666666668,-35.71357142857143,16.668333333333333,12.50075,29.999000000000002,27.271212121212123,-4.0,6.25,28.570714285714285,17.142857142857142,31.033793103448275,False,,,False,True
16054,2,Canada,Serbia,19.232115384615383,-21.428214285714287,-9.523809523809524,8.000399999999999,6.118775510204081,63.63636363636363,7.893421052631578,-0.0011538461538461975,-17.391739130434782,19.045238095238094,2.5615384615384618,38.46153846153846,False,False,True,True,False
16054,3,Canada,Serbia,33.331515151515156,4.166666666666667,-33.333333333333336,9.09,3.1281250000000003,26.315263157894737,25.003055555555555,0.00041666666666687985,-46.66733333333333,21.741304347826087,2.7040540540540543,55.55555555555556,False,True,False,True,False
16054,4,Canada,Serbia,38.71032258064516,-5.262631578947368,-46.153076923076924,13.042608695652175,2.94,15.78842105263158,45.45424242424242,4.166666666666667,-46.153076923076924,27.779444444444444,3.1281250000000003,25.0,False,True,False,False,True
16054,5,Canada,Serbia,24.998333333333335,7.142857142857143,-12.5,0.0,4.0,33.333333333333336,29.9985,-7.6923076923076925,0.0008333333333337597,21.427142857142858,-0.0004545454545456871,37.5,False,False,True,True,False
16055,1,Türkiye,USA,21.875,-0.0004347826086958746,-7.142857142857143,9.523333333333333,0.0,13.636818181818182,29.409999999999997,-4.1675,-16.666666666666668,14.285714285714286,3.0318181818181817,4.761428571428572,False,,,False,True
16055,2,Türkiye,USA,19.049285714285716,-9.091363636363637,-46.666666666666664,22.72909090909091,7.5,30.76846153846154,30.76871794871795,-11.9992,-20.002,21.051052631578948,11.11,30.76846153846154,False,False,True,False,True
16055,3,Türkiye,USA,36.36272727272728,-3.9996000000000005,-11.112777777777778,21.052105263157895,-3.1246875,55.55388888888889,28.569142857142857,-9.090909090909092,-37.500625,9.522857142857143,3.029090909090909,44.999,False,False,True,True,False
16055,4,Türkiye,USA,44.001599999999996,4.168333333333334,7.693846153846154,20.0,16.66875,71.42857142857143,-0.0008333333333325754,-16.665833333333335,-28.57,4.544545454545454,0.0,-42.857142857142854,False,True,False,True,False
16055,5,Türkiye,USA,19.998,0.0,-33.333999999999996,7.142857142857143,0.0,0.0,38.095238095238095,0.0,-50.0,0.0,5.261052631578947,50.0,False,True,False,False,True
16056,1,Dominican Republic,Poland,16.666666666666668,-21.738695652173913,-20.0,25.0,9.375,25.0,26.667333333333332,-19.9996,-17.64764705882353,35.294117647058826,23.333333333333332,52.942352941176466,False,,,False,True
16056,2,Dominican Republic,Poland,28.204615384615384,-10.345172413793103,-14.285714285714286,-4.347826086956522,5.0017499999999995,33.333703703703705,36.84131578947368,-13.793448275862069,-14.287142857142856,32.0012,27.027027027027028,5.684341886080802e-16,False,False,True,False,True
16056,3,Dominican Republic,Poland,30.554166666666667,-12.500416666666666,-20.834583333333335,15.0,2.8542857142857145,45.83416666666667,26.83,-16.667916666666667,-45.45545454545454,23.80857142857143,22.5015,33.33416666666667,False,False,True,True,False
16056,4,Dominican Republic,Poland,10.713214285714285,0.0,-44.44444444444444,9.526666666666667,3.702222222222222,-28.571428571428573,58.33541666666667,-8.333333333333334,15.383846153846154,25.0,15.998800000000001,21.427857142857142,False,True,False,False,True
16057,1,Canada,China,13.333333333333334,-26.667333333333332,-75.0,-4.545,16.128387096774194,20.0,42.30769230769231,-3.9995999999999996,-36.36363636363637,20.0,17.389130434782608,24.999000000000002,False,,,False,True
16057,2,Canada,China,21.428571428571427,-26.31578947368421,-50.0,0.0019047619047615257,17.23862068965517,0.0005263157894732055,61.111111111111114,-8.33375,-16.666666666666668,23.076923076923077,36.84315789473684,22.22222222222222,False,False,True,False,True
16057,3,Canada,China,28.569285714285716,-7.142857142857143,-14.285714285714286,-3.8461538461538463,22.727954545454544,36.666666666666664,28.94815789473684,-3.4482758620689653,-12.5,0.0016666666666669272,30.552499999999995,17.24137931034483,False,False,True,False,True
16058,1,Croatia,USA,36.11083333333333,-8.0012,-18.75,6.25,6.0606060606060606,40.908181818181816,11.429142857142857,-5.881764705882353,-46.66733333333333,8.695652173913043,0.0,64.70470588235294,False,,,True,False
16058,2,Croatia,USA,28.571428571428573,-9.090454545454547,-25.000625,27.27227272727273,19.446111111111108,45.45454545454545,37.5009375,-3.9999999999999996,-6.248749999999999,5.554444444444444,13.336000000000002,47.369473684210526,False,True,False,False,True
16058,3,Croatia,USA,21.428095238095235,-5.2631578947368425,16.665833333333335,26.085652173913044,4.997999999999999,3.8461538461538463,45.45363636363636,0.0012500000000006395,-22.726363636363637,16.66611111111111,14.703529411764706,60.86913043478261,False,False,True,False,True
16058,4,Croatia,USA,-5.26327952414889e-16,-6.666666666666667,-28.57,0.0,7.407407407407407,21.429285714285715,61.9052380952381,-12.001199999999999,-0.0012499999999988631,-16.669166666666666,0.0,53.332,False,False,True,False,True
16059,1,Japan,Serbia,48.27448275862069,-8.334166666666667,-16.666666666666668,0.0006250000000003197,6.896551724137931,57.89473684210526,8.001600000000002,5.882352941176471,-16.666666666666668,14.998500000000002,15.998,-28.571428571428573,False,,,True,False
16059,2,Japan,Serbia,13.951627906976743,0.0,-11.110555555555557,22.72863636363636,13.951395348837208,30.55638888888889,27.2725,-4.166666666666667,-4.167916666666667,20.0,19.045714285714286,47.05852941176471,False,True,False,False,True
16059,3,Japan,Serbia,41.93354838709678,8.334166666666667,-42.85642857142857,6.666666666666667,36.664,66.66666666666667,24.242424242424242,-11.764705882352942,-27.272727272727273,4.347391304347826,27.27,20.8325,False,False,True,True,False
16059,4,Japan,Serbia,18.60418604651163,-23.809047619047618,-19.999333333333333,9.523809523809524,12.193170731707315,37.5003125,29.728918918918918,-12.5,-4.548181818181818,18.75125,8.571428571428571,42.857142857142854,False,True,False,False,True
16059,5,Japan,Serbia,15.787894736842107,-18.181818181818183,-50.0,25.0,10.523684210526316,14.285,43.749375,-7.142857142857143,-30.0,22.22222222222222,6.664666666666666,50.0,False,False,True,False,True
16060,1,Bulgaria,Italy,15.151818181818182,-5.556111111111111,-42.855000000000004,4.544090909090908,9.375,29.9995,37.93103448275862,0.0008333333333337597,-16.665555555555557,12.49875,12.905806451612905,47.61904761904762,False,,,False,True
16060,2,Bulgaria,Italy,25.000999999999998,-5.263684210526315,-16.666666666666668,12.500833333333333,2.5625641025641026,42.309230769230766,44.118235294117646,0.0,-28.571428571428573,-0.0012500000000006395,15.622499999999999,48.147777777777776,False,False,True,False,True
16060,3,Bulgaria,Italy,11.428857142857142,-12.49875,-30.000999999999998,13.041739130434784,12.899999999999999,21.428571428571427,20.83083333333333,-8.0,-8.333333333333334,15.789473684210526,11.541923076923077,14.285714285714286,False,False,True,False,True
16061,1,Netherlands,Türkiye,34.14707317073171,-6.896551724137931,-7.142857142857143,10.343793103448277,19.05142857142857,32.142857142857146,29.166666666666668,-0.0006451612903229107,-31.57842105263158,18.51888888888889,14.579583333333332,51.852222222222224,False,,,False,True
16061,2,Netherlands,Türkiye,13.514054054054053,0.0,-14.284285714285714,19.046666666666667,12.498999999999999,40.73888888888889,31.2496875,-12.5,-21.055263157894736,28.571428571428573,14.705,45.0,False,False,True,False,True
16061,3,Netherlands,Türkiye,23.998800000000003,-6.666666666666667,-63.63636363636363,4.546363636363637,15.386538461538462,7.142857142857143,66.6675,-3.9995999999999996,-33.332,-0.0007692307692311628,26.085652173913044,69.23076923076923,False,False,True,False,True
16062,1,Germany,Thailand,24.9995,4.167916666666667,-7.690769230769231,10.527368421052632,35.71666666666666,43.333333333333336,16.215675675675676,-9.523809523809524,-9.09,4.347391304347826,25.71485714285714,55.0,False,,,True,False
16062,2,Germany,Thailand,50.00071428571429,-12.0,13.333333333333334,16.668333333333333,37.035555555555554,88.23529411764706,9.090000000000002,-7.691538461538461,-33.333333333333336,22.726363636363637,8.82235294117647,16.666666666666668,False,True,False,True,False
16062,3,Germany,Thailand,16.668,5.26421052631579,0.0,31.817272727272726,20.0,5.881176470588235,46.87625,-8.0,0.0,26.313684210526315,24.99875,55.0,False,True,False,False,True
16062,4,Germany,Thailand,41.666666666666664,-19.999200000000002,-42.85785714285714,31.818181818181817,23.527058823529416,47.36842105263158,28.124375,-4.347391304347826,-12.5,36.83947368421053,27.58206896551724,31.58,False,False,True,True,False
16063,1,Brazil,Korea,20.452954545454546,0.001000000000000038,-39.13086956521739,19.23,26.19047619047619,52.0,26.82951219512195,-13.333666666666666,20.0,14.286071428571429,14.282142857142858,3.031818181818182,False,,,True,False
16063,2,Brazil,Korea,53.84653846153846,-4.0004,-6.666666666666667,20.0,30.43173913043478,46.666666666666664,14.815925925925924,-0.0006250000000003197,-80.0,4.3478260869565215,17.859285714285715,-13.637727272727277,False,True,False,True,False
16063,3,Brazil,Korea,18.181515151515153,-3.9988,14.285714285714286,12.49625,25.804516129032255,65.21695652173914,-9.374375,5.882352941176471,-12.5,8.69695652173913,15.78657894736842,24.137241379310346,False,True,False,True,False
16064,1,Bulgaria,Canada,0.0011764705882354781,-25.0,-25.0,8.694782608695652,8.822058823529412,50.00083333333333,23.077692307692306,0.0,10.528421052631577,8.333333333333334,20.835,57.14357142857143,False,,,False,True
16064,2,Bulgaria,Canada,-3.2254838709677416,7.693076923076922,-22.22222222222222,4.546818181818182,9.678064516129032,29.411176470588234,56.522608695652174,-3.9976,5.556111111111111,-16.668333333333333,13.639090909090912,64.70588235294117,False,False,True,False,True
16064,3,Bulgaria,Canada,7.499750000000001,-6.25,-36.36363636363637,14.28714285714286,-0.0010256410256411859,60.0,56.002399999999994,-8.333333333333334,-12.5,-7.142142857142857,24.001199999999997,37.5,False,False,True,False,True
16065,1,Poland,Türkiye,34.48241379310345,0.0,-24.998333333333335,28.57095238095238,13.791724137931034,0.0,31.032758620689656,-8.695217391304348,-37.500625,23.81047619047619,14.284642857142858,43.75,False,,,True,False
16065,2,Poland,Türkiye,40.74037037037037,-8.0,0.0011111111111101006,5.554444444444446,22.223333333333333,47.36842105263158,11.11111111111111,5.0,-18.181818181818183,21.738695652173913,2.6305263157894734,34.78173913043479,False,True,False,True,False
16065,3,Poland,Türkiye,51.2190243902439,-6.895862068965517,-71.42928571428571,24.0,12.191463414634146,26.667666666666666,51.218048780487806,-10.344827586206897,-37.50125,11.536153846153846,18.605116279069765,24.242727272727272,False,True,False,True,False
16066,1,Dominican Republic,Italy,11.428285714285714,5.882352941176471,-45.45636363636363,4.3478260869565215,13.889444444444443,31.817272727272726,43.33133333333333,0.0,7.6923076923076925,11.764705882352942,23.33066666666667,38.0947619047619,False,,,False,True
16066,2,Dominican Republic,Italy,24.000799999999998,-4.166666666666667,15.79,7.6923076923076925,16.666666666666668,36.84157894736842,6.451612903225806,-23.528823529411767,0.0,33.33095238095238,18.74875,10.0,False,False,True,True,False
16066,3,Dominican Republic,Italy,40.625,-15.9992,0.0,17.648235294117647,3.1243749999999997,49.999,30.767692307692307,-19.04714285714286,-46.668,14.998,26.921538461538464,13.334666666666667,False,True,False,True,False
16066,4,Dominican Republic,Italy,13.891111111111108,-9.090909090909092,-4.166250000000001,13.634545454545457,5.126153846153846,58.333333333333336,15.00025,-7.9996,0.0006666666666670077,24.996,26.31736842105263,40.74148148148148,False,True,False,False,True
16066,5,Dominican Republic,Italy,-0.002307692307692395,-18.181818181818183,-20.0,16.67,12.49875,12.5,26.31368421052632,-14.285714285714286,50.0,33.333333333333336,21.051578947368423,66.66666666666667,False,False,True,False,True
16067,1,Thailand,USA,18.181515151515153,-4.545,-33.333333333333336,18.181818181818183,18.181818181818183,55.55611111111111,23.076410256410256,0.0012000000000000454,-0.0006666666666660604,15.0,19.997999999999998,72.0004,False,,,False,True
16067,2,Thailand,USA,22.57903225806452,0.0,-28.571428571428573,22.726363636363637,6.453870967741936,0.001052631578946411,47.22222222222222,-12.0,-8.335,11.112777777777778,15.152727272727272,56.249375,False,False,True,False,True
16067,3,Thailand,USA,-0.0010714285714291197,5.882352941176471,7.691538461538461,13.635000000000002,20.0,15.0,32.431891891891894,-4.16625,16.666666666666668,11.765882352941176,16.66361111111111,63.1578947368421,False,False,True,False,True
16068,1,Japan,Korea,37.931724137931035,-11.999600000000001,-8.3325,35.71642857142857,41.37586206896551,41.666666666666664,9.092424242424244,-16.66611111111111,-23.076923076923077,5.0,21.21272727272727,32.0004,False,,,True,False
16068,2,Japan,Korea,24.240909090909092,-4.166666666666667,7.142142857142858,0.0,19.997714285714288,67.8575,-5.405405405405405,-14.285714285714286,-25.0,4.545454545454546,12.82102564102564,28.571428571428573,False,True,False,True,False
16068,3,Japan,Korea,45.16129032258065,-3.9991999999999996,-30.77,-5.555,34.485517241379306,44.44388888888889,30.77,0.0,-18.181818181818183,9.523809523809524,18.520370370370372,-4.545000000000001,False,True,False,True,False
16069,1,Brazil,Serbia,11.765882352941176,-8.695652173913043,-33.332,8.335416666666667,11.11111111111111,29.9995,11.111666666666666,0.0,-8.334166666666667,19.04714285714286,8.107297297297297,34.61653846153846,False,,,False,True
16069,2,Brazil,Serbia,25.80548387096774,-0.00040000000000020466,-6.25,19.997999999999998,6.253125,29.99866666666667,26.828780487804877,-27.27318181818182,-9.091818181818182,8.695217391304348,4.877317073170731,39.285000000000004,False,False,True,True,False
16069,3,Brazil,Serbia,30.768076923076926,0.0,-40.0,31.81681818181818,10.711785714285712,-10.0,39.999,-8.0008,-27.272727272727273,24.997499999999995,13.329333333333333,25.0,False,True,False,False,True
16069,4,Brazil,Serbia,43.477391304347826,-8.0008,6.251250000000001,11.11111111111111,5.265789473684211,61.53846153846154,-7.143571428571428,-16.6675,-42.857142857142854,26.086521739130436,9.999,0.0018749999999982947,False,False,True,True,False
16069,5,Brazil,Serbia,9.090909090909092,-7.142857142857143,30.0,33.333333333333336,9.090909090909092,45.0005,0.0,-24.998333333333335,22.22222222222222,30.76923076923077,4.351304347826087,41.1764705882353,False,True,False,True,False
16070,1,Canada,Türkiye,23.076923076923077,13.333333333333334,-66.66666666666667,-4.349130434782609,16.002,18.181818181818183,59.25777777777778,7.999199999999999,-40.0,20.0,18.51851851851852,86.666,False,,,False,True
16070,2,Canada,Türkiye,29.032258064516128,-21.73913043478261,-22.22222222222222,4.544545454545454,6.67,26.666666666666668,19.998857142857144,-4.16625,-18.181818181818183,55.55444444444444,9.093030303030304,62.49875,False,False,True,False,True
16070,3,Canada,Türkiye,7.896052631578947,-30.0005,-12.501249999999999,13.633636363636363,0.0,76.47176470588235,15.383076923076924,-12.0,-14.998500000000002,28.571428571428573,23.075769230769232,64.70647058823529,False,False,True,False,True
16071,1,Netherlands,Poland,54.83870967741935,-19.9996,-33.33222222222222,43.75125,32.142857142857146,4.544090909090909,53.57071428571428,-22.72681818181818,-66.66666666666667,0.0,12.904838709677419,31.818181818181817,False,,,True,False
16071,2,Netherlands,Poland,51.7248275862069,-8.695217391304348,-28.572142857142858,24.9995,18.51851851851852,6.250624999999999,34.375625,-4.545454545454546,-37.5,28.57095238095238,18.75,9.524285714285714,False,True,False,True,False
16071,3,Netherlands,Poland,34.09136363636364,-3.5714285714285716,-23.07730769230769,26.08608695652174,20.452045454545456,39.39575757575757,29.167083333333334,-11.537692307692309,-18.750625,15.384615384615385,10.866739130434782,41.93516129032258,False,True,False,True,False
16072,1,Bulgaria,China,38.46384615384615,-11.9992,20.0,-0.002105263157895066,28.0016,17.647058823529413,9.091818181818182,0.0005000000000002558,-57.14357142857143,36.36590909090909,32.25677419354839,12.5,False,,,True,False
16072,2,Bulgaria,China,-3.9983999999999993,0.0,-50.0,-8.335833333333333,4.0032,-0.0006666666666660604,68.42105263157895,11.998399999999998,0.0,14.284285714285714,34.998000000000005,81.25,False,True,False,False,True
16072,3,Bulgaria,China,-4.1674999999999995,-9.090909090909092,-50.0,4.346521739130433,19.232307692307693,10.001000000000001,55.001,4.166666666666667,-9.090909090909092,39.999,50.0,50.0,False,False,True,False,True
16072,4,Bulgaria,China,9.678064516129032,-13.332666666666666,-55.55555555555556,4.348260869565217,28.569285714285716,36.8421052631579,35.48516129032258,4.0,0.0018181818181827484,7.6923076923076925,19.352903225806454,56.52304347826087,False,False,True,False,True
16073,1,Germany,Japan,30.61265306122449,4.0004,-22.73,23.80857142857143,20.002200000000002,62.500249999999994,26.666166666666665,-8.695217391304348,-33.3325,4.16625,30.907636363636364,52.63,False,,,True,False
16073,2,Germany,Japan,14.814814814814815,-14.285714285714286,-44.44444444444444,-4.544545454545454,29.165000000000003,63.63545454545454,40.74037037037037,8.002400000000002,-25.0,16.669166666666666,28.000799999999998,62.5,False,True,False,False,True
16073,3,Germany,Japan,16.668,-4.0,0.0,27.77722222222222,20.689655172413794,53.33266666666667,13.333333333333334,-18.18136363636364,11.112222222222222,14.999500000000001,38.70870967741936,47.36842105263158,False,False,True,True,False
16073,4,Germany,Japan,34.145121951219515,-5.0,-41.17764705882353,25.000833333333333,30.76923076923077,42.85607142857143,42.22177777777778,-3.9995999999999996,-36.36272727272728,27.778888888888886,27.903720930232556,64.51645161290323,False,True,False,False,True
16073,5,Germany,Japan,55.55555555555556,0.0,66.66666666666667,-0.0033333333333334597,35.294117647058826,27.272727272727273,11.763529411764704,11.11111111111111,-25.0,7.1450000000000005,33.32944444444444,14.284285714285714,False,False,True,True,False
16074,1,Croatia,Korea,13.635909090909092,4.167916666666667,5.554444444444445,-0.0027272727272741226,33.33428571428571,77.42064516129032,10.870869565217392,0.00040000000000077306,0.0009090909090900823,24.998333333333335,16.665,51.513939393939395,False,,,True,False
16074,2,Croatia,Korea,13.514864864864865,0.0,-8.69608695652174,16.665555555555557,45.71171428571429,59.9992,7.142857142857143,-4.761428571428572,-7.693076923076922,12.499583333333334,17.072439024390246,59.9996,False,True,False,True,False
16074,3,Croatia,Korea,42.85642857142857,16.666666666666668,-7.693076923076924,14.285714285714286,14.284642857142858,61.903333333333336,12.904838709677417,6.666666666666667,-50.0,4.165,9.372187499999999,30.0005,False,True,False,True,False
16075,1,Serbia,Thailand,24.49122448979592,-8.0008,-50.00071428571429,12.498750000000001,14.894468085106384,52.778333333333336,35.896153846153844,-0.0008000000000004093,-9.090909090909092,26.084347826086958,9.522380952380953,29.41235294117647,False,,,False,True
16075,2,Serbia,Thailand,18.42105263157895,-13.635909090909092,-33.33533333333333,25.00208333333333,7.497749999999999,45.835,20.513333333333332,-4.0,-8.333333333333334,26.31578947368421,17.94871794871795,29.41205882352941,False,False,True,False,True
16075,3,Serbia,Thailand,54.84032258064516,-8.0,-21.052105263157895,25.0,13.78896551724138,49.99818181818182,18.420526315789473,0.0,-45.45545454545454,31.817272727272726,15.6240625,17.390434782608697,False,False,True,True,False
16075,4,Serbia,Thailand,29.41029411764706,8.0,33.333333333333336,33.333333333333336,19.357419354838708,44.827241379310344,3.0300000000000002,-7.6923076923076925,-10.001,0.0008000000000004093,8.823529411764707,28.0,False,True,False,True,False
16075,5,Serbia,Thailand,19.352903225806454,-6.25,-23.528823529411767,23.076923076923077,19.35483870967742,65.21782608695652,12.12030303030303,-7.142857142857143,-31.25,26.667333333333332,11.768235294117646,60.0,False,True,False,True,False
16076,1,Canada,Dominican Republic,8.89,-8.333333333333334,-0.0005555555555558397,0.0,23.25581395348837,76.0012,6.0606060606060606,-13.043478260869565,-10.000499999999999,-0.0019047619047622025,8.110270270270272,81.25,False,,,True,False
16076,2,Canada,Dominican Republic,-3.0296969696969693,-7.142857142857143,-57.14214285714286,8.698260869565217,24.245757575757576,75.0,40.74,-4.16625,20.0,0.0008333333333337597,12.001599999999998,52.94176470588235,False,True,False,False,True
16076,3,Canada,Dominican Republic,13.79241379310345,-23.529411764705884,-63.63636363636363,14.28761904761905,37.03333333333334,27.275454545454544,54.545,-16.001199999999997,-14.287857142857144,15.384615384615385,13.046086956521743,50.0,False,False,True,False,True
16076,4,Canada,Dominican Republic,17.143142857142855,-4.0,-10.52736842105263,21.051578947368423,19.998857142857144,52.63157894736842,19.44361111111111,-17.390869565217393,-29.41235294117647,8.69391304347826,5.558055555555555,63.15842105263158,False,False,True,True,False
16076,5,Canada,Dominican Republic,19.999200000000002,-10.0,-28.571428571428573,6.666666666666667,31.816363636363636,33.333333333333336,45.0025,0.0,25.0,0.0,0.0,21.05263157894737,False,True,False,False,True
16077,1,Italy,Netherlands,42.856785714285714,-22.726363636363637,-27.273636363636363,-0.00043478260869525673,25.0,45.45363636363636,43.477391304347826,0.0,-66.6675,23.529411764705884,38.1,-9.091818181818182,False,,,False,True
16077,2,Italy,Netherlands,53.125625,-4.0,-25.0,9.522380952380953,10.71142857142857,-13.635909090909092,41.935806451612905,0.0004545454545456871,-61.111111111111114,20.832916666666666,18.75,31.25,False,False,True,True,False
16077,3,Italy,Netherlands,37.142,4.1675,18.182727272727274,14.282857142857143,5.88,19.23076923076923,22.220555555555553,9.523809523809524,-52.942352941176466,29.165000000000003,11.107777777777777,52.63315789473684,False,True,False,True,False
16077,4,Italy,Netherlands,20.8325,-0.0005263157894732055,-75.00166666666667,15.79157894736842,19.048095238095236,9.090909090909092,53.847692307692306,-12.5,-42.857142857142854,0.0,16.66875,35.29588235294118,False,True,False,False,True
16077,5,Italy,Netherlands,31.03448275862069,0.0,33.333333333333336,11.764117647058825,17.24206896551724,37.50125,20.688620689655174,5.881764705882353,-23.077692307692306,27.778333333333332,25.00392857142857,15.78842105263158,False,False,True,True,False
16078,1,China,Poland,25.925555555555555,-10.000499999999999,-66.66666666666667,23.81,25.925925925925927,16.665,54.1675,-15.999600000000001,-20.0,0.0,20.836666666666666,22.221666666666668,False,,,False,True
16078,2,China,Poland,20.0,-4.16625,-34.78304347826087,22.73,27.030270270270268,75.001,22.501749999999998,-4.165833333333333,-12.50125,13.637727272727272,14.634146341463415,60.0,False,False,True,False,True
16078,3,China,Poland,48.485757575757575,0.0,-60.0,16.66541666666667,25.71542857142857,42.10526315789474,54.28257142857142,0.0,-40.0,22.726363636363637,5.884999999999999,9.524285714285714,False,False,True,False,True
16079,1,Brazil,Germany,35.89846153846154,-12.0,-26.08695652173913,45.454545454545446,26.313684210526315,65.38615384615385,18.18159090909091,0.0008695652173917492,-26.667333333333332,13.636363636363637,28.886000000000003,41.17735294117647,False,,,True,False
16079,2,Brazil,Germany,38.46,-3.9979999999999993,-31.249375,20.0,16.002,46.152307692307694,24.0,-16.665555555555557,-46.15384615384615,13.637727272727272,11.538461538461538,28.571428571428573,False,True,False,True,False
16079,3,Brazil,Germany,35.13513513513514,4.545,-55.555,9.523809523809524,8.334444444444443,54.545,44.9995,-8.000399999999999,-33.333333333333336,-4.763333333333334,29.26829268292683,55.55518518518519,False,True,False,False,True
16079,4,Brazil,Germany,31.425999999999995,-0.00040000000000020466,-40.001,31.24875,9.376249999999999,85.71428571428571,13.333333333333334,-5.882352941176471,7.6923076923076925,-4.348695652173913,9.67741935483871,5.2631578947368425,False,False,True,True,False
16080,1,Japan,USA,33.330555555555556,-4.166666666666667,-39.998000000000005,9.523333333333333,0.0,16.667333333333332,40.00142857142857,-8.3325,-34.9995,30.434782608695652,18.183939393939397,25.0005,False,,,False,True
16080,2,Japan,USA,25.0,0.0,33.33222222222222,41.665,14.586250000000001,26.829268292682926,27.273333333333333,4.166666666666667,-16.667083333333334,16.669166666666666,11.428285714285714,10.716071428571427,False,False,True,True,False
16080,3,Japan,USA,16.667333333333332,-3.9995999999999996,0.0015384615384623256,30.76923076923077,9.677741935483871,44.82827586206896,13.157368421052633,-31.57894736842105,0.0,9.090909090909092,10.002,53.84576923076923,False,True,False,True,False
16080,4,Japan,USA,31.708780487804876,-17.391304347826086,-55.55555555555556,18.179545454545455,2.5615384615384618,25.806451612903224,36.11055555555556,-8.0,-27.77722222222222,0.0005555555555558397,18.91702702702703,32.25645161290323,False,True,False,False,True
16080,5,Japan,USA,53.333333333333336,13.334666666666665,-14.284285714285714,16.666666666666668,0.0,58.3325,0.0033333333333334597,0.0,-57.144285714285715,6.667333333333333,17.648235294117647,-9.998999999999999,False,False,True,True,False
16081,1,Croatia,Serbia,30.301515151515154,-11.764117647058825,-66.66666666666667,13.043478260869565,9.090909090909092,7.142857142857143,51.513333333333335,4.166666666666667,-42.85785714285714,20.002,0.00058823529411753,57.690769230769234,False,,,False,True
16081,2,Croatia,Serbia,-0.000689655172414146,-9.090909090909092,-44.44444444444444,8.331666666666665,15.6253125,26.31578947368421,34.61423076923077,8.0,50.0,30.0,14.816666666666666,54.545,False,False,True,False,True
16081,3,Croatia,Serbia,27.272727272727273,-3.9995999999999996,-5.882352941176471,26.314736842105265,8.3325,26.666333333333334,21.62162162162162,-13.042608695652175,-30.76846153846154,13.637272727272727,13.156578947368422,35.714999999999996,False,False,True,True,False
16081,4,Croatia,Serbia,14.704411764705881,-11.764705882352942,-41.666666666666664,-8.695217391304348,20.001142857142856,34.78304347826087,30.301515151515154,3.9991999999999996,30.000999999999998,13.336000000000002,5.88,42.85857142857143,False,True,False,False,True
16082,1,Bulgaria,Netherlands,19.56695652173913,-16.666666666666668,-13.335333333333333,12.0,9.303488372093023,58.335,26.666666666666668,-3.8461538461538463,-10.0,-11.110555555555557,28.56964285714286,37.0362962962963,False,,,False,True
16082,2,Bulgaria,Netherlands,-2.857428571428571,-5.554444444444444,-22.22222222222222,18.181818181818183,15.153939393939394,50.0,29.031290322580645,-8.332916666666668,22.221111111111114,19.999333333333333,32.1425,38.09428571428572,False,False,True,False,True
16082,3,Bulgaria,Netherlands,7.407407407407407,-23.52823529411765,-44.44444444444444,-8.332083333333333,0.0,50.0,33.333333333333336,8.0,-23.529411764705884,0.0,36.84315789473684,22.22222222222222,False,False,True,False,True
16083,1,Dominican Republic,Türkiye,25.806451612903224,-4.167083333333333,-69.999,10.001,10.71142857142857,17.64764705882353,46.15346153846154,-12.499583333333334,0.0009999999999990906,18.180909090909093,24.135172413793107,28.572857142857142,False,,,False,True
16083,2,Dominican Republic,Türkiye,2.8571428571428577,-10.526315789473685,-57.142857142857146,0.0,3.033333333333333,61.53769230769231,26.08521739130435,-0.00040000000000020466,14.285,43.75,44.0,23.529411764705884,False,False,True,False,True
16083,3,Dominican Republic,Türkiye,31.42942857142857,0.0,-40.0,40.907272727272726,2.9411764705882355,43.748125,39.39212121212121,-4.347391304347826,-13.332666666666666,33.332857142857144,8.574,33.33277777777778,False,False,True,True,False
16083,4,Dominican Republic,Türkiye,10.810270270270271,0.0,-16.666666666666668,16.66625,0.0,37.500625,29.63111111111111,-3.846923076923077,0.0,49.99777777777777,27.583448275862068,36.8421052631579,False,True,False,False,True
16084,1,China,Italy,19.04642857142857,4.166666666666667,-12.49875,17.39304347826087,25.714285714285715,68.18181818181819,21.62027027027027,-4.166666666666667,0.0,4.548181818181818,16.216486486486485,70.83375,False,,,True,False
16084,2,China,Italy,7.31780487804878,-8.333333333333334,-11.11111111111111,9.090909090909092,26.194285714285716,64.28714285714285,15.382564102564102,-4.1675,20.0,22.726363636363637,7.894736842105263,66.66714285714286,False,True,False,False,True
16084,3,China,Italy,39.99933333333333,-4.16625,-20.0,38.46076923076923,28.568571428571428,59.09136363636364,31.2509375,-31.577894736842108,66.66666666666667,30.434782608695652,27.58655172413793,37.500625,False,False,True,True,False
16084,4,China,Italy,62.50125,-8.695652173913043,-20.000999999999998,33.331428571428575,17.647058823529413,-100.0,43.9988,-8.3325,-100.0,4.761904761904762,21.741739130434784,-0.0016666666666675194,False,True,False,False,True
16084,5,China,Italy,35.294117647058826,0.0,-20.0,41.666666666666664,29.410588235294117,18.182727272727274,58.821764705882345,-7.142857142857143,-25.0,46.15692307692307,25.000625,-10.0,False,False,True,False,True
16085,1,Brazil,USA,18.180909090909093,-8.695217391304348,-41.6675,23.811904761904763,9.087272727272728,23.81,32.143214285714286,-8.33375,-6.666666666666667,15.0,7.145357142857143,17.648235294117647,False,,,False,True
16085,2,Brazil,USA,18.75,-5.262631578947368,-15.383846153846154,8.333333333333334,9.375,50.000625,32.14357142857143,8.000399999999999,-42.85642857142857,17.65058823529412,11.541538461538464,73.334,False,False,True,False,True
16085,3,Brazil,USA,50.0,-8.695652173913043,-9.090909090909092,8.332500000000001,24.137931034482758,-15.79,42.8575,12.499583333333334,-80.001,9.52190476190476,13.788620689655172,43.75,False,False,True,False,True
16086,1,Croatia,Thailand,23.527352941176474,0.0,21.428571428571427,46.151538461538465,14.70705882352941,52.17391304347826,10.525526315789474,-23.52823529411765,-33.333333333333336,16.665000000000003,21.05526315789474,57.89368421052632,False,,,True,False
16086,2,Croatia,Thailand,39.39727272727272,0.00040000000000020466,-39.998000000000005,45.0,23.53235294117647,40.90772727272727,33.334848484848486,-9.090454545454547,-41.6675,29.166666666666668,33.332727272727276,15.0,False,True,False,True,False
16086,3,Croatia,Thailand,39.473684210526315,11.538076923076924,-7.142857142857143,16.664444444444445,10.257692307692308,39.39393939393939,37.83648648648648,-4.999499999999999,-58.82470588235294,7.997999999999999,16.666944444444443,51.849629629629625,False,True,False,True,False
16087,1,Germany,Korea,29.40941176470588,4.16625,0.0,11.11111111111111,23.527058823529412,53.84538461538462,17.143142857142855,-5.0,-53.846923076923076,4.347391304347826,17.64558823529412,42.10473684210526,False,,,True,False
16087,2,Germany,Korea,42.8575,-12.0008,0.0,35.71357142857143,24.135517241379308,48.0,13.513243243243243,-11.764705882352942,-29.999000000000002,13.638181818181817,10.52842105263158,40.0,False,True,False,True,False
16087,3,Germany,Korea,34.28628571428571,-7.998799999999999,-19.04714285714286,20.83458333333333,29.72702702702703,37.03703703703704,28.260434782608694,-3.703333333333333,-16.664166666666667,22.73045454545455,18.18227272727273,53.568928571428565,False,True,False,False,True
16087,4,Germany,Korea,56.52173913043478,-4.0004,40.0,40.0,17.393478260869564,49.99888888888889,12.501666666666667,-16.665833333333335,-85.71428571428571,4.545909090909091,-3.5714285714285716,38.46230769230769,False,False,True,True,False
16088,1,Dominican Republic,Germany,24.99857142857143,-10.525263157894736,-22.22222222222222,4.545454545454546,-3.0324242424242427,28.571428571428573,30.000999999999998,-0.0012000000000000454,-42.855714285714285,42.85785714285714,27.583448275862068,64.999,False,,,False,True
16088,2,Dominican Republic,Germany,14.283571428571431,-26.31578947368421,0.0,4.34695652173913,6.893793103448276,18.180909090909093,21.73913043478261,4.166666666666667,-8.333333333333332,42.85642857142857,40.91181818181818,19.999333333333333,False,False,True,False,True
16088,3,Dominican Republic,Germany,21.051578947368423,0.0,18.180909090909093,25.0,8.572571428571427,48.486666666666665,4.650697674418605,-5.262105263157895,-38.46230769230769,50.0,29.9985,31.03344827586207,False,False,True,True,False
16088,4,Dominican Republic,Germany,24.242727272727272,-4.3478260869565215,-36.36272727272728,4.761428571428572,3.0327272727272727,47.3678947368421,28.94684210526316,-0.00041666666666687985,-7.143571428571429,40.0,35.131621621621626,50.0,False,True,False,False,True
16089,1,Canada,Croatia,23.25395348837209,12.499166666666667,0.001176470588235896,9.090909090909092,15.553999999999998,53.57142857142857,17.4995,4.545454545454546,-16.666666666666668,12.499583333333334,12.819230769230769,33.33518518518518,False,,,True,False
16089,2,Canada,Croatia,32.25645161290323,-4.0,-46.666666666666664,11.764705882352942,6.8999999999999995,63.1578947368421,24.99861111111111,-19.048095238095236,-29.999000000000002,24.997500000000002,13.888333333333334,41.17588235294118,False,True,False,True,False
16089,3,Canada,Croatia,12.243673469387755,-7.40925925925926,-4.759999999999999,7.40925925925926,22.449591836734694,64.0004,0.00043478260869525673,3.704444444444445,-14.997499999999999,20.832916666666666,14.28857142857143,63.637272727272716,False,True,False,True,False
16090,1,Bulgaria,Korea,33.33416666666667,-19.23076923076923,-10.525789473684211,23.52823529411765,16.666666666666668,43.477391304347826,21.427380952380954,-18.18136363636364,-30.77076923076923,14.284285714285712,2.438048780487805,29.62814814814815,False,,,True,False
16090,2,Bulgaria,Korea,13.157894736842104,8.3325,-11.76529411764706,18.748125,13.157894736842104,69.56391304347825,2.9394117647058815,-10.525789473684211,-7.143571428571429,0.0,8.571428571428571,35.0,False,True,False,True,False
16090,3,Bulgaria,Korea,14.708235294117648,-4.0,-25.000999999999998,8.33375,14.708823529411765,38.88777777777778,4.999750000000001,12.0,-33.333333333333336,4.546363636363637,9.755121951219511,75.0,False,True,False,False,True
16090,4,Bulgaria,Korea,31.035172413793102,-12.5,-6.666666666666667,16.665,21.428571428571427,77.77777777777777,-0.00035714285714303983,-25.0,-33.33166666666667,15.789473684210526,17.243103448275864,42.10473684210526,False,False,True,True,False
16091,1,Netherlands,Thailand,33.3325,-7.142499999999999,-14.285714285714286,36.36409090909091,31.42571428571429,26.314736842105265,32.43378378378378,-15.383846153846154,-50.0,12.499166666666667,21.624594594594594,43.47782608695652,False,,,True,False
16091,2,Netherlands,Thailand,38.46230769230769,4.1675,-5.882941176470588,5.881764705882353,19.227692307692305,31.25,19.99942857142857,-10.526315789473685,-75.0,9.524285714285714,23.531764705882352,66.666,False,True,False,True,False
16091,3,Netherlands,Thailand,29.546363636363637,-3.9995999999999996,-25.0,23.53,23.254418604651164,63.636060606060596,25.001363636363635,-15.000499999999999,-39.99933333333333,-0.0021739130434787553,10.870434782608696,47.22388888888889,False,True,False,True,False
16092,1,Poland,USA,38.23352941176471,-4.0,10.526315789473685,50.000625,15.625,30.433913043478263,12.501,-5.882352941176471,-29.41176470588235,9.092272727272727,10.255384615384616,45.83166666666667,False,,,True,False
16092,2,Poland,USA,20.690344827586205,-13.332666666666666,-66.66833333333334,8.694782608695652,13.793448275862069,8.333333333333334,63.63636363636363,0.0,6.25,30.76923076923077,9.52,25.0,False,True,False,False,True
16092,3,Poland,USA,29.72972972972973,-19.230384615384615,-11.111666666666666,8.0,11.90547619047619,51.9996,13.33222222222222,3.8461538461538463,-20.0,19.04714285714286,15.905454545454546,73.91347826086957,False,False,True,False,True
16092,4,Poland,USA,32.60956521739131,-10.34551724137931,-16.666666666666668,35.71142857142857,17.391304347826086,38.09761904761905,27.497249999999998,-3.4482758620689653,-40.0,33.333333333333336,9.9975,54.545,False,False,True,True,False
16092,5,Poland,USA,39.130434782608695,-6.668000000000001,-33.33222222222222,38.46153846153846,7.9967999999999995,26.668,40.74222222222222,-13.333333333333334,-10.0,21.429285714285715,29.62740740740741,41.17764705882353,False,True,False,False,True
16093,1,Japan,Türkiye,30.232093023255814,-8.332916666666668,-9.090909090909092,8.692173913043478,14.283333333333333,39.1295652173913,28.57057142857143,-4.167916666666667,-10.526842105263157,14.286666666666665,25.71485714285714,43.47782608695652,False,,,True,False
16093,2,Japan,Türkiye,19.999999999999996,-16.0004,19.999000000000002,19.044285714285714,8.888,48.485454545454544,11.362954545454546,-4.3478260869565215,-23.074230769230766,15.001499999999998,24.44488888888889,57.14142857142857,False,True,False,True,False
16093,3,Japan,Türkiye,22.857714285714284,-9.524761904761906,-45.45363636363636,19.048095238095236,11.432,29.41176470588235,38.23558823529412,-11.9992,-16.66722222222222,15.79,23.532647058823528,52.631052631578946,False,True,False,False,True
16093,4,Japan,Türkiye,21.427380952380954,-23.529411764705884,-54.54636363636364,34.78217391304348,31.706829268292683,33.33444444444444,60.0008,-4.166666666666667,-10.526842105263158,38.46307692307692,14.284642857142858,36.36363636363637,False,False,True,False,True
16093,5,Japan,Türkiye,9.523809523809524,-0.0013333333333340155,60.0,0.0,14.286666666666665,66.66666666666667,-15.0,-11.11111111111111,-11.11111111111111,7.6923076923076925,20.002,58.333333333333336,False,False,True,True,False
16094,1,China,Serbia,11.538846153846153,0.0,-20.0,-0.0010000000000005115,34.61769230769231,35.29470588235294,42.85628571428572,0.002500000000000687,-50.001666666666665,35.712857142857146,11.761764705882353,68.42210526315789,False,,,False,True
16094,2,China,Serbia,35.294117647058826,0.0,-27.272727272727273,35.29529411764706,27.272727272727273,50.001,25.000357142857144,0.0,-27.271818181818183,9.092272727272727,12.123636363636365,36.36363636363637,False,False,True,True,False
16094,3,China,Serbia,42.858285714285714,-8.333333333333334,-70.001,37.499583333333334,21.61891891891892,52.942352941176466,44.44592592592593,4.16625,-27.273636363636363,38.095238095238095,20.689655172413794,16.665555555555557,False,True,False,False,True
16094,4,China,Serbia,47.82695652173913,-5.0,-54.54545454545455,17.391739130434782,26.090434782608693,-16.665833333333335,49.99964285714286,4.0004,-33.333333333333336,42.10578947368421,33.333333333333336,11.763529411764706,False,False,True,False,True
16095,1,Brazil,Italy,10.868260869565217,3.8461538461538463,-52.940588235294115,24.99791666666667,10.86608695652174,74.9985,31.577368421052633,-14.285357142857142,-5.0005,8.0,7.692051282051282,31.81863636363636,False,,,False,True
16095,2,Brazil,Italy,48.001599999999996,0.0,-60.0,23.52823529411765,17.393478260869564,9.090909090909092,42.307307692307695,-15.0,-14.285714285714286,13.044347826086955,11.541538461538464,-25.0,False,False,True,True,False
16095,3,Brazil,Italy,11.110555555555557,-5.2631578947368425,-14.286666666666665,39.130434782608695,2.630263157894737,66.66666666666667,19.510731707317074,-4.0012,14.285714285714286,11.111666666666666,14.635853658536584,47.9992,False,True,False,False,True
16095,4,Brazil,Italy,44.11676470588235,-7.999199999999999,-16.6675,26.315263157894737,15.154545454545456,40.0,37.92896551724138,-9.523809523809524,-60.0,9.092727272727274,10.71142857142857,11.762941176470587,False,False,True,True,False
16095,5,Brazil,Italy,43.74875,-6.666666666666667,40.0,55.556666666666665,5.88,25.0,9.523333333333333,-10.0,-57.14142857142857,14.289285714285715,14.283333333333333,50.0,False,True,False,True,False
16096,1,Germany,Poland,32.25774193548387,16.66625,-6.251250000000001,28.569285714285712,21.427500000000002,43.47826086956522,18.7496875,-12.5,-28.571428571428573,8.333333333333334,12.901935483870968,26.925769230769227,False,,,True,False
16096,2,Germany,Poland,16.215945945945947,-15.0,-41.6675,27.270909090909093,24.327567567567563,38.89055555555555,37.93206896551724,-8.334166666666667,-7.6923076923076925,47.05882352941177,32.259354838709676,35.294117647058826,False,True,False,False,True
16096,3,Germany,Poland,29.62851851851852,-15.789473684210526,-13.333333333333334,10.000499999999999,6.664000000000001,23.075384615384618,29.269024390243903,-4.0,-14.285714285714286,25.0,7.499249999999999,73.07692307692308,False,False,True,False,True
16096,4,Germany,Poland,42.10473684210526,-7.693076923076924,-35.71357142857143,27.77777777777778,14.706764705882351,45.45545454545454,37.930689655172415,-5.2631578947368425,-50.00111111111111,25.002499999999998,15.626875,15.789473684210526,False,False,True,True,False
16096,5,Germany,Poland,22.223333333333333,0.0,-18.181818181818183,24.999375,9.090909090909092,27.272727272727273,36.36363636363637,-5.881764705882353,0.0,26.663999999999998,14.288095238095238,-36.36363636363637,False,True,False,False,True
16097,1,Croatia,Netherlands,39.998666666666665,5.0,-57.142857142857146,8.333333333333334,7.406666666666666,-22.22277777777778,57.14178571428572,8.0,-29.41411764705882,19.996499999999997,15.383076923076922,16.667777777777776,False,,,False,True
16097,2,Croatia,Netherlands,-11.765,-8.333333333333334,-24.99875,4.545454545454546,8.333333333333334,42.10526315789474,34.78260869565217,-0.0008333333333337597,47.059411764705885,10.0,9.094090909090909,40.0005,False,False,True,False,True
16097,3,Croatia,Netherlands,5.881470588235294,-6.666666666666667,-11.11111111111111,11.9976,2.6323684210526315,47.05882352941177,29.63148148148148,4.0,-0.0012499999999988631,0.0,19.231923076923074,46.66733333333333,False,False,True,False,True
16098,1,Bulgaria,USA,-11.111944444444443,0.0,-28.571428571428573,-0.001428571428570806,-2.630526315789474,71.42904761904762,21.427142857142854,-4.16625,6.25,0.0,7.142142857142857,64.70705882352941,False,,,False,True
16098,2,Bulgaria,USA,2.6315789473684212,-11.764705882352942,-22.22222222222222,-4.546818181818182,5.714571428571428,44.446666666666665,33.33375,0.0012000000000000454,7.143571428571429,14.285714285714286,11.540769230769232,40.90954545454545,False,False,True,False,True
16098,3,Bulgaria,USA,-3.7037037037037037,-11.11111111111111,0.0,20.0005,25.925925925925927,33.333333333333336,33.33190476190477,-8.333333333333334,23.076923076923077,20.000666666666667,27.775,0.0009090909090913742,False,False,True,False,True
16099,1,Brazil,Canada,27.027027027027028,-6.666333333333333,-16.666666666666668,29.169166666666666,22.225277777777777,35.714999999999996,26.666,-7.1432142857142855,-6.666666666666667,7.694230769230767,30.003999999999998,7.142142857142858,False,,,True,False
16099,2,Brazil,Canada,10.256153846153847,-9.090454545454547,-16.666666666666668,25.000833333333333,23.072820512820513,68.74812499999999,19.35451612903226,-0.0008000000000004093,24.998333333333335,10.523684210526316,15.150909090909092,42.10473684210526,False,True,False,False,True
16099,3,Brazil,Canada,14.635609756097562,-8.332916666666668,0.0,23.075769230769232,14.631463414634146,60.00066666666667,24.241515151515152,0.0,16.66611111111111,19.05,3.0284848484848483,47.06,False,False,True,False,True
16099,4,Brazil,Canada,35.8974358974359,-8.333333333333334,-7.689999999999999,44.998000000000005,25.641025641025642,55.556666666666665,26.82951219512195,-9.090454545454547,-8.3325,40.90954545454545,20.930232558139537,68.18181818181819,False,False,True,True,False
16099,5,Brazil,Canada,19.227692307692305,-6.25,-22.223333333333333,15.383846153846154,8.0,52.93941176470588,27.58586206896552,-18.749375,9.090909090909092,13.331999999999999,10.343793103448276,68.75,False,True,False,False,True
16100,1,Dominican Republic,Korea,33.332121212121216,-3.8473076923076923,0.002352941176471792,33.333888888888886,17.649117647058826,79.999,2.7775000000000007,0.0,-21.05315789473684,34.78217391304348,24.996944444444445,44.44444444444444,False,,,True,False
16100,2,Dominican Republic,Korea,45.451818181818176,-8.333333333333334,-16.666666666666668,18.75,27.26878787878788,49.999545454545455,25.806451612903224,-10.526315789473685,-54.54454545454546,14.285238095238096,36.36030303030304,31.57894736842105,False,True,False,True,False
16100,3,Dominican Republic,Korea,58.3325,-7.9996,-25.0,15.384615384615385,14.285714285714286,71.42857142857143,15.383846153846154,-6.25,-57.144285714285715,9.523809523809524,29.165000000000003,23.077692307692306,False,True,False,True,False
16101,1,Thailand,Türkiye,12.5,-33.33266666666667,-66.66666666666667,30.432608695652174,3.2245161290322577,33.333333333333336,41.668749999999996,-4.000800000000001,38.46076923076923,39.998000000000005,4.761904761904762,14.999500000000001,False,,,False,True
16101,2,Thailand,Türkiye,-2.631315789473684,6.25,-22.223333333333333,30.43521739130435,7.689743589743589,55.0005,36.0004,0.00041666666666687985,36.36363636363637,13.333333333333334,7.406666666666666,30.434782608695652,False,False,True,False,True
16101,3,Thailand,Türkiye,13.514054054054055,-10.001,33.33166666666667,33.333333333333336,15.790263157894737,14.286190476190475,25.0015625,4.001600000000001,0.0,44.44555555555556,12.50375,39.13,False,False,True,False,True
16102,1,Bulgaria,Poland,22.727272727272727,3.5714285714285716,-14.998,-4.35,0.0018181818181817794,54.165416666666665,26.830487804878047,-7.692692307692307,-27.27318181818182,0.0007407407407411197,19.509268292682926,45.45590909090909,False,,,True,False
16102,2,Bulgaria,Poland,0.0,-10.526315789473685,-31.250625,15.0,10.001333333333331,53.33266666666667,29.628518518518515,-15.999600000000001,-7.6938461538461524,0.0,18.517407407407408,50.00111111111111,False,True,False,False,True
16102,3,Bulgaria,Poland,19.44388888888889,-11.764117647058825,-83.33333333333333,-9.090909090909092,2.857142857142857,35.294117647058826,52.172608695652166,4.166666666666667,-9.998999999999999,13.332666666666666,22.22222222222222,40.90954545454545,False,False,True,False,True
16102,4,Bulgaria,Poland,14.284285714285714,6.6659999999999995,-50.00083333333333,-0.0009090909090913742,-3.3333333333333335,28.570714285714285,55.55555555555556,-7.9996,-15.384615384615385,-6.6659999999999995,25.002142857142854,85.71428571428571,False,False,True,False,True
16103,1,Canada,Italy,34.20947368421053,0.0,-11.11111111111111,27.270000000000003,14.632682926829267,60.713928571428575,25.641025641025642,0.0013043478260870058,0.0,4.544545454545454,13.512162162162161,24.138965517241378,False,,,True,False
16103,2,Canada,Italy,25.926666666666666,-8.3325,-33.333333333333336,20.000999999999998,22.22222222222222,16.666666666666668,38.45961538461539,-12.499166666666667,-18.181818181818183,40.0,25.928888888888892,60.0,False,True,False,False,True
16103,3,Canada,Italy,-19.229615384615386,14.285,-7.6923076923076925,13.045217391304346,22.22222222222222,15.384615384615385,34.615,0.0008000000000004093,45.45454545454545,7.142857142857143,20.000799999999998,100.0,False,False,True,False,True
16103,4,Canada,Italy,22.857142857142858,-11.538461538461538,-14.285,5.2631578947368425,8.823529411764707,64.9995,13.890277777777778,-16.665833333333335,0.0,26.08478260869565,13.887777777777778,42.10526315789474,False,False,True,True,False
16103,5,Canada,Italy,27.272727272727273,0.0,0.0,16.665833333333335,0.0,-69.999,76.92307692307692,-13.333333333333334,-25.0,0.0011111111111116794,28.568571428571428,71.42857142857143,False,True,False,False,True
16104,1,Germany,Serbia,3.224838709677419,-0.000588235294117948,-11.11,36.36545454545455,23.33133333333333,-4.761904761904762,43.333333333333336,-11.999600000000001,-7.6923076923076925,12.5,32.25806451612903,60.001,False,,,False,True
16104,2,Germany,Serbia,36.66733333333333,-3.9995999999999996,-20.0,19.9995,24.135172413793107,-4.545454545454546,37.4996875,-13.042608695652175,-71.42857142857143,13.636363636363637,3.125,40.0005,False,False,True,True,False
16104,3,Germany,Serbia,18.52,-0.0012500000000006395,-25.0,8.696521739130436,11.10925925925926,-14.284761904761906,54.1675,3.9991999999999996,-18.181818181818183,-0.002142857142857224,18.182727272727274,43.75,False,True,False,False,True
16104,4,Germany,Serbia,39.53418604651163,-13.793448275862069,-18.180454545454545,33.333333333333336,19.51048780487805,39.13086956521739,38.7769387755102,-17.240344827586206,-33.333333333333336,20.000799999999998,9.999600000000001,64.28571428571429,False,False,True,False,True
16105,1,Japan,Netherlands,21.214242424242425,0.0004545454545456871,-62.50125,21.738695652173913,14.708235294117648,4.3478260869565215,42.308846153846154,-4.0,-8.333333333333334,5.266315789473684,31.03862068965517,29.999000000000002,False,,,False,True
16105,2,Japan,Netherlands,8.105945945945944,-5.555,0.0016666666666675194,13.044782608695654,24.327567567567563,11.9992,31.035172413793102,4.16625,20.00133333333333,18.74875,24.137931034482758,30.43521739130435,False,False,True,False,True
16105,3,Japan,Netherlands,28.946315789473687,0.0012500000000000473,-50.0,35.003,16.665,26.92538461538462,36.11027777777778,-13.04391304347826,-35.0,17.390869565217393,15.789473684210526,36.36454545454546,False,False,True,True,False
16105,4,Japan,Netherlands,23.807380952380953,-23.80952380952381,-66.66666666666667,26.08695652173913,25.63948717948718,61.53846153846154,50.001,-0.0008333333333337597,-19.04714285714286,13.332666666666666,0.0,9.523333333333333,False,True,False,False,True
16106,1,China,Dominican Republic,28.205641025641025,7.999199999999999,-50.001,63.15736842105263,26.313157894736843,21.42678571428571,22.5,-5.0,-44.44444444444444,11.9992,12.501,47.82826086956521,False,,,True,False
16106,2,China,Dominican Republic,25.806451612903224,-9.999500000000001,0.0,29.999000000000002,38.71,4.0,43.33233333333333,-7.9996,18.181818181818183,11.11111111111111,17.241724137931033,30.0,False,True,False,False,True
16106,3,China,Dominican Republic,19.35225806451613,3.9995999999999996,-23.076923076923077,44.44444444444444,25.80516129032258,30.434782608695652,19.445,-13.635909090909092,25.0,16.665416666666665,18.42052631578947,16.667916666666667,False,False,True,True,False
16106,4,China,Dominican Republic,30.768846153846155,-10.0,-16.666666666666668,16.66583333333333,29.62740740740741,-6.25,35.713928571428575,8.0008,-30.0,29.410588235294117,3.8461538461538463,25.000625,False,True,False,False,True
16106,5,China,Dominican Republic,33.333888888888886,0.0,0.0,38.46230769230769,29.998,45.45272727272727,45.45409090909091,0.0,-83.33333333333333,35.712857142857146,8.697826086956523,60.0,False,False,True,False,True
16107,1,Brazil,Türkiye,18.181818181818183,-17.391304347826086,-66.66666666666667,35.0,6.058181818181818,0.0,31.251875,-16.665416666666665,-13.336000000000002,21.051578947368423,9.088484848484848,55.555,False,,,False,True
16107,2,Brazil,Türkiye,12.903225806451612,-18.75,-35.714285714285715,20.832083333333333,6.249375,7.6923076923076925,37.92896551724138,-4.0,0.0,38.46230769230769,22.22222222222222,68.750625,False,False,True,False,True
16107,3,Brazil,Türkiye,13.953953488372093,0.0,-12.500625,23.07730769230769,13.336000000000002,42.85657142857143,18.75,3.8461538461538463,-6.25,27.27045454545454,4.444,44.827241379310344,False,False,True,False,True
16108,1,Dominican Republic,Serbia,22.223333333333333,0.0004347826086958746,-27.271818181818183,9.525238095238095,2.780555555555556,36.0,38.236176470588234,-8.332916666666668,-0.0005263157894739535,27.270000000000003,20.002285714285716,28.570476190476192,False,,,False,True
16108,2,Dominican Republic,Serbia,35.483548387096775,-4.166666666666667,0.0,14.285714285714286,3.12375,63.63636363636363,12.904193548387095,-12.5,-26.666666666666668,22.72681818181818,11.430285714285715,58.8235294117647,False,False,True,True,False
16108,3,Dominican Republic,Serbia,38.462051282051284,-12.5,-23.527647058823533,20.83375,2.856,26.31578947368421,39.998000000000005,0.0,-14.285,9.524761904761906,11.11111111111111,28.0,False,True,False,False,True
16108,4,Dominican Republic,Serbia,30.000666666666667,-12.5,-8.333333333333334,5.2631578947368425,15.384615384615385,50.0,3.845769230769231,-0.0005000000000002558,-42.857142857142854,-5.555555555555555,19.232307692307693,42.857142857142854,False,False,True,True,False
16108,5,Dominican Republic,Serbia,52.630526315789474,-6.666666666666667,-33.33111111111111,11.11111111111111,0.0,40.0,19.231923076923074,-10.0,-50.00071428571429,28.572857142857142,46.150769230769235,71.42857142857143,False,True,False,True,False
16109,1,China,Korea,56.66833333333333,0.0,-37.5,-7.6923076923076925,30.434782608695652,92.85571428571428,12.904193548387095,7.142857142857143,-14.285714285714286,13.04304347826087,12.902903225806451,23.810952380952383,False,,,True,False
16109,2,China,Korea,44.825172413793105,15.9988,-50.0015,27.77777777777778,21.8784375,78.94736842105263,37.142857142857146,-9.523333333333333,-20.0,0.0012500000000000473,26.468529411764706,35.001,False,True,False,True,False
16109,3,China,Korea,20.689655172413794,-14.285714285714286,-45.45454545454545,17.39304347826087,20.831666666666667,-14.285714285714286,26.667333333333332,-3.9995999999999996,14.285714285714286,16.667777777777776,26.666666666666668,42.85666666666667,False,True,False,False,True
16109,4,China,Korea,41.6675,0.0,4.349130434782608,16.665833333333335,32.0036,64.70705882352941,4.759999999999999,-13.333333333333334,-28.57,8.0024,17.946923076923078,40.0,False,False,True,True,False
16110,1,Croatia,Italy,-17.24137931034483,-13.333333333333334,-33.333333333333336,9.522380952380953,10.0,50.0,16.667777777777776,-4.1675,8.332500000000001,25.0,18.181818181818183,91.30434782608695,False,,,False,True
16110,2,Croatia,Italy,8.822647058823529,0.0,-9.090909090909092,0.0,18.751875,19.997999999999998,34.48275862068966,8.0008,13.331999999999999,25.003125,6.669,76.47058823529412,False,False,True,False,True
16110,3,Croatia,Italy,5.2631578947368425,0.0,-35.29529411764706,17.390434782608697,15.789473684210526,38.888888888888886,27.49975,-0.00041666666666687985,0.0,27.778888888888886,7.502,68.0,False,False,True,False,True
16111,1,Germany,USA,23.07794871794872,-26.08695652173913,-20.0,19.048095238095236,7.894736842105263,33.333333333333336,26.315,-8.334166666666667,-23.076923076923077,11.765882352941176,5.26,55.172413793103445,False,,,False,True
16111,2,Germany,USA,35.89692307692308,4.167083333333333,-13.635909090909092,26.31578947368421,5.126666666666667,57.144285714285715,21.951463414634148,0.0,-21.053684210526313,17.389130434782608,12.197073170731707,20.0,False,False,True,True,False
16111,3,Germany,USA,27.586206896551722,0.0004347826086958746,-13.636363636363637,4.545454545454546,13.794137931034482,22.727272727272727,24.390731707317073,4.1674999999999995,-42.857142857142854,14.286190476190475,15.0,53.846923076923076,False,True,False,False,True
16111,4,Germany,USA,16.129677419354838,-7.6923076923076925,-30.000999999999998,20.833333333333332,15.152424242424244,6.250624999999999,50.00071428571429,4.0004,-12.5,18.181818181818183,14.283928571428572,65.0,False,False,True,False,True
16112,1,Canada,Netherlands,39.39393939393939,-4.0004,-20.0,23.078461538461536,17.142857142857142,11.764705882352942,44.82586206896552,0.0,-13.332666666666666,9.089090909090908,7.407407407407407,13.334666666666667,False,,,False,True
16112,2,Canada,Netherlands,24.999166666666667,-19.999200000000002,50.00083333333333,36.36363636363637,11.538461538461538,53.334666666666664,-8.825294117647061,-31.25125,-30.76923076923077,29.9995,8.821176470588235,69.23,False,False,True,True,False
16112,3,Canada,Netherlands,-6.452258064516128,5.555,0.0,4.546363636363637,9.376249999999999,53.33266666666667,22.580645161290324,-4.000800000000001,-14.285714285714286,33.330555555555556,17.24137931034483,63.63636363636363,False,True,False,False,True
16112,4,Canada,Netherlands,6.05969696969697,0.001200000000000614,-14.285714285714286,21.052105263157895,18.18,66.665,16.667777777777776,-17.391304347826086,19.999000000000002,25.0,11.110555555555557,44.999,False,False,True,True,False
16112,5,Canada,Netherlands,30.434347826086956,7.142857142857143,0.0,12.5,4.549090909090909,81.249375,19.048095238095236,-19.999000000000002,-50.0,-7.142857142857143,0.0,57.14214285714286,False,True,False,True,False
16113,1,Japan,Thailand,33.33358974358974,-4.16625,-6.667333333333334,12.50125,15.785526315789474,56.0,13.158421052631578,-10.526315789473685,-16.666666666666668,9.523809523809524,25.712,66.66666666666667,False,,,True,False
16113,2,Japan,Thailand,22.22083333333333,4.0008,-9.090909090909092,19.046666666666667,28.568571428571428,61.90428571428571,14.704411764705881,-4.545454545454546,-21.428571428571427,4.166666666666667,11.76235294117647,44.443333333333335,False,True,False,True,False
16113,3,Japan,Thailand,26.668,-8.333333333333334,-20.000666666666667,27.775555555555556,8.88888888888889,81.4811111111111,13.043695652173913,-9.523333333333333,-37.5,14.282380952380953,23.810238095238095,83.33333333333333,False,True,False,True,False
16114,1,Bulgaria,Serbia,34.28371428571429,4.166666666666667,-15.791052631578946,-0.0014285714285721593,5.885294117647059,65.0005,19.999714285714287,9.523809523809524,-44.9995,0.0,18.91891891891892,69.999,False,,,True,False
16114,2,Bulgaria,Serbia,-12.001599999999998,0.0,-8.333333333333334,0.0,-3.7037037037037037,49.99916666666667,25.925555555555555,-12.5,10.0,24.998124999999998,33.33296296296297,62.49875,False,True,False,False,True
16114,3,Bulgaria,Serbia,5.555277777777778,-14.285714285714286,-22.22222222222222,8.695652173913043,5.713428571428571,29.165833333333335,31.2509375,0.0,-5.883529411764705,25.0,6.666666666666667,63.99879999999999,False,False,True,False,True
16114,4,Bulgaria,Serbia,30.770384615384614,16.0,0.0,-5.882352941176471,8.699130434782608,33.33222222222222,9.678387096774193,17.64588235294118,-46.666666666666664,-4.166666666666667,29.029999999999998,50.0,False,False,True,True,False
16114,5,Bulgaria,Serbia,-14.285714285714286,0.0,-25.0,23.076923076923077,7.140000000000001,-12.5,62.500625,-7.142857142857143,42.855714285714285,0.0,7.140714285714286,81.81818181818181,False,True,False,False,True
16115,1,Korea,Poland,11.76529411764706,13.044347826086955,-54.54545454545455,34.78260869565217,11.762058823529411,36.36363636363637,39.285000000000004,-7.9996,-24.999000000000002,-9.526666666666667,14.284285714285714,69.23,False,,,False,True
16115,2,Korea,Poland,14.706176470588234,-5.263684210526316,-55.556666666666665,5.0015,17.144,25.925185185185185,48.27758620689655,-12.498750000000001,-11.112222222222222,23.531764705882352,13.336000000000002,54.54318181818181,False,False,True,False,True
16115,3,Korea,Poland,-0.0003124999999997158,-18.749375,0.0,0.0,10.344827586206897,36.36363636363637,26.08782608695652,0.0,6.666666666666667,33.333333333333336,21.737826086956524,35.29294117647059,False,False,True,False,True
16116,1,Croatia,Türkiye,4.347826086956523,-20.0,-40.0,10.527368421052632,3.9983999999999997,50.0,46.42821428571428,-16.666666666666668,12.5,33.335,11.538461538461538,58.822941176470586,False,,,False,True
16116,2,Croatia,Türkiye,21.620810810810813,-4.347391304347826,-50.0,33.33083333333334,8.108108108108109,28.570476190476192,33.332564102564106,-3.9995999999999996,-0.0007142857142850646,38.095238095238095,12.19780487804878,51.85111111111111,False,False,True,False,True
16116,3,Croatia,Türkiye,7.6923076923076925,-15.789473684210526,-20.0,4.76047619047619,8.69304347826087,-9.090909090909092,26.923076923076923,-4.167083333333333,-33.33416666666667,37.500625,31.996799999999997,76.92307692307692,False,False,True,False,True
16117,1,China,USA,14.705588235294117,-0.0005263157894739535,-58.333333333333336,15.0,6.058181818181818,52.6321052631579,40.53918918918919,-16.6675,-14.285714285714286,11.111666666666666,20.58529411764706,68.42105263157895,False,,,False,True
16117,2,China,USA,48.14851851851852,4.166666666666667,-30.76846153846154,17.646470588235296,11.541538461538464,53.333333333333336,37.930689655172415,-10.0,-83.33333333333333,8.695652173913043,36.66866666666667,5.555555555555555,False,False,True,True,False
16117,3,China,USA,36.36318181818182,-9.999500000000001,-11.11111111111111,22.22222222222222,8.69826086956522,-6.668000000000001,51.61322580645161,-20.833333333333332,-30.770769230769233,16.667777777777776,22.580645161290324,53.33466666666667,False,True,False,False,True
16117,4,China,USA,51.426857142857145,-4.166666666666667,-21.430714285714284,26.314736842105265,6.451612903225806,9.523809523809524,36.11277777777778,-9.523809523809524,-64.28571428571429,8.695217391304348,13.158947368421051,35.0,False,False,True,True,False
16117,5,China,USA,66.666,-13.332666666666666,18.181818181818183,37.49875,26.67,33.3325,0.00043478260869525673,0.0,-71.42999999999999,23.076923076923077,27.272727272727273,50.0,False,True,False,True,False
16118,1,Italy,Japan,26.470882352941175,-12.500416666666666,21.429285714285715,9.091818181818182,19.997714285714288,78.26130434782608,7.89421052631579,4.16625,-14.285,5.0,14.288,49.998333333333335,False,,,True,False
16118,2,Italy,Japan,26.31578947368421,-8.0,12.5025,24.999000000000002,5.126153846153846,54.168749999999996,19.997999999999998,-8.694782608695652,-23.076923076923077,47.82608695652174,2.563076923076923,37.03740740740741,False,True,False,True,False
16118,3,Italy,Japan,24.137241379310346,0.0,-20.00133333333333,-16.666666666666668,3.447241379310345,53.333333333333336,35.29294117647059,11.999600000000001,-18.17909090909091,12.49875,9.086666666666668,47.618095238095236,False,True,False,False,True
16118,4,Italy,Japan,19.999555555555556,-12.0,-4.1675,27.26954545454545,4.655116279069768,69.56478260869565,7.316341463414635,0.0,-25.0,28.571428571428573,2.4414634146341463,40.73851851851852,False,False,True,True,False
16119,1,Brazil,Thailand,42.42454545454545,-4.0,-11.763529411764706,35.294117647058826,40.625,57.89473684210526,29.413235294117644,-9.999500000000001,-14.285714285714286,16.6675,8.823529411764707,18.750625,False,,,True,False
16119,2,Brazil,Thailand,53.5725,-8.333333333333334,19.999000000000002,25.0,21.42642857142857,31.81772727272727,17.24241379310345,5.881176470588235,-25.0,14.285714285714286,8.82294117647059,27.77722222222222,False,True,False,True,False
16119,3,Brazil,Thailand,20.586764705882356,-12.000399999999999,0.002307692307692395,33.33190476190477,17.142857142857142,49.999375,12.500625,-8.695217391304348,-9.091818181818182,33.33571428571428,22.580645161290324,26.316315789473684,False,True,False,True,False
16120,1,Germany,Poland,3.8461538461538463,15.384615384615385,-25.001666666666665,34.78217391304348,24.99857142857143,-14.285714285714286,57.14392857142856,0.0008333333333337597,-11.112222222222222,15.383846153846154,17.24206896551724,100.0,True,,,False,True
16120,2,Germany,Poland,31.705121951219514,-0.0012500000000006395,-30.0,23.81095238095238,7.314146341463415,44.0008,28.571142857142856,-4.545,-31.57894736842105,4.761428571428572,14.285142857142858,57.14333333333333,True,False,True,True,False
16120,3,Germany,Poland,27.273636363636363,-18.180454545454545,-27.272727272727273,60.0025,26.46588235294118,36.8421052631579,37.5,-16.666666666666668,11.112222222222222,11.11111111111111,2.9394117647058824,23.076923076923077,True,True,False,False,True
16120,4,Germany,Poland,34.09136363636364,-4.16625,-18.75,24.001199999999997,26.19285714285714,60.0,39.02219512195121,0.0,-40.00066666666667,19.046190476190475,12.82128205128205,42.85821428571428,True,False,True,False,True
16121,1,Japan,USA,8.333958333333333,-4.166666666666667,-11.11111111111111,20.000999999999998,4.444444444444445,47.05882352941177,19.567608695652176,-12.500416666666666,-15.78736842105263,18.18136363636364,17.776,53.33233333333333,True,,,False,True
16121,2,Japan,USA,24.9985,-23.808095238095238,0.0,17.390434782608697,12.824102564102565,22.22259259259259,33.331818181818186,-7.999199999999999,-17.646470588235296,18.750625,22.580645161290324,40.0008,True,False,True,False,True
16121,3,Japan,USA,12.820512820512821,4.0,-22.223333333333333,30.77,16.214594594594594,70.37037037037037,13.636363636363637,-27.77611111111111,-5.263684210526316,16.001199999999997,6.664666666666667,58.333333333333336,True,False,True,True,False
16121,4,Japan,USA,22.49925,0.0,-41.666666666666664,8.694782608695652,2.38,42.857142857142854,44.73447368421052,-4.0,-14.284761904761906,16.666666666666668,16.666666666666668,54.16708333333333,True,True,False,False,True
16122,1,Brazil,China,11.904285714285713,4.545454545454546,0.0,29.165000000000003,23.909999999999997,34.48344827586207,28.125625,0.0,-12.5,14.999,30.301818181818184,52.0004,True,,,False,True
16122,2,Brazil,China,29.62888888888889,-14.999,-44.446666666666665,18.18136363636364,44.443703703703704,-20.0,54.54499999999999,-11.999600000000001,-25.0,23.529411764705884,26.084347826086955,24.999166666666667,True,False,True,False,True
16122,3,Brazil,China,22.58225806451613,4.0004,-45.45454545454545,35.296470588235294,27.272727272727273,72.22277777777778,21.43035714285714,-9.998999999999999,-7.6923076923076925,4.548181818181818,11.998,50.0,True,False,True,True,False
16122,4,Brazil,China,23.81047619047619,-17.390869565217393,-18.181818181818183,33.3325,26.18904761904762,49.99944444444444,29.03322580645161,-3.9995999999999996,11.764705882352942,0.0,16.127741935483872,4.0,True,True,False,False,True
16123,1,Italy,Türkiye,9.676774193548388,-4.762380952380953,-15.385384615384615,22.730909090909094,16.131612903225808,31.24875,24.138620689655173,-4.166666666666667,0.0,11.11,6.896551724137931,50.0,True,,,False,True
16123,2,Italy,Türkiye,12.120000000000001,-19.999333333333333,-11.11111111111111,13.042608695652175,12.124848484848485,17.648235294117647,42.308846153846154,-0.0012000000000000454,-6.665333333333333,24.999166666666667,16.0,36.36363636363637,True,False,True,False,True
16123,3,Italy,Türkiye,9.677741935483871,-10.526315789473685,-27.271818181818183,13.045217391304346,13.7948275862069,-16.6675,40.908181818181816,-4.166666666666667,11.763529411764706,13.333333333333334,4.352173913043478,30.77,True,False,True,False,True
16124,1,China,Poland,39.284642857142856,-3.9995999999999996,-12.500625,7.142857142857143,42.30692307692308,66.66555555555556,15.788684210526316,-16.66722222222222,-27.272727272727273,37.5,17.948974358974358,58.82411764705882,True,,,True,False
16124,2,China,Poland,40.001666666666665,-8.334583333333333,-26.666666666666668,26.314210526315787,20.689655172413794,17.647058823529413,37.92896551724138,-16.66625,-23.076923076923077,18.18318181818182,25.928518518518516,50.0,True,True,False,True,False
16124,3,China,Poland,63.9992,3.9995999999999996,-43.75,26.317894736842106,34.77913043478261,50.00142857142857,48.57085714285714,-8.695652173913043,-60.0,15.998800000000001,15.154545454545456,44.44444444444444,True,True,False,True,False
16125,1,Türkiye,USA,29.031290322580645,-0.0008000000000004093,-30.000999999999998,23.53058823529412,10.002666666666668,64.70588235294117,20.51076923076923,-14.286190476190475,9.090909090909092,8.335833333333335,2.7040540540540543,35.001,True,,,True,False
16125,2,Türkiye,USA,30.76923076923077,-16.66625,27.273636363636363,15.384615384615385,3.8438461538461537,75.0,-8.332916666666668,-13.333333333333334,-11.11111111111111,5.0,0.0,-0.0007142857142850646,True,True,False,True,False
16125,3,Türkiye,USA,13.88861111111111,-7.999199999999999,-5.264736842105264,-4.764285714285714,9.090909090909092,36.0,17.500999999999998,-7.999199999999999,38.46230769230769,13.635909090909092,5.261842105263159,31.818181818181817,True,True,False,False,True
16125,4,Türkiye,USA,8.571142857142858,-3.8461538461538463,-0.0004166666666662877,18.180454545454545,14.70794117647059,42.10631578947368,11.361590909090907,-15.38423076923077,-5.882352941176471,20.000799999999998,4.549090909090909,42.10473684210526,True,False,True,True,False
16126,1,Poland,USA,42.85857142857143,0.0012500000000006395,-6.667333333333334,14.285714285714286,17.85857142857143,68.42105263157895,10.712857142857144,-0.0012500000000006395,-38.46,-4.761904761904762,10.714285714285714,17.646470588235296,True,,,True,False
16126,2,Poland,USA,15.152121212121212,-5.881764705882353,-38.46,19.04714285714286,-0.00027777777777791986,45.45363636363636,37.144,-8.333333333333334,-5.2631578947368425,6.6659999999999995,18.752499999999998,57.14190476190476,True,True,False,False,True
16126,3,Poland,USA,20.00125,0.0,10.0,10.526315789473685,7.689230769230769,59.09045454545455,9.3746875,-5.0,-22.727272727272727,0.002857142857143642,6.450967741935483,23.80809523809524,True,False,True,True,False
16126,4,Poland,USA,6.2496875,-15.788947368421054,-25.0,22.72772727272727,5.88264705882353,41.17588235294118,27.9984,-4.167916666666667,7.142857142857143,12.49875,23.07461538461538,33.334666666666664,True,True,False,False,True
16126,5,Poland,USA,39.9995,-18.75,-15.384615384615385,23.076923076923077,0.0,30.0,22.727272727272727,-12.499375,-30.000999999999998,30.76846153846154,13.639090909090912,40.0,True,False,True,True,False
16127,1,China,Türkiye,26.666,-13.04391304347826,-25.0,13.042608695652175,34.481034482758616,13.332666666666666,30.436956521739127,4.166666666666667,-21.428571428571427,11.111666666666666,13.047391304347824,31.25,True,,,False,True
16127,2,China,Türkiye,39.99885714285714,-12.5,-11.11111111111111,-14.285714285714286,15.150909090909092,63.9996,17.64764705882353,8.694782608695652,-33.33416666666667,34.9995,21.873124999999998,35.001999999999995,True,False,True,True,False
16127,3,China,Türkiye,26.666,-5.0,-33.333333333333336,28.57,9.092727272727274,24.999583333333334,48.388064516129035,-8.331666666666665,-7.140714285714284,11.112777777777778,17.142285714285713,58.333333333333336,True,True,False,False,True
16127,4,China,Türkiye,6.451290322580645,-18.75,-50.0,18.18045454545455,18.75,49.99875,38.45961538461539,-7.9996,23.07461538461538,23.076923076923077,13.043478260869565,52.94117647058823,True,False,True,False,True
18957,1,Bulgaria,Netherlands,2.6315789473684212,-13.333333333333334,-6.251250000000001,17.389565217391304,5.2631578947368425,33.3325,22.857142857142858,-4.166666666666667,-6.668000000000001,7.6923076923076925,17.143142857142855,68.0008,False,,,False,True
18957,2,Bulgaria,Netherlands,24.9996875,-14.999500000000001,-14.285714285714286,4.547272727272727,9.090909090909092,38.09571428571429,34.28628571428571,-8.0,-23.076923076923077,6.249375,25.807096774193546,70.0,False,False,True,False,True
18957,3,Bulgaria,Netherlands,17.073414634146342,8.695217391304348,-0.0007142857142860797,0.0,7.694358974358975,49.999583333333334,24.390731707317073,4.167083333333333,-29.41,0.0,29.73108108108108,70.0,False,False,True,False,True
18958,1,Italy,Poland,19.998,-7.407777777777778,-24.999000000000002,4.761428571428572,17.142857142857142,61.9052380952381,26.82780487804878,-14.814814814814815,-0.0009090909090913742,12.499166666666667,14.998499999999998,47.62,False,,,False,True
18958,2,Italy,Poland,33.33533333333333,-8.695217391304348,-23.077692307692306,8.69608695652174,6.896551724137931,35.71357142857143,38.46423076923077,0.0012000000000000454,7.141428571428571,30.002,16.002,0.0,False,False,True,False,True
18958,3,Italy,Poland,25.71457142857143,-9.09,-18.180909090909093,20.834166666666665,10.81162162162162,69.23,25.71485714285714,0.0,-38.46076923076923,20.0,20.58588235294118,38.88777777777778,False,False,True,False,True
18959,1,China,Korea,54.16833333333333,-3.9988,10.0,0.0,47.82304347826087,64.28571428571429,13.044347826086955,-6.667333333333334,20.0,-9.092727272727274,17.390434782608697,0.0009999999999990906,False,,,True,False
18959,2,China,Korea,42.856785714285714,-4.165833333333333,-7.142142857142858,21.428571428571427,27.588275862068965,66.66666666666667,6.896896551724137,-11.764117647058825,0.0,9.522857142857143,14.287499999999998,28.57,False,True,False,True,False
18959,3,China,Korea,42.30769230769231,-7.997999999999999,19.998,0.0007692307692311628,23.9976,71.42857142857143,-13.04391304347826,0.0,11.112222222222222,23.81,29.169166666666666,-0.0007142857142850646,False,True,False,True,False
18960,1,Brazil,Canada,38.711290322580645,-7.6923076923076925,-16.66722222222222,34.9985,22.5841935483871,29.41176470588235,30.00075,-16.66625,-46.666000000000004,9.090000000000002,28.202564102564104,77.77777777777777,False,,,True,False
18960,2,Brazil,Canada,23.811190476190475,-17.389999999999997,-31.25,29.999000000000002,5.0,48.0,30.95285714285714,-19.999200000000002,-22.221111111111114,26.313684210526315,5.0,51.85148148148148,False,True,False,False,True
18960,3,Brazil,Canada,20.00025,-3.8461538461538463,-0.0009090909090913742,5.001,9.998,44.446296296296296,23.07948717948718,-8.33375,-33.33416666666667,27.999200000000002,17.073170731707318,50.001363636363635,False,False,True,True,False
18960,4,Brazil,Canada,56.249375,8.334583333333333,50.0,-8.3325,6.664666666666666,22.22222222222222,-18.18045454545455,15.383846153846154,-28.571428571428573,8.697391304347827,17.391304347826086,-14.287142857142856,False,True,False,True,False
18961,1,France,Germany,40.00033333333333,-13.636363636363637,-20.0,22.726363636363637,19.35709677419355,90.9090909090909,43.75,-7.999199999999999,-20.0,21.052105263157895,44.8303448275862,53.333333333333336,False,,,False,True
18961,2,France,Germany,-3.225483870967742,-6.667333333333334,-0.0014285714285701293,-0.0008695652173917492,9.68032258064516,41.17588235294118,31.815909090909088,12.502083333333333,12.501875,0.0,13.639090909090912,66.66666666666667,False,False,True,False,True
18961,3,France,Germany,39.998000000000005,0.0,-20.002,4.166249999999999,10.001666666666667,71.42857142857143,50.00153846153846,8.0008,60.0,-5.2631578947368425,11.113333333333335,53.33266666666667,False,False,True,False,True
18962,1,Japan,Türkiye,28.57,-12.0008,-13.333333333333334,18.181818181818183,9.526666666666667,66.66666666666667,20.512564102564102,0.0,-21.051052631578944,36.36090909090909,21.61891891891892,65.001,False,,,True,False
18962,2,Japan,Türkiye,21.43,4.1675,0.0018750000000009592,14.287142857142856,6.816818181818181,83.33333333333333,15.555555555555555,-0.0004545454545456871,-15.79,13.044347826086955,23.81142857142857,66.66708333333334,False,True,False,True,False
18962,3,Japan,Türkiye,18.91756756756757,-4.166666666666667,-75.0,25.002000000000002,5.88,65.0,39.284285714285716,-12.5,14.285714285714286,25.0025,6.898965517241379,41.666666666666664,False,True,False,False,True
18962,4,Japan,Türkiye,14.284571428571429,-14.999500000000001,-15.385384615384615,9.09,19.445555555555554,61.90428571428571,19.51219512195122,-4.0,0.0,17.64588235294118,13.160263157894736,65.21826086956521,False,False,True,False,True
18962,5,Japan,Türkiye,39.9985,13.333333333333334,-28.571428571428573,20.0,-5.2631578947368425,41.666666666666664,24.999166666666667,-9.090909090909092,-20.002000000000002,6.665333333333333,4.549090909090909,59.999,False,False,True,True,False
18963,1,Thailand,USA,28.572142857142858,0.0004347826086958746,-37.5,11.11111111111111,11.11111111111111,50.00055555555556,45.16290322580645,-12.500833333333333,-30.76923076923077,28.571428571428573,31.03448275862069,76.92384615384616,False,,,False,True
18963,2,Thailand,USA,21.95,-4.166666666666667,-30.0,29.413529411764703,8.107837837837838,59.09090909090909,10.526052631578947,-9.998999999999999,-13.331333333333331,13.637727272727274,20.0,61.903333333333336,False,False,True,True,False
18963,3,Thailand,USA,-3.3336666666666663,-7.6923076923076925,-44.44444444444444,14.286190476190475,24.99785714285714,73.33200000000001,46.15615384615384,-4.168333333333333,0.0,16.665833333333335,20.0004,81.25,False,True,False,False,True
18963,4,Thailand,USA,25.807741935483868,-16.66722222222222,-57.142857142857146,12.499583333333334,12.903548387096773,40.0,52.17434782608696,0.0,-13.332666666666666,21.428571428571427,22.72909090909091,75.0,False,False,True,False,True
18964,1,Dominican Republic,Serbia,28.125,-8.333333333333334,7.689230769230769,0.0,6.0606060606060606,69.56478260869565,5.88264705882353,-10.526842105263157,-42.855714285714285,4.761904761904762,18.17939393939394,56.25,False,,,True,False
18964,2,Dominican Republic,Serbia,34.28371428571428,-7.9996,-12.499375,6.2475,0.0,52.6321052631579,9.3740625,0.000588235294117948,-15.384615384615385,-0.0019047619047622025,11.428571428571429,32.0012,False,True,False,True,False
18964,3,Dominican Republic,Serbia,2.6331578947368426,-4.761904761904762,0.0018181818181827484,-4.167083333333333,2.5674358974358973,88.23529411764706,12.5,4.0,24.999375,14.999,21.213939393939395,27.272727272727273,False,True,False,False,True
18964,4,Dominican Republic,Serbia,24.44222222222222,-12.0008,-25.000833333333333,23.527058823529412,8.695,67.64676470588235,18.91864864864865,-15.0,-15.382692307692308,23.807619047619045,17.073170731707318,69.23076923076923,False,False,True,True,False
18965,1,Germany,Italy,-6.2496875,-17.646470588235296,-14.287142857142856,0.0,12.500625,61.11222222222222,19.231923076923074,-4.165,19.999333333333333,38.46384615384615,25.0,52.6321052631579,False,,,False,True
18965,2,Germany,Italy,22.578387096774193,-24.999375,-50.0,16.665,36.36515151515152,52.942352941176466,35.9992,8.0012,22.22,25.0,8.333333333333334,21.737391304347828,False,False,True,False,True
18965,3,Germany,Italy,27.586896551724138,3.9995999999999996,-16.666666666666668,22.22222222222222,39.285714285714285,23.80857142857143,32.14178571428572,-14.285714285714286,-14.285714285714286,-4.546818181818182,28.56714285714286,26.31578947368421,False,False,True,True,False
18965,4,Germany,Italy,25.805806451612902,4.544545454545454,-18.749375,12.5,18.184242424242427,22.22222222222222,37.499375,-4.0,15.384615384615385,9.52142857142857,24.9975,33.33380952380952,False,True,False,False,True
18966,1,Bulgaria,Japan,-2.5,-23.076153846153847,-42.857142857142854,27.27409090909091,15.789473684210526,20.83458333333333,36.664,-12.0,0.0,30.0,20.68758620689655,57.690384615384616,False,,,False,True
18966,2,Bulgaria,Japan,24.99875,-31.25,27.272727272727273,4.347391304347826,21.74,-33.333333333333336,36.0,8.332916666666668,-9.998999999999999,36.36363636363637,20.835,37.5,False,False,True,False,True
18966,3,Bulgaria,Japan,10.713928571428571,-13.333333333333334,-22.223333333333333,13.635454545454547,26.924615384615382,53.84461538461539,38.45961538461539,0.0,-20.0,30.76923076923077,26.08695652173913,33.33416666666667,False,False,True,False,True
18967,1,Netherlands,Türkiye,0.001111111111112206,-19.999333333333333,-25.0,13.636818181818182,6.895862068965517,53.84615384615385,47.61904761904762,-4.165833333333333,6.250625,33.33416666666667,0.0,41.66583333333333,False,,,False,True
18967,2,Netherlands,Türkiye,41.9341935483871,-0.0008333333333337597,-14.285,21.049473684210525,17.857142857142858,38.888333333333335,44.11735294117647,-16.666666666666668,-25.0,34.780869565217394,5.717142857142858,45.45363636363636,False,False,True,True,False
18967,3,Netherlands,Türkiye,15.151818181818182,4.165,-30.76923076923077,27.272727272727273,-3.125,55.55555555555556,26.317105263157895,-8.3325,-11.108888888888888,30.433478260869567,5.712000000000001,64.70588235294117,False,True,False,False,True
18967,4,Netherlands,Türkiye,12.90258064516129,-22.221111111111114,40.001999999999995,9.089999999999998,6.666666666666667,57.142857142857146,26.08695652173913,0.001199999999999477,-6.667333333333333,28.570714285714285,4.170833333333333,66.66533333333334,False,False,True,False,True
18968,1,Brazil,Korea,46.42928571428571,-8.333333333333334,-0.0007142857142850646,33.333333333333336,33.33083333333334,84.61384615384615,11.538076923076924,-6.25,0.0,4.761428571428572,44.001599999999996,70.0,False,,,True,False
18968,2,Brazil,Korea,43.9988,3.9995999999999996,-41.66583333333333,47.06,40.002,33.333333333333336,32.001599999999996,-10.526315789473685,-60.0,-0.00041666666666747193,33.33037037037037,12.5,False,True,False,True,False
18968,3,Brazil,Korea,29.031935483870967,-12.5,0.0009090909090900823,23.528823529411767,33.33555555555555,76.92307692307692,-13.044782608695652,0.0,-42.857142857142854,10.000499999999999,34.61846153846154,18.75,False,True,False,True,False
18969,1,China,USA,11.765,-16.667083333333334,-16.667777777777776,10.526315789473685,11.427428571428571,54.999,16.665714285714284,-20.8325,0.0,19.999000000000002,20.0,66.66708333333334,False,,,False,True
18969,2,China,USA,31.708292682926828,-4.167916666666667,12.5,5.000500000000001,15.001999999999999,52.0004,27.026486486486487,-4.166666666666667,-15.385384615384615,30.43304347826087,31.432,56.24875,False,False,True,True,False
18969,3,China,USA,39.39151515151515,3.9988,0.0012500000000006395,9.998499999999998,19.35483870967742,42.10368421052631,29.41205882352941,4.545454545454546,-19.999000000000002,25.0,24.998055555555556,84.61692307692307,False,True,False,True,False
18969,4,China,USA,46.4275,0.0016666666666669272,0.0008333333333337597,55.555,17.24137931034483,64.70588235294117,29.72864864864865,-10.001000000000001,-60.0,22.726363636363637,20.002000000000002,66.66666666666667,False,True,False,True,False
18970,1,Canada,Dominican Republic,34.48068965517241,-4.1658333333333335,-40.0,5.5566666666666675,20.688620689655174,58.333333333333336,28.571785714285713,-14.285238095238096,-9.998999999999999,-4.759047619047619,10.347586206896553,31.25,False,,,True,False
18970,2,Canada,Dominican Republic,24.391951219512194,-8.0,-22.22,20.0,13.158947368421051,72.7259090909091,16.216756756756755,-4.763333333333334,-21.05315789473684,4.547272727272727,12.820512820512821,66.66666666666667,False,True,False,True,False
18970,3,Canada,Dominican Republic,16.278837209302324,-4.167916666666667,-4.543181818181818,-5.0,12.196097560975609,62.16351351351352,13.725882352941175,-8.695652173913043,-16.665833333333335,9.094090909090909,0.0,70.00033333333334,False,True,False,True,False
18971,1,Germany,Japan,41.935806451612905,-4.761904761904762,-37.50125,20.834999999999997,21.8784375,37.500625,51.61322580645162,0.0,0.0,17.64941176470588,12.903225806451612,63.15684210526316,False,,,False,True
18971,2,Germany,Japan,13.160263157894738,0.0,-66.66666666666667,43.479565217391304,40.54135135135135,66.66666666666667,44.828620689655175,4.164999999999999,14.285714285714286,43.750625,17.857499999999998,60.869565217391305,False,False,True,False,True
18971,3,Germany,Japan,28.946315789473687,-4.545454545454546,-20.000999999999998,28.56952380952381,35.13513513513514,65.38653846153846,32.65469387755102,-11.9992,-28.571428571428573,47.61857142857143,8.698695652173912,67.85571428571428,False,False,True,False,True
18972,1,France,Poland,11.110833333333334,-9.524285714285714,0.0,18.180000000000003,2.4975,54.54681818181818,31.428285714285714,-7.998399999999999,6.249375,38.88666666666666,25.714,58.3325,False,,,False,True
18972,2,France,Poland,-4.0008,-12.5,100.0,4.348260869565218,-3.8461538461538463,30.0,22.221666666666668,4.0,23.078461538461536,16.666666666666668,17.647058823529413,55.55555555555556,False,False,True,False,True
18972,3,France,Poland,13.158157894736842,-11.109444444444444,-71.42857142857143,19.04714285714286,-0.003157894736842225,47.61904761904762,34.28514285714286,-8.332916666666668,16.666666666666668,53.33266666666667,25.710571428571427,64.28535714285714,False,False,True,False,True
18973,1,Bulgaria,Italy,12.0,-9.090909090909092,-75.0,-0.0008333333333337597,-0.0003846153846155814,70.0,60.86739130434782,3.9995999999999996,15.383076923076924,-11.113333333333335,33.336190476190474,70.58823529411765,False,,,False,True
18973,2,Bulgaria,Italy,23.807380952380953,-8.694347826086956,-17.647058823529413,4.34695652173913,12.50075,53.84384615384616,24.99818181818182,0.0008333333333337597,-14.999,25.000999999999998,15.384615384615385,58.33375,False,False,True,False,True
18973,3,Bulgaria,Italy,7.691538461538461,0.0005263157894739535,10.0,-8.694782608695652,10.812432432432432,58.335,19.44361111111111,4.000800000000001,-14.285714285714286,11.763529411764706,9.67741935483871,57.692692307692305,False,False,True,False,True
18974,1,Serbia,Thailand,49.99966666666667,-4.16625,18.75,7.693846153846154,9.676451612903225,100.0,3.225806451612903,0.0,-22.22222222222222,19.05,12.904838709677422,29.410588235294117,False,,,True,False
18974,2,Serbia,Thailand,43.33533333333333,-10.344827586206897,-19.04714285714286,17.390869565217393,16.126774193548385,40.0,23.075384615384618,-7.407777777777778,-16.666666666666668,13.043478260869565,2.6315789473684212,43.47782608695652,False,True,False,True,False
18974,3,Serbia,Thailand,32.35294117647059,-12.5,19.999333333333333,10.525263157894734,18.75,57.142380952380954,-2.7024324324324325,5.0,-14.285714285714286,5.000500000000001,13.512972972972973,53.84615384615385,False,True,False,True,False
18975,1,Canada,China,30.951190476190472,0.0012500000000006395,-8.69608695652174,0.0,11.904761904761905,57.69307692307692,23.809047619047618,-4.3478260869565215,-26.666666666666668,34.78217391304348,13.953488372093023,76.0008,False,,,True,False
18975,2,Canada,China,30.553611111111113,0.0014285714285721593,-35.714999999999996,-13.636818181818182,28.568571428571428,27.272727272727273,42.42545454545454,8.332916666666668,-9.090909090909092,11.11,16.666666666666668,39.998333333333335,False,True,False,False,True
18975,3,Canada,China,21.274893617021277,8.332916666666668,-27.77777777777778,20.83375,40.0,70.00033333333334,27.498,0.0,25.0,-4.545454545454546,15.786052631578947,29.730540540540538,False,False,True,True,False
18975,4,Canada,China,31.248437499999998,7.999199999999999,-9.09,15.789473684210526,29.62740740740741,23.078461538461536,32.35294117647059,-4.545454545454545,-33.33416666666667,4.544545454545454,6.249062499999999,57.142380952380954,False,True,False,True,False
18976,1,Brazil,USA,53.573214285714286,0.0012000000000000454,-23.528823529411767,29.999000000000002,-3.225806451612903,26.085652173913044,24.99722222222222,4.545,-53.846923076923076,0.0012500000000000473,21.62162162162162,23.528823529411767,False,,,True,False
18976,2,Brazil,USA,27.778888888888886,-8.33375,8.333333333333334,41.665,0.0,33.333333333333336,-0.0007692307692311628,-29.41235294117647,-20.0,-5.001,25.000833333333333,18.181818181818183,False,True,False,True,False
18976,3,Brazil,USA,20.929069767441863,0.0,-25.001875,4.545454545454546,7.319268292682926,17.856785714285714,39.47236842105263,0.0,-16.666666666666668,10.525789473684211,10.522105263157894,37.03666666666667,False,True,False,False,True
18976,4,Brazil,USA,13.953720930232558,4.166666666666667,-14.286190476190475,43.751875,7.14,81.81818181818181,13.512432432432433,-20.0,-3.9991999999999996,4.165,24.9975,29.9985,False,False,True,True,False
18977,1,Netherlands,Poland,37.93310344827586,-14.285238095238096,-17.648235294117647,-9.52095238095238,9.67741935483871,47.06,36.84236842105263,-4.16625,-30.0,11.11111111111111,7.891578947368421,50.00083333333333,False,,,False,True
18977,2,Netherlands,Poland,17.071463414634145,4.166666666666667,-30.434782608695652,12.501249999999999,10.52763157894737,36.36363636363637,25.64,-3.8457692307692306,13.333333333333334,4.545,5.130769230769231,67.9996,False,False,True,False,True
18977,3,Netherlands,Poland,23.333333333333332,0.0,-30.0,17.39217391304348,7.146428571428571,12.50125,46.667,0.0,-15.384615384615385,11.767058823529412,13.79586206896552,56.25,False,False,True,False,True
18978,1,Bulgaria,France,41.934516129032254,-8.33375,-27.272727272727273,29.40941176470588,12.902258064516129,55.55611111111111,27.584827586206895,-15.0,-35.714285714285715,23.81047619047619,13.794827586206896,72.72727272727273,False,,,True,False
18978,2,Bulgaria,France,31.03448275862069,4.545,-100.0,17.389565217391304,10.711428571428572,7.6923076923076925,51.852222222222224,0.0,-8.333333333333334,4.999,26.92615384615385,66.66666666666667,False,True,False,False,True
18978,3,Bulgaria,France,3.3316666666666683,-9.09,-57.142857142857146,25.00208333333333,17.856428571428573,20.0,68.18272727272728,-3.9995999999999996,0.0009090909090913742,-0.0011111111111116794,28.57238095238095,55.55444444444444,False,False,True,False,True
18978,4,Bulgaria,France,11.320188679245284,3.5721428571428566,-19.047619047619047,3.8461538461538463,1.9230769230769231,65.625,21.42904761904762,3.5714285714285716,-9.094090909090909,12.000399999999999,7.143809523809523,53.56928571428572,False,False,True,False,True
18979,1,Italy,Türkiye,14.285714285714286,-7.691538461538461,-26.665333333333333,25.000416666666666,7.689230769230769,53.333999999999996,21.874375,-3.8461538461538463,-13.041739130434784,13.635909090909092,12.905806451612905,43.75,False,,,False,True
18979,2,Italy,Türkiye,35.483870967741936,4.167083333333333,-31.250625,27.779999999999998,6.896551724137931,21.428571428571427,39.284642857142856,-18.18136363636364,-12.5,9.523333333333333,11.108888888888888,66.66666666666667,False,False,True,True,False
18979,3,Italy,Türkiye,18.181818181818183,4.0012,-25.00125,12.5,0.0,53.333999999999996,33.33185185185185,-23.808095238095238,-16.665833333333335,17.39217391304348,3.7066666666666666,35.714285714285715,False,True,False,True,False
18979,4,Italy,Türkiye,38.71,-4.1675,-7.692307692307692,29.41235294117647,7.406666666666666,37.5,35.998,-9.998999999999999,-13.333333333333334,4.545454545454546,0.0,100.0,False,True,False,True,False
18980,1,China,Serbia,17.50025,4.761904761904762,-37.500625,26.08695652173913,22.50275,55.556296296296296,33.33244444444445,-8.0,30.76923076923077,14.285714285714286,15.555555555555555,71.42785714285715,False,,,False,True
18980,2,China,Serbia,43.33266666666667,8.0012,12.5,14.285714285714286,20.689655172413794,55.001,21.875,-6.6659999999999995,-33.333333333333336,-0.0013043478260870058,18.184242424242424,66.66666666666667,False,False,True,True,False
18980,3,China,Serbia,25.925925925925927,0.00041666666666687985,-10.0,13.333333333333334,27.9972,38.46076923076923,11.997599999999998,-15.789473684210526,-7.693076923076924,4.347391304347826,23.075769230769232,30.0,False,True,False,True,False
18980,4,China,Serbia,42.855357142857144,3.8461538461538463,16.666666666666668,17.647058823529413,34.61615384615384,44.44388888888889,13.79241379310345,5.555555555555555,-37.5,19.23076923076923,20.689655172413794,27.272727272727273,False,True,False,True,False
18981,1,Dominican Republic,Korea,49.9995,0.0016666666666669272,-28.572857142857142,11.11111111111111,21.05526315789474,53.33266666666667,17.390869565217393,-28.572857142857142,-28.572857142857142,-0.0004999999999995453,28.000799999999998,13.333333333333334,False,,,True,False
18981,2,Dominican Republic,Korea,38.235,0.0008000000000004093,0.0,5.555,10.526052631578947,70.37037037037037,11.110555555555557,5.262631578947368,-36.36272727272728,-9.091363636363637,14.703529411764706,44.9995,False,True,False,True,False
18981,3,Dominican Republic,Korea,38.234117647058824,4.167083333333333,-35.714999999999996,15.790526315789473,13.888333333333334,63.63681818181818,27.498,-9.523809523809524,-26.666,13.042608695652175,21.055526315789475,36.36409090909091,False,True,False,True,False
18982,1,Canada,Thailand,39.999,4.16625,-33.333333333333336,11.108333333333333,26.66466666666667,31.249375,30.768974358974358,-18.18136363636364,-33.333333333333336,16.669166666666666,12.5,36.8421052631579,False,,,True,False
18982,2,Canada,Thailand,42.857619047619046,0.00040000000000077306,14.286428571428571,-11.11111111111111,13.638636363636362,66.66533333333334,-3.449655172413794,-23.077692307692306,-37.49875,9.092272727272727,10.344827586206897,46.666666666666664,False,True,False,True,False
18982,3,Canada,Thailand,22.49975,-24.9985,-7.6923076923076925,21.74,21.050526315789472,52.0008,20.454772727272726,0.00040000000000020466,-8.3325,6.666666666666667,6.818181818181818,62.4996875,False,True,False,False,True
18982,4,Canada,Thailand,44.114411764705885,-4.0,-20.0,20.002,25.806451612903224,54.1675,24.241212121212122,-11.764117647058825,-41.666666666666664,8.695652173913043,9.090909090909092,31.57894736842105,False,False,True,True,False
18983,1,Germany,Netherlands,28.571190476190477,-9.091363636363637,-33.333333333333336,21.738695652173913,9.522857142857143,44.44481481481481,36.11027777777778,0.00041666666666687985,0.0,39.998000000000005,18.923243243243242,19.23,False,,,False,True
18983,2,Germany,Netherlands,29.62888888888889,-16.66625,5.881764705882354,22.221111111111114,14.813333333333333,38.095238095238095,8.106756756756756,-9.090909090909092,-22.22222222222222,40.001,14.285142857142858,31.25,False,False,True,True,False
18983,3,Germany,Netherlands,41.66777777777778,-12.49875,-37.5,-0.0031818181818185176,2.8608571428571428,21.051052631578944,53.5725,-4.166666666666667,-22.22222222222222,5.2631578947368425,10.344827586206897,43.75,False,True,False,False,True
18983,4,Germany,Netherlands,0.00047619047619038143,-15.0,6.6659999999999995,49.99909090909091,14.634634146341464,63.63590909090909,11.764705882352942,-8.000399999999999,5.882352941176471,17.64764705882353,12.899354838709677,47.368947368421054,False,False,True,False,True
18984,1,Brazil,Serbia,41.37827586206897,-4.1658333333333335,13.332666666666666,7.6923076923076925,6.664,70.58882352941177,11.536538461538461,-18.749375,-35.714285714285715,0.0,22.221851851851852,26.667333333333332,False,,,True,False
18984,2,Brazil,Serbia,44.44305555555556,-4.000800000000001,-40.001,6.248749999999999,5.885294117647059,69.56565217391304,27.026756756756757,0.0,-50.0,17.39,8.108108108108109,31.81681818181818,False,True,False,True,False
18984,3,Brazil,Serbia,27.272424242424243,-4.166666666666667,-0.0012500000000006395,22.220555555555556,14.288,56.001599999999996,11.766176470588235,-5.000500000000001,-21.427857142857142,4.546363636363637,5.2631578947368425,45.45409090909091,False,True,False,True,False
18985,1,Japan,Poland,9.30186046511628,-11.999600000000001,0.0,34.999,7.320975609756098,62.5,25.71142857142857,-19.999200000000002,21.053684210526313,15.001,21.21212121212121,61.90333333333332,False,,,False,True
18985,2,Japan,Poland,35.294117647058826,-4.999499999999999,-21.428571428571427,22.728181818181817,20.003,5.882352941176471,50.00058823529412,-8.000399999999999,-20.0,31.57894736842105,17.648235294117647,61.111111111111114,False,False,True,False,True
18985,3,Japan,Poland,22.22088888888889,-4.16625,-42.855714285714285,36.36272727272728,11.11,53.84615384615385,38.89111111111111,-8.332916666666668,-21.051578947368423,36.36227272727273,22.860285714285716,50.0,False,False,True,False,True
18986,1,France,Türkiye,13.512702702702704,-4.999999999999999,-28.571428571428573,-9.089545454545453,0.0,40.0,30.76846153846154,8.334166666666667,13.333333333333334,5.884705882352941,36.36,14.287619047619046,False,,,False,True
18986,2,France,Türkiye,15.626875,-12.499375,-40.00066666666667,11.998399999999998,2.86,49.99944444444444,20.0,7.9996,0.0,50.00142857142857,31.25,77.27227272727272,False,False,True,False,True
18986,3,France,Türkiye,3.8449999999999998,10.0,0.0009999999999990906,14.285238095238096,0.0,21.052105263157895,35.13540540540541,-8.333333333333334,0.0,26.315263157894737,17.240689655172414,41.665416666666665,False,False,True,False,True
18987,1,Dominican Republic,USA,27.4985,-12.5,-11.765882352941176,23.808095238095238,15.790526315789473,32.1425,29.546136363636364,-12.5,-30.0015,57.14142857142857,32.55627906976744,70.36888888888889,False,,,False,True
18987,2,Dominican Republic,USA,23.528823529411767,-14.999500000000001,-36.36272727272728,21.738260869565217,11.764411764705883,27.77777777777778,29.41205882352941,0.0,-6.25,29.41176470588235,21.21272727272727,63.63590909090909,False,False,True,False,True
18987,3,Dominican Republic,USA,17.239310344827587,-5.2631578947368425,-4.762380952380953,-4.3478260869565215,3.027878787878788,34.78173913043479,21.43,4.166666666666667,0.0,23.52764705882353,23.809285714285714,65.38615384615385,False,False,True,False,True
18988,1,Korea,Thailand,41.46170731707317,-12.499583333333334,-19.047619047619047,5.5566666666666675,35.002500000000005,57.69230769230769,23.81047619047619,-5.0,-60.001,38.095238095238095,14.8931914893617,80.0008,False,,,True,False
18988,2,Korea,Thailand,9.09,-12.499583333333334,-14.999,27.272727272727273,35.85056603773585,60.60515151515151,14.585208333333332,-8.333333333333334,-7.143571428571428,19.046190476190475,13.998399999999998,68.42105263157895,False,True,False,False,True
18988,3,Korea,Thailand,24.99818181818182,4.166666666666667,-10.524736842105261,5.881764705882353,25.000227272727273,65.625,6.668,0.0,-21.051578947368423,29.167083333333334,12.767659574468084,56.66733333333333,False,False,True,True,False
18988,4,Korea,Thailand,33.3325,4.000800000000001,-22.220555555555553,13.334,30.555,79.16666666666667,23.684473684210527,-11.11111111111111,-20.0,24.999166666666667,25.643076923076926,29.1675,False,True,False,True,False
18989,1,Dominican Republic,Thailand,26.829756097560974,-4.545454545454546,-71.42857142857143,13.042608695652175,16.662857142857142,70.83333333333333,36.11194444444445,-3.9988,0.0,15.001499999999998,5.717142857142857,35.9996,False,,,False,True
18989,2,Dominican Republic,Thailand,49.998333333333335,-8.000399999999999,-28.571428571428573,31.57894736842105,14.816666666666666,42.10526315789474,34.285428571428575,-5.0,-22.221111111111114,27.273636363636363,42.857142857142854,50.000625,False,False,True,True,False
18989,3,Dominican Republic,Thailand,25.71257142857143,-5.882352941176471,-62.5,-4.348260869565218,15.151515151515152,55.555,42.85485714285714,0.0,-27.272727272727273,31.249375,50.0,73.6842105263158,False,True,False,False,True
18989,4,Dominican Republic,Thailand,29.03258064516129,3.846538461538462,20.0,8.694782608695652,12.4965625,37.5,34.88441860465116,-7.693461538461539,-44.44444444444444,8.332083333333332,33.33428571428571,73.91391304347826,False,False,True,False,True
18990,1,Brazil,Japan,33.333555555555556,-4.16625,-24.999000000000002,13.043478260869565,13.950000000000001,46.42892857142857,40.81448979591836,-11.538461538461538,-31.57842105263158,30.43521739130435,21.73804347826087,48.0012,False,,,False,True
18990,2,Brazil,Japan,32.351470588235294,-3.846538461538461,-31.57894736842105,9.522857142857143,10.001333333333331,44.44166666666666,34.28628571428571,-12.499583333333334,-18.182727272727274,9.52190476190476,11.1075,20.832916666666666,False,False,True,True,False
18990,3,Brazil,Japan,39.28642857142857,0.001052631578947907,-27.77777777777778,20.83375,6.451612903225806,23.527058823529412,47.06,4.0,-57.14142857142857,33.333333333333336,13.8875,52.6321052631579,False,True,False,False,True
18990,4,Brazil,Japan,20.000285714285713,0.001200000000000614,19.04714285714286,11.765882352941176,25.71314285714286,58.33416666666667,12.767234042553193,-15.0,-7.143571428571429,17.391304347826086,6.815,60.86869565217391,False,False,True,True,False
18990,5,Brazil,Japan,20.832916666666666,-7.142857142857143,19.999000000000002,16.666666666666668,12.001999999999999,73.33333333333333,0.0018518518518522728,0.0,0.0,15.384615384615385,7.689230769230769,59.998000000000005,False,True,False,True,False
18991,1,Poland,Serbia,35.29529411764706,-4.0,-25.000625,35.712857142857146,14.706176470588234,80.95333333333333,11.763823529411765,-12.5,-27.270909090909093,21.73913043478261,2.7766666666666664,56.249375,False,,,True,False
18991,2,Poland,Serbia,20.0,-4.166666666666667,-28.571428571428573,14.999500000000001,9.091212121212122,57.14214285714286,30.556666666666665,-4.0004,-24.999000000000002,13.636818181818182,21.62162162162162,70.001,False,True,False,False,True
18991,3,Poland,Serbia,43.24216216216216,-12.001600000000002,0.0005263157894732055,11.11111111111111,10.80972972972973,44.443703703703704,18.420263157894738,0.0,-31.250625,22.726363636363637,10.255897435897436,25.925185185185185,False,False,True,True,False
18991,4,Poland,Serbia,24.242424242424242,-0.0008333333333337597,-27.272727272727273,10.525789473684211,5.882352941176471,26.316315789473684,26.665666666666667,-13.04391304347826,-7.142142857142858,9.090909090909092,13.333666666666666,27.77777777777778,False,True,False,True,False
18992,1,Canada,USA,36.10944444444445,-9.090454545454547,-50.0,19.22923076923077,-0.003030303030302858,21.052105263157895,46.15346153846154,3.8461538461538463,-12.5,0.0016666666666667299,7.404444444444444,8.695652173913043,False,,,False,True
18992,2,Canada,USA,0.0007894736842113042,-16.666666666666668,16.666666666666668,14.286666666666665,2.70054054054054,49.999545454545455,19.35451612903226,-12.499583333333334,-0.0007142857142850646,26.665333333333333,3.335,31.81772727272727,False,False,True,False,True
18992,3,Canada,USA,33.331944444444446,-8.333333333333334,-14.284285714285714,23.807142857142857,5.407297297297297,26.923461538461538,28.57257142857143,-8.332916666666666,-20.0,4.760000000000001,17.14,33.3325,False,False,True,True,False
18992,4,Canada,USA,20.512820512820515,-14.285714285714286,-6.25,4.0,10.259487179487179,39.285357142857144,21.739347826086956,4.000800000000001,-20.000666666666667,5.881764705882353,6.664666666666667,59.375625,False,True,False,False,True
18993,1,France,Italy,2.2731818181818184,-26.667333333333332,-20.000999999999998,16.665,19.56782608695652,62.961481481481485,18.918108108108108,0.00040000000000020466,-5.555555555555555,36.36454545454546,23.07794871794872,68.57285714285715,False,,,False,True
18993,2,France,Italy,11.110555555555557,-13.333333333333334,-33.333333333333336,0.0,5.261578947368421,-7.693846153846154,39.28642857142857,4.16625,-40.0,38.46307692307692,23.9976,79.998,False,False,True,False,True
18993,3,France,Italy,-4.34695652173913,0.0,-20.0,17.390869565217393,16.666666666666668,22.221111111111114,38.46153846153846,-0.0008000000000004093,44.44444444444444,30.76923076923077,32.0,49.999375,False,False,True,False,True
18994,1,China,Netherlands,4.166666666666667,-9.523333333333333,0.0022222222222217803,10.526842105263157,18.516666666666666,31.249375,18.75,-19.9996,27.274545454545454,5.262631578947368,27.586896551724138,57.14142857142857,False,,,False,True
18994,2,China,Netherlands,34.48172413793103,-3.9995999999999996,20.0,-5.2631578947368425,3.333666666666667,15.788947368421054,23.682631578947365,-13.043478260869565,-38.46230769230769,20.832083333333333,21.622162162162162,61.111111111111114,False,False,True,True,False
18994,3,China,Netherlands,43.331,4.16625,-7.693076923076922,14.287142857142856,10.71142857142857,25.000625,38.234411764705875,0.0012500000000006395,-38.46230769230769,12.498333333333333,43.750625,72.72727272727273,False,True,False,True,False
18994,4,China,Netherlands,27.027027027027028,8.0,-18.180909090909093,33.33444444444444,18.42105263157895,46.42857142857143,27.499000000000002,-14.284761904761906,-14.284285714285714,8.337083333333334,38.63659090909091,79.16666666666667,False,True,False,True,False
18995,1,Bulgaria,Korea,34.28514285714286,-8.0,-14.285714285714286,28.570476190476192,16.667777777777776,59.9996,20.00025,-0.0008695652173917492,-35.714999999999996,4.761904761904762,32.432702702702706,52.17434782608696,False,,,True,False
18995,2,Bulgaria,Korea,18.183030303030304,0.0,-50.0,20.832916666666666,22.860285714285716,64.70588235294117,39.99933333333333,0.0012000000000000454,0.0,5.555,25.92185185185185,26.31578947368421,False,True,False,False,True
18995,3,Bulgaria,Korea,19.23076923076923,0.00040000000000020466,-17.390434782608697,27.998800000000003,22.91875,82.75896551724139,19.9986,8.0,-13.334,-0.0013636363636364154,13.458461538461538,87.09709677419356,False,False,True,False,True
18995,4,Bulgaria,Korea,24.24121212121212,4.167500000000001,-19.046666666666667,21.052105263157895,18.183030303030304,77.77777777777777,20.000285714285713,-4.545454545454546,7.693846153846154,-4.545000000000001,19.445277777777775,44.443333333333335,False,False,True,True,False
18995,5,Bulgaria,Korea,42.30615384615385,0.0,-22.221111111111114,21.427857142857142,23.079615384615387,52.94117647058823,36.0008,7.142857142857143,-37.5,7.691538461538461,11.538846153846153,58.8235294117647,False,True,False,True,False
18996,1,Germany,Türkiye,35.483225806451614,4.0,-35.292352941176475,35.29352941176471,27.583448275862068,74.999375,35.48290322580645,-15.000499999999999,-50.0,4.166666666666667,3.0327272727272727,23.529411764705884,False,,,True,False
18996,2,Germany,Türkiye,15.790263157894737,-4.999499999999999,-14.285714285714286,9.091363636363637,15.789473684210526,46.155,31.427142857142858,0.0,-37.5,0.0,8.822647058823529,72.72818181818182,False,True,False,False,True
18996,3,Germany,Türkiye,-13.334333333333332,0.0,-45.45454545454545,13.635909090909092,19.996666666666666,41.666666666666664,52.172608695652166,-4.16625,36.36363636363637,-0.0011111111111116794,12.5,69.9995,False,False,True,False,True
18996,4,Germany,Türkiye,28.125,0.0,-33.33166666666667,4.3478260869565215,18.748124999999998,26.315263157894737,25.0,-0.0007692307692311628,0.0015384615384601392,4.3478260869565215,21.21272727272727,33.333333333333336,False,False,True,False,True
18997,1,Dominican Republic,Italy,-12.0,-8.333333333333334,-50.001,17.39,3.4482758620689653,45.45545454545454,23.07807692307692,4.0012,33.33222222222222,72.72818181818182,37.5,50.0,False,,,False,True
18997,2,Dominican Republic,Italy,19.9992,-15.000499999999999,-33.333333333333336,-9.524761904761906,3.7037037037037037,44.44555555555556,37.49916666666667,-4.166250000000001,-28.571428571428573,6.667333333333334,33.333333333333336,56.25,False,False,True,False,True
18997,3,Dominican Republic,Italy,24.001199999999997,-14.286190476190475,-37.4975,26.316315789473684,7.9967999999999995,66.66666666666667,44.83,-19.999200000000002,-10.0,35.29352941176471,26.923076923076923,66.66666666666667,False,False,True,False,True
18998,1,France,Japan,9.374375,-21.428571428571427,-13.334,0.0009090909090913742,15.790526315789473,27.586206896551722,28.570238095238096,0.0024000000000006594,-7.691538461538461,18.182727272727274,26.189761904761905,71.8746875,False,,,False,True
18998,2,France,Japan,17.64764705882353,0.0,-26.666,16.6675,31.575789473684207,18.181818181818183,35.8974358974359,0.0,-28.570714285714285,22.22277777777778,18.916216216216217,50.00076923076923,False,False,True,False,True
18998,3,France,Japan,16.128387096774194,0.0,-42.85809523809524,15.001,2.94,-14.286666666666665,47.49925,-12.000399999999999,-14.285,26.666666666666668,34.14268292682927,62.499583333333334,False,False,True,False,True
18999,1,Brazil,Netherlands,47.62,-3.9991999999999996,-10.001000000000001,33.332,4.544090909090909,25.000833333333333,11.9992,-11.764117647058825,-20.0,17.389565217391304,16.0,-20.0,False,,,True,False
18999,2,Brazil,Netherlands,12.766808510638297,-5.0,-35.714285714285715,19.999200000000002,2.2745454545454544,65.38461538461539,22.5015,8.0,-3.9979999999999993,21.05526315789474,5.259473684210526,46.15384615384615,False,True,False,False,True
18999,3,Brazil,Netherlands,32.26064516129033,4.0016,-18.748125,23.527647058823533,6.669,41.17529411764706,31.034137931034483,-15.0,-9.09,8.694782608695652,20.0,15.788947368421054,False,False,True,True,False
18999,4,Brazil,Netherlands,35.29323529411765,-12.500833333333333,-13.333333333333334,14.28357142857143,18.183030303030304,65.0,19.35483870967742,-21.051052631578944,-37.49875,19.999000000000002,6.2475,46.66733333333333,False,True,False,True,False
19000,1,Korea,Poland,18.420263157894734,4.761904761904762,-23.076923076923077,13.04304347826087,14.63048780487805,47.618095238095236,37.143142857142855,0.0,-5.2621052631578955,39.9995,17.64735294117647,33.33166666666667,False,,,False,True
19000,2,Korea,Poland,25.000833333333333,-4.999499999999999,-27.271818181818183,12.498750000000001,25.00027777777778,27.27318181818182,33.335,4.0,-33.333333333333336,26.313157894736843,22.22472222222222,42.857142857142854,False,False,True,False,True
19000,3,Korea,Poland,-3.125,-15.384615384615385,-9.090909090909092,-14.284761904761906,-0.0012499999999997513,58.82411764705882,31.2503125,4.166666666666667,11.112222222222222,36.36272727272728,28.125,72.7259090909091,False,False,True,False,True
19001,1,Canada,Germany,48.78,-0.0008333333333337597,-35.715714285714284,0.0,21.622162162162162,11.11074074074074,47.05852941176471,-4.761904761904762,-45.0015,18.181818181818183,14.707647058823529,14.286428571428571,False,,,True,False
19001,2,Canada,Germany,51.85111111111111,4.0,6.666666666666667,-6.666666666666667,26.924615384615382,42.10526315789474,11.538846153846153,13.331999999999999,-40.0,16.665,7.999199999999999,-23.528823529411767,False,True,False,True,False
19001,3,Canada,Germany,30.76923076923077,-0.0008333333333325754,-18.750625,18.18318181818182,17.141142857142857,39.998000000000005,26.315526315789473,-0.0008695652173917492,-41.1764705882353,4.76095238095238,16.21351351351351,34.48206896551724,False,True,False,True,False
19002,1,Serbia,Türkiye,19.51219512195122,-16.666666666666668,0.0,4.34695652173913,8.110270270270272,75.0,32.35470588235294,4.000800000000001,-15.385384615384615,0.0,11.764705882352942,65.51724137931035,False,,,False,True
19002,2,Serbia,Türkiye,23.255116279069767,0.0006250000000003197,-5.882941176470588,11.11111111111111,16.27860465116279,30.43521739130435,29.786382978723406,-9.375,0.0015789473684218603,9.999333333333334,2.2239999999999998,39.130434782608695,False,False,True,False,True
19002,3,Serbia,Türkiye,22.221666666666668,-16.66625,-8.333333333333334,43.75125,2.7766666666666664,95.0,16.216486486486485,-27.27318181818182,-15.385384615384615,24.997999999999998,2.780555555555556,38.095238095238095,False,False,True,True,False
19002,4,Serbia,Türkiye,42.85514285714286,-13.635909090909092,-44.44444444444444,13.635909090909092,14.705882352941176,27.77722222222222,44.11852941176471,4.167916666666667,-11.11111111111111,21.05263157894737,0.0,25.0,False,True,False,False,True
19003,1,France,Thailand,27.0272972972973,-13.043478260869565,-30.0,14.998500000000002,30.0,57.142380952380954,34.3746875,-11.9992,-49.99875,21.05263157894737,21.209696969696967,60.869565217391305,False,,,False,True
19003,2,France,Thailand,20.590588235294117,-13.636363636363637,-28.571428571428573,31.817272727272726,31.246875,14.284285714285716,37.498333333333335,0.0,-15.385384615384615,50.00055555555556,28.0,20.0,False,False,True,False,True
19003,3,France,Thailand,53.57035714285714,-3.9991999999999996,0.0007142857142860797,52.17391304347826,32.142857142857146,0.0,36.66733333333333,4.166250000000001,-79.999,49.99909090909091,41.93838709677419,35.715714285714284,False,False,True,True,False
19003,4,France,Thailand,17.949743589743587,8.0008,12.5,36.84157894736842,26.312631578947368,23.333000000000002,11.109999999999998,0.0015000000000000568,-10.0,24.999583333333334,31.427714285714288,45.833333333333336,False,True,False,True,False
19003,5,France,Thailand,15.0,0.0,-57.142857142857146,53.333999999999996,14.285714285714286,0.0,62.500625,0.0,14.287142857142856,16.666666666666668,24.9975,39.998666666666665,False,True,False,False,True
19004,1,Dominican Republic,Netherlands,12.90258064516129,-0.0005882352941171121,-50.001,13.046086956521739,6.454193548387097,26.314736842105265,35.29470588235294,0.0,-7.691538461538461,20.0,22.5841935483871,50.0,False,,,False,True
19004,2,Dominican Republic,Netherlands,34.211052631578944,-0.00040000000000020466,6.251250000000001,4.543181818181818,10.256153846153847,50.0,23.80809523809524,4.349565217391304,-24.9975,29.166666666666668,19.510243902439022,61.11222222222222,False,False,True,True,False
19004,3,Dominican Republic,Netherlands,30.553611111111113,-19.046190476190475,-29.999000000000002,4.545454545454546,21.21212121212121,47.61857142857143,37.49875,-3.9991999999999996,-31.25,29.412941176470586,26.67,47.61857142857143,False,True,False,False,True
19004,4,Dominican Republic,Netherlands,9.675483870967742,-16.666666666666668,-0.0010000000000005115,22.728181818181817,10.344827586206897,42.857142857142854,24.242121212121212,-4.16625,-7.693846153846154,20.00133333333333,29.997333333333337,66.66666666666667,False,False,True,False,True
19005,1,China,Japan,38.23529411764706,-9.091818181818182,-29.41176470588235,0.0,26.46794117647059,19.230384615384615,33.33444444444444,7.999199999999999,-6.6659999999999995,20.0,37.14685714285714,6.89551724137931,False,,,False,True
19005,2,China,Japan,50.0,-4.0,-25.000833333333333,29.41470588235294,29.72702702702703,31.033103448275863,36.11,-10.526315789473685,-30.0,27.273636363636363,38.88638888888889,3.8461538461538463,False,False,True,True,False
19005,3,China,Japan,23.529705882352943,0.0,-20.0,4.545454545454546,21.8715625,7.40888888888889,42.497249999999994,-8.0,-6.25,-6.248125,25.0,53.125625,False,True,False,False,True
19005,4,China,Japan,22.727954545454548,-5.555555555555555,-33.33277777777778,16.667916666666667,22.731818181818184,34.374375,41.46414634146341,-3.9995999999999996,-38.46153846153846,35.29117647058823,19.51487804878049,33.333636363636366,False,False,True,False,True
19006,1,Germany,Poland,25.580232558139535,-17.390434782608697,-12.501875,16.665000000000003,30.000999999999998,52.38142857142857,26.46970588235294,0.0,-24.999000000000002,22.22222222222222,30.304242424242425,57.691923076923075,False,,,False,True
19006,2,Germany,Poland,32.432432432432435,-9.523809523809524,-42.85642857142857,33.332857142857144,33.33555555555555,28.0004,44.9995,-12.501666666666667,-50.0,15.789473684210526,22.49775,46.667,False,False,True,False,True
19006,3,Germany,Poland,36.66566666666667,-4.761904761904762,-24.99875,41.665,29.03612903225806,-11.764705882352942,50.0,-4.0012,-23.077692307692306,29.410588235294114,24.13413793103448,29.9995,False,False,True,False,True
19007,1,Canada,Serbia,26.31578947368421,-18.181818181818183,-15.789473684210526,29.165833333333335,10.001,45.45545454545454,26.468529411764706,0.0,-24.998124999999998,29.411176470588234,8.823529411764707,34.78130434782609,False,,,False,True
19007,2,Canada,Serbia,23.254186046511627,-4.0,-9.525714285714285,11.110555555555557,4.442666666666667,42.10473684210526,17.02212765957447,-14.285238095238096,-22.22222222222222,21.739565217391306,13.637272727272727,50.00038461538462,False,False,True,True,False
19007,3,Canada,Serbia,27.658297872340427,-16.666666666666668,-38.09428571428572,4.164583333333333,6.384468085106382,59.375,25.00208333333333,-0.0003846153846155814,-24.999000000000002,25.0,8.333333333333334,58.0658064516129,False,True,False,False,True
19007,4,Canada,Serbia,19.443333333333335,0.0,-15.0,4.762857142857143,5.265789473684211,36.667,26.19142857142857,0.00041666666666687985,-22.22222222222222,9.09,4.647674418604651,39.9996,False,False,True,False,True
19008,1,Bulgaria,USA,5.554999999999999,-5.555,14.285,30.433478260869567,2.857142857142857,-4.546818181818183,28.948421052631577,-4.16625,-4.545,11.763529411764706,8.335555555555555,70.83375,False,,,False,True
19008,2,Bulgaria,USA,20.511282051282052,-4.546363636363637,-6.666666666666667,-0.0008333333333331675,0.0,22.22222222222222,27.271590909090904,-3.846538461538462,-28.571428571428573,0.0,11.11111111111111,64.0008,False,False,True,False,True
19008,3,Bulgaria,USA,13.332666666666666,4.3478260869565215,-25.0,0.0,3.446206896551724,18.749375,32.14142857142857,-4.167916666666667,-22.220555555555556,-0.0023809523809529224,13.793103448275861,59.99933333333333,False,False,True,False,True
19009,1,Brazil,Italy,30.0,-11.538461538461538,33.333333333333336,10.525263157894736,6.449677419354838,52.94117647058823,21.8765625,-12.5,0.0,18.18409090909091,22.583225806451615,33.33222222222222,False,,,True,False
19009,2,Brazil,Italy,16.217027027027026,-8.000399999999999,-15.789473684210526,24.999583333333334,13.889722222222222,91.66666666666667,24.323243243243244,-7.407407407407407,11.112222222222222,17.38695652173913,7.891578947368421,84.61538461538461,False,True,False,False,True
19009,3,Brazil,Italy,26.666666666666668,-5.262631578947368,-40.0,-0.0004761904761907198,17.240344827586206,33.333333333333336,34.28371428571429,4.1675,-18.181818181818183,11.10888888888889,11.76235294117647,64.70588235294117,False,False,True,False,True
19009,4,Brazil,Italy,34.4848275862069,0.00041666666666687985,-37.5,7.142857142857143,7.146428571428571,85.71428571428571,47.82608695652174,-29.9995,-9.090000000000002,4.543636363636364,16.002,50.0,False,False,True,True,False
19009,5,Brazil,Italy,39.998666666666665,-13.333333333333334,-6.668666666666667,14.285714285714286,0.0,75.0,5.554444444444444,-30.0,-30.0,15.383076923076922,5.553333333333334,25.0,False,True,False,True,False
19010,1,Dominican Republic,Japan,21.57,-14.285238095238096,-26.08608695652174,8.694782608695652,15.09433962264151,70.58823529411765,23.52921568627451,0.0,-23.80952380952381,27.77777777777778,28.569795918367348,67.56702702702702,False,,,False,True
19010,2,Dominican Republic,Japan,34.88441860465116,-12.500833333333333,-20.002,8.3325,11.629767441860464,72.0004,24.389268292682928,4.16625,-19.99866666666667,23.80857142857143,21.42809523809524,48.38741935483871,False,False,True,True,False
19010,3,Dominican Republic,Japan,41.17735294117647,-8.0,-49.99888888888889,30.434782608695652,16.666,4.761428571428572,41.02564102564103,-8.0,-14.284285714285714,4.763333333333334,21.624594594594594,40.0008,False,True,False,False,True
19010,4,Dominican Republic,Japan,17.142285714285716,-8.695652173913043,-14.285714285714286,0.0013043478260870058,18.181818181818183,42.106842105263155,18.7490625,0.0,7.693076923076922,26.316315789473684,33.333,28.001600000000003,False,False,True,False,True
19011,1,China,Thailand,40.47833333333334,0.0,-27.776666666666667,49.999545454545455,24.39219512195122,21.875,35.89897435897436,0.0,-71.42857142857143,29.16541666666667,17.074634146341467,17.24241379310345,False,,,True,False
19011,2,China,Thailand,50.0015625,-4.165833333333333,-17.647058823529413,17.646470588235296,21.875,47.36842105263158,22.22361111111111,0.0005555555555558397,-39.999,31.82045454545454,10.528947368421052,23.809047619047618,False,True,False,True,False
19011,3,China,Thailand,56.251875,-0.0008000000000004093,-19.999333333333333,23.529411764705884,15.150909090909092,47.61904761904762,35.483225806451614,0.0005555555555558397,-71.42857142857143,8.696521739130436,5.882058823529412,-0.0010000000000005115,False,True,False,True,False
19012,1,Korea,Türkiye,28.94684210526316,-10.0,-45.45636363636363,-4.3478260869565215,5.555,76.47058823529412,37.836756756756756,-0.00040000000000020466,-9.525238095238095,11.11111111111111,20.0,63.63499999999999,False,,,False,True
19012,2,Korea,Türkiye,-8.822941176470588,-6.249375,10.0,18.17954545454546,14.706176470588234,58.333333333333336,21.427142857142858,0.0,5.000500000000001,46.666666666666664,34.61653846153846,91.66666666666667,False,False,True,False,True
19012,3,Korea,Türkiye,11.110277777777778,-0.0005000000000002558,12.5,8.334583333333333,13.514054054054053,56.249375,22.57967741935484,3.9991999999999996,-0.000999999999999801,27.77611111111111,32.25741935483871,64.999,False,False,True,False,True
19013,1,Poland,USA,28.571142857142856,-6.896551724137931,-25.0005,22.72909090909091,15.789473684210526,19.04714285714286,27.49975,-18.519259259259258,-29.41176470588235,19.231153846153845,7.689743589743589,21.05473684210526,False,,,True,False
19013,2,Poland,USA,24.390243902439025,-4.166666666666667,-16.6675,26.315263157894737,15.001,31.817272727272726,32.25806451612903,-17.390869565217393,-9.090909090909092,8.695652173913043,3.0303030303030303,10.526315789473685,False,True,False,True,False
19013,3,Poland,USA,6.667999999999998,-14.285238095238096,-31.250625,16.666666666666668,17.24206896551724,37.50083333333333,24.323243243243244,-20.833333333333332,0.0006666666666670077,33.33444444444444,8.825882352941177,57.14190476190476,False,True,False,False,True
19013,4,Poland,USA,33.33309523809524,0.0,-37.5,24.99875,7.4967500000000005,37.035185185185185,28.94684210526316,0.0,-11.11,8.695652173913043,20.0,20.000333333333334,False,False,True,True,False
19014,1,Bulgaria,Serbia,17.143142857142855,-7.9996,21.427142857142858,26.666,5.265789473684211,57.144642857142856,-0.0005263157894732055,-16.66722222222222,-5.557222222222222,27.274545454545454,25.0,40.90954545454545,False,,,True,False
19014,2,Bulgaria,Serbia,20.586176470588235,14.285714285714286,-50.0,0.0,3.029090909090909,47.62,38.46307692307692,-7.999199999999999,-11.764705882352942,-4.762857142857143,13.89111111111111,52.38142857142857,False,True,False,False,True
19014,3,Bulgaria,Serbia,0.0,0.0,0.0,9.090909090909092,10.7175,-5.556111111111111,30.302727272727275,-8.332916666666668,19.99866666666667,6.251250000000001,15.6275,88.88888888888889,False,False,True,False,True
19014,4,Bulgaria,Serbia,20.689655172413794,-18.75,-55.55555555555556,-4.346521739130434,10.347586206896553,33.3325,43.47608695652173,4.0004,-18.749375,30.76923076923077,26.08695652173913,33.333999999999996,False,False,True,False,True
19015,1,France,Netherlands,6.2524999999999995,-5.882352941176471,0.0,-4.761904761904762,3.0303030303030303,68.42105263157895,35.29352941176471,-8.0016,14.285714285714286,0.0,29.032258064516128,73.6842105263158,False,,,False,True
19015,2,France,Netherlands,-5.262631578947369,-27.272727272727273,-25.0,-8.696521739130434,4.347391304347826,66.66666666666667,30.43304347826087,16.665,33.333333333333336,14.284285714285714,19.045714285714286,87.5,False,False,True,False,True
19015,3,France,Netherlands,13.514864864864865,-9.523809523809524,-15.384615384615385,8.695217391304348,12.818974358974357,52.17434782608696,22.580645161290324,-3.9988,0.0008333333333325754,-11.764705882352942,21.209090909090907,46.153076923076924,False,False,True,False,True
19016,1,Brazil,Thailand,33.33512820512821,-12.0008,-12.5,28.56952380952381,18.42078947368421,63.1578947368421,20.51205128205128,-4.545,-31.576315789473686,54.54545454545455,15.385641025641025,30.434782608695652,False,,,True,False
19016,2,Brazil,Thailand,41.665,4.1691666666666665,-5.881764705882353,38.46153846153846,8.69304347826087,69.999,10.345172413793103,-13.332666666666666,-57.142857142857146,13.637272727272727,6.450645161290322,30.0,False,True,False,True,False
19016,3,Brazil,Thailand,43.477391304347826,3.9995999999999996,0.0,40.001333333333335,30.434782608695652,12.5,17.24310344827586,-11.764705882352942,-14.285714285714286,8.695217391304348,18.52074074074074,0.0,False,True,False,True,False
19017,1,China,Italy,36.36454545454546,-8.694782608695652,-38.46230769230769,14.286190476190475,14.705294117647059,20.83125,41.17529411764706,-8.0008,-30.0,14.284285714285712,26.47176470588235,0.0008695652173911313,False,,,False,True
19017,2,China,Italy,45.45318181818182,-9.998999999999999,-40.0,-15.000499999999999,21.742608695652173,-12.5,46.152307692307694,0.00041666666666687985,-36.36363636363637,17.64529411764706,23.998800000000003,-6.248749999999999,False,False,True,False,True
19017,3,China,Italy,19.354193548387098,0.0,-42.857142857142854,17.39217391304348,19.99866666666667,-19.047619047619047,57.143214285714286,-4.000800000000001,-9.090909090909092,20.002000000000002,37.03666666666667,27.77777777777778,False,False,True,False,True
19018,1,Canada,Korea,20.000333333333334,8.3325,-7.142142857142857,28.571428571428573,37.929655172413796,76.47058823529412,3.0303030303030303,-12.5,22.22,8.695652173913043,14.284,73.334,False,,,True,False
19018,2,Canada,Korea,41.38103448275862,7.693461538461539,8.333333333333334,-9.090909090909092,20.0,83.33333333333333,-4.347391304347826,8.334166666666667,-40.0,-4.166250000000001,31.814999999999998,36.36363636363637,False,True,False,True,False
19018,3,Canada,Korea,46.666666666666664,-8.333333333333334,0.0,5.882352941176471,35.71714285714286,84.61538461538461,20.001199999999997,-0.0005263157894739535,-12.5,5.0,3.844615384615385,60.0,False,True,False,True,False
19019,1,Türkiye,USA,22.581290322580646,-9.090909090909092,-46.153076923076924,33.33190476190477,6.454516129032258,71.42928571428571,33.333666666666666,-4.165416666666666,-21.43142857142857,26.31578947368421,10.344827586206897,35.71357142857143,False,,,False,True
19019,2,Türkiye,USA,44.44583333333334,-4.166666666666667,-25.00125,22.221666666666668,0.0,53.846923076923076,31.42742857142857,-14.285238095238096,-50.00055555555556,13.044347826086955,10.812972972972974,42.10473684210526,False,False,True,True,False
19019,3,Türkiye,USA,23.52794117647059,4.0,-6.666666666666667,5.2631578947368425,10.0,43.47826086956522,21.052105263157895,-4.761904761904762,-6.667333333333333,23.9996,12.824358974358974,28.57095238095238,False,True,False,True,False
19019,4,Türkiye,USA,3.447586206896552,-16.666666666666668,-25.0,8.333333333333334,13.331666666666667,19.997999999999998,48.0008,0.00040000000000020466,7.143571428571429,30.0,7.1432142857142855,68.42105263157895,False,True,False,False,True
19019,5,Türkiye,USA,11.110555555555557,6.6659999999999995,42.85857142857143,27.273636363636363,0.0,33.333333333333336,4.761904761904763,-8.333333333333334,0.0012500000000006395,0.002142857142857224,5.004,27.270909090909093,False,False,True,True,False
19020,1,Bulgaria,Germany,6.450967741935483,0.0015789473684211124,-33.33444444444444,10.001000000000001,15.623124999999998,25.00125,36.36272727272728,-12.0008,-17.648823529411768,44.44222222222222,37.496249999999996,83.33166666666666,False,,,False,True
19020,2,Bulgaria,Germany,32.556976744186045,-4.0,-50.0,5.261578947368419,10.523157894736842,45.71514285714286,26.085869565217394,-0.0009523809523814396,-23.53,17.390869565217393,16.6625,68.74875,False,False,True,True,False
19020,3,Bulgaria,Germany,18.920810810810814,14.284761904761906,16.666666666666668,8.332916666666666,5.265263157894738,32.14214285714286,30.555,8.0008,-23.809047619047618,15.002999999999997,33.3325,57.692692307692305,False,True,False,False,True
19020,4,Bulgaria,Germany,3.2248387096774183,-16.666666666666668,-28.57,-0.0017391304347822627,16.666999999999998,38.46153846153846,45.83208333333334,8.332916666666668,15.384615384615385,33.33111111111111,24.9985,54.9995,False,False,True,False,True
19021,1,France,USA,14.814074074074075,-24.998124999999998,9.090909090909092,-0.0018181818181814565,16.665,9.090909090909092,40.0,0.0,-14.284285714285714,50.0,33.333333333333336,13.332666666666666,False,,,False,True
19021,2,France,USA,34.284,-4.1675,5.556111111111111,20.834166666666665,11.761764705882353,18.51888888888889,27.082291666666666,3.8461538461538463,-41.1764705882353,13.638181818181819,16.27906976744186,63.333999999999996,False,False,True,False,True
19021,3,France,USA,38.71032258064516,-23.81,-80.0,36.365,0.0,12.500625,61.90428571428571,-3.9991999999999996,-41.66583333333333,21.42642857142857,42.11,19.999333333333333,False,False,True,False,True
19022,1,Canada,Italy,-5.127179487179487,-6.25,-46.15384615384615,18.184545454545454,10.808378378378377,55.555,27.9996,-4.0,5.556111111111112,20.002666666666663,7.691538461538461,15.789473684210526,False,,,False,True
19022,2,Canada,Italy,20.688965517241378,0.0012500000000006395,-56.25,-0.0018181818181821025,16.663999999999998,39.9995,50.00300000000001,4.165833333333333,-22.223333333333333,6.666666666666667,7.406666666666666,56.25125,False,False,True,False,True
19022,3,Canada,Italy,9.676774193548388,-14.285,-33.333333333333336,-8.695217391304348,6.666666666666667,40.0,43.47782608695652,4.0012,18.181818181818183,0.0,23.80952380952381,64.70588235294117,False,False,True,False,True
19023,1,Dominican Republic,Germany,16.66638888888889,0.0,-7.694615384615385,13.636363636363637,16.216216216216218,72.22166666666666,18.182121212121213,0.0008000000000004093,-6.667333333333333,4.164583333333334,14.709117647058823,26.316842105263156,False,,,True,False
19023,2,Dominican Republic,Germany,11.11111111111111,-9.091818181818182,-11.11111111111111,4.761428571428572,17.859285714285715,39.999,31.817272727272726,-4.165416666666666,20.000999999999998,-5.555555555555555,13.043478260869565,71.42714285714285,False,True,False,False,True
19023,3,Dominican Republic,Germany,42.30576923076923,8.3325,-15.385384615384615,0.0,14.814814814814815,53.84538461538462,33.33433333333333,-4.545454545454546,-36.36454545454546,12.498750000000001,25.803870967741933,45.45363636363636,False,False,True,True,False
19023,4,Dominican Republic,Germany,20.51025641025641,11.9992,-16.665,5.884117647058823,4.759047619047619,55.172758620689656,20.0,-9.524285714285714,-0.0007142857142860797,-8.335,11.906428571428572,79.16708333333334,False,True,False,True,False
19024,1,Bulgaria,China,10.714285714285714,-6.6659999999999995,50.0,4.3478260869565215,11.998399999999998,36.36454545454546,40.62625,-3.9988,12.5,15.383846153846154,38.70967741935484,85.0,False,,,False,True
19024,2,Bulgaria,China,6.895862068965517,-7.6923076923076925,0.0,4.165,6.8979310344827605,53.333999999999996,42.85952380952381,16.664166666666667,-9.091818181818182,25.0,40.90909090909091,66.66666666666667,False,False,True,False,True
19024,3,Bulgaria,China,12.120909090909091,-0.000588235294117948,-40.0,8.333333333333334,20.002666666666663,20.0,50.002272727272725,0.0,10.0,-6.249375,34.783478260869565,31.24875,False,False,True,False,True
19025,1,Netherlands,Serbia,48.387741935483874,-8.331666666666665,-41.666666666666664,10.526842105263157,9.67741935483871,71.42857142857143,25.926296296296297,0.0,-42.857142857142854,28.571428571428573,7.14,23.07384615384615,False,,,True,False
19025,2,Netherlands,Serbia,33.33148148148148,-0.001200000000000614,-23.076153846153847,6.25,26.923076923076923,49.99916666666667,32.145,-19.048095238095236,0.0,9.090909090909092,9.997333333333332,0.0,False,True,False,True,False
19025,3,Netherlands,Serbia,33.33259259259259,-5.555555555555555,-64.70470588235294,-4.7647619047619045,10.714642857142858,62.5,46.66533333333333,0.00040000000000020466,-10.0,17.646470588235296,9.676451612903225,62.500625,False,True,False,False,True
19025,4,Netherlands,Serbia,43.47826086956522,-4.0,0.0005263157894732055,12.5,17.391304347826086,50.0,2.702162162162162,-23.076153846153847,-60.0,21.73782608695652,-0.0007894736842105562,44.44611111111111,False,False,True,True,False
19026,1,Japan,Korea,45.4530303030303,-8.332916666666668,-5.2631578947368425,25.0,29.410588235294117,70.002,8.335,-5.882352941176471,-30.77153846153846,0.0009523809523814396,19.44666666666667,52.631052631578946,False,,,True,False
19026,2,Japan,Korea,30.30151515151515,-12.0,6.250624999999999,7.691538461538461,21.875625,100.0,3.4489655172413807,-18.75,-16.666666666666668,0.0004761904761907198,25.803870967741933,66.66666666666667,False,True,False,True,False
19026,3,Japan,Korea,34.04255319148936,-4.166666666666667,-9.090909090909092,13.042173913043477,25.57906976744186,65.38307692307693,37.143142857142855,4.167083333333333,-18.75,-0.0022727272727271434,16.216486486486485,34.61538461538461,False,True,False,True,False
19027,1,Thailand,Türkiye,12.500416666666666,5.881764705882353,-16.666666666666668,-5.0,12.500833333333333,46.66733333333333,48.14851851851852,-8.0,-13.332666666666666,0.0006666666666660604,23.998800000000003,93.75,False,,,False,True
19027,2,Thailand,Türkiye,16.667916666666667,-22.22222222222222,25.0,14.999,19.23153846153846,45.45545454545454,32.0012,-8.331666666666665,12.49875,21.427142857142858,19.23423076923077,60.00066666666667,False,False,True,False,True
19027,3,Thailand,Türkiye,12.5009375,0.0,-25.0,18.181818181818183,12.497187499999999,53.84538461538462,60.86869565217391,-8.0008,27.271818181818183,21.43142857142857,18.52,55.55555555555556,False,False,True,False,True
19028,1,Brazil,Poland,17.647058823529413,8.696521739130436,-35.714285714285715,22.727272727272727,0.0,58.8235294117647,33.333030303030306,4.166666666666667,-9.090909090909092,0.0009090909090913742,5.558333333333334,72.22222222222223,False,,,False,True
19028,2,Brazil,Poland,59.99879999999999,-4.166666666666667,-63.63727272727272,33.333333333333336,8.692173913043478,9.090909090909092,37.499583333333334,-16.66611111111111,-33.333333333333336,21.73913043478261,7.407407407407407,-9.090909090909092,False,False,True,True,False
19028,3,Brazil,Poland,25.715142857142855,-4.0,14.284285714285714,40.001333333333335,-3.029090909090909,61.11,7.141785714285715,-11.764705882352942,-11.764705882352942,13.042608695652175,13.793103448275861,18.75125,False,True,False,True,False
19028,4,Brazil,Poland,36.665333333333336,4.1675,0.0,39.998666666666665,6.664000000000001,84.61538461538461,11.54,-11.764705882352942,-23.528823529411767,8.694782608695652,24.135517241379308,66.66666666666667,False,True,False,True,False
19029,1,Netherlands,USA,27.498,-9.090454545454547,-40.00066666666667,24.997999999999998,17.4975,62.50125,39.998,-12.501249999999999,-28.57,0.0,5.403243243243243,73.91217391304347,False,,,False,True
19029,2,Netherlands,USA,10.81162162162162,-9.999500000000001,7.6923076923076925,0.0,11.114444444444445,62.5,25.0009375,-3.9987999999999992,0.0,22.22222222222222,8.568571428571428,60.87,False,False,True,False,True
19029,3,Netherlands,USA,37.142,-13.04304347826087,9.090909090909092,8.695652173913043,11.107777777777777,27.27227272727273,29.72864864864865,3.9995999999999996,-7.142857142857143,20.0,8.823529411764707,34.9995,False,False,True,False,True
19030,1,France,Korea,40.74037037037037,-16.667083333333334,0.0,-14.999500000000001,22.22,37.499375,25.925185185185185,4.165416666666665,0.0,15.0,36.0,42.855714285714285,False,,,False,True
19030,2,France,Korea,32.25838709677419,-12.5,0.0012500000000006395,15.791052631578946,25.927407407407404,33.33277777777778,19.997666666666664,-13.636363636363637,0.0016666666666675194,15.790526315789473,25.924814814814816,40.00066666666667,False,False,True,True,False
19030,3,France,Korea,51.42771428571429,-23.076923076923077,-7.694615384615385,31.249375,29.408823529411762,73.91260869565217,18.51814814814815,-5.881764705882353,-53.84615384615385,10.001,20.0016,21.428571428571427,False,True,False,True,False
19030,4,France,Korea,24.99888888888889,-9.090909090909092,-29.411176470588234,8.695652173913043,28.949473684210524,42.85607142857143,29.999000000000002,-0.0003999999999996362,30.000999999999998,9.999500000000001,7.6923076923076925,58.3325,False,True,False,False,True
19030,5,France,Korea,39.998666666666665,-7.6923076923076925,-33.33222222222222,23.078461538461536,5.880588235294118,83.33333333333333,37.49875,-6.666666666666667,100.0,18.180909090909093,5.880588235294118,0.0012500000000006395,False,False,True,False,True
19031,1,Canada,Japan,32.35029411764705,0.0,-15.384615384615385,36.36227272727273,21.8784375,-3.8461538461538463,35.001,-4.0004,-23.529411764705884,38.095238095238095,15.0,68.18136363636364,False,,,False,True
19031,2,Canada,Japan,12.120909090909091,-8.0012,-21.43,27.272727272727273,22.582580645161293,29.41176470588235,24.322972972972973,-4.165416666666666,0.0,28.57190476190476,-0.0019444444444442549,62.500416666666666,False,False,True,False,True
19031,3,Canada,Japan,45.714571428571425,-12.499583333333334,-5.0,9.997499999999999,14.705882352941176,48.0008,18.42078947368421,0.0,-60.0,38.096666666666664,24.324864864864864,42.857142857142854,False,False,True,True,False
19031,4,Canada,Japan,44.82896551724138,-8.0,-14.282857142857141,15.791578947368421,15.383461538461539,42.855714285714285,19.442777777777778,0.0,-40.0,38.0947619047619,15.385384615384615,57.89368421052632,False,True,False,True,False
19031,5,Canada,Japan,30.77076923076923,0.0,0.0,7.6923076923076925,18.51851851851852,66.66714285714286,23.331,-13.332666666666666,-33.33444444444444,21.427857142857142,3.336666666666667,43.47826086956522,False,True,False,True,False
19032,1,Bulgaria,Thailand,21.427380952380954,0.0004347826086958746,-33.33133333333333,15.998000000000001,13.954651162790697,63.63545454545454,28.204102564102566,4.0,-60.0,14.285714285714286,30.76923076923077,54.16625,False,,,False,True
19032,2,Bulgaria,Thailand,29.409705882352938,-3.9995999999999996,6.666666666666667,10.526315789473685,14.288,44.0004,18.91864864864865,-4.545454545454546,-42.857142857142854,0.0004545454545456871,15.791842105263159,52.38047619047619,False,False,True,True,False
19032,3,Bulgaria,Thailand,27.27,-22.22222222222222,-50.001,4.000799999999999,18.746875,53.333999999999996,40.91,7.999199999999999,0.0,28.568571428571428,14.813703703703705,28.571428571428573,False,True,False,False,True
19032,4,Bulgaria,Thailand,41.666111111111114,-4.0,-18.751875,24.9985,24.322162162162165,54.54681818181818,32.43054054054054,-4.546818181818183,-25.0,16.66541666666667,15.004,3.8461538461538463,False,False,True,True,False
19032,5,Bulgaria,Thailand,19.23,-9.090909090909092,-22.22222222222222,7.142857142857143,12.500416666666666,16.666666666666668,35.9988,0.0,-22.22222222222222,30.0,20.0004,63.15736842105263,False,True,False,False,True
19033,1,Brazil,Germany,11.1125,8.0,7.6923076923076925,31.57894736842105,2.7027027027027026,49.999583333333334,8.334444444444445,-5.0,-30.77,4.0,2.7024324324324325,29.165000000000003,False,,,True,False
19033,2,Brazil,Germany,44.44305555555556,0.0,-29.412941176470586,25.0,11.110833333333334,36.0004,36.84131578947368,-4.348260869565217,-29.41176470588235,17.389999999999997,14.283999999999999,23.808095238095238,False,True,False,True,False
19033,3,Brazil,Germany,9.37375,-9.089545454545453,-22.22222222222222,31.816363636363636,12.901935483870966,79.999,23.332333333333334,-8.3325,33.33444444444444,10.525789473684211,10.347586206896553,41.177058823529414,False,True,False,False,True
19033,4,Brazil,Germany,20.929767441860463,-0.0012000000000000454,-41.6675,22.727272727272727,12.49725,55.557037037037034,30.55527777777778,-12.0,-26.668000000000003,20.833333333333332,15.384871794871795,33.33222222222222,False,False,True,True,False
19034,1,Dominican Republic,Türkiye,17.64588235294118,8.0012,24.999166666666667,0.0,3.121875,73.68315789473684,10.257179487179487,-17.647058823529413,0.0,8.694782608695652,16.665,72.22166666666666,False,,,True,False
19034,2,Dominican Republic,Türkiye,9.090454545454547,-6.665333333333333,-66.66666666666667,-14.999500000000001,0.0,7.693076923076922,59.092727272727274,-7.9996,0.0014285714285721593,15.386923076923077,22.72590909090909,91.6675,False,True,False,False,True
19034,3,Dominican Republic,Türkiye,24.000799999999998,-16.665,-50.0,-10.000499999999999,8.0032,45.45454545454545,44.4425925925926,-4.167083333333333,-25.0,6.664000000000001,15.387692307692308,100.0,False,False,True,False,True
19034,4,Dominican Republic,Türkiye,15.152121212121212,-5.555555555555555,-21.427857142857142,-4.167083333333333,10.0,35.715714285714284,27.274242424242424,7.999199999999999,9.998999999999999,-6.666666666666667,28.122500000000002,66.66619047619048,False,False,True,False,True
19035,1,France,Serbia,26.470294117647057,0.001200000000000614,-30.0,29.41,6.248125,62.500625,34.3734375,-18.18227272727273,-10.001,26.08782608695652,9.090909090909092,39.130434782608695,False,,,True,False
19035,2,France,Serbia,25.925555555555555,4.3478260869565215,-12.49875,-4.759523809523809,3.57,5.0,37.5009375,-4.0,-14.285714285714286,10.0,33.335151515151516,47.61952380952381,False,True,False,False,True
19035,3,France,Serbia,36.66733333333333,-16.0,-15.384615384615385,33.33222222222222,10.002666666666668,50.0,27.026486486486487,-20.832083333333333,-39.999,52.38095238095238,13.889722222222222,39.13,False,False,True,True,False
19035,4,France,Serbia,18.51814814814815,-4.16625,-14.285714285714286,37.5,3.2232258064516133,34.482068965517236,12.502,-27.27227272727273,-40.0,30.434347826086956,22.22,40.91045454545454,False,True,False,True,False
19036,1,Canada,Netherlands,23.40404255319149,-8.333333333333334,8.332500000000001,34.61307692307692,17.77777777777778,39.9996,22.5,3.8461538461538463,10.0015,14.287142857142856,17.949743589743587,45.455,False,,,False,True
19036,2,Canada,Netherlands,0.0,-29.411176470588234,12.5,19.999000000000002,23.079615384615387,20.0,29.9995,-12.499583333333334,-0.002000000000001023,27.275454545454544,28.568095238095236,46.15384615384615,False,False,True,False,True
19036,3,Canada,Netherlands,35.295,0.0,-31.25,4.3478260869565215,18.7503125,31.25,50.0003125,-7.9996,16.665833333333335,27.273636363636363,21.876875000000002,16.66722222222222,False,False,True,False,True
19037,1,Italy,Korea,58.33416666666667,4.0012,-7.6923076923076925,37.5,19.045238095238094,41.66583333333333,21.428571428571427,0.0,-60.0,23.998,18.51851851851852,30.0,False,,,True,False
19037,2,Italy,Korea,60.001,8.335,0.0,18.181818181818183,17.646470588235296,64.28642857142857,-0.0011999999999989085,-0.0008333333333337597,-25.0,-4.76047619047619,3.9967999999999995,27.271818181818183,False,True,False,True,False
19037,3,Italy,Korea,43.9988,7.999199999999999,-19.99866666666667,29.999000000000002,12.503749999999998,64.999,10.714285714285714,-23.076923076923077,-20.0,30.436956521739127,25.0,5.882352941176471,False,True,False,True,False
19038,1,Brazil,Bulgaria,50.0,-0.00041666666666687985,-8.333333333333334,33.333333333333336,9.52095238095238,100.0,-9.998999999999999,8.3325,-33.333333333333336,-14.998000000000001,-8.330833333333333,7.693076923076924,False,,,True,False
19038,2,Brazil,Bulgaria,52.0008,4.0,18.182727272727274,10.003,10.525789473684211,36.36363636363637,4.348260869565217,-9.090909090909092,-30.0,-0.0004545454545456871,4.346521739130435,30.0,False,True,False,True,False
19038,3,Brazil,Bulgaria,27.273030303030303,8.333333333333334,-50.0,16.665833333333335,9.678709677419354,42.857142857142854,35.9972,4.166666666666667,-33.333333333333336,-9.522380952380951,12.500416666666666,19.999333333333333,False,True,False,True,False
19039,1,Dominican Republic,Poland,41.30413043478261,-3.125,-46.666000000000004,46.15692307692307,-0.0009523809523811012,3.5714285714285725,56.52108695652174,-18.750625,-43.47652173913043,33.333666666666666,21.73913043478261,63.63454545454545,False,,,False,True
19039,2,Dominican Republic,Poland,23.68342105263158,-20.0005,-31.249375,19.046666666666667,-2.628947368421053,54.9985,30.554722222222225,-11.9988,-11.766470588235293,37.50125,24.322702702702703,46.42857142857143,False,False,True,False,True
19039,3,Dominican Republic,Poland,21.73913043478261,-17.647058823529413,-8.333333333333334,4.545454545454546,0.0,22.22222222222222,32.14214285714286,4.168333333333334,-20.000999999999998,28.572857142857142,11.538461538461538,42.857142857142854,False,False,True,False,True
19040,1,China,Germany,41.026923076923076,7.999199999999999,-41.17764705882353,26.31578947368421,15.789473684210526,81.8190909090909,35.134594594594596,-5.0,-50.001666666666665,20.83375,26.312368421052632,35.9996,False,,,True,False
19040,2,China,Germany,34.48379310344828,-8.0008,22.22222222222222,14.285,10.347586206896553,74.9995,2.7027027027027026,-11.763529411764706,-14.285714285714286,34.78173913043479,29.72945945945946,56.249375,False,True,False,True,False
19040,3,China,Germany,50.00153846153846,-3.9995999999999996,-36.840526315789475,18.749375,22.224814814814817,63.15631578947369,17.946666666666665,-10.525789473684211,-62.5,37.5,25.638974358974362,91.6675,False,True,False,True,False
19041,1,Canada,France,44.11794117647059,-4.166666666666667,33.33266666666667,-6.666666666666667,32.35647058823529,65.51724137931035,5.127692307692308,13.332666666666666,-33.33583333333333,4.3478260869565215,13.160526315789474,49.99916666666667,False,,,True,False
19041,2,Canada,France,24.999318181818182,-7.9988,-15.78842105263158,5.882941176470588,14.63170731707317,95.65217391304348,9.08878787878788,0.0016666666666675194,-5.555,9.523809523809524,5.261052631578947,52.6321052631579,False,True,False,True,False
19041,3,Canada,France,27.907441860465116,-6.665,-35.294117647058826,7.6923076923076925,21.42642857142857,54.16583333333333,28.56942857142857,-6.6659999999999995,-11.764705882352942,3.845384615384615,5.882352941176471,27.77777777777778,False,True,False,True,False
19042,1,Italy,USA,29.73027027027027,4.0012,-7.142142857142857,18.75,13.89111111111111,33.333333333333336,12.49925,-5.882352941176471,-27.272727272727273,24.0016,18.18431818181818,21.428571428571427,False,,,True,False
19042,2,Italy,USA,34.374375,0.0,-46.66733333333333,12.497916666666667,0.0,10.525789473684211,44.445,4.000800000000001,-0.0016666666666675194,27.77777777777778,8.569142857142856,33.33259259259259,False,True,False,False,True
19042,3,Italy,USA,39.39393939393939,3.9995999999999996,0.0013333333333340155,13.332666666666666,6.0612121212121215,47.826521739130435,14.705,-6.25,-25.0,27.999200000000002,6.253125,35.29470588235294,False,False,True,True,False
19042,4,Italy,USA,26.315263157894737,4.167083333333333,-26.667333333333332,23.80857142857143,5.554166666666666,56.52173913043478,17.64735294117647,0.0,0.0,9.09,5.88470588235294,37.49916666666667,False,True,False,True,False
19043,1,Japan,Serbia,29.99975,-12.0,-26.666666666666668,15.79,13.517297297297299,57.89526315789474,23.681842105263158,-13.635454545454547,-31.57894736842105,18.180454545454545,16.665,63.1557894736842,False,,,True,False
19043,2,Japan,Serbia,41.377931034482756,-0.0008333333333325754,-25.0,6.25,13.336000000000002,72.22222222222223,24.999375,-10.525263157894736,-33.33222222222222,4.544999999999999,17.23862068965517,54.54454545454546,False,True,False,True,False
19043,3,Japan,Serbia,43.58948717948718,-4.0,-15.383846153846154,35.714285714285715,17.648235294117647,81.81818181818181,28.572499999999998,-6.666666666666667,0.0,21.738260869565217,18.519259259259258,5.262631578947369,False,True,False,True,False
19044,1,Bulgaria,Dominican Republic,22.221555555555558,-4.167083333333333,-9.090909090909092,39.9968,14.634146341463415,34.61538461538461,40.6253125,-3.8461538461538463,-41.177058823529414,20.000999999999998,17.647058823529413,48.27551724137931,False,,,False,True
19044,2,Bulgaria,Dominican Republic,29.030967741935484,15.9988,-7.6923076923076925,9.521904761904763,3.121875,27.778888888888886,32.431891891891894,-12.499583333333334,-33.333333333333336,12.0,13.887777777777778,49.998636363636365,False,False,True,True,False
19044,3,Bulgaria,Dominican Republic,31.57842105263158,-8.334166666666667,-30.76846153846154,14.28190476190476,8.576,55.55555555555556,31.034137931034483,-4.3478260869565215,-44.44555555555556,18.18227272727273,3.3333333333333335,40.00066666666667,False,True,False,True,False
19044,4,Bulgaria,Dominican Republic,25.64025641025641,7.9996,-40.0,9.52,14.285714285714285,50.001363636363635,54.54393939393939,-16.0004,-28.571428571428573,-12.5,5.717142857142858,83.3338888888889,False,True,False,False,True
19044,5,Bulgaria,Dominican Republic,43.47826086956522,-6.666666666666667,-36.36363636363637,15.384615384615385,13.043478260869565,81.81818181818181,29.168333333333333,0.0,-60.0,14.287857142857144,8.3325,53.84615384615385,False,False,True,True,False
19045,1,Poland,Thailand,77.27272727272727,-16.666666666666668,-11.112222222222222,20.0,19.9975,50.001,16.0004,-0.0006250000000003197,-77.77888888888889,27.778888888888886,7.9967999999999995,30.0,False,,,True,False
19045,2,Poland,Thailand,41.175588235294114,-12.0008,-25.0005,31.819999999999997,51.515151515151516,47.61857142857143,20.512564102564102,4.346521739130435,-71.42857142857143,38.093809523809526,12.816410256410256,66.66714285714286,False,True,False,True,False
19045,3,Poland,Thailand,45.94837837837838,-4.166666666666667,0.0005555555555558397,23.528823529411767,14.286857142857142,31.2490625,23.076666666666668,-5.555555555555555,-42.10473684210526,18.180454545454545,5.4029729729729725,63.15736842105263,False,True,False,True,False
19046,1,China,Türkiye,15.6234375,0.0,-33.3325,9.089999999999998,18.752499999999998,33.33380952380952,32.25677419354839,4.16625,-11.11,20.0,28.127499999999998,52.63157894736842,False,,,False,True
19046,2,China,Türkiye,29.167083333333334,-11.764705882352942,-20.0,4.546818181818182,12.503749999999998,-27.778888888888886,41.93387096774194,-0.0008000000000004093,-18.181818181818183,20.0,22.221111111111114,53.332,False,False,True,False,True
19046,3,China,Türkiye,39.132173913043474,0.0008000000000004093,-7.6923076923076925,33.33277777777778,4.0,11.764705882352942,24.241212121212122,-4.761904761904762,-50.0,26.08608695652174,16.6675,57.142857142857146,False,False,True,True,False
19046,4,China,Türkiye,32.35235294117647,0.0,-29.411176470588234,38.09571428571429,27.272424242424243,47.05882352941177,29.41235294117647,-4.165833333333334,-18.749375,30.43304347826087,20.58588235294118,26.666666666666668,False,True,False,True,False
19046,5,China,Türkiye,13.043478260869565,-7.142142857142857,7.691538461538461,41.666666666666664,21.73913043478261,29.41235294117647,3.7033333333333327,-14.285,19.999000000000002,15.384615384615385,10.714285714285714,49.9995,False,True,False,True,False
19047,1,Korea,Netherlands,24.137241379310346,-18.18318181818182,-54.54545454545455,15.001,10.34206896551724,58.333333333333336,42.30692307692308,-16.665833333333335,-37.5,0.000588235294117948,38.45769230769231,39.99933333333333,False,,,False,True
19047,2,Korea,Netherlands,3.8461538461538463,0.0,-80.0,-9.090909090909092,7.999200000000001,45.45454545454545,59.09045454545455,7.9996,0.0,10.0,40.0,78.57214285714285,False,False,True,False,True
19047,3,Korea,Netherlands,-8.82235294117647,-0.0005555555555550503,0.0,5.0,5.885294117647058,73.68263157894735,34.48137931034483,-16.666666666666668,0.0009090909090913742,-6.2525,22.22222222222222,82.3529411764706,False,False,True,False,True
19048,1,Italy,Serbia,36.36409090909091,4.16625,-28.573571428571427,25.001875,0.0,63.63545454545454,29.1675,-14.285238095238096,-37.49875,-4.762857142857142,4.349130434782609,21.427857142857142,False,,,True,False
19048,2,Italy,Serbia,6.976046511627907,-23.80952380952381,-26.666666666666668,14.284761904761906,4.761428571428572,50.0,14.286285714285714,-8.33375,5.882352941176471,0.0,9.093636363636364,66.66814814814815,False,True,False,False,True
19048,3,Italy,Serbia,36.36303030303031,-15.999600000000001,-35.714285714285715,30.0005,0.0031250000000002665,47.368947368421054,21.62,-12.499583333333334,-21.428571428571427,23.809047619047618,14.285714285714286,55.55555555555556,False,False,True,True,False
19048,4,Italy,Serbia,28.1246875,-3.9983999999999997,0.0,18.75,10.347931034482757,55.556296296296296,27.026756756756757,-22.727272727272727,-41.666666666666664,34.78260869565217,18.180303030303033,40.0,False,True,False,True,False
19049,1,Japan,USA,11.764705882352942,-6.25,-21.429285714285715,21.74,14.285714285714286,4.349130434782609,38.89083333333333,0.0,-15.383846153846154,39.998666666666665,27.027027027027028,72.72818181818182,False,,,False,True
19049,2,Japan,USA,12.766382978723405,-11.110555555555557,-37.50125,45.45363636363636,2.170434782608696,57.57787878787879,33.33128205128205,-11.999600000000001,-12.49875,12.499375,18.91864864864865,84.61615384615385,False,False,True,False,True
19049,3,Japan,USA,31.8175,-11.999600000000001,-24.999375,14.998499999999998,4.87609756097561,41.37965517241379,36.36113636363636,-12.0,-30.76923076923077,27.270909090909093,26.31394736842105,83.33416666666666,False,False,True,False,True
19050,1,Germany,Thailand,31.250625,-8.332916666666668,21.428571428571427,12.502500000000001,6.450967741935483,75.0,3.3323333333333327,-11.11111111111111,-38.46,10.526315789473685,25.925925925925927,68.75,False,,,True,False
19050,2,Germany,Thailand,39.39212121212121,-3.9995999999999996,-25.0,23.81285714285714,32.26064516129033,71.42857142857143,22.578709677419354,4.761904761904762,-29.999000000000002,-4.9995,12.90548387096774,47.61904761904762,False,True,False,True,False
19050,3,Germany,Thailand,48.388387096774196,-4.16625,-9.09,19.047619047619047,31.250625,62.5,26.666,4.762857142857143,-50.0,4.763333333333334,13.331333333333333,46.668,False,True,False,True,False
19051,1,Brazil,Türkiye,57.69423076923077,-12.001199999999999,-7.143571428571429,9.090909090909092,8.33,56.250625,13.791379310344826,-14.286428571428571,-46.666666666666664,13.636818181818182,6.25,30.77,False,,,True,False
19051,2,Brazil,Türkiye,23.076153846153847,8.3325,25.00125,26.666666666666668,8.331666666666665,100.0,-11.539615384615384,0.0,-5.882352941176471,4.346086956521738,7.41,77.77777777777777,False,True,False,True,False
19051,3,Brazil,Türkiye,31.81772727272727,4.000800000000001,-14.286428571428573,18.750625,-0.0008333333333337597,66.66666666666667,3.57,-0.001052631578947907,-18.181818181818183,22.729090909090907,15.385,75.0,False,True,False,True,False
19052,1,China,Poland,26.666666666666668,-15.9988,0.0,-0.000999999999999801,24.135172413793107,43.75,6.2503125,0.0004347826086958746,0.0010000000000005115,9.999500000000001,28.125,76.9223076923077,False,,,True,False
19052,2,China,Poland,38.46038461538462,4.1675,11.11111111111111,14.285,23.9972,84.61461538461539,9.090454545454547,-12.5,-0.0014285714285721593,-4.761428571428572,27.272727272727273,-7.6923076923076925,False,True,False,True,False
19052,3,China,Poland,59.25777777777778,4.000000000000001,16.666666666666668,-0.001764705882353008,20.0016,24.999000000000002,29.029999999999998,5.262631578947368,-66.66666666666667,4.165833333333333,34.4848275862069,64.28642857142857,False,True,False,True,False
19053,1,China,Japan,12.818205128205127,0.0,-21.738260869565217,23.80952380952381,13.515675675675675,60.8704347826087,25.002499999999998,-4.000800000000001,-23.52823529411765,24.9995,7.497,70.0,True,,,False,True
19053,2,China,Japan,27.58586206896552,-9.091818181818182,-0.0007142857142860797,-4.545454545454546,20.692068965517244,42.85619047619048,21.620540540540542,8.333333333333334,-27.272727272727273,5.26421052631579,17.647058823529413,57.89578947368421,True,False,True,False,True
19053,3,China,Japan,18.517407407407408,4.545909090909091,-20.002,9.090909090909092,26.08782608695652,20.0,37.5028125,-11.538846153846153,-12.501249999999999,-4.761904761904762,15.625,85.71428571428571,True,False,True,False,True
19054,1,Brazil,Thailand,48.0012,-8.0,-40.0,43.748125,29.1675,43.75,42.855000000000004,-23.809047619047618,-41.66583333333333,14.999,23.07461538461538,33.332,True,,,True,False
19054,2,Brazil,Thailand,34.28514285714286,-12.5,7.693076923076922,31.57894736842105,18.752499999999998,66.6661111111111,20.000333333333334,-4.761904761904762,-50.00071428571429,30.0,18.7515625,43.75,True,True,False,True,False
19054,3,Brazil,Thailand,31.42542857142857,-4.0004,-12.498750000000001,31.819090909090907,27.270606060606063,29.412352941176472,30.0,0.0,-18.75,45.45545454545454,12.90709677419355,23.529411764705884,True,True,False,True,False
19055,1,Italy,USA,33.333999999999996,-8.0,7.6923076923076925,5.000500000000001,10.344827586206897,5.555555555555555,15.150909090909092,-0.0004761904761907198,-24.999375,22.725909090909088,6.2509375,60.0,True,,,True,False
19055,2,Italy,USA,41.37896551724138,-8.332916666666668,-13.042173913043477,21.051578947368423,3.0303030303030303,38.09571428571429,17.074634146341467,-9.092272727272727,-31.58,18.17909090909091,19.448888888888888,47.61952380952381,True,True,False,True,False
19055,3,Italy,USA,25.806451612903224,0.0,-29.413529411764703,23.528823529411767,3.335,58.8235294117647,26.314736842105265,-17.390869565217393,0.0,36.001999999999995,13.158157894736842,50.0,True,True,False,True,False
19056,1,Poland,Türkiye,3.331666666666666,0.0,-11.112222222222222,-4.167083333333333,0.0,23.076923076923077,18.515555555555554,7.9996,6.25,-5.555,0.0,69.23076923076923,True,,,False,True
19056,2,Poland,Türkiye,30.43217391304348,7.9996,-6.666666666666667,5.2631578947368425,8.3325,54.54727272727273,26.668,-9.090454545454547,-41.666666666666664,4.348260869565217,16.669333333333334,74.99916666666667,True,False,True,True,False
19056,3,Poland,Türkiye,28.125625,-4.165416666666666,8.333333333333334,36.84263157894737,15.153939393939394,41.666666666666664,13.887777777777778,-9.523809523809524,-31.25125,9.522380952380951,11.428571428571429,89.47368421052632,True,True,False,True,False
19056,4,Poland,Türkiye,15.9988,-9.999500000000001,-60.001,23.81,15.384615384615385,53.84615384615385,29.031612903225806,-4.166666666666667,-20.0,16.667777777777776,7.694999999999999,75.00083333333333,True,True,False,False,True
19056,5,Poland,Türkiye,11.764117647058825,0.0,8.333333333333334,54.54454545454546,23.528823529411767,57.142857142857146,-4.168333333333333,-8.333333333333334,9.090909090909092,21.427857142857142,4.35,27.272727272727273,True,False,True,True,False
19057,1,Italy,Poland,23.33133333333333,0.0,6.25,11.763529411764706,12.002400000000002,73.33266666666667,-3.0300000000000007,5.555555555555555,-27.272727272727273,4.347391304347825,12.49875,39.99933333333333,True,,,True,False
19057,2,Italy,Poland,57.69423076923078,-4.166666666666667,-33.333333333333336,37.49875,3.9983999999999997,62.50125,20.51205128205128,-11.11111111111111,-62.49875,13.042173913043477,18.42105263157895,58.8235294117647,True,True,False,True,False
19057,3,Italy,Poland,44.442962962962966,-7.998399999999999,-5.000500000000001,16.666666666666668,11.540769230769232,76.47058823529412,-8.334166666666668,0.0,-50.0,13.636363636363637,19.445,52.940588235294115,True,True,False,True,False
19058,1,Brazil,Japan,21.273829787234042,-16.667083333333334,-8.694347826086956,47.82826086956521,20.4525,73.91304347826087,29.99875,-7.691923076923077,-18.18136363636364,31.57842105263158,2.435121951219512,40.6246875,True,,,False,True
19058,2,Brazil,Japan,39.0219512195122,-4.0,-21.428571428571427,31.57842105263158,9.52142857142857,53.1225,22.726136363636364,0.0015000000000007674,-40.0,34.78217391304348,2.5025,63.63636363636363,True,False,True,True,False
19058,3,Brazil,Japan,22.220277777777778,-4.759523809523809,-13.633636363636363,15.998800000000001,10.81054054054054,49.99944444444444,26.827073170731705,4.000800000000001,-9.523333333333333,33.33277777777778,5.407297297297297,66.66666666666667,True,True,False,False,True
19058,4,Brazil,Japan,27.778333333333332,-8.000399999999999,14.287857142857144,9.999500000000001,21.620540540540542,36.0012,10.812432432432432,0.0,-8.333333333333334,21.74,10.81162162162162,31.57842105263158,True,False,True,True,False
19058,5,Brazil,Japan,26.923076923076923,8.333333333333334,-60.0,33.334666666666664,20.0,90.9090909090909,45.45409090909091,6.668666666666667,-16.6675,25.0,8.33,60.0,True,True,False,False,True
19059,1,Brazil,Poland,2.857714285714285,-13.635454545454547,-10.0,17.391739130434782,8.331388888888888,52.63315789473684,13.157894736842104,-4.166666666666667,6.666666666666667,31.57684210526316,16.216216216216218,59.9992,True,,,False,True
19059,2,Brazil,Poland,36.11222222222222,-7.408148148148149,-15.0,19.23,8.337777777777779,33.33166666666667,27.026756756756757,0.0,-33.333888888888886,20.83375,13.158947368421051,40.0,True,False,True,True,False
19059,3,Brazil,Poland,26.47205882352941,-9.091818181818182,-35.714999999999996,17.391739130434782,0.0,41.17411764705883,36.66566666666667,-0.00041666666666687985,-27.77777777777778,15.788947368421054,17.857857142857142,73.33333333333333,True,True,False,False,True
19059,4,Brazil,Poland,29.728918918918918,8.0,-22.221111111111114,27.77777777777778,12.118484848484847,86.66733333333333,31.034137931034483,-9.999500000000001,-13.335333333333331,8.0024,17.244137931034484,31.57842105263158,True,False,True,True,False
19059,5,Brazil,Poland,4.999,-30.0,-75.0,33.335,11.107777777777777,42.857142857142854,54.54636363636364,-14.285714285714286,30.77,42.85857142857143,0.0,14.285714285714286,True,True,False,False,True
19060,1,Italy,Japan,45.9472972972973,-8.0,-26.314736842105265,12.5,13.89111111111111,50.00038461538462,20.92953488372093,-5.882352941176471,-38.46307692307692,21.73913043478261,11.626744186046512,45.8325,True,,,True,False
19060,2,Italy,Japan,34.14658536585366,-4.16625,0.0008333333333325754,16.668333333333333,21.426190476190477,64.28535714285714,11.626976744186045,0.0,-50.0,17.39217391304348,13.956279069767442,50.0,True,True,False,True,False
19060,3,Italy,Japan,26.829268292682926,-13.042608695652175,-12.501249999999999,-4.543181818181818,4.758571428571429,63.333,21.57058823529412,0.0,-27.272727272727273,14.998499999999998,12.247346938775513,63.999599999999994,True,True,False,False,True
19060,4,Italy,Japan,29.267073170731702,-12.499166666666667,-20.0,33.33166666666667,12.82076923076923,63.333333333333336,14.28547619047619,-14.284761904761906,-35.714285714285715,10.0,8.887777777777778,64.28571428571429,True,False,True,True,False
19087,1,Dominican Republic,Italy,2.7027027027027026,5.0,-2.5837917664003644e-15,64.70588235294117,43.47826086956521,7.1428571428571415,28.571428571428573,0.0,-11.11111111111111,33.333333333333336,4.3478260869565215,40.0,False,,,False,True
19087,2,Dominican Republic,Italy,17.77777777777778,4.0,33.333333333333336,24.0,2.222222222222222,32.142857142857146,10.256410256410257,4.0,-31.25,68.18181818181819,56.75675675675676,30.769230769230766,False,False,True,True,False
19087,3,Dominican Republic,Italy,21.21212121212121,0.0,-16.666666666666668,50.0,48.27586206896552,28.571428571428573,29.032258064516128,8.333333333333334,9.090909090909092,45.0,8.823529411764707,9.090909090909092,False,True,False,False,True
19087,4,Dominican Republic,Italy,9.677419354838708,5.5555555555555545,-10.000000000000002,0.0,3.125,6.666666666666666,23.07692307692308,8.0,0.0,28.571428571428573,40.90909090909091,23.80952380952381,False,False,True,False,True
19088,1,Japan,Poland,31.428571428571427,8.0,-40.0,78.57142857142857,26.08695652173913,13.33333333333333,25.806451612903224,0.0,-25.0,57.142857142857146,25.000000000000004,24.999999999999996,False,,,True,False
19088,2,Japan,Poland,24.390243902439025,0.0,-16.666666666666664,59.09090909090909,10.81081081081081,27.586206896551722,40.625,8.0,-12.5,80.0,48.148148148148145,-11.764705882352942,False,True,False,False,True
19088,3,Japan,Poland,34.285714285714285,0.0,-54.54545454545455,65.0,56.666666666666664,13.043478260869565,42.42424242424242,0.0,-44.44444444444444,80.0,18.75,31.57894736842105,False,False,True,False,True
19088,4,Japan,Poland,17.142857142857142,11.538461538461538,-21.428571428571427,69.56521739130434,9.67741935483871,27.272727272727273,31.03448275862069,3.5714285714285716,-7.6923076923076925,33.333333333333336,55.55555555555555,0.0,False,False,True,False,True
19089,1,Netherlands,Türkiye,34.78260869565217,4.0,-11.11111111111111,42.857142857142854,50.0,-12.5,17.857142857142858,5.2631578947368425,-20.0,61.904761904761905,16.0,-5.882352941176471,False,,,True,False
19089,2,Netherlands,Türkiye,20.0,4.166666666666667,5.0,83.33333333333333,42.42424242424242,54.54545454545455,5.714285714285714,0.0,-22.22222222222222,38.095238095238095,29.72972972972973,25.0,False,True,False,True,False
19089,3,Netherlands,Türkiye,21.875,4.3478260869565215,-13.333333333333334,47.61904761904761,60.0,21.73913043478261,23.684210526315788,8.333333333333334,-21.428571428571427,55.0,11.11111111111111,40.0,False,True,False,False,True
19089,4,Netherlands,Türkiye,25.58139534883721,0.0,-33.333333333333336,62.5,29.26829268292683,24.999999999999996,37.5,4.0,-7.142857142857143,68.42105263157895,43.90243902439025,25.0,False,False,True,False,True
19089,5,Netherlands,Türkiye,20.689655172413794,0.0,-11.111111111111109,53.84615384615385,37.5,44.44444444444444,34.78260869565217,0.0,-12.5,50.0,31.818181818181813,25.0,False,False,True,False,True
19090,1,Brazil,Kenya,45.16129032258065,4.166666666666666,-18.75,54.54545454545455,31.03448275862069,95.0,14.285714285714286,0.0,-46.15384615384615,23.529411764705884,16.666666666666664,40.0,False,,,True,False
19090,2,Brazil,Kenya,50.0,3.9999999999999996,12.499999999999998,83.33333333333333,56.52173913043478,35.294117647058826,3.703703703703703,0.0,-10.0,42.857142857142854,17.24137931034483,5.000000000000002,False,True,False,True,False
19090,3,Brazil,Kenya,50.0,0.0,45.45454545454545,92.3076923076923,61.111111111111114,44.44444444444444,-28.0,0.0,-57.142857142857146,30.0,16.0,-18.181818181818183,False,True,False,True,False
19091,1,China,USA,29.26829268292683,4.0,-23.52941176470588,55.0,26.470588235294116,42.857142857142854,18.181818181818183,4.999999999999999,-47.36842105263158,67.99999999999999,17.07317073170732,43.333333333333336,False,,,True,False
19091,2,China,USA,37.5,0.0,-15.0,64.70588235294117,16.666666666666668,36.666666666666664,25.71428571428571,0.0,-15.384615384615385,66.66666666666667,41.93548387096774,19.999999999999996,False,True,False,True,False
19091,3,China,USA,19.23076923076923,0.0,0.0,31.57894736842105,29.16666666666667,-7.142857142857143,33.333333333333336,4.166666666666666,-14.285714285714286,50.0,20.58823529411765,54.166666666666664,False,True,False,False,True
19091,4,China,USA,35.483870967741936,0.0,-23.076923076923077,21.739130434782606,10.344827586206897,27.272727272727273,30.555555555555557,12.5,-13.333333333333332,42.10526315789474,25.000000000000004,33.333333333333336,False,False,True,False,True
19091,5,China,USA,61.111111111111114,0.0,-33.333333333333336,53.84615384615385,18.75,71.42857142857143,41.1764705882353,7.1428571428571415,-40.0,73.33333333333333,31.250000000000004,40.0,False,False,True,True,False
19092,1,France,Serbia,-1.9601178917520005e-15,0.0,16.666666666666668,10.526315789473685,26.923076923076923,50.0,15.384615384615385,20.833333333333332,12.5,71.42857142857143,3.8461538461538463,0.0,False,,,False,True
19092,2,France,Serbia,13.043478260869563,0.0,-27.272727272727273,36.36363636363637,-4.545454545454546,-69.23076923076923,40.0,4.0,36.36363636363637,62.5,21.73913043478261,50.0,False,False,True,False,True
19092,3,France,Serbia,17.5,4.3478260869565215,-2.3684757858670005e-15,30.434782608695652,16.666666666666668,21.739130434782606,19.444444444444443,8.333333333333332,-36.8421052631579,55.0,18.181818181818183,10.526315789473685,False,False,True,False,True
19093,1,Serbia,USA,12.5,0.0,40.0,50.0,30.434782608695652,-38.888888888888886,45.454545454545446,4.166666666666667,25.0,66.66666666666667,75.0,-21.428571428571427,False,,,False,True
19093,2,Serbia,USA,6.89655172413793,15.789473684210526,-57.142857142857146,50.0,46.15384615384615,16.666666666666664,39.130434782608695,3.8461538461538463,7.142857142857143,5.555555555555555,19.047619047619047,-7.142857142857145,False,False,True,False,True
19093,3,Serbia,USA,23.68421052631579,3.9999999999999996,-10.526315789473685,65.0,27.77777777777778,52.38095238095238,10.526315789473683,0.0,-7.142857142857145,37.49999999999999,29.41176470588235,-8.333333333333334,False,False,True,True,False
19093,4,Serbia,USA,37.5,8.333333333333332,-11.764705882352942,42.857142857142854,44.827586206896555,72.22222222222223,3.4482758620689653,0.0,-6.666666666666666,45.0,14.814814814814815,4.166666666666667,False,True,False,True,False
19093,5,Serbia,USA,27.272727272727273,0.0,9.999999999999996,54.54545454545455,11.111111111111109,8.333333333333334,17.647058823529413,6.25,8.333333333333334,73.33333333333333,42.857142857142854,27.77777777777778,False,True,False,False,True
19094,1,Kenya,Poland,-3.5714285714285725,0.0,-50.0,23.80952380952381,13.043478260869565,-50.0,57.89473684210526,8.333333333333334,-10.000000000000002,66.66666666666667,50.0,0.0,False,,,False,True
19094,2,Kenya,Poland,26.666666666666668,5.88235294117647,-7.692307692307692,8.695652173913043,10.0,13.043478260869565,52.0,15.999999999999998,-30.76923076923077,40.0,43.47826086956521,21.05263157894737,False,False,True,False,True
19094,3,Kenya,Poland,13.333333333333334,12.499999999999998,-50.0,36.36363636363637,11.538461538461537,-26.31578947368421,51.61290322580645,0.0,-50.0,35.714285714285715,33.333333333333336,45.833333333333336,False,False,True,False,True
19095,1,Dominican Republic,Türkiye,24.324324324324323,4.166666666666667,-30.76923076923077,55.55555555555556,15.625,31.57894736842105,19.35483870967742,0.0,8.333333333333334,75.0,63.33333333333334,4.545454545454546,False,,,True,False
19095,2,Dominican Republic,Türkiye,25.0,5.2631578947368425,-25.0,4.999999999999998,20.833333333333332,-26.666666666666664,53.333333333333336,8.333333333333334,-16.666666666666668,46.666666666666664,35.483870967741936,19.047619047619047,False,True,False,False,True
19095,3,Dominican Republic,Türkiye,32.25806451612903,4.545454545454546,-26.31578947368421,50.0,30.0,11.764705882352938,41.66666666666666,8.0,-21.428571428571427,59.09090909090909,58.823529411764696,17.391304347826086,False,False,True,False,True
19095,4,Dominican Republic,Türkiye,22.22222222222222,6.249999999999999,-20.0,4.761904761904761,36.0,-6.25,44.0,20.833333333333332,22.22222222222222,41.666666666666664,26.086956521739125,58.8235294117647,False,False,True,False,True
19096,1,Brazil,Japan,25.0,8.333333333333334,-5.555555555555554,62.5,23.076923076923077,61.53846153846154,3.5714285714285716,4.761904761904761,-10.000000000000002,55.55555555555555,44.827586206896555,50.0,False,,,True,False
19096,2,Brazil,Japan,35.13513513513514,4.0,-11.11111111111111,61.53846153846153,22.222222222222218,57.14285714285713,15.0,0.0,-29.41176470588235,50.0,26.31578947368421,27.586206896551722,False,True,False,True,False
19096,3,Brazil,Japan,44.11764705882353,4.166666666666666,-8.695652173913043,56.25,21.21212121212121,60.869565217391305,20.930232558139533,5.2631578947368425,-23.529411764705884,68.18181818181819,58.53658536585367,72.72727272727273,False,True,False,True,False
19097,1,Italy,Netherlands,24.444444444444443,3.5714285714285716,-11.11111111111111,32.0,11.363636363636363,60.714285714285715,15.0,14.285714285714286,-20.0,38.46153846153846,26.31578947368421,11.538461538461538,False,,,True,False
19097,2,Italy,Netherlands,48.648648648648646,0.0,-53.333333333333336,26.666666666666668,26.470588235294116,72.0,35.483870967741936,5.555555555555555,-45.0,56.52173913043478,22.58064516129032,-8.359326303060002e-16,False,True,False,True,False
19097,3,Italy,Netherlands,36.36363636363636,0.0,-5.2631578947368425,60.0,9.75609756097561,27.77777777777778,18.75,0.0,-25.0,50.0,36.36363636363636,48.484848484848484,False,True,False,True,False
19098,1,China,France,33.333333333333336,8.333333333333334,-27.272727272727273,78.57142857142857,39.39393939393939,46.42857142857143,24.324324324324323,0.0,-22.22222222222222,47.82608695652174,24.324324324324326,27.586206896551722,False,,,True,False
19098,2,China,France,31.03448275862069,0.0,5.882352941176469,58.333333333333336,32.142857142857146,56.52173913043478,5.714285714285714,6.25,25.0,41.666666666666664,25.0,-4.3478260869565215,False,True,False,True,False
19098,3,China,France,40.0,0.0,-15.0,63.1578947368421,24.242424242424246,47.61904761904763,20.58823529411765,5.0,-15.0,33.333333333333336,13.88888888888889,16.666666666666668,False,True,False,True,False
19099,1,Dominican Republic,Netherlands,9.999999999999998,8.695652173913043,-33.33333333333333,50.0,2.5000000000000004,60.0,21.875,4.166666666666667,-10.526315789473685,55.0,32.142857142857146,11.764705882352942,False,,,False,True
19099,2,Dominican Republic,Netherlands,33.333333333333336,4.166666666666667,5.882352941176471,55.55555555555556,30.303030303030308,50.0,24.324324324324323,13.636363636363637,-40.0,36.36363636363637,20.588235294117652,41.666666666666664,False,False,True,True,False
19099,3,Dominican Republic,Netherlands,28.571428571428573,8.0,0.0,46.666666666666664,7.407407407407408,42.857142857142854,9.67741935483871,5.88235294117647,-27.272727272727273,62.5,45.16129032258065,12.5,False,True,False,True,False
19099,4,Dominican Republic,Netherlands,16.071428571428573,0.0,6.250000000000001,56.52173913043478,12.244897959183673,55.55555555555556,20.833333333333332,0.0,-7.4074074074074066,50.0,17.391304347826086,43.24324324324324,False,True,False,True,False
19100,1,Japan,Kenya,41.1764705882353,12.5,-41.666666666666664,82.3529411764706,26.470588235294116,2.4714529939481745e-15,32.25806451612903,0.0,-9.473903143468002e-16,27.272727272727273,13.333333333333334,-5.0,False,,,True,False
19100,2,Japan,Kenya,48.275862068965516,0.0,-31.249999999999996,50.0,20.0,40.0,41.37931034482759,9.09090909090909,-22.22222222222222,37.5,3.3333333333333335,-45.0,False,True,False,True,False
19100,3,Japan,Kenya,37.03703703703704,0.0,-8.333333333333334,54.54545454545455,40.74074074074075,36.36363636363637,-5.405405405405405,0.0,-33.333333333333336,26.08695652173913,8.823529411764705,31.57894736842105,False,True,False,True,False
19101,1,Italy,Türkiye,40.625,8.333333333333334,22.22222222222222,64.28571428571428,3.3333333333333326,50.0,7.999999999999997,6.666666666666666,-27.77777777777778,23.80952380952381,3.7037037037037037,10.526315789473685,False,,,True,False
19101,2,Italy,Türkiye,47.22222222222222,4.0,-5.555555555555555,53.333333333333336,3.03030303030303,24.242424242424242,21.62162162162162,0.0,-15.0,50.0,18.91891891891892,3.0303030303030294,False,True,False,True,False
19101,3,Italy,Türkiye,22.222222222222218,8.333333333333334,0.0,44.444444444444436,7.6923076923076925,5.882352941176471,15.384615384615385,0.0,-20.0,25.0,23.076923076923077,5.555555555555555,False,True,False,True,False
19102,1,France,USA,24.444444444444443,0.0,6.666666666666667,42.30769230769231,25.581395348837205,26.470588235294116,15.217391304347826,10.714285714285714,-28.0,58.333333333333336,28.88888888888889,46.42857142857143,False,,,False,True
19102,2,France,USA,15.384615384615385,7.407407407407407,-38.46153846153846,29.166666666666668,2.702702702702702,20.689655172413794,33.333333333333336,6.896551724137931,-13.043478260869563,56.0,37.83783783783784,38.095238095238095,False,False,True,False,True
19102,3,France,USA,16.216216216216218,4.761904761904762,-15.384615384615385,60.869565217391305,27.027027027027025,3.5714285714285734,27.027027027027028,0.0,-26.31578947368421,52.94117647058823,21.21212121212121,60.869565217391305,False,False,True,False,True
19103,1,China,Serbia,28.57142857142857,4.761904761904762,1.1842378929335002e-15,22.727272727272727,30.303030303030305,39.285714285714285,28.571428571428573,16.0,-46.15384615384615,47.05882352941177,45.16129032258065,28.571428571428573,False,,,False,True
19103,2,China,Serbia,46.15384615384615,7.999999999999999,0.0,47.36842105263158,37.03703703703703,-6.249999999999999,20.0,0.0,-42.857142857142854,63.63636363636363,41.935483870967744,40.0,False,False,True,True,False
19103,3,China,Serbia,28.205128205128204,0.0,-7.6923076923076925,59.999999999999986,21.21212121212121,61.111111111111114,22.22222222222222,0.0,0.0,57.142857142857146,32.35294117647059,-3.5714285714285725,False,True,False,True,False
19103,4,China,Serbia,23.404255319148938,10.344827586206897,-25.0,60.869565217391305,48.83720930232558,20.689655172413794,35.55555555555556,0.0,-9.090909090909092,34.48275862068966,18.604651162790695,37.93103448275862,False,True,False,True,False
19104,1,Brazil,Poland,33.333333333333336,0.0,5.2631578947368425,66.66666666666667,23.076923076923073,34.375,16.666666666666664,4.761904761904762,-28.571428571428573,43.47826086956522,32.5,44.0,False,,,True,False
19104,2,Brazil,Poland,25.0,2.702702702702703,-38.095238095238095,68.75,15.254237288135595,43.58974358974359,31.999999999999996,2.702702702702702,-13.88888888888889,42.857142857142854,17.999999999999996,40.74074074074074,False,True,False,True,False
19104,3,Brazil,Poland,30.76923076923077,20.0,-9.090909090909092,33.333333333333336,15.384615384615385,77.77777777777777,5.714285714285714,0.0,-23.076923076923077,9.090909090909092,29.999999999999996,44.44444444444444,False,True,False,True,False
19105,1,Poland,USA,12.121212121212121,8.695652173913043,-10.526315789473685,54.54545454545455,12.121212121212121,44.44444444444444,24.324324324324323,4.166666666666667,-5.2631578947368425,40.0,13.888888888888891,61.904761904761905,True,,,False,True
19105,2,Poland,USA,15.151515151515152,0.0,-15.789473684210526,52.0,16.666666666666668,18.75,34.21052631578947,8.0,-23.529411764705884,58.333333333333336,3.2258064516129035,75.0,True,False,True,False,True
19105,3,Poland,USA,11.428571428571427,4.761904761904762,-23.80952380952381,45.45454545454545,10.81081081081081,76.19047619047619,18.75,12.5,7.105427357601002e-16,41.1764705882353,18.181818181818183,59.09090909090909,True,False,True,False,True
19106,1,Italy,Serbia,36.666666666666664,4.0,-26.08695652173913,25.0,35.714285714285715,42.10526315789474,19.51219512195122,16.0,-30.0,68.18181818181819,15.384615384615385,28.0,True,,,True,False
19106,2,Italy,Serbia,28.571428571428573,3.9999999999999996,-17.647058823529413,53.333333333333336,16.0,-1.495879443705474e-15,13.88888888888889,0.0,-14.285714285714286,45.45454545454545,42.857142857142854,47.61904761904762,True,True,False,True,False
19106,3,Italy,Serbia,50.0,12.5,-41.666666666666664,70.58823529411765,56.521739130434774,15.384615384615385,40.74074074074074,0.0,-53.84615384615385,40.90909090909091,12.0,27.272727272727273,True,True,False,True,False
19107,1,China,Türkiye,35.294117647058826,8.0,-23.529411764705884,45.0,49.99999999999999,-10.0,27.906976744186053,4.3478260869565215,-35.714285714285715,29.166666666666668,10.256410256410257,35.483870967741936,True,,,True,False
19107,2,China,Türkiye,24.137931034482758,4.761904761904761,0.0,18.181818181818183,-3.448275862068965,9.090909090909092,23.333333333333332,12.0,-14.285714285714286,35.294117647058826,33.333333333333336,4.761904761904763,True,True,False,False,True
19107,3,China,Türkiye,44.73684210526316,0.0,-30.76923076923077,29.166666666666668,53.12499999999999,-20.0,42.857142857142854,12.0,-13.333333333333334,44.0,-2.4390243902439024,8.571428571428571,True,False,True,False,True
19107,4,China,Türkiye,27.272727272727273,12.5,-23.076923076923077,44.44444444444444,9.090909090909092,30.76923076923077,32.142857142857146,9.090909090909092,-31.25,43.478260869565226,50.00000000000001,0.0,True,False,True,True,False
19107,5,China,Türkiye,28.571428571428573,7.692307692307692,-9.999999999999996,50.0,21.73913043478261,14.285714285714286,37.5,0.0,-9.090909090909092,33.333333333333336,22.727272727272727,15.000000000000004,True,True,False,False,True
19108,1,Brazil,Dominican Republic,38.23529411764706,8.333333333333334,-5.555555555555556,50.0,21.21212121212121,15.0,20.58823529411765,4.3478260869565215,-44.44444444444444,63.1578947368421,22.580645161290324,33.333333333333336,True,,,True,False
19108,2,Brazil,Dominican Republic,36.36363636363637,8.0,-18.181818181818183,59.999999999999986,9.67741935483871,51.724137931034484,7.894736842105263,0.0,-42.857142857142854,29.166666666666668,5.555555555555555,24.0,True,True,False,True,False
19108,3,Brazil,Dominican Republic,20.689655172413794,4.166666666666667,-4.347826086956521,53.84615384615385,29.62962962962963,61.111111111111114,2.631578947368423,5.555555555555555,-28.571428571428573,49.99999999999999,8.571428571428571,52.63157894736842,True,True,False,True,False
19109,1,Brazil,USA,8.108108108108109,4.166666666666667,5.882352941176471,45.0,2.6315789473684212,20.689655172413794,11.904761904761905,4.166666666666667,-1.578983857244667e-15,50.0,27.5,62.5,True,,,False,True
19109,2,Brazil,USA,40.54054054054054,4.166666666666667,-35.294117647058826,70.58823529411765,45.714285714285715,54.54545454545455,29.032258064516128,0.0,-33.333333333333336,26.08695652173913,18.75,31.818181818181817,True,False,True,True,False
19109,3,Brazil,USA,25.0,0.0,-22.222222222222218,23.80952380952381,3.8461538461538467,3.157967714489334e-15,54.54545454545455,12.5,-11.764705882352942,58.333333333333336,40.90909090909091,37.5,True,True,False,False,True
19109,4,Brazil,USA,41.37931034482759,0.0,-41.1764705882353,38.095238095238095,37.93103448275862,42.857142857142854,27.272727272727273,4.166666666666666,-46.666666666666664,47.61904761904761,9.67741935483871,18.75,True,False,True,True,False
19109,5,Brazil,USA,13.043478260869565,0.0,-12.499999999999998,46.15384615384615,-5.465713352000771e-16,47.05882352941177,22.727272727272727,0.0,-21.428571428571427,81.81818181818181,31.818181818181817,68.75,True,True,False,False,True
19110,1,Italy,Türkiye,36.8421052631579,4.166666666666667,-40.0,56.52173913043478,25.714285714285715,28.571428571428573,33.333333333333336,0.0,-20.0,45.45454545454545,9.677419354838712,8.0,True,,,True,False
19110,2,Italy,Türkiye,28.125,12.0,-15.789473684210526,44.44444444444444,15.151515151515152,45.833333333333336,5.2631578947368425,0.0,-33.333333333333336,20.0,17.142857142857142,65.51724137931035,True,True,False,True,False
19110,3,Italy,Türkiye,29.72972972972973,4.166666666666667,-11.538461538461538,80.95238095238095,22.22222222222222,30.76923076923077,25.58139534883721,0.0,-45.0,45.833333333333336,2.3809523809523805,61.53846153846154,True,True,False,True,False
19111,1,Brazil,Türkiye,29.032258064516128,8.333333333333334,20.0,66.66666666666667,35.714285714285715,9.09090909090909,13.33333333333333,4.545454545454545,-21.428571428571427,9.090909090909088,7.4074074074074066,19.999999999999996,True,,,True,False
19111,2,Brazil,Türkiye,10.0,0.0,0.0,71.42857142857144,26.666666666666668,45.45454545454545,10.638297872340425,0.0,-10.344827586206897,48.0,13.636363636363633,71.42857142857143,True,True,False,True,False
19111,3,Brazil,Türkiye,21.21212121212121,4.545454545454546,-7.1428571428571415,40.0,20.0,4.545454545454546,35.483870967741936,8.0,-30.0,45.45454545454545,17.24137931034483,58.8235294117647,True,True,False,False,True
19111,4,Brazil,Türkiye,22.22222222222222,12.0,-5.263157894736842,64.28571428571429,19.23076923076923,58.8235294117647,-3.0303030303030294,6.666666666666667,-16.666666666666664,33.333333333333336,16.666666666666668,28.571428571428573,True,False,True,True,False
19112,1,Italy,USA,32.432432432432435,7.999999999999999,5.88235294117647,66.66666666666667,20.0,30.0,7.142857142857143,11.111111111111109,-25.0,56.52173913043478,27.272727272727273,42.42424242424242,True,,,True,False
19112,2,Italy,USA,48.484848484848484,0.0,-30.76923076923077,52.63157894736842,5.882352941176471,29.166666666666668,34.48275862068966,4.761904761904762,-35.714285714285715,47.61904761904762,27.586206896551722,-11.538461538461538,True,True,False,True,False
19112,3,Italy,USA,36.0,20.0,-15.789473684210526,37.5,7.6923076923076925,42.10526315789474,8.333333333333334,0.0,-70.0,6.767073673905716e-16,13.88888888888889,51.851851851851855,True,True,False,True,False
21553,1,France,Türkiye,21.430357142857144,-23.529411764705884,0.0,-0.0013043478260882416,7.146428571428572,61.53846153846154,26.922307692307694,11.999600000000001,-29.41235294117647,24.999166666666667,27.9984,68.75,False,,,False,True
21553,2,France,Türkiye,19.99942857142857,-16.0016,-16.666666666666668,20.0005,9.090909090909092,28.571428571428573,11.76529411764706,-8.694782608695652,-12.50125,14.284285714285712,29.40941176470588,55.0005,False,False,True,True,False
21553,3,France,Türkiye,6.666666666666667,-23.076923076923077,0.0,8.694782608695652,13.333333333333334,23.528823529411767,50.0,-4.000800000000001,54.54545454545455,30.0,26.084347826086955,75.0,False,True,False,False,True
21553,4,France,Türkiye,11.538461538461538,-6.666666666666667,-70.0,-5.0,3.9983999999999997,21.429285714285715,56.0008,-8.333333333333334,0.0,14.285714285714286,30.76923076923077,62.5,False,False,True,False,True
21554,1,Poland,Thailand,29.72864864864865,-0.0008333333333337597,-20.0,27.27136363636364,21.618648648648648,45.83166666666667,23.07923076923077,-4.3478260869565215,-50.0,9.094090909090909,10.808108108108108,44.0004,False,,,True,False
21554,2,Poland,Thailand,38.88805555555555,-0.0011538461538467442,-10.527368421052632,26.08521739130435,19.44388888888889,20.832083333333333,33.33205128205128,-4.16625,-40.0,4.3478260869565215,5.261052631578948,41.665,False,True,False,True,False
21554,3,Poland,Thailand,40.54027027027027,-4.165,-53.847692307692306,23.81,28.946315789473687,43.47826086956522,46.8728125,-8.694782608695652,-30.0,13.638181818181817,11.428571428571429,14.815185185185184,False,True,False,True,False
21555,1,Belgium,China,26.314736842105262,5.263684210526316,-42.857142857142854,4.34608695652174,16.665,40.91090909090909,57.57545454545455,-4.166666666666667,-37.5,22.22,24.242727272727272,44.44444444444444,False,,,False,True
21555,2,Belgium,China,30.555555555555557,-4.0,-18.180909090909093,19.232307692307693,13.514594594594593,12.499583333333334,31.57894736842105,3.704444444444445,-13.332666666666666,26.087391304347825,15.787894736842103,63.15736842105263,False,False,True,False,True
21555,3,Belgium,China,8.332777777777778,-7.142857142857143,-50.0,13.04391304347826,13.88888888888889,32.0004,38.235,0.0012500000000000473,0.0,7.6923076923076925,24.99875,70.835,False,False,True,False,True
21556,1,Japan,Netherlands,33.334242424242426,8.0,-12.5,35.715714285714284,25.000625,29.1675,32.143214285714286,-17.646470588235296,-58.333333333333336,-0.0029166666666663823,22.57967741935484,23.529411764705884,False,,,True,False
21556,2,Japan,Netherlands,53.847692307692306,0.00041666666666687985,-71.42999999999999,24.998333333333335,26.918846153846154,42.857619047619046,32.142857142857146,-24.999375,-33.333333333333336,-0.0013636363636364154,28.572142857142858,-0.0015789473684196167,False,True,False,True,False
21556,3,Japan,Netherlands,47.05882352941177,7.9996,-33.333333333333336,7.139999999999999,18.182424242424243,49.99916666666667,38.46153846153846,-6.25,-61.53923076923077,0.0,11.996799999999999,-5.555555555555555,False,True,False,True,False
21557,1,Italy,USA,43.47869565217391,-8.0,6.666666666666667,16.668333333333333,19.9985,58.33416666666667,-3.5710714285714285,-7.6923076923076925,-42.855714285714285,5.001,0.0,-4.545454545454546,False,,,True,False
21557,2,Italy,USA,29.999000000000002,-8.333333333333334,41.666666666666664,19.999000000000002,7.4111111111111105,60.869565217391305,-3.5721428571428566,-28.570714285714285,-30.767692307692307,0.0,11.538461538461538,26.666,False,True,False,True,False
21557,3,Italy,USA,26.830487804878047,-3.1259375,-17.647058823529413,4.166666666666667,15.383076923076922,24.999583333333334,29.998749999999994,-14.286071428571429,-6.666666666666667,-3.447241379310345,15.001999999999999,8.000399999999999,False,True,False,True,False
21558,1,Dominican Republic,Serbia,22.57935483870968,-11.538461538461538,6.664666666666665,-8.333333333333334,6.453225806451614,28.57,18.183939393939397,0.0007142857142860797,-0.0008333333333337597,22.725454545454543,17.645294117647058,52.63157894736842,False,,,False,True
21558,2,Dominican Republic,Serbia,4.167083333333333,-9.522857142857143,-30.0,-6.251875,0.0,26.666666666666668,37.0362962962963,-24.99875,37.5,21.051052631578944,7.142857142857143,54.54545454545455,False,False,True,False,True
21558,3,Dominican Republic,Serbia,54.9995,-0.0008333333333337597,-10.001,8.333333333333334,10.525263157894736,45.45636363636363,8.000399999999999,-12.5,-66.66666666666667,9.090454545454547,20.0,37.5,False,False,True,True,False
21558,4,Dominican Republic,Serbia,58.335,-3.9988,-11.11,-11.764705882352942,12.500416666666666,60.0,24.998437499999998,0.0,-74.99875,9.090454545454547,13.788620689655172,40.00066666666667,False,True,False,True,False
21558,5,Dominican Republic,Serbia,26.08608695652174,-5.555555555555555,-8.331666666666665,25.001666666666665,4.345217391304348,30.0,26.66466666666667,-24.999375,-25.0,35.29470588235294,0.0,47.05823529411765,False,True,False,True,False
21559,1,Brazil,Czechia,32.35058823529412,-4.166666666666667,-60.0,35.29294117647059,32.34941176470588,68.42210526315789,46.15384615384615,-22.72590909090909,-42.855714285714285,9.522857142857143,25.0,23.529411764705884,False,,,True,False
21559,2,Brazil,Czechia,27.58586206896552,0.0,-24.998333333333335,37.50125,29.62962962962963,75.000625,19.35483870967742,-15.0,-25.0,4.546818181818182,32.142857142857146,37.5,False,True,False,True,False
21559,3,Brazil,Czechia,47.9988,-16.66625,6.250624999999999,11.76764705882353,15.998399999999998,46.666666666666664,9.090606060606062,-5.555555555555555,-44.44444444444444,26.316842105263156,33.333333333333336,25.0,False,True,False,True,False
21560,1,Bulgaria,Canada,19.35516129032258,-10.526842105263157,-20.0,4.762380952380952,11.76529411764706,38.88944444444444,39.998,0.0,-29.999000000000002,6.666666666666667,11.538846153846153,47.057647058823534,False,,,False,True
21560,2,Bulgaria,Canada,3.124062499999999,0.0,-38.46153846153846,8.69391304347826,12.5025,39.9985,48.275862068965516,-4.0,9.091818181818182,36.36363636363637,17.857142857142858,48.14925925925926,False,False,True,False,True
21560,3,Bulgaria,Canada,48.484545454545454,-8.0012,-50.0,4.999499999999999,12.90709677419355,40.91045454545454,38.233823529411765,-4.3478260869565215,-44.44444444444444,34.780869565217394,19.997714285714288,42.85809523809524,False,False,True,True,False
21560,4,Bulgaria,Canada,20.689655172413794,0.0,0.0,18.752499999999998,10.346206896551722,40.908181818181816,24.002,-15.001,-15.383076923076924,9.090909090909092,0.0,35.29352941176471,False,True,False,True,False
21560,5,Bulgaria,Canada,-5.882352941176471,0.0,-66.66666666666667,15.383846153846154,12.496875,18.181818181818183,64.28571428571429,7.142142857142857,22.224444444444444,39.998000000000005,0.0,61.53846153846154,False,True,False,False,True
21561,1,Germany,Korea,33.333999999999996,8.0,0.000588235294117948,0.0012500000000006395,30.0,15.000499999999999,13.79206896551724,0.0,-44.44444444444444,-0.001304347826086388,15.625,-18.18,False,,,True,False
21561,2,Germany,Korea,24.99875,4.165,-0.002000000000001023,26.668666666666663,39.39818181818181,37.498333333333335,2.702162162162162,-6.25,-33.33555555555555,-9.090454545454547,15.001999999999999,-3.2251612903225793,False,True,False,True,False
21561,3,Germany,Korea,26.923076923076923,-12.0008,-3.9995999999999996,-5.556111111111111,27.589655172413792,28.571428571428573,-0.00024999999999977265,4.762857142857143,-23.076153846153847,9.523809523809524,17.074634146341467,17.24103448275862,False,True,False,True,False
21562,1,Belgium,Thailand,27.27409090909091,0.0,5.001,47.62,45.239999999999995,53.333999999999996,20.833333333333332,-4.545,-29.9995,35.9976,25.997600000000002,47.05705882352942,False,,,True,False
21562,2,Belgium,Thailand,28.574047619047622,-4.16625,-11.11111111111111,20.833333333333332,15.9075,46.42892857142857,15.552444444444445,4.16625,-17.647058823529413,36.36363636363637,17.778222222222222,53.333,False,True,False,True,False
21562,3,Belgium,Thailand,55.17344827586207,-16.000799999999998,-36.36272727272728,27.273636363636363,18.51851851851852,-12.499375,53.332,-7.9996,-58.333333333333336,33.33428571428571,9.67741935483871,16.66722222222222,False,True,False,False,True
21562,4,Belgium,Thailand,33.33461538461538,0.0,-25.000833333333333,18.180454545454545,21.052894736842106,49.99961538461538,36.84157894736842,-4.3478260869565215,-55.55555555555556,17.391304347826086,20.002999999999997,42.856785714285714,False,False,True,True,False
21563,1,China,Poland,44.44444444444444,-4.545454545454546,-23.075384615384618,12.5,28.568571428571428,27.999200000000002,43.244594594594595,0.0008000000000004093,-47.05882352941177,42.855714285714285,26.313157894736843,60.867826086956526,False,,,False,True
21563,2,China,Poland,57.144285714285715,4.0,10.0,5.557222222222222,35.715714285714284,46.666666666666664,41.93516129032258,-4.999499999999999,-50.0,8.333333333333334,35.48516129032258,9.999,False,False,True,True,False
21563,3,China,Poland,12.4996875,0.0,-21.428571428571427,9.524285714285714,16.130322580645164,15.78736842105263,38.23470588235294,-12.0,12.5,25.000999999999998,31.42571428571429,45.45454545454545,False,True,False,False,True
21563,4,China,Poland,30.952380952380953,0.0,-46.666666666666664,4.166666666666667,26.191666666666666,50.00083333333333,42.502750000000006,4.1675,-0.0007142857142860797,31.81772727272727,24.391951219512194,36.36242424242425,False,False,True,False,True
21564,1,Bulgaria,Dominican Republic,27.586896551724138,7.9996,-28.571428571428573,11.112222222222222,16.129032258064516,47.61904761904762,16.66611111111111,-4.761428571428572,-30.76846153846154,3.9991999999999996,0.0,38.888888888888886,False,,,True,False
21564,2,Bulgaria,Dominican Republic,26.190952380952382,6.667666666666666,-36.0008,13.791724137931034,15.906136363636364,20.000666666666667,42.22288888888889,-12.121818181818181,-11.11111111111111,-3.332333333333333,0.0,10.714642857142858,False,True,False,False,True
21564,3,Bulgaria,Dominican Republic,29.411470588235293,-8.0008,-18.181818181818183,5.883529411764706,28.568571428571428,55.998400000000004,11.428857142857142,-10.525263157894736,-14.285714285714286,4.545909090909091,12.120303030303031,26.31736842105263,False,False,True,True,False
21564,4,Bulgaria,Dominican Republic,24.99818181818182,-3.333666666666667,7.142857142857143,6.665000000000001,21.947317073170733,3.8461538461538463,17.94948717948718,6.667666666666666,-14.285714285714286,0.0,4.545454545454546,19.35483870967742,False,True,False,True,False
21565,1,Germany,Italy,17.5005,-8.333333333333334,0.0,31.816363636363636,23.683684210526316,57.14380952380952,11.765882352941176,-4.3478260869565215,-27.273636363636363,9.523333333333333,21.21181818181818,40.90954545454545,False,,,True,False
21565,2,Germany,Italy,3.845769230769231,-36.36454545454546,-25.0,0.0,3.3333333333333335,13.636363636363637,44.44444444444444,-8.334583333333333,-7.691538461538461,57.142857142857146,23.077692307692306,81.81863636363636,False,True,False,False,True
21565,3,Germany,Italy,39.99885714285714,-12.499166666666667,-23.076153846153847,24.9995,27.024864864864863,31.9996,26.666,-4.761904761904762,-18.75,15.0,20.69,11.111666666666666,False,False,True,True,False
21565,4,Germany,Italy,3.4479310344827585,-0.0007142857142860797,-36.36363636363637,9.999500000000001,24.139655172413793,-4.0,55.173793103448276,-8.333333333333334,6.666666666666667,7.6923076923076925,13.795172413793106,50.000454545454545,False,True,False,False,True
21565,5,Germany,Italy,4.546363636363636,-11.11111111111111,0.0,0.0014285714285701293,14.288571428571432,33.332,33.33444444444444,6.666666666666667,0.0006666666666670077,12.5,18.75,63.63727272727272,False,False,True,False,True
21566,1,Canada,Netherlands,19.999333333333333,0.0,-55.55555555555556,-4.544545454545455,3.446206896551724,35.29470588235294,46.427499999999995,4.16625,0.0,0.001764705882353008,10.344827586206897,80.0,False,,,False,True
21566,2,Canada,Netherlands,14.285714285714286,-4.1675,8.333333333333334,20.0015,2.6336842105263156,48.14740740740741,8.107837837837838,-8.695652173913043,18.750625,-4.999,5.553333333333334,72.72727272727273,False,False,True,True,False
21566,3,Canada,Netherlands,15.999600000000001,-25.0,-40.001,0.0,18.517777777777777,81.81818181818181,33.33444444444445,4.1674999999999995,0.0,0.0,8.33,64.28642857142857,False,True,False,False,True
21566,4,Canada,Netherlands,30.301818181818184,4.3478260869565215,-66.66777777777777,22.727272727272727,25.0,45.0,39.997428571428564,-3.9991999999999996,11.11111111111111,4.349130434782609,20.58588235294118,17.391304347826086,False,False,True,False,True
21567,1,Brazil,USA,40.91045454545454,-7.9996,-22.72772727272727,16.665,19.048095238095236,18.75125,17.143714285714285,-27.77722222222222,16.666666666666668,0.0,16.665,-23.9996,False,,,True,False
21567,2,Brazil,USA,48.148148148148145,4.16875,-53.84615384615385,20.00133333333333,20.83375,15.383846153846154,40.90954545454545,-11.11111111111111,-60.0,-9.09,16.66875,-45.001,False,True,False,True,False
21567,3,Brazil,USA,24.13689655172414,-4.0,-9.522857142857143,11.766470588235293,22.580967741935485,4.544545454545454,2.4380487804878044,0.001052631578947907,-27.272727272727273,8.332916666666668,14.636829268292683,-7.407407407407407,False,True,False,True,False
21568,1,Belgium,France,10.525526315789474,-4.34695652173913,-31.24875,23.80952380952381,15.791315789473682,32.144285714285715,21.61972972972973,-8.332083333333332,-13.333333333333334,9.523809523809524,2.7040540540540543,62.500416666666666,False,,,False,True
21568,2,Belgium,France,26.31578947368421,16.6675,-23.077692307692306,-10.0,15.0,35.29470588235294,-6.897586206896551,-14.286428571428571,0.0,12.5,12.903870967741934,42.85928571428571,False,False,True,True,False
21568,3,Belgium,France,20.83375,-7.143571428571429,-44.44444444444444,-4.762857142857143,0.0,22.221111111111114,53.845,-4.1675,-20.0,25.0,3.8461538461538463,42.86,False,True,False,False,True
21568,4,Belgium,France,9.677096774193549,0.0,-41.666666666666664,4.998499999999999,11.112222222222222,31.03344827586207,37.5003125,-7.9996,-10.526842105263157,11.764705882352942,9.3775,75.0,False,False,True,False,True
21569,1,Thailand,Türkiye,28.569714285714287,4.166666666666667,-22.221111111111114,0.0012500000000000473,35.294117647058826,0.0007692307692300696,27.028378378378378,8.3325,-12.5,17.38869565217391,45.45757575757576,19.048095238095236,False,,,False,True
21569,2,Thailand,Türkiye,0.000588235294117948,-14.285,-20.0,22.72681818181818,26.47,41.1764705882353,47.826521739130435,-8.0,25.00125,41.666666666666664,33.333333333333336,53.333333333333336,False,False,True,False,True
21569,3,Thailand,Türkiye,31.428857142857144,4.3478260869565215,-8.334166666666667,-8.694347826086956,25.71485714285714,19.233076923076922,27.77777777777778,16.66625,-26.316842105263156,39.13173913043478,48.648648648648646,36.36363636363637,False,False,True,False,True
21570,1,Dominican Republic,Netherlands,34.48275862068966,0.0004545454545456871,-37.50125,8.696521739130434,16.128387096774194,5.000500000000001,50.00066666666667,-4.0012,-33.333333333333336,0.0005263157894732055,32.14607142857143,52.940588235294115,False,,,False,True
21570,2,Dominican Republic,Netherlands,41.93709677419355,-11.9992,16.666666666666668,11.114444444444445,11.428571428571429,43.9996,14.633658536585367,-5.2631578947368425,-40.0,14.285238095238096,43.58846153846154,42.857142857142854,False,False,True,True,False
21570,3,Dominican Republic,Netherlands,25.001363636363635,0.00037037037037055987,-43.75,16.668333333333333,13.042608695652175,51.612258064516126,27.0825,-7.407407407407407,-12.501249999999999,26.924230769230768,54.16708333333333,54.28485714285714,False,True,False,True,False
21570,4,Dominican Republic,Netherlands,30.555,-0.0013043478260870058,-14.285,0.0004761904761907198,13.154473684210526,13.332666666666665,43.244054054054054,-8.334583333333333,-42.857142857142854,4.761904761904762,43.58923076923077,58.334583333333335,False,True,False,False,True
21570,5,Dominican Republic,Netherlands,31.2475,-6.666666666666667,-18.181818181818183,18.181818181818183,6.25,18.181818181818183,26.08695652173913,-21.427857142857142,0.0,28.572857142857142,51.9992,31.25,False,False,True,True,False
21571,1,Italy,Korea,50.0,-8.0,10.0,20.0,12.49875,57.142857142857146,2.632894736842107,-23.076923076923077,-42.85857142857143,18.184545454545454,17.074634146341463,38.46038461538462,False,,,True,False
21571,2,Italy,Korea,59.26111111111111,-8.33375,0.0,18.180909090909093,19.23384615384615,47.368947368421054,20.832083333333333,-21.427142857142858,-50.0,-10.0,15.998,13.333333333333334,False,True,False,True,False
21571,3,Italy,Korea,42.85785714285714,-3.9995999999999996,-27.271818181818183,19.99866666666667,23.334999999999997,72.22277777777778,15.150303030303032,-11.764705882352942,-40.0,8.69608695652174,14.708235294117646,20.000999999999998,False,True,False,True,False
21572,1,Japan,Serbia,54.839354838709674,-4.16625,-60.0,23.528823529411767,34.48551724137931,42.10526315789474,40.74037037037037,-5.000500000000001,-43.74875,9.090454545454547,24.9975,-6.663999999999999,False,,,True,False
21572,2,Japan,Serbia,29.73,-4.0,-16.666666666666668,15.789473684210526,28.568,7.142857142857143,27.271818181818183,-9.523809523809524,-22.22222222222222,17.391304347826086,14.705882352941176,36.362272727272725,False,True,False,True,False
21572,3,Japan,Serbia,34.61423076923077,-4.166666666666667,-50.0,40.0,24.003199999999996,42.10526315789474,3.5732142857142857,-28.570714285714285,-25.000833333333333,30.434782608695652,14.816666666666666,11.11111111111111,False,True,False,True,False
21573,1,Czechia,USA,4.877073170731707,-8.332916666666668,-11.764117647058825,19.048571428571428,15.00375,65.21739130434783,11.626511627906977,-12.5,12.501249999999999,28.57,42.86071428571428,51.61322580645161,False,,,False,True
21573,2,Czechia,USA,33.331944444444446,-9.999500000000001,-30.0,12.498750000000001,11.429999999999998,42.10526315789474,46.66466666666667,4.001200000000001,-6.666666666666667,16.663333333333334,33.336,20.0005,False,False,True,False,True
21573,3,Czechia,USA,33.333333333333336,8.0,-16.666666666666668,37.500625,18.75,29.166666666666668,24.0,-5.883529411764706,-43.75,4.1675,29.168333333333333,-7.142857142857143,False,False,True,True,False
21573,4,Czechia,USA,44.116470588235295,-12.49875,-22.22222222222222,27.775555555555556,12.899354838709677,3.8461538461538463,32.142857142857146,-14.285238095238096,-22.22222222222222,5.5566666666666675,33.33444444444444,19.047619047619047,False,True,False,True,False
21573,5,Czechia,USA,44.738157894736844,-14.814814814814815,-33.33266666666667,21.739565217391306,18.41842105263158,36.0,30.77025641025641,-7.9996,-60.0,43.47826086956522,36.10666666666666,22.72681818181818,False,True,False,True,False
21574,1,Poland,Türkiye,14.583333333333334,-9.523809523809524,-15.790526315789473,20.833333333333332,6.121428571428573,53.125625,19.510731707317074,-3.9995999999999996,-6.767073673905716e-16,26.313157894736843,7.696410256410257,39.39363636363636,False,,,False,True
21574,2,Poland,Türkiye,46.666333333333334,-8.0,-27.778888888888886,6.6659999999999995,10.717500000000001,57.89526315789474,24.242727272727272,-11.11111111111111,-57.144285714285715,27.271818181818183,5.88470588235294,49.9985,False,False,True,True,False
21574,3,Poland,Türkiye,29.03258064516129,-13.04304347826087,-50.0,15.789473684210526,3.446896551724138,35.29352941176471,48.14740740740741,-20.0,-5.2631578947368425,-5.557222222222222,19.233076923076922,33.333333333333336,False,True,False,False,True
21574,4,Poland,Türkiye,32.430540540540534,-15.999600000000001,0.0,9.522857142857143,11.761176470588236,45.83375,13.513783783783783,0.0004545454545456871,-45.45454545454545,10.0,8.334444444444443,51.9988,False,False,True,True,False
21574,5,Poland,Türkiye,13.333333333333334,0.0,-100.0,14.287142857142857,6.666666666666667,14.285714285714286,60.00066666666667,6.666666666666667,-14.284285714285714,28.571428571428573,30.766153846153845,75.0,False,True,False,False,True
21575,1,China,France,43.998400000000004,-20.0004,18.181818181818183,21.429285714285715,34.78260869565217,35.712857142857146,3.8476923076923084,-17.647058823529413,-12.5,15.000499999999999,24.999583333333334,16.668333333333333,False,,,True,False
21575,2,China,France,22.858571428571427,8.3325,-8.334166666666667,27.77777777777778,31.2525,49.998333333333335,6.975581395348837,0.0005263157894739535,-31.250625,20.833333333333332,25.0,56.52130434782609,False,True,False,True,False
21575,3,China,France,57.140357142857134,-4.0008,-12.50125,22.223333333333333,51.997600000000006,61.11055555555556,19.048571428571428,-18.181818181818183,-50.0,9.525238095238095,17.389999999999997,22.22222222222222,False,True,False,True,False
21576,1,Brazil,Germany,12.120909090909091,0.0,-8.697391304347827,26.315263157894737,14.284571428571429,52.173478260869565,15.90931818181818,-20.832916666666666,0.001666666666666335,13.04391304347826,13.956744186046512,32.14392857142857,False,,,True,False
21576,2,Brazil,Germany,22.57967741935484,-13.636363636363637,-25.000833333333333,-8.69695652173913,3.12375,47.0564705882353,16.666,8.3325,-0.0008333333333325754,16.666666666666668,14.812962962962963,4.760476190476192,False,True,False,False,True
21576,3,Brazil,Germany,10.811351351351352,-4.3478260869565215,-25.000833333333333,13.635000000000002,11.424857142857142,30.0005,21.87375,-8.0008,-20.0,14.287142857142856,12.49625,40.0005,False,False,True,False,True
21576,4,Brazil,Germany,50.0,-12.0,14.285,17.647058823529413,16.664583333333333,21.427857142857142,21.8740625,-15.0,-37.50125,40.908181818181816,31.252499999999998,17.64764705882353,False,False,True,True,False
21576,5,Brazil,Germany,58.3325,-7.142142857142857,40.001999999999995,28.572857142857142,38.46153846153846,77.77777777777777,-0.0006249999999994316,0.0,-83.33333333333333,15.386923076923077,11.11111111111111,57.142857142857146,False,True,False,True,False
21577,1,Czechia,Korea,-0.000882352941176504,-23.529411764705884,-4.761428571428572,-14.998500000000002,14.703529411764706,36.0004,13.512972972972971,-4.0012,7.1450000000000005,7.694615384615385,13.889999999999999,41.38103448275862,False,,,False,True
21577,2,Czechia,Korea,27.025945945945942,0.0011538461538461975,-20.0,0.0,11.428571428571429,48.27551724137931,9.75609756097561,-11.764117647058825,-15.386153846153844,-4.165416666666666,12.499500000000001,38.46192307692308,False,False,True,True,False
21577,3,Czechia,Korea,8.510851063829787,-9.523333333333333,-38.888333333333335,14.285714285714286,24.446666666666665,46.429642857142866,27.025945945945942,-16.0004,11.109444444444442,5.2631578947368425,9.75390243902439,55.171034482758614,False,True,False,False,True
21577,4,Czechia,Korea,26.088260869565215,3.846538461538461,22.726363636363633,14.285714285714286,21.426785714285717,50.0,-15.384102564102564,-22.22222222222222,-20.0,-4.347391304347826,15.384358974358971,37.5,False,False,True,True,False
21577,5,Czechia,Korea,42.857142857142854,-14.285,-18.750625,0.0,30.766153846153845,72.22222222222223,17.391304347826086,0.0,-36.36363636363637,16.665833333333335,11.538461538461538,33.332857142857144,False,True,False,True,False
21578,1,Canada,Japan,41.66625,-15.999600000000001,-16.666666666666668,-10.0,28.002399999999998,49.998333333333335,30.000333333333334,-8.0,-71.42857142857143,10.0,3.2290322580645165,40.0,False,,,False,True
21578,2,Canada,Japan,28.124375,-14.999500000000001,-42.86,4.545,15.151515151515152,4.761904761904762,49.9990625,-12.0,-40.0,6.6659999999999995,28.1246875,60.869565217391305,False,False,True,False,True
21578,3,Canada,Japan,9.372812499999998,-35.0,4.546363636363637,-19.046666666666667,12.5,45.45409090909091,2.856285714285715,4.1675,-23.07923076923077,23.076153846153847,12.121212121212121,52.17434782608696,False,False,True,False,True
21579,1,Bulgaria,Serbia,-8.82264705882353,-8.333333333333334,-7.142142857142857,4.346521739130435,11.110833333333334,31.81681818181818,25.001875,4.0,5.881764705882353,45.45272727272727,23.333333333333332,52.173478260869565,False,,,False,True
21579,2,Bulgaria,Serbia,42.85809523809524,-4.0,-17.647058823529413,0.0,4.545909090909091,22.22277777777778,13.889444444444447,-21.051578947368423,-50.0,13.635909090909092,15.15030303030303,35.294117647058826,False,False,True,True,False
21579,3,Bulgaria,Serbia,28.12375,-8.332916666666668,14.287142857142857,26.666666666666668,25.0034375,48.14703703703704,0.0,-11.764705882352942,-45.45363636363636,13.638181818181817,20.000222222222224,68.96586206896552,False,True,False,True,False
21579,4,Bulgaria,Serbia,-3.3329999999999993,0.0,-60.001999999999995,-8.334166666666667,6.669,21.428571428571427,50.0,12.497916666666667,10.0,27.272727272727273,15.789473684210526,18.75,False,True,False,False,True
21579,5,Bulgaria,Serbia,11.10925925925926,-5.882941176470588,7.69076923076923,26.666666666666668,7.406666666666666,27.778333333333332,-3.9992000000000005,0.0,7.143571428571429,26.665333333333333,11.541923076923077,56.25125,False,False,True,True,False
21580,1,Belgium,Poland,5.714857142857143,-8.333333333333334,-37.50125,17.391304347826086,25.001666666666665,30.434347826086956,49.998437499999994,-4.16625,20.0,36.36181818181819,17.23862068965517,81.82,False,,,False,True
21580,2,Belgium,Poland,10.000333333333334,6.6659999999999995,-25.0,8.695652173913043,20.0,15.384615384615385,44.44592592592593,3.9991999999999996,0.0,13.331333333333333,3.7074074074074073,76.47058823529412,False,False,True,False,True
21580,3,Belgium,Poland,29.99925,-7.6923076923076925,-30.77,8.333333333333334,9.9975,31.03551724137931,28.57095238095238,0.001538461538461779,-47.05823529411765,17.39,23.68736842105263,61.53846153846154,False,False,True,False,True
21581,1,France,Thailand,9.3759375,-7.142857142857143,-50.000625,31.81590909090909,33.333333333333336,33.33375,43.333666666666666,-3.9988,14.285714285714286,8.333333333333334,25.925925925925927,34.78173913043479,False,,,False,True
21581,2,France,Thailand,34.61615384615384,0.001200000000000614,-6.666,22.221111111111114,19.227692307692305,17.647058823529413,11.428857142857142,-5.2631578947368425,-33.333333333333336,22.727272727272727,28.571714285714286,31.818181818181817,False,False,True,True,False
21581,3,France,Thailand,24.99975,-8.695652173913043,8.334166666666667,16.66375,9.99875,38.095238095238095,29.411470588235293,-4.0,-16.668333333333333,10.002,17.142857142857142,63.15894736842105,False,True,False,False,True
21581,4,France,Thailand,0.0003571428571435474,-21.428571428571427,-16.665833333333335,9.52190476190476,26.66933333333333,22.22277777777778,28.125625,-0.0004166666666662877,11.112222222222222,27.272727272727273,34.376875,52.0004,False,False,True,False,True
21582,1,China,Türkiye,46.668,-4.16625,-35.29352941176471,27.778333333333332,37.933793103448274,46.666666666666664,28.57057142857143,-9.999500000000001,-36.36363636363637,19.046666666666667,35.296176470588236,16.66625,False,,,True,False
21582,2,China,Türkiye,26.92076923076923,4.761904761904762,-45.45454545454545,23.807142857142857,26.08695652173913,-28.57,55.17310344827586,-12.499166666666667,-33.333333333333336,28.571428571428573,53.57,14.285,False,True,False,False,True
21582,3,China,Türkiye,34.78282608695652,-0.0006666666666670077,-27.77777777777778,27.58655172413793,21.279999999999998,31.250625,31.371764705882352,-3.3329999999999997,-29.41176470588235,44.82793103448276,29.164583333333336,24.242121212121212,False,False,True,True,False
21582,4,China,Türkiye,27.908372093023253,3.704444444444445,-40.0,31.9996,26.830487804878047,45.83416666666667,38.63545454545454,-7.406666666666666,-0.000588235294117948,42.30769230769231,27.269999999999996,37.93034482758621,False,True,False,False,True
21582,5,China,Türkiye,15.788947368421054,0.0,-44.44444444444444,25.0,5.0,7.6923076923076925,36.36409090909091,-19.99866666666667,-14.285714285714286,25.002499999999998,33.334761904761905,19.999333333333333,False,False,True,False,True
21583,1,Brazil,Italy,27.271818181818183,9.091818181818182,0.0,19.048095238095236,-0.0012500000000000473,-25.000833333333333,56.52086956521739,-15.9992,0.0012500000000006395,19.044761904761906,22.72909090909091,0.0,False,,,False,True
21583,2,Brazil,Italy,17.856785714285714,-10.525789473684211,-37.49875,8.695652173913043,17.857857142857142,23.076923076923077,41.6675,4.16625,-0.0012500000000006395,-13.335333333333333,7.999199999999999,38.88777777777778,False,False,True,False,True
21583,3,Brazil,Italy,30.233720930232558,-11.11037037037037,-12.5,10.713928571428571,21.428571428571427,50.0,21.619999999999997,6.896206896551725,-23.076923076923077,18.185,10.807567567567567,20.000999999999998,False,False,True,False,True
21584,1,Dominican Republic,Japan,31.033103448275863,-5.000500000000001,-35.294117647058826,4.165416666666666,0.0,-19.046666666666667,29.72756756756757,12.499583333333334,-25.0,16.66722222222222,17.94871794871795,33.333999999999996,False,,,False,True
21584,2,Dominican Republic,Japan,21.951463414634148,0.0,-13.635454545454547,8.695217391304348,0.0,-2.942352941176471,21.429642857142856,4.0,-26.666666666666668,28.56904761904762,12.962962962962964,37.49875,False,False,True,False,True
21584,3,Dominican Republic,Japan,4.167083333333333,-30.0,-50.0,-9.090909090909092,9.52095238095238,-16.666666666666668,50.0,8.3325,0.0,14.285714285714286,30.43565217391304,49.99944444444444,False,False,True,False,True
21585,1,Czechia,Germany,21.05236842105263,-4.545,-33.3325,14.285238095238096,21.62351351351351,11.536923076923078,39.39272727272727,-8.0,-45.0005,36.84315789473684,0.0,76.47058823529412,False,,,False,True
21585,2,Czechia,Germany,29.999666666666666,-26.314736842105265,28.57,17.39260869565217,28.12375,0.0,35.0015,12.499583333333334,-12.499375,35.71357142857143,0.0,7.141428571428571,False,False,True,False,True
21585,3,Czechia,Germany,43.7509375,-0.00041666666666687985,-18.181818181818183,18.181818181818183,38.23529411764706,26.316315789473684,36.666000000000004,-4.347391304347826,-40.001,27.272727272727273,-3.335,24.99875,False,False,True,True,False
21585,4,Czechia,Germany,12.904516129032258,0.00041666666666687985,10.0,14.998500000000002,20.0,16.0,29.031290322580645,-12.498333333333333,0.0,19.047619047619047,0.0,4.546363636363637,False,True,False,False,True
21586,1,Bulgaria,Netherlands,15.150606060606062,-4.76095238095238,-21.428571428571427,9.092272727272727,8.823823529411765,23.076538461538462,25.00111111111111,-3.9991999999999996,9.998999999999999,15.79157894736842,37.13999999999999,26.923846153846153,False,,,False,True
21586,2,Bulgaria,Netherlands,-0.0003846153846155814,0.0,-25.0,4.761904761904762,11.113333333333335,23.529411764705884,37.93,-4.16625,12.5,31.25125,48.14592592592593,27.77722222222222,False,False,True,False,True
21586,3,Bulgaria,Netherlands,17.500999999999998,-13.04304347826087,8.3325,4.544545454545454,13.63659090909091,51.42885714285714,8.887777777777778,0.0,12.5,20.0,35.552888888888894,42.105,False,False,True,False,True
21587,1,Korea,USA,11.111851851851851,-7.142857142857143,-42.857142857142854,5.002,10.342758620689654,-18.180909090909093,43.7503125,-8.332916666666668,-0.0015384615384623256,30.76923076923077,25.806451612903224,57.142380952380954,False,,,False,True
21587,2,Korea,USA,23.256046511627908,-7.693076923076922,-41.665,19.228846153846153,19.047857142857143,44.999,35.294117647058826,-3.5696428571428567,-21.738260869565217,17.391304347826086,9.087272727272728,26.316842105263156,False,False,True,False,True
21587,3,Korea,USA,-8.000399999999999,-5.555000000000001,-50.0,0.0,11.541538461538462,-16.666666666666668,30.002,-4.166666666666667,21.429285714285715,-23.076153846153847,38.89166666666667,45.45454545454545,False,False,True,False,True
21588,1,Canada,Serbia,38.46307692307692,-5.0,-50.0,14.285714285714286,18.515555555555554,16.66722222222222,56.66466666666667,-15.9992,-20.002000000000002,16.665555555555557,7.141071428571428,50.00125,False,,,False,True
21588,2,Canada,Serbia,4.761904761904762,-5.262631578947368,-75.0,-0.00117647058823506,4.764285714285714,-8.333333333333334,50.00083333333333,-20.832916666666666,-18.17909090909091,11.762352941176472,12.5025,54.54636363636364,False,False,True,False,True
21588,3,Canada,Serbia,16.0028,12.500416666666666,-40.001,6.25,15.383076923076922,37.499375,29.1675,-19.046666666666667,18.181818181818183,-0.0027272727272728307,-0.002400000000000091,30.76923076923077,False,False,True,True,False
21588,4,Canada,Serbia,26.665333333333333,-4.0,-50.0,6.25,7.142142857142857,70.58705882352942,7.141071428571428,-11.110555555555557,0.0,4.547272727272728,3.4482758620689653,50.000625,False,True,False,True,False
21588,5,Canada,Serbia,42.85642857142857,13.333333333333334,0.0,0.0,6.664000000000001,9.092727272727272,28.570476190476192,-8.3325,-16.666666666666668,0.0,23.80952380952381,24.999166666666667,False,True,False,True,False
21589,1,Bulgaria,Italy,33.335757575757576,-5.555555555555555,-50.001666666666665,13.042173913043477,26.46941176470588,34.9995,51.72344827586207,8.333333333333334,-21.43,35.29470588235294,30.003,26.31736842105263,False,,,False,True
21589,2,Bulgaria,Italy,22.44857142857143,-4.16625,-26.666,34.783478260869565,22.917291666666667,45.4560606060606,20.929767441860466,-4.166666666666667,-10.524736842105261,31.81863636363636,17.39217391304348,67.74193548387096,False,False,True,True,False
21589,3,Bulgaria,Italy,21.429285714285715,-6.249375,-68.750625,50.0005,38.7058064516129,31.249375,67.85821428571428,-16.665833333333335,-11.764705882352942,33.33133333333333,28.571785714285713,45.0005,False,True,False,False,True
21589,4,Bulgaria,Italy,10.527368421052632,-6.666666666666667,-46.666000000000004,33.3325,24.32702702702703,31.818181818181817,38.23676470588235,0.0,10.526315789473685,28.571428571428573,33.32933333333333,45.45409090909091,False,False,True,False,True
21590,1,Japan,Thailand,23.685,-11.11,-41.6675,20.832916666666666,25.641025641025642,30.768076923076926,39.39181818181818,4.0,-23.529411764705884,31.25,39.99666666666666,47.05882352941177,False,,,False,True
21590,2,Japan,Thailand,38.095238095238095,-8.333333333333334,-12.499375,12.499583333333334,36.35954545454546,59.9992,38.09595238095238,0.0,-17.647058823529413,19.048095238095236,30.952380952380953,29.03290322580645,False,False,True,False,True
21590,3,Japan,Thailand,33.334761904761905,-4.166666666666667,-31.579473684210527,55.001999999999995,47.50375,78.26173913043478,20.511538461538464,-4.761904761904762,-26.667333333333332,0.0,26.31368421052632,36.36318181818182,False,False,True,True,False
21590,4,Japan,Thailand,36.10888888888889,0.0,-3.706296296296296,30.766923076923078,32.432702702702706,62.070344827586204,11.9992,-13.333333333333334,-37.5,12.500833333333333,24.998076923076926,57.57575757575758,False,True,False,True,False
21590,5,Japan,Thailand,33.3325,-7.142857142857143,-28.571428571428573,50.001999999999995,33.33708333333333,62.5,33.33444444444444,-16.665833333333335,-40.0,23.077692307692306,22.221111111111114,-0.0009090909090900823,False,True,False,True,False
21591,1,Canada,Korea,20.51025641025641,-11.538076923076924,-21.428571428571427,27.269545454545458,21.624594594594594,30.768846153846155,26.313157894736843,-11.538076923076924,-0.0012499999999988631,9.522857142857143,18.42105263157895,12.121515151515151,False,,,False,True
21591,2,Canada,Korea,12.90258064516129,-5.555555555555555,-29.410588235294117,18.18,31.24875,25.00125,32.35411764705882,-7.9996,-16.665833333333335,18.75,19.35483870967742,45.833333333333336,False,False,True,False,True
21591,3,Canada,Korea,55.55611111111111,8.002,-33.333333333333336,8.333333333333334,9.52,13.333333333333334,10.712857142857143,-20.0,-33.333333333333336,20.83,34.61307692307692,42.857142857142854,False,False,True,True,False
21591,4,Canada,Korea,39.997600000000006,-12.501666666666667,16.668333333333333,52.63368421052631,30.766153846153845,7.142857142857143,0.000540540540540049,0.0,-33.333333333333336,19.04714285714286,29.72918918918919,9.523809523809524,False,True,False,True,False
21591,5,Canada,Korea,33.333333333333336,-21.43,-20.0,18.180909090909093,21.054736842105264,7.142857142857143,29.9985,-14.285714285714286,-16.665,27.270909090909093,21.05263157894737,20.002000000000002,False,True,False,False,True
21592,1,France,Germany,14.286,-4.346086956521738,-6.25,13.640454545454547,18.181818181818183,18.519259259259258,21.951951219512196,-11.999600000000001,5.000500000000001,35.001,28.569142857142857,47.9996,False,,,False,True
21592,2,France,Germany,29.031612903225806,12.000399999999999,4.761428571428572,38.46307692307692,29.032258064516128,46.1526923076923,20.002000000000002,-23.529411764705884,-7.6923076923076925,-4.167083333333333,35.89769230769231,33.334074074074074,False,False,True,True,False
21592,3,France,Germany,21.428214285714287,-3.8461538461538463,-14.286190476190475,21.738695652173913,21.816,48.83790697674419,20.83375,-3.846923076923077,-9.090909090909092,24.002,32.001799999999996,48.71769230769231,False,True,False,True,False
21592,4,France,Germany,23.684736842105263,-6.896551724137931,-8.333333333333334,7.688461538461539,23.68394736842105,21.738695652173913,27.776944444444446,-3.4468965517241377,45.45545454545454,7.694615384615385,48.6527027027027,12.000399999999999,False,True,False,False,True
21592,5,France,Germany,19.9975,-27.273636363636363,-33.333333333333336,0.0,9.527619047619046,30.767692307692307,33.333888888888886,-13.333333333333334,-0.0030000000000001137,37.49875,35.294117647058826,35.714285714285715,False,False,True,False,True
21593,1,China,Czechia,31.37313725490196,-7.1425,-40.001,26.923076923076923,21.276382978723404,37.035555555555554,28.25978260869565,-7.142857142857143,-30.76846153846154,23.076153846153847,22.729772727272728,-2.858285714285715,False,,,True,False
21593,2,China,Czechia,16.129032258064516,4.16625,-5.2631578947368425,10.000499999999999,21.21212121212121,21.739565217391306,25.64025641025641,-8.33375,-38.46153846153846,0.0017391304347822627,18.917297297297296,18.182727272727274,False,True,False,False,True
21593,3,China,Czechia,46.15423076923077,4.16875,-25.0,16.666666666666668,12.5,24.9995,21.8746875,-12.5,-33.333333333333336,13.043478260869565,15.15,4.761428571428572,False,False,True,True,False
21593,4,China,Czechia,37.836486486486486,-3.9995999999999996,-5.263684210526316,14.998500000000002,19.441666666666666,19.231538461538463,24.39170731707317,-4.545454545454546,-33.33083333333333,21.738695652173913,26.831707317073175,7.143928571428572,False,True,False,True,False
21594,1,Belgium,Brazil,25.00125,-4.347391304347826,0.0,9.092727272727272,32.2541935483871,24.999000000000002,35.483870967741936,0.0004166666666662877,-9.090909090909092,10.002500000000001,19.35290322580645,37.5,False,,,False,True
21594,2,Belgium,Brazil,33.333333333333336,-7.9996,-20.0,21.053684210526313,25.0009375,34.783478260869565,30.304242424242425,-20.0,-42.857142857142854,27.27318181818182,48.482727272727274,64.70411764705882,False,False,True,True,False
21594,3,Belgium,Brazil,8.107297297297297,-5.882352941176471,-50.0,23.808095238095238,41.666111111111114,38.46192307692308,40.74148148148148,0.0,6.249375000000001,20.0,33.333333333333336,52.38,False,True,False,False,True
21594,4,Belgium,Brazil,3.7025925925925915,-6.667333333333334,-50.0,19.047619047619047,27.586206896551722,40.0,61.111666666666665,-7.998799999999999,6.25,24.999166666666667,52.63421052631579,42.857142857142854,False,False,True,False,True
21595,1,Netherlands,Poland,48.485454545454544,-3.9987999999999992,-24.9975,29.41235294117647,24.243030303030302,42.85666666666667,30.000666666666667,0.0,-72.72727272727273,13.636818181818182,9.679032258064517,27.77722222222222,False,,,True,False
21595,2,Netherlands,Poland,29.99866666666667,-8.69608695652174,-22.223333333333333,18.18409090909091,20.0,42.10526315789474,27.778055555555554,-7.999199999999999,0.0,5.262105263157895,15.152727272727274,52.381904761904764,False,True,False,False,True
21595,3,Netherlands,Poland,23.52823529411765,-8.0012,-0.0009999999999990906,14.285,32.25806451612903,68.18181818181819,7.692692307692307,-17.64764705882353,-11.11111111111111,5.0005,11.109629629629628,24.99875,False,False,True,True,False
21595,4,Netherlands,Poland,-3.8461538461538463,-16.666666666666668,-33.333333333333336,4.544545454545454,23.998,8.334166666666667,50.0,-3.9995999999999996,22.225555555555555,19.999000000000002,22.72909090909091,41.17588235294118,False,True,False,False,True
21595,5,Netherlands,Poland,-5.881176470588236,-27.272727272727273,-50.0,30.77,11.761764705882353,37.5,18.75,-7.142857142857143,-0.0012500000000006395,25.0,5.885882352941176,63.63545454545454,False,False,True,False,True
21596,1,Dominican Republic,Türkiye,30.55638888888889,-24.0004,-33.33277777777778,0.0027272727272728307,16.666944444444443,45.45409090909091,24.32324324324324,-11.112222222222222,-23.53058823529412,22.223333333333333,2.8585714285714285,34.78304347826087,False,,,False,True
21596,2,Dominican Republic,Türkiye,3.7040740740740747,-9.998999999999999,-27.27318181818182,-0.0004761904761907198,7.142857142857143,25.000625,14.703529411764706,-4.166666666666667,0.002000000000000076,16.66611111111111,20.588529411764707,45.45227272727272,False,False,True,False,True
21596,3,Dominican Republic,Türkiye,32.50175,-3.8446153846153845,-63.1578947368421,0.0022222222222223064,11.908333333333333,37.50083333333333,33.33307692307692,3.5714285714285716,-40.0,12.499166666666667,17.071707317073173,39.130434782608695,False,False,True,False,True
21597,1,Serbia,USA,18.7496875,-13.04391304347826,-21.428571428571427,9.998999999999999,25.806451612903224,35.29529411764706,24.243636363636362,-12.5,-27.272727272727273,10.526315789473685,17.648235294117647,39.13086956521739,False,,,False,True
21597,2,Serbia,USA,25.715142857142855,-19.9995,-33.33222222222222,8.695652173913043,-2.7777777777777777,36.36636363636364,34.48206896551724,-3.9995999999999996,-6.25,31.24875,0.0,42.10473684210526,False,False,True,False,True
21597,3,Serbia,USA,36.665333333333336,8.000399999999999,-29.409999999999997,10.525263157894736,0.0,33.333333333333336,36.36424242424243,-9.090454545454547,-26.667333333333332,8.331666666666665,0.0,31.57842105263158,False,False,True,True,False
21597,4,Serbia,USA,24.391951219512197,-20.833333333333332,-14.287857142857144,10.525263157894736,0.0,46.42892857142857,15.384615384615385,-17.390434782608697,-16.666666666666668,21.049473684210525,0.0,53.333666666666666,False,True,False,True,False
21597,5,Serbia,USA,15.0,8.3325,-16.668333333333333,28.572142857142858,0.0,45.45454545454545,29.9985,14.285714285714286,0.0,8.3325,0.0,57.14214285714286,False,True,False,False,True
21598,1,Italy,Thailand,31.42742857142857,-20.83125,7.6923076923076925,21.05263157894737,16.6625,41.66791666666666,2.8571428571428577,0.0,-18.75,26.316842105263156,33.333888888888886,27.27227272727273,False,,,True,False
21598,2,Italy,Thailand,31.2503125,0.0,0.0,33.33277777777778,28.1259375,44.44444444444444,18.75,-10.0,-36.36272727272728,13.636818181818182,33.335757575757576,9.523809523809522,False,True,False,True,False
21598,3,Italy,Thailand,30.76807692307692,12.49875,-6.250625,20.0,29.168333333333333,46.666666666666664,21.21212121212121,-15.788947368421054,-55.556666666666665,13.043478260869565,9.372187499999999,26.315263157894737,False,True,False,True,False
21599,1,Bulgaria,China,7.144285714285714,-4.545,-46.153076923076924,13.636363636363637,21.276170212765958,57.14142857142856,20.51205128205128,-4.167916666666667,0.0,45.001,19.045952380952382,50.00071428571429,False,,,False,True
21599,2,Bulgaria,China,29.268536585365855,-12.5,0.0,30.434347826086956,30.236046511627904,26.92230769230769,22.580967741935485,0.0,-26.667333333333332,40.001,25.71457142857143,33.33291666666667,False,False,True,True,False
21599,3,Bulgaria,China,24.139310344827585,-0.0006250000000003197,-40.0,16.66541666666667,22.580322580645163,17.647058823529413,46.666000000000004,8.333333333333334,0.0,26.665333333333333,25.0,31.579473684210527,False,True,False,False,True
21599,4,Bulgaria,China,34.9995,0.0,5.881764705882354,20.8325,36.3639393939394,8.0,28.571666666666665,0.00040000000000020466,-16.6675,32.001599999999996,21.947560975609758,31.81863636363636,False,False,True,True,False
21599,5,Bulgaria,China,38.46115384615385,-13.332666666666666,-38.46076923076923,13.333333333333334,28.575,28.57095238095238,33.33444444444444,13.333333333333334,-23.076153846153847,23.078461538461536,20.002,21.05315789473684,False,True,False,False,True
21600,1,Belgium,Dominican Republic,5.404864864864865,-26.664666666666665,-24.998333333333335,13.636363636363637,36.111111111111114,39.13086956521739,34.48241379310345,-8.333333333333334,14.287142857142857,27.272727272727273,19.23153846153846,66.66708333333334,False,,,False,True
21600,2,Belgium,Dominican Republic,14.633658536585367,-22.22222222222222,-52.94176470588235,31.81772727272727,36.58512195121951,81.81772727272727,27.500999999999998,-8.000399999999999,27.271818181818183,14.285714285714286,7.502,49.99970588235294,False,False,True,False,True
21600,3,Belgium,Dominican Republic,18.180909090909093,-7.691153846153845,7.6923076923076925,21.73913043478261,32.35088235294117,17.857499999999998,27.776944444444446,-7.693076923076924,-22.22222222222222,-0.0004347826086958746,5.26,46.153076923076924,False,False,True,False,True
21601,1,Poland,USA,13.333333333333334,-4.762857142857143,-27.272727272727273,15.001999999999999,16.129354838709677,12.0,34.3728125,-8.333333333333334,8.334999999999999,5.262631578947368,18.751875,23.80857142857143,False,,,False,True
21601,2,Poland,USA,31.03344827586207,8.333333333333334,-36.36454545454546,23.528823529411767,10.34655172413793,12.499166666666667,22.22222222222222,-19.04714285714286,-25.000625,8.69304347826087,9.677741935483871,-0.0005555555555558397,False,False,True,True,False
21601,3,Poland,USA,41.665416666666665,-12.001199999999999,18.181818181818183,33.334666666666664,20.0004,49.99928571428571,4.0,-5.883529411764705,-40.001,14.288571428571432,16.0,18.181818181818183,False,True,False,True,False
21601,4,Poland,USA,31.246875,12.500833333333333,-41.666666666666664,37.50125,19.351612903225806,30.434347826086956,32.25806451612903,-10.526842105263157,-27.77777777777778,-18.181818181818183,19.358387096774194,36.84473684210526,False,True,False,True,False
21602,1,Canada,Türkiye,12.90258064516129,-12.5,-18.180909090909093,0.0009090909090907282,0.0,38.09571428571429,35.71107142857143,3.9992,-6.250624999999999,28.571428571428573,6.058181818181818,45.83208333333334,False,,,False,True
21602,2,Canada,Türkiye,29.62962962962963,-21.05263157894737,-36.36454545454546,-4.761428571428572,6.247812499999998,55.0,34.3728125,4.164999999999999,-44.44555555555556,13.332666666666666,9.37125,70.0,False,False,True,False,True
21602,3,Canada,Türkiye,22.22138888888889,-29.167083333333334,-10.0,12.4975,10.525263157894736,63.16,19.35483870967742,-0.0011538461538467442,-21.428571428571427,5.881764705882353,2.8542857142857145,45.83249999999999,False,False,True,False,True
21603,1,Germany,Serbia,-0.0008695652173917492,-8.0,49.998333333333335,7.142857142857144,13.638636363636362,28.569285714285712,-4.166666666666667,-24.999000000000002,50.0,5.000500000000001,7.9967999999999995,23.076923076923077,False,,,True,False
21603,2,Germany,Serbia,12.901935483870966,8.695652173913043,-16.665833333333335,4.544090909090908,9.377500000000001,40.00066666666667,33.333333333333336,-8.000399999999999,-20.000999999999998,4.546363636363637,6.6659999999999995,35.0,False,True,False,False,True
21603,3,Germany,Serbia,36.36227272727273,4.0012,14.286428571428571,23.076923076923077,20.833333333333332,36.36363636363637,7.692051282051282,-17.647058823529413,-33.33222222222222,-0.0016666666666675194,17.949743589743587,52.17217391304348,False,False,True,True,False
21603,4,Germany,Serbia,32.5005,-4.166666666666667,-18.181818181818183,23.80952380952381,20.511025641025643,48.148148148148145,29.99975,-8.33375,-6.668666666666667,30.434782608695652,19.51219512195122,17.24241379310345,False,True,False,True,False
21604,1,Bulgaria,Czechia,24.999375,-10.526315789473685,-26.313157894736843,22.727272727272727,24.245454545454546,13.334,40.6234375,-12.0,-24.999166666666667,29.408823529411766,17.64323529411765,12.500416666666666,False,,,False,True
21604,2,Bulgaria,Czechia,24.99925,0.0,-22.221851851851852,20.83375,34.88139534883721,30.000666666666667,25.53085106382979,8.332916666666668,0.0,13.636363636363637,11.996400000000001,33.333333333333336,False,False,True,False,True
21604,3,Bulgaria,Czechia,-2.9411764705882355,0.0,-44.44222222222223,-4.346521739130435,21.62108108108108,37.5,41.38034482758621,4.0004,9.999500000000001,9.998,17.24137931034483,60.869565217391305,False,False,True,False,True
21605,1,Italy,Japan,31.2503125,0.0,-16.666666666666668,34.9995,25.00125,64.70588235294117,23.80785714285714,-8.332083333333332,0.0,52.17391304347826,23.807857142857145,39.9992,False,,,True,False
21605,2,Italy,Japan,25.807096774193546,-17.647058823529413,-46.15384615384615,13.636363636363637,19.35483870967742,15.0,46.42785714285714,4.166666666666667,-15.385384615384615,21.430714285714284,36.666666666666664,27.27227272727273,False,True,False,False,True
21605,3,Italy,Japan,48.27551724137931,8.332916666666668,-33.333333333333336,43.7525,28.568571428571428,23.528823529411767,21.21212121212121,0.0,-62.5,34.78173913043479,15.14878787878788,21.053684210526313,False,False,True,True,False
21605,4,Italy,Japan,15.149696969696972,-9.523333333333333,-27.77777777777778,27.270909090909093,14.283428571428571,19.045238095238094,30.76923076923077,-8.333333333333334,-28.571428571428573,22.223333333333333,26.316315789473684,27.58655172413793,False,True,False,False,True
21605,5,Italy,Japan,40.74037037037037,-5.555555555555555,-22.223333333333333,27.77777777777778,50.0,15.385384615384615,39.12913043478261,5.555,-44.44555555555556,35.29470588235294,8.698695652173912,-6.250624999999999,False,False,True,True,False
21606,1,Belgium,Korea,44.827241379310344,0.0,0.0,12.497499999999999,39.995999999999995,41.6675,11.428,-0.000588235294117948,-37.5,27.270909090909093,14.703529411764706,42.8547619047619,False,,,True,False
21606,2,Belgium,Korea,27.7775,-23.80952380952381,-57.14357142857143,19.046666666666667,28.571428571428573,55.555,45.16258064516129,-12.499166666666667,-18.182727272727274,24.9975,12.49625,63.15842105263158,False,True,False,False,True
21606,3,Belgium,Korea,18.60255813953488,-6.666333333333333,-11.111481481481482,4.165416666666666,13.043478260869565,50.0,13.997599999999998,-9.999,-11.11111111111111,10.713214285714285,20.40734693877551,48.27724137931035,False,False,True,True,False
21606,4,Belgium,Korea,57.14190476190476,-0.00040000000000020466,-7.691538461538461,44.44444444444444,31.816363636363636,57.893157894736845,11.537692307692309,-16.666666666666668,-33.333333333333336,-13.636363636363637,3.7055555555555566,-5.882941176470588,False,True,False,True,False
21607,1,France,Netherlands,27.272424242424243,-20.832916666666666,-12.5,16.66611111111111,27.272727272727273,62.500416666666666,6.896206896551725,-9.091363636363637,-25.00125,31.57684210526316,21.428571428571427,-6.767073673905716e-16,False,,,True,False
21607,2,France,Netherlands,44.44555555555556,-12.000399999999999,-18.75,5.88470588235294,8.334722222222222,44.0012,22.856571428571428,-5.2631578947368425,-41.178823529411765,27.269999999999996,8.571428571428571,35.0005,False,True,False,True,False
21607,3,France,Netherlands,40.73925925925926,-8.000399999999999,0.0,21.05263157894737,3.5742857142857143,7.407777777777778,14.998249999999999,-9.524285714285714,-40.00066666666667,36.36545454545455,40.0045,48.0,False,True,False,True,False
21608,1,Brazil,Canada,23.529705882352943,-8.333333333333334,0.0,22.223333333333333,13.331999999999999,44.44444444444444,11.11111111111111,-9.523333333333333,-21.427857142857142,-4.999499999999999,7.145357142857143,45.0,False,,,True,False
21608,2,Brazil,Canada,37.93103448275862,3.9995999999999996,-7.144285714285715,23.80857142857143,10.346206896551722,30.77,33.333333333333336,-8.695652173913043,-30.76923076923077,8.332083333333333,17.142857142857142,27.778333333333332,False,True,False,True,False
21608,3,Brazil,Canada,29.410294117647055,-12.499583333333334,33.333333333333336,44.9985,6.058484848484849,15.78842105263158,31.252187499999998,-16.6675,-16.665,42.8552380952381,6.0606060606060606,23.53,False,True,False,True,False
21609,1,Germany,Poland,8.332500000000001,0.000588235294117948,-22.221666666666668,17.393478260869564,39.99771428571429,27.271818181818183,32.35382352941176,4.1675,14.286428571428571,25.00125,27.276363636363634,39.12869565217392,False,,,False,True
21609,2,Germany,Poland,14.285,-12.5,-19.998,-13.043478260869565,18.51888888888889,7.691538461538461,39.13086956521739,8.0008,-18.75,0.0008333333333337597,13.637272727272727,37.50125,False,False,True,False,True
21609,3,Germany,Poland,15.152121212121212,9.523809523809524,-58.82411764705882,13.635000000000002,21.876875000000002,24.998125,40.625,-4.166666666666667,-20.0,0.0,18.7478125,41.1764705882353,False,False,True,False,True
21610,1,Czechia,Thailand,38.63636363636363,11.999600000000001,-28.571428571428573,5.554444444444444,16.665000000000003,59.25851851851852,31.578684210526315,5.555,-22.22222222222222,19.999200000000002,21.431190476190476,19.232692307692307,False,,,True,False
21610,2,Czechia,Thailand,39.999,-4.166666666666667,-12.50125,21.429285714285715,29.62962962962963,27.77777777777778,16.128064516129033,-17.646470588235296,-14.285714285714286,4.760000000000001,18.180909090909093,13.636363636363637,False,True,False,True,False
21610,3,Czechia,Thailand,33.33549019607843,0.0,-20.0,31.035172413793102,22.805087719298246,12.194634146341464,23.727288135593216,0.0,-16.666666666666668,16.128387096774194,21.308852459016393,28.571190476190477,False,True,False,True,False
21611,1,China,Japan,44.829655172413794,0.00041666666666687985,0.0,33.333999999999996,28.569285714285716,27.77777777777778,9.090606060606062,-6.249375,-33.333333333333336,34.783478260869565,33.333333333333336,58.8235294117647,False,,,True,False
21611,2,China,Japan,68.18181818181819,-7.9996,18.183636363636364,19.997999999999998,19.045714285714286,46.666000000000004,7.691538461538461,-16.666666666666668,-80.002,13.634090909090908,44.446666666666665,7.693846153846153,False,True,False,True,False
21611,3,China,Japan,20.0,0.0,-12.499375,8.695652173913043,13.888333333333334,47.61857142857143,35.89948717948718,0.0,0.0,11.763529411764706,35.893846153846155,55.171379310344825,False,True,False,False,True
21611,4,China,Japan,32.55674418604651,0.00040000000000020466,-35.29470588235294,27.272727272727273,12.197560975609754,70.83375,23.075641025641023,4.545454545454546,0.0009090909090913742,21.73695652173913,38.46153846153846,48.14925925925926,False,False,True,True,False
21612,1,Brazil,Dominican Republic,41.93645161290323,-16.000799999999998,-26.667333333333332,35.001999999999995,31.252499999999998,33.33375,27.775,-8.695652173913043,-22.22222222222222,14.999500000000001,5.262631578947368,25.924444444444447,False,,,True,False
21612,2,Brazil,Dominican Republic,43.58948717948718,-20.833333333333332,-22.223333333333333,22.221666666666668,36.84473684210527,72.0008,17.39217391304348,5.263684210526316,-42.857142857142854,5.554444444444444,7.6923076923076925,8.69608695652174,False,True,False,True,False
21612,3,Brazil,Dominican Republic,18.91945945945946,-8.0,-6.249375,11.763529411764706,10.52763157894737,65.38461538461539,10.526052631578946,-15.0,-25.0,9.089545454545455,0.0024324324324325247,41.66791666666666,False,True,False,True,False
21613,1,Netherlands,USA,13.334333333333332,-15.789473684210526,-27.271818181818183,4.761428571428572,21.42642857142857,-5.882352941176471,35.715714285714284,-8.332916666666668,-11.11111111111111,13.331999999999999,22.22222222222222,33.33380952380952,False,,,False,True
21613,2,Netherlands,USA,30.76974358974359,-9.090454545454547,-40.0,16.665416666666665,35.137837837837836,40.90909090909091,37.14371428571428,4.0,-15.383846153846154,15.78842105263158,0.0,12.001199999999999,False,False,True,False,True
21613,3,Netherlands,USA,24.99833333333333,0.0010000000000005115,-40.0,17.390434782608697,11.108333333333334,14.814074074074075,33.33357142857143,0.00041666666666687985,-26.668,15.789473684210526,12.198536585365854,46.42857142857143,False,False,True,False,True
21614,1,Korea,Türkiye,-2.940294117647058,-18.181818181818183,-42.857142857142854,4.344347826086956,8.572571428571427,42.10473684210526,45.8325,-4.0012,4.346956521739129,22.224444444444444,29.165833333333335,55.0,False,,,False,True
21614,2,Korea,Türkiye,5.555000000000001,-14.285,-25.0,-4.998499999999998,15.790526315789473,-54.54545454545455,66.66777777777777,-4.166666666666666,-25.000833333333333,33.333333333333336,41.177058823529414,100.0,False,False,True,False,True
21614,3,Korea,Türkiye,10.002,-17.647058823529413,-60.0,-4.76,10.0,13.637727272727272,38.46076923076923,-8.000399999999999,-15.789473684210526,-7.693846153846154,22.222962962962963,57.89578947368421,False,False,True,False,True
21615,1,France,Serbia,21.874375,-9.523333333333333,-29.412941176470586,13.042173913043479,11.764705882352942,13.042608695652175,21.623783783783782,0.00040000000000020466,-25.000625,31.58,28.573142857142855,27.27227272727273,False,,,False,True
21615,2,France,Serbia,50.000416666666666,-4.0016,7.6923076923076925,18.749375,23.076923076923077,60.0,0.000666666666666534,6.249375,-19.999000000000002,27.271818181818183,29.997,5.0,False,False,True,True,False
21615,3,France,Serbia,-9.090606060606062,-6.249375,-18.181818181818183,44.997,20.001714285714286,30.77,27.58413793103448,-16.0004,18.75,46.668,33.333333333333336,41.1764705882353,False,True,False,False,True
21615,4,France,Serbia,31.2496875,-12.0,0.0,39.998666666666665,9.08818181818182,66.66666666666667,-6.061818181818182,0.0,-21.428571428571427,22.725454545454543,20.59,0.000588235294117948,False,False,True,True,False
21615,5,France,Serbia,13.637272727272727,7.142142857142857,-16.665833333333335,28.571428571428573,22.73090909090909,44.443333333333335,10.527368421052632,0.0,-0.0016666666666675194,8.333333333333334,29.997000000000003,0.000588235294117948,False,True,False,True,False
21616,1,Bulgaria,Thailand,38.88666666666667,-7.6923076923076925,-19.04714285714286,28.568571428571424,38.888888888888886,45.83291666666667,23.91478260869565,-8.332916666666666,0.0,20.832083333333333,30.436521739130438,35.716071428571425,False,,,True,False
21616,2,Bulgaria,Thailand,58.333333333333336,-8.332916666666668,-6.249375,27.271818181818183,35.9996,68.42157894736842,9.3759375,-21.428571428571427,-42.857142857142854,9.523809523809524,37.93103448275862,6.249375,False,True,False,True,False
21616,3,Bulgaria,Thailand,42.85785714285714,4.546363636363637,-37.5025,26.08782608695652,31.03448275862069,0.0005882352941171121,42.42484848484848,4.167916666666667,-54.54363636363637,9.521428571428569,24.24,50.0,False,True,False,False,True
21616,4,Bulgaria,Thailand,21.051578947368423,0.0004545454545456871,-26.31578947368421,33.33238095238095,31.582631578947364,45.834583333333335,33.335641025641024,-12.0008,0.0,28.570476190476192,18.42078947368421,45.833333333333336,False,False,True,False,True
21616,5,Bulgaria,Thailand,62.498125,-7.144285714285715,-15.384615384615385,12.502500000000001,22.225,43.75125,29.16625,-20.0,-57.142857142857146,7.694615384615385,21.738260869565217,46.15384615384615,False,False,True,True,False
21617,1,Czechia,Japan,31.034827586206895,-8.69391304347826,-14.285714285714286,4.76095238095238,17.24137931034483,71.42785714285715,32.35411764705882,0.00041666666666687985,0.0,-4.997999999999999,14.289142857142858,52.63263157894737,False,,,False,True
21617,2,Czechia,Japan,37.929310344827584,-17.646470588235296,-27.270909090909093,4.348695652173913,12.906129032258063,31.57894736842105,44.11676470588235,4.000800000000001,-33.333333333333336,50.00142857142857,23.529705882352943,41.66583333333333,False,False,True,False,True
21617,3,Czechia,Japan,29.73081081081081,-19.046666666666667,-21.430714285714284,9.523333333333333,20.0025,33.333333333333336,31.81840909090909,-8.33375,-5.882352941176471,35.29470588235294,25.58511627906977,71.42964285714285,False,False,True,False,True
21618,1,Belgium,Canada,26.666666666666668,-17.389999999999997,-33.333333333333336,36.36454545454546,8.507234042553192,64.51451612903226,28.571190476190477,-4.166666666666667,-31.57842105263158,21.05263157894737,11.900952380952381,53.125937500000006,False,,,False,True
21618,2,Belgium,Canada,44.446296296296296,0.0,-12.49875,8.335833333333333,8.693913043478261,43.75,4.166250000000001,-7.143571428571429,-36.36363636363637,4.546818181818182,15.9976,6.666666666666667,False,False,True,True,False
21618,3,Belgium,Canada,9.303720930232558,-4.545454545454546,-19.999000000000002,17.390869565217393,14.636585365853657,40.0,18.75,0.0,29.9995,9.523809523809524,11.763823529411766,21.738260869565217,False,True,False,False,True
21618,4,Belgium,Canada,19.049285714285713,4.167083333333333,21.428571428571427,4.545454545454546,2.1730434782608694,54.54606060606061,11.111999999999998,4.347391304347826,-5.263684210526316,4.34695652173913,6.121428571428571,70.9683870967742,False,False,True,True,False
21618,5,Belgium,Canada,21.8753125,0.0011111111111116794,-33.333999999999996,15.386153846153844,16.130967741935486,51.9996,26.666666666666668,-12.5,-18.749375,17.64764705882353,5.886176470588235,44.0004,False,True,False,True,False
21619,1,Germany,Netherlands,32.499,-8.695652173913043,-16.666666666666668,11.9976,2.563076923076923,34.61538461538461,31.578157894736844,0.0,-26.666,5.260526315789473,22.2225,29.63037037037037,False,,,False,True
21619,2,Germany,Netherlands,34.99925,-0.00040000000000020466,-45.45363636363636,5.2631578947368425,7.497,55.9992,19.99942857142857,5.2631578947368425,-11.764705882352942,8.694347826086956,5.555,36.36272727272728,False,False,True,True,False
21619,3,Germany,Netherlands,29.411176470588234,-9.523333333333333,-36.36363636363637,4.166666666666667,3.0272727272727273,12.5,31.2490625,8.0,-25.000833333333333,15.789473684210526,15.626249999999999,36.84263157894737,False,True,False,False,True
21619,4,Germany,Netherlands,39.47342105263158,0.0,-28.571428571428573,9.524285714285714,19.99942857142857,24.999583333333334,36.58658536585366,-4.3478260869565215,-47.059411764705885,8.0008,0.0024390243902437637,26.923076923076923,False,False,True,True,False
21619,5,Germany,Netherlands,19.047619047619047,9.998999999999999,-0.0016666666666675194,0.0,4.761904761904762,-1.0150610510858574e-15,50.000625,13.332666666666666,9.09,20.000999999999998,18.75,16.665833333333335,False,True,False,False,True
21620,1,China,Italy,28.889555555555553,-9.091363636363637,-66.66666666666667,42.859047619047615,20.452045454545456,57.14357142857143,46.15512820512821,-12.499166666666667,-20.0,25.0005,9.523809523809524,53.126875,False,,,False,True
21620,2,China,Italy,43.47869565217391,-3.3333333333333335,-33.333333333333336,16.128709677419355,12.24530612244898,44.82689655172414,38.46057692307692,-3.125,-50.00111111111111,28.570714285714285,25.491176470588233,51.61258064516129,False,False,True,False,True
21620,3,China,Italy,13.793103448275861,0.0,-66.66777777777777,31.81772727272727,9.995666666666667,10.526315789473685,57.142857142857146,-0.0008333333333337597,0.0009090909090900823,41.66583333333333,16.666,60.87086956521739,False,False,True,False,True
21621,1,Dominican Republic,Korea,23.9984,-5.26421052631579,-37.50125,-12.499166666666667,13.796206896551723,46.666000000000004,21.21121212121212,19.999200000000002,0.0,0.0,24.998055555555556,58.33375,False,,,False,True
21621,2,Dominican Republic,Korea,38.46230769230769,-12.0008,5.883529411764706,0.0014285714285721593,9.997333333333332,56.0008,0.00025641025641075194,-5.882941176470588,-50.0,0.0,27.025405405405408,60.869565217391305,False,False,True,True,False
21621,3,Dominican Republic,Korea,24.324324324324323,-10.525789473684211,-47.82478260869566,12.501666666666665,2.7777777777777777,68.75,33.333333333333336,-4.0,7.142857142857143,17.647058823529413,28.946578947368423,60.71321428571429,False,True,False,False,True
21621,4,Dominican Republic,Korea,42.42212121212121,-8.000399999999999,-14.285714285714286,10.52736842105263,8.572571428571427,75.0,20.588529411764707,0.0015000000000000568,-20.0,4.997999999999999,25.714285714285715,39.9996,False,False,True,True,False
21621,5,Dominican Republic,Korea,19.998,-6.25,-0.0005882352941171121,14.285,3.848076923076923,92.85714285714286,12.5,0.0,0.0,19.999333333333333,14.815185185185184,15.001,False,True,False,True,False
21622,1,France,USA,29.40911764705882,0.0009090909090913742,-40.00066666666667,13.042173913043477,8.571428571428571,17.391739130434782,44.11735294117647,-8.0,0.0,-4.999499999999999,15.6234375,25.925185185185185,False,,,False,True
21622,2,France,USA,36.84263157894737,-4.0,-66.66666666666667,18.18136363636364,-2.635,26.921538461538464,59.25851851851852,-3.9995999999999996,-31.81954545454545,4.347391304347826,21.43142857142857,40.0,False,False,True,False,True
21622,3,France,USA,44.827586206896555,-12.499583333333334,-13.333333333333334,21.05473684210526,9.678709677419354,30.0005,19.445555555555554,-9.523333333333333,-50.0,23.80857142857143,21.62108108108108,61.11055555555556,False,False,True,True,False
21622,4,France,USA,29.999333333333333,-3.9999999999999996,-8.333333333333334,22.22222222222222,3.4482758620689653,46.15538461538461,26.921538461538464,-14.286190476190475,-23.529411764705884,9.092727272727272,30.76923076923077,11.11111111111111,False,True,False,True,False
21622,5,France,USA,31.57842105263158,-14.285714285714286,-16.666666666666668,16.666666666666668,0.0,10.001,42.10631578947368,-14.285,-28.571428571428573,9.09,5.885294117647058,36.36272727272728,False,True,False,False,True
21623,1,Brazil,Türkiye,62.96333333333333,0.0012500000000006395,-28.57333333333333,11.11111111111111,34.61615384615384,69.23076923076923,33.333636363636366,0.0005263157894739535,-50.0,22.72863636363636,15.149393939393939,23.809047619047618,False,,,True,False
21623,2,Brazil,Türkiye,22.221944444444446,-20.83375,-9.091818181818182,18.18318181818182,28.568,38.888333333333335,20.688620689655174,-8.333333333333334,14.285714285714286,15.78842105263158,3.446206896551724,31.579473684210527,False,True,False,False,True
21623,3,Brazil,Türkiye,28.571428571428573,4.166666666666667,-46.666666666666664,14.998000000000001,18.517037037037035,28.570714285714285,23.529411764705884,-8.3325,-11.11,13.04304347826087,2.857142857142857,38.09428571428572,False,False,True,True,False
21623,4,Brazil,Türkiye,50.00142857142857,-12.0,-20.0,14.285714285714286,13.78896551724138,84.21052631578948,5.714571428571428,-6.666666666666667,-14.284285714285714,19.04714285714286,21.8775,44.44222222222222,False,True,False,True,False
21624,1,Poland,Serbia,41.66583333333333,0.0,-21.429285714285715,-0.0021739130434787553,12.001999999999999,36.36272727272728,34.3740625,8.0012,-27.272727272727273,27.272727272727273,20.002333333333336,6.249375000000001,False,,,False,True
21624,2,Poland,Serbia,28.56942857142857,-7.9996,0.002000000000000076,19.9975,15.150909090909092,52.94294117647058,29.628148148148146,-9.090454545454547,-18.751875,27.27318181818182,18.51851851851852,-5.555555555555555,False,False,True,True,False
21624,3,Poland,Serbia,31.57894736842105,-0.00041666666666687985,19.999000000000002,28.57190476190476,26.468235294117648,31.577894736842108,37.929310344827584,-4.34695652173913,-25.0,17.39217391304348,9.67741935483871,10.526315789473685,False,True,False,True,False
21624,4,Poland,Serbia,10.81054054054054,7.999199999999999,-9.524761904761904,34.998000000000005,10.525263157894736,46.15346153846154,20.512820512820515,-13.043478260869565,-23.076923076923077,15.9992,7.891578947368421,43.47826086956522,False,True,False,True,False
21625,1,Czechia,Serbia,17.07219512195122,-4.166666666666667,30.0,14.283809523809525,18.42052631578947,-3.4493103448275866,15.789473684210526,-8.69695652173913,-16.66611111111111,18.181818181818183,31.575789473684207,29.62962962962963,False,,,True,False
21625,2,Czechia,Serbia,28.002,-13.043478260869565,-23.076923076923077,0.0010000000000005115,43.9992,-18.18409090909091,34.37625,-12.5,-22.22222222222222,57.89263157894737,46.666666666666664,0.0,False,True,False,False,True
21625,3,Czechia,Serbia,18.86754716981132,-3.8461538461538463,-7.6923076923076925,22.22222222222222,20.370925925925924,-9.092272727272727,24.44311111111111,-3.5714285714285716,-14.815185185185184,27.999200000000002,23.915217391304346,5.881470588235294,False,False,True,False,True
21625,4,Czechia,Serbia,11.627906976744185,-26.31578947368421,-7.144285714285715,21.739565217391306,14.285714285714286,5.713428571428571,16.217297297297296,-0.0008333333333337597,0.0004999999999995453,42.855714285714285,33.333888888888886,9.088787878787878,False,False,True,False,True
21626,1,Belgium,Italy,5.8820588235294125,0.0,-28.57,39.9975,21.876875000000002,7.693076923076924,31.429714285714283,-20.002,5.5566666666666675,10.526842105263157,33.32969696969697,52.38095238095238,False,,,False,True
21626,2,Belgium,Italy,6.2496875,-24.99875,-10.001000000000001,9.090909090909092,27.275151515151517,35.0,40.74185185185185,-11.9992,-14.285714285714286,8.335833333333333,38.46038461538462,30.0005,False,False,True,False,True
21626,3,Belgium,Italy,20.587058823529414,-10.526315789473685,-42.857142857142854,-4.34695652173913,11.429714285714285,29.167916666666667,23.52794117647059,16.666666666666668,-15.787894736842103,18.75,25.714285714285715,68.18181818181819,False,False,True,False,True
21627,1,Canada,Germany,17.242758620689653,-15.999600000000001,-14.284761904761906,10.525789473684211,29.03290322580645,54.165416666666665,7.5005,-16.0004,-14.284285714285714,10.000499999999999,17.94871794871795,59.9996,False,,,True,False
21627,2,Canada,Germany,27.587241379310345,-0.0004761904761907198,-11.110555555555557,9.088636363636363,17.646470588235296,35.0005,34.21026315789474,-4.166666666666667,-10.002,20.0005,17.138571428571428,20.833333333333332,False,True,False,False,True
21627,3,Canada,Germany,31.818863636363634,-24.999166666666667,-14.28857142857143,24.999583333333334,16.27906976744186,63.63772727272727,14.285714285714286,4.166666666666667,-5.882352941176471,18.750625,22.858285714285714,27.273939393939393,False,False,True,True,False
21627,4,Canada,Germany,19.998444444444445,-4.165416666666666,-43.749375,24.9985,15.555555555555555,55.55555555555556,28.261521739130433,-12.49875,-35.71357142857143,4.76047619047619,25.532340425531913,56.40974358974359,False,True,False,False,True
21627,5,Canada,Germany,55.556666666666665,-7.142857142857143,-44.44444444444444,20.0,41.1764705882353,100.0,44.9995,13.332666666666666,-16.666666666666668,46.153076923076924,29.997499999999995,7.691538461538461,False,False,True,False,True
21628,1,Netherlands,Türkiye,42.30615384615385,-21.05421052631579,-20.0,13.632727272727271,15.384615384615385,30.76923076923077,49.99961538461538,-4.0004,-27.273636363636363,33.33133333333333,19.998,53.333333333333336,False,,,False,True
21628,2,Netherlands,Türkiye,15.384615384615385,-11.764705882352942,-22.221111111111114,-0.0030434782608692685,22.22074074074074,-7.691538461538461,39.9992,0.0,-0.0021428571428582393,14.285714285714286,8.332500000000001,38.46153846153846,False,False,True,False,True
21628,3,Netherlands,Türkiye,21.276808510638297,-9.523333333333333,-22.22277777777778,8.695217391304348,17.647058823529413,50.0005,26.41433962264151,-7.999199999999999,-22.22222222222222,21.051578947368423,7.846470588235294,57.893947368421045,False,False,True,False,True
21629,1,China,Dominican Republic,36.0008,3.9991999999999996,-5.555555555555555,11.11111111111111,13.043478260869565,-0.0007142857142850646,31.428571428571427,-18.18136363636364,-45.45454545454545,12.5,24.324324324324323,47.05588235294118,False,,,True,False
21629,2,China,Dominican Republic,14.706176470588234,0.0,-16.666666666666668,-4.34695652173913,26.472352941176467,-4.0,39.999599999999994,12.001599999999998,11.11,12.5,29.632962962962964,-25.00125,False,True,False,False,True
21629,3,China,Dominican Republic,30.55611111111111,-4.347391304347826,-47.06,14.286666666666665,25.717142857142857,12.000399999999999,44.4436111111111,-8.333333333333334,-31.25,31.815454545454543,9.087272727272728,-8.697391304347827,False,False,True,False,True
21629,4,China,Dominican Republic,27.908372093023253,4.166666666666667,0.0005263157894739535,30.000999999999998,23.807619047619045,7.89578947368421,18.748749999999998,-4.347391304347826,-5.555555555555555,33.333333333333336,17.64666666666667,-5.127692307692308,False,False,True,True,False
21629,5,China,Dominican Republic,31.999200000000002,14.285,-0.0027272727272728307,21.429285714285715,29.168333333333333,27.77777777777778,29.16541666666667,7.142857142857143,0.0,7.142857142857143,16.0,-13.637272727272727,False,True,False,True,False
21630,1,Thailand,USA,27.5015,-14.814814814814815,-45.45545454545454,17.390869565217393,24.39,3.125937500000001,32.43135135135135,-11.11111111111111,-26.31578947368421,21.738260869565217,48.576,31.9996,False,,,False,True
21630,2,Thailand,USA,30.55638888888889,0.0,-8.333333333333334,16.666666666666668,17.140571428571427,-6.6656666666666675,30.30090909090909,-18.18136363636364,-28.57238095238095,21.73913043478261,35.294117647058826,-4.545909090909091,False,False,True,True,False
21630,3,Thailand,USA,32.50025,-15.383846153846154,-17.647058823529413,18.182727272727274,29.996999999999996,6.45032258064516,37.497249999999994,-15.385,-29.41176470588235,19.047619047619047,26.826585365853656,20.0,False,True,False,False,True
21630,4,Thailand,USA,8.570857142857143,-13.333333333333334,-58.333333333333336,24.999583333333334,20.51153846153846,23.80857142857143,37.93137931034483,0.0,-4.76095238095238,15.383846153846154,48.27931034482759,54.9995,False,False,True,False,True
21631,1,Brazil,Bulgaria,23.80761904761905,8.0008,-26.66466666666667,20.000999999999998,24.446888888888886,34.3746875,31.579473684210527,-4.761904761904762,-42.10526315789474,20.002,25.6425641025641,14.286071428571429,False,,,True,False
21631,2,Brazil,Bulgaria,28.569761904761908,0.0,-52.38095238095238,29.16541666666667,38.46153846153846,37.499583333333334,43.241891891891896,-13.793103448275861,0.0,16.665833333333335,30.555,18.517407407407408,False,True,False,False,True
21631,3,Brazil,Bulgaria,38.71064516129032,0.0,-7.142857142857143,22.22222222222222,28.000799999999998,47.82565217391304,-2.778333333333333,-10.0,-46.15384615384615,15.999600000000001,20.51205128205128,31.999200000000002,False,False,True,True,False
21631,4,Brazil,Bulgaria,30.555,-0.00041666666666687985,-27.77777777777778,16.665,35.89410256410257,46.42892857142857,21.05184210526316,-4.999499999999999,-21.05315789473684,19.048095238095236,30.76615384615385,48.14888888888889,False,True,False,True,False
21632,1,Korea,Poland,22.221481481481483,-7.9996,-15.383846153846154,15.383076923076922,28.57464285714286,63.15842105263158,6.0606060606060606,-27.778333333333332,-22.22222222222222,31.815454545454543,29.408823529411762,52.940588235294115,False,,,True,False
21632,2,Korea,Poland,16.6675,0.0005000000000002558,-22.221111111111114,8.694347826086956,25.00027777777778,33.33416666666667,41.17823529411765,-3.9995999999999996,-7.144285714285713,5.555555555555555,18.182424242424243,40.0,False,True,False,False,True
21632,3,Korea,Poland,25.000357142857144,0.0,-44.443333333333335,4.347391304347826,16.666999999999998,39.99933333333333,53.333333333333336,4.166666666666667,-15.384615384615385,31.25125,37.04,41.17588235294118,False,False,True,False,True
21632,4,Korea,Poland,25.9998,-7.691923076923076,-18.74875,11.108888888888888,9.612115384615386,61.29064516129032,26.66444444444444,-3.5714285714285716,-25.925925925925927,26.08608695652174,28.258695652173916,76.92307692307692,False,False,True,False,True
21633,1,France,Japan,30.305454545454545,-21.738695652173913,-35.715714285714284,4.761904761904762,6.06,47.62,25.71314285714286,-7.9996,-42.85642857142857,44.446666666666665,19.444444444444443,49.99916666666667,False,,,False,True
21633,2,France,Japan,9.676451612903227,-29.411176470588234,-33.333333333333336,34.9985,22.580645161290324,31.577894736842108,33.334074074074074,-12.498750000000001,19.997999999999998,25.001666666666665,23.07461538461538,57.89368421052632,False,False,True,False,True
21633,3,France,Japan,24.999375,-10.525789473684211,-9.090909090909092,21.738695652173913,25.0,13.636363636363637,38.70870967741936,0.0,-23.53,6.249375,31.03862068965517,52.38095238095238,False,False,True,False,True
21634,1,Italy,Serbia,39.130434782608695,4.166666666666667,-31.581052631578945,15.383076923076922,29.163749999999997,42.106842105263155,15.788684210526316,-22.223333333333333,0.0,45.83541666666667,10.52763157894737,9.088181818181818,False,,,True,False
21634,2,Italy,Serbia,30.302121212121214,-7.408148148148149,-50.0,15.787894736842103,21.875,61.904761904761905,32.25645161290323,-12.5,-19.999333333333333,25.0,17.138571428571428,71.42928571428571,False,True,False,True,False
21634,3,Italy,Serbia,30.77,-8.333333333333334,-28.57,-5.556111111111111,12.5,35.714285714285715,7.999199999999999,-0.0004761904761907198,-45.45454545454545,9.525238095238095,22.220740740740737,53.84538461538462,False,True,False,True,False
21635,1,Belgium,Netherlands,13.512162162162161,4.0,-27.272727272727273,14.283333333333333,8.104324324324324,72.0,24.389268292682928,-8.000399999999999,0.0,-4.164166666666667,24.390731707317073,52.0,False,,,False,True
21635,2,Belgium,Netherlands,39.9996,-4.545454545454546,0.0,-4.762380952380953,24.0,-0.0013333333333340155,49.99961538461538,-3.9995999999999996,0.0011111111111116794,5.2631578947368425,37.50083333333333,36.36272727272728,False,False,True,False,True
21635,3,Belgium,Netherlands,22.4995,0.0,0.0,0.0005000000000002558,17.07219512195122,42.85771428571429,13.160526315789474,4.545454545454546,13.333333333333334,8.695652173913043,22.4985,50.00115384615385,False,False,True,True,False
21635,4,Belgium,Netherlands,21.21272727272727,4.545454545454546,-57.144285714285715,19.045238095238094,23.529117647058825,49.99909090909091,41.174705882352946,-15.9992,-15.384615384615385,-15.001,25.712571428571426,60.8704347826087,False,True,False,False,True
21636,1,Germany,Thailand,38.095238095238095,0.0,-12.499375,37.49916666666667,42.857142857142854,6.6676666666666655,41.17735294117647,0.00040000000000020466,-10.0,8.695652173913043,15.385641025641025,-18.183333333333334,False,,,True,False
21636,2,Germany,Thailand,52.0,-3.9991999999999996,-27.77722222222222,33.333333333333336,34.61538461538461,-11.766470588235293,20.588529411764707,-5.2631578947368425,-33.333333333333336,36.36227272727273,22.85742857142857,-12.499583333333334,False,True,False,True,False
21636,3,Germany,Thailand,66.66666666666667,0.0,20.0,27.272727272727273,50.0,18.75,0.0,-0.0007692307692311628,-62.5,9.090909090909092,21.430714285714284,-23.528823529411767,False,True,False,True,False
21637,1,Dominican Republic,USA,23.527058823529412,-20.0004,-10.0,31.577894736842108,5.403243243243243,18.517777777777777,11.628372093023255,-17.390869565217393,-15.384615384615385,25.002000000000002,28.571428571428573,9.092121212121212,False,,,True,False
21637,2,Dominican Republic,USA,5.714,0.0,-18.180909090909093,13.04304347826087,10.813513513513515,20.0004,18.181212121212123,0.0,0.0,0.0,33.329696969696975,26.087391304347825,False,True,False,False,True
21637,3,Dominican Republic,USA,11.109629629629628,-11.764117647058825,-10.0,-0.0004347826086958746,3.702222222222222,-5.262631578947368,34.48241379310345,8.3325,-8.333333333333334,28.573571428571427,42.857142857142854,50.0,False,False,True,False,True
21637,4,Dominican Republic,USA,18.7509375,-10.0,-33.333999999999996,17.390869565217393,-2.6326315789473687,11.109629629629628,19.997999999999998,-3.9995999999999996,-15.000499999999999,18.750625,51.43114285714285,47.9992,False,False,True,False,True
21638,1,Brazil,France,27.587241379310345,0.0,-13.333333333333334,15.002,25.9237037037037,-0.0005263157894732055,39.999428571428574,-12.500833333333333,-44.443333333333335,29.166666666666668,26.47176470588235,-14.999500000000001,False,,,False,True
21638,2,Brazil,France,21.61972972972973,-12.5,-14.287857142857144,10.001,29.73135135135135,10.345172413793103,13.157368421052633,-4.545,-20.0,14.288571428571428,12.49925,-6.450645161290323,False,False,True,True,False
21638,3,Brazil,France,11.110740740740741,0.0005555555555558397,-44.445,9.523809523809524,33.333333333333336,11.764705882352942,38.236176470588234,-4.16625,-16.666666666666668,41.17823529411765,26.472352941176467,8.33375,False,True,False,False,True
21638,4,Brazil,France,8.33361111111111,4.166666666666667,6.668000000000001,0.0011111111111116794,32.35235294117647,6.896551724137931,5.263684210526315,-4.545454545454546,-6.25,17.39260869565217,24.322702702702703,17.24137931034483,False,False,True,True,False
21638,5,Brazil,France,17.647058823529413,-6.666666666666667,-0.0006666666666660604,0.0014285714285721593,12.49875,-0.0005263157894739535,2.7772222222222216,-27.273636363636363,-20.0,14.285714285714286,23.527058823529412,26.089130434782607,False,True,False,True,False
21639,1,Japan,Korea,28.94736842105263,-15.9992,-14.285714285714286,35.292352941176475,54.056216216216214,48.27655172413793,20.58823529411765,-14.285714285714286,-41.666666666666664,24.999000000000002,32.34941176470588,54.54545454545455,False,,,True,False
21639,2,Japan,Korea,37.50075,-19.23076923076923,-38.46,33.332857142857144,42.502250000000004,55.55555555555556,32.43108108108108,-19.230384615384615,-30.76846153846154,23.81047619047619,34.206315789473685,30.768846153846155,False,True,False,True,False
21639,3,Japan,Korea,33.33309523809524,-7.9996,-66.66666666666667,34.9995,46.34512195121951,61.53846153846154,31.42742857142857,-9.090454545454547,-42.857142857142854,13.634545454545457,24.9975,20.0,False,True,False,True,False
21640,1,Belgium,Serbia,-0.00160000000000025,4.0,-25.0005,26.313684210526315,19.228846153846153,13.331999999999999,28.205128205128204,-23.999200000000002,0.0,13.043478260869565,18.92054054054054,55.0005,False,,,False,True
21640,2,Belgium,Serbia,34.48310344827586,-10.526315789473685,-53.333333333333336,-0.0014285714285714828,51.72344827586207,14.286190476190475,42.106842105263155,-8.0012,-42.857142857142854,11.767058823529412,25.0,71.42857142857143,False,False,True,False,True
21640,3,Belgium,Serbia,43.47826086956522,-17.64588235294118,-50.0,-8.696521739130436,17.391304347826086,-6.248749999999999,64.999,12.49875,-10.0,0.0,28.57,26.666666666666668,False,False,True,False,True
21641,1,Czechia,Türkiye,46.15346153846154,-3.9995999999999996,-21.428571428571427,38.89111111111111,34.48275862068966,49.9995,28.947105263157894,-13.635909090909092,-56.250625,22.726363636363637,27.775000000000002,63.15736842105263,False,,,True,False
21641,2,Czechia,Türkiye,17.77711111111111,-4.167083333333333,19.999333333333333,27.27136363636364,33.33422222222222,46.66733333333333,7.693589743589744,0.0,-4.0,19.047619047619047,17.503000000000004,73.07807692307692,False,True,False,True,False
21641,3,Czechia,Türkiye,-24.999000000000002,0.0,-57.145714285714284,-4.165833333333333,15.0,-20.0,63.15894736842105,16.665416666666665,27.273636363636363,0.0,43.753125000000004,61.53846153846154,False,True,False,False,True
21641,4,Czechia,Türkiye,23.914565217391303,-8.332916666666668,-16.66611111111111,44.445,26.08760869565217,66.66606060606061,15.00075,-14.286666666666665,-13.043478260869565,19.047619047619047,27.497249999999998,57.692692307692305,False,False,True,True,False
21642,1,Dominican Republic,Thailand,36.36590909090909,-4.166666666666667,-14.998500000000002,9.09181818181818,18.604883720930232,-0.00138888888888881,23.25441860465116,4.545,-46.15538461538461,30.434782608695652,34.881860465116276,0.0012499999999995737,False,,,True,False
21642,2,Dominican Republic,Thailand,38.23441176470588,4.0,-5.26157894736842,17.645294117647058,26.47235294117647,29.166666666666668,21.05184210526316,-5.555555555555555,-61.53846153846154,-4.3478260869565215,24.99972222222222,3.8461538461538463,False,True,False,True,False
21642,3,Dominican Republic,Thailand,32.25677419354839,-8.3325,-11.764705882352942,15.002,24.23848484848485,13.634999999999998,17.646764705882354,-8.333333333333334,-40.0,14.998,23.52852941176471,14.285714285714286,False,True,False,True,False
21643,1,Canada,China,17.94871794871795,-4.544090909090908,-16.666666666666668,31.817272727272726,30.553888888888892,-21.21181818181818,37.498125,-11.999600000000001,-37.5,15.001,32.26064516129033,-4.545454545454546,False,,,False,True
21643,2,Canada,China,29.412941176470586,-12.49875,-45.45363636363636,-4.545454545454546,29.999000000000002,-40.00066666666667,38.46153846153846,8.334583333333333,-33.333333333333336,23.078461538461536,41.6625,56.248124999999995,False,False,True,False,True
21643,3,Canada,China,26.47,0.0,0.001176470588235896,0.0,23.076923076923077,-3.5714285714285716,6.667333333333333,4.3478260869565215,-9.090909090909092,43.479565217391304,30.954285714285714,-3.0300000000000002,False,False,True,True,False
21643,4,Canada,China,48.38709677419355,-20.832916666666666,-38.88777777777778,14.285714285714286,29.033548387096772,-25.0,39.39212121212121,-8.332916666666668,-33.33416666666667,26.318421052631578,21.209999999999997,-15.384615384615385,False,True,False,False,True
21644,1,Bulgaria,France,7.407407407407407,-12.500833333333333,-15.384615384615385,26.668,30.770384615384614,29.9985,34.3771875,-37.50083333333333,-0.0007692307692311628,20.0,24.99875,66.66666666666667,False,,,False,True
21644,2,Bulgaria,France,27.77722222222222,-8.33375,5.262631578947368,29.409999999999997,20.001142857142856,32.14142857142857,17.4995,-18.180909090909093,-15.791052631578946,15.001,14.629999999999999,53.57357142857143,False,False,True,True,False
21644,3,Bulgaria,France,7.408518518518518,-11.110555555555557,37.5,-13.639090909090909,31.034137931034483,33.333333333333336,14.814444444444446,16.665833333333335,7.69076923076923,37.4975,25.925555555555555,64.28571428571429,False,True,False,False,True
21644,4,Bulgaria,France,18.74875,-4.545454545454546,-18.75,39.12913043478261,14.285714285714286,42.10526315789474,27.273636363636363,-4.0,0.0,21.05263157894737,27.27030303030303,41.66625,False,False,True,False,True
21645,1,Brazil,Poland,25.0,-16.0004,25.000833333333333,11.109444444444442,25.806774193548385,40.0005,10.343103448275862,-9.090909090909092,7.6923076923076925,23.807619047619045,20.688620689655174,31.25125,False,,,True,False
21645,2,Brazil,Poland,54.547272727272734,-16.667083333333334,-25.00125,31.819999999999997,26.663999999999998,23.528823529411767,29.999333333333333,4.545454545454546,-39.999,10.525263157894736,19.354193548387098,12.0008,False,True,False,True,False
21645,3,Brazil,Poland,25.923333333333332,4.545454545454546,-28.57,14.999500000000001,38.46230769230769,25.0,48.147777777777776,-4.165833333333333,-24.999166666666667,-5.0,25.923703703703705,50.0,False,True,False,False,True
21645,4,Brazil,Poland,14.001399999999999,-12.500833333333333,5.555000000000001,22.727272727272727,22.448979591836736,61.29032258064516,-0.0010000000000001564,-4.3478260869565215,-5.882352941176471,38.095238095238095,17.94846153846154,17.243103448275864,False,False,True,True,False
21646,1,Czechia,Netherlands,9.303023255813955,-4.3478260869565215,9.090909090909092,4.761428571428572,20.926511627906976,40.6240625,22.5,-11.999600000000001,-19.046666666666667,36.36409090909091,42.50225,57.691538461538464,False,,,False,True
21646,2,Czechia,Netherlands,51.516060606060606,-12.0,0.0008333333333325754,13.04304347826087,17.146,47.61952380952381,28.573714285714285,4.3478260869565215,11.11111111111111,27.273636363636363,37.14485714285714,-3.7014814814814816,False,False,True,True,False
21646,3,Czechia,Netherlands,58.33416666666667,12.499583333333334,-36.36272727272728,7.6923076923076925,17.389565217391304,24.999000000000002,27.271515151515153,-13.333333333333334,-60.0,16.66625,30.303636363636365,41.1764705882353,False,True,False,True,False
21646,4,Czechia,Netherlands,10.255128205128205,-9.999500000000001,-0.0007142857142850646,13.043478260869565,7.319024390243902,46.666333333333334,15.790789473684212,8.334166666666667,-5.884705882352941,22.22222222222222,22.22222222222222,58.33416666666667,False,True,False,False,True
21646,5,Czechia,Netherlands,13.042608695652175,-10.0,-9.090909090909092,7.141428571428572,8.333333333333334,46.666666666666664,21.73913043478261,6.665333333333333,-22.22222222222222,22.22222222222222,13.637272727272727,75.0,False,False,True,False,True
21647,1,Italy,Türkiye,22.220833333333335,0.0,0.0009090909090907282,29.409999999999997,45.45393939393939,66.66666666666667,5.4045945945945935,0.0005263157894739535,-7.693076923076924,20.834166666666665,18.42105263157895,24.0,False,,,True,False
21647,2,Italy,Türkiye,26.31605263157895,-14.286190476190475,-61.10888888888889,18.183636363636364,24.324324324324323,49.999545454545455,44.82689655172414,-8.0,-13.334,17.648235294117647,20.591470588235296,28.000799999999998,False,True,False,False,True
21647,3,Italy,Türkiye,6.666888888888889,-9.091818181818182,-33.33277777777778,43.4804347826087,20.450909090909093,60.86913043478261,14.284285714285714,-4.16625,-4.0,50.001,18.91891891891892,43.477391304347826,False,False,True,False,True
21647,4,Italy,Türkiye,39.02487804878049,-4.166666666666667,-22.223333333333333,49.99722222222223,20.513333333333332,41.936129032258066,28.571666666666665,-14.285714285714286,-27.272727272727273,26.08695652173913,16.281627906976748,44.44222222222223,False,False,True,True,False
21647,5,Italy,Türkiye,44.44555555555556,-13.333333333333334,-12.5,22.22,16.668888888888887,38.46230769230769,22.21944444444445,-18.181818181818183,-50.00125,38.46307692307692,15.0,0.0,False,True,False,True,False
21648,1,China,Germany,10.809459459459461,0.0,-36.36363636363637,-0.0004545454545456871,19.444444444444443,-7.143214285714286,20.58823529411765,-0.0008000000000004093,-14.999500000000001,33.333333333333336,32.35235294117647,13.043478260869565,False,,,False,True
21648,2,China,Germany,24.997999999999998,-7.9996,20.0,0.0,15.00075,3.5699999999999994,17.142,15.999600000000001,-17.64588235294118,26.08869565217391,28.947894736842105,0.0,False,False,True,False,True
21648,3,China,Germany,31.427714285714288,4.167916666666667,-4.762857142857143,10.527894736842105,22.22027777777778,-3.03,18.180227272727272,-4.545454545454546,-18.181818181818183,17.391304347826086,20.930232558139537,22.22222222222222,False,False,True,True,False
21648,4,China,Germany,25.806451612903224,-4.0,-11.764117647058823,21.43,34.374375,27.9996,11.428571428571429,-17.64588235294118,-9.090909090909092,25.000833333333333,21.62162162162162,-13.635909090909092,False,True,False,True,False
21648,5,China,Germany,44.82655172413793,-11.110555555555557,-11.11111111111111,21.428571428571427,13.332333333333334,3.8461538461538463,31.033793103448275,-6.250625,-45.45454545454545,43.75,22.58258064516129,-12.5,False,True,False,True,False
21649,1,Canada,USA,21.875,-16.0,7.142857142857143,14.284285714285712,17.645294117647058,7.142857142857143,18.91891891891892,-15.9992,-24.99875,33.33190476190477,35.29323529411765,31.57894736842105,False,,,False,True
21649,2,Canada,USA,26.470882352941175,0.0,-9.999500000000001,9.092272727272727,11.111666666666666,21.428214285714287,18.605581395348835,-4.166666666666667,-26.314736842105265,30.433913043478263,35.71095238095238,27.585172413793103,False,False,True,True,False
21649,3,Canada,USA,22.22222222222222,-8.0008,11.112222222222222,-5.558333333333334,3.4496551724137934,17.39217391304348,-2.4382926829268294,0.0015000000000000568,-25.0,47.82608695652174,32.498999999999995,26.92269230769231,False,True,False,True,False
21649,4,Canada,USA,14.99925,-4.762380952380953,0.0,28.000799999999998,17.94871794871795,8.694782608695652,34.48241379310345,0.0,-5.2631578947368425,16.669444444444444,35.71142857142858,16.000799999999998,False,True,False,False,True
21649,5,Canada,USA,15.999600000000001,-5.555555555555555,-26.666,29.41235294117647,13.046086956521743,28.57428571428571,19.35290322580645,-5.555555555555555,-27.272727272727273,23.527058823529412,36.666666666666664,44.44444444444444,False,False,True,False,True
21650,1,Bulgaria,Korea,33.331944444444446,0.0,0.0,27.27227272727273,24.323783783783785,28.0,25.63897435897436,-4.3478260869565215,-36.36363636363637,16.667916666666667,20.0025,42.857142857142854,False,,,True,False
21650,2,Bulgaria,Korea,29.409705882352938,4.0,5.881176470588235,10.526315789473685,11.764411764705883,53.84576923076923,12.765744680851064,4.999499999999999,-41.666666666666664,27.998800000000003,20.45159090909091,48.0,False,True,False,True,False
21650,3,Bulgaria,Korea,30.555555555555557,-14.285714285714286,-35.29352941176471,23.80619047619048,28.568571428571428,54.16833333333333,37.14228571428571,-3.9988,-18.749375,22.22222222222222,27.774444444444445,44.443333333333335,False,True,False,False,True
21650,4,Bulgaria,Korea,33.332564102564106,-4.166666666666667,-21.05421052631579,40.908181818181816,20.512820512820515,34.61692307692307,29.788510638297872,-4.165833333333333,-17.646470588235296,13.635000000000002,17.39260869565217,39.998285714285714,False,False,True,False,True
21650,5,Bulgaria,Korea,39.12826086956522,0.0,-55.55555555555556,33.33416666666667,21.738260869565217,64.28714285714285,33.33166666666667,-7.6923076923076925,-12.5,28.571428571428573,12.5,53.846923076923076,False,False,True,True,False
21651,1,Japan,Poland,35.13540540540541,4.166250000000001,-36.36454545454546,26.315263157894737,11.432,30.76846153846154,35.13351351351351,-13.635909090909092,-33.333333333333336,21.738695652173913,22.85857142857143,60.0005,False,,,True,False
21651,2,Japan,Poland,26.829268292682926,-8.333333333333334,-39.999,40.908181818181816,19.514634146341464,25.00027777777778,27.083541666666665,-8.332916666666668,-6.668000000000001,22.72681818181818,14.895744680851065,28.948421052631577,False,True,False,False,True
21651,3,Japan,Poland,42.10526315789474,-8.33375,-28.572142857142858,39.1295652173913,42.10131578947369,33.33296296296297,37.8372972972973,-4.166666666666667,-54.54727272727273,4.761904761904762,20.00257142857143,27.58586206896552,False,False,True,True,False
21651,4,Japan,Poland,20.929767441860466,0.0,-18.181818181818183,19.04714285714286,29.26829268292683,53.333666666666666,18.749375,-0.0004545454545456871,14.283809523809524,22.727272727272727,27.27030303030303,42.85809523809524,False,True,False,True,False
21652,1,Belgium,Czechia,26.47235294117647,-0.0005263157894739535,-80.002,16.665416666666665,42.42545454545454,22.72681818181818,41.93774193548387,4.0012,-22.221666666666668,27.77777777777778,30.003999999999998,28.572857142857142,False,,,False,True
21652,2,Belgium,Czechia,23.255348837209304,4.0,-16.666666666666668,38.09285714285714,32.55604651162791,40.00066666666667,26.830487804878047,-8.69695652173913,-33.33266666666667,20.831666666666667,27.270454545454548,48.38709677419355,False,False,True,True,False
21652,3,Belgium,Czechia,24.390731707317073,4.166666666666667,-12.49875,5.884117647058823,35.8948717948718,42.85785714285714,7.693076923076922,0.0,-20.833333333333332,17.390869565217393,31.2490625,27.77722222222222,False,True,False,True,False
21652,4,Belgium,Czechia,39.998,-8.0012,-7.143571428571428,14.999500000000001,27.7775,37.50208333333333,19.443333333333335,0.0,-27.27227272727273,13.044347826086955,23.681578947368422,38.095238095238095,False,True,False,True,False
21653,1,France,Korea,25.927037037037035,0.0012500000000006395,0.0,16.665833333333335,28.571428571428573,59.092272727272736,6.451612903225806,-27.77777777777778,-33.335,25.0,20.000666666666667,43.47913043478261,False,,,True,False
21653,2,France,Korea,43.75,-7.693461538461539,-23.81,26.31578947368421,19.35483870967742,77.77777777777777,21.8746875,0.0,-33.333333333333336,9.091818181818182,8.826470588235296,42.10526315789474,False,True,False,True,False
21653,3,France,Korea,35.29323529411765,4.168333333333334,-27.77722222222222,30.0,23.526176470588236,34.61653846153846,21.95219512195122,-4.545,-36.36363636363637,-9.092272727272727,15.384871794871795,61.53846153846154,False,True,False,True,False
21654,1,Italy,Netherlands,43.750625,-12.0008,-27.271818181818183,31.81681818181818,25.807096774193546,49.99928571428571,34.375,-4.3478260869565215,-36.36363636363637,30.0,28.1275,28.57095238095238,False,,,True,False
21654,2,Italy,Netherlands,27.273636363636363,-7.407407407407407,-5.555000000000001,28.000799999999998,18.178863636363637,61.53884615384615,17.500999999999998,3.7037037037037037,-31.25,25.000833333333333,28.94526315789474,34.61615384615384,False,True,False,True,False
21654,3,Italy,Netherlands,51.9996,0.00040000000000020466,-21.428571428571427,26.666666666666668,52.17391304347826,53.333333333333336,23.332666666666668,-5.556111111111111,-70.001,27.270909090909093,38.70903225806452,27.77777777777778,False,True,False,True,False
21655,1,Dominican Republic,Germany,10.344827586206897,0.0,-12.498124999999998,-4.546363636363637,10.002666666666668,30.0,21.21,-0.0008000000000004093,0.0,26.315263157894737,11.761764705882355,52.381904761904764,False,,,False,True
21655,2,Dominican Republic,Germany,-6.897241379310345,-7.142142857142857,-50.0,-0.002000000000001023,3.4499999999999997,53.332,45.8325,-8.33375,26.667333333333335,38.46153846153846,24.997083333333332,52.940588235294115,False,False,True,False,True
21655,3,Dominican Republic,Germany,9.523809523809524,8.332916666666668,-6.668666666666667,17.648235294117647,17.95128205128205,54.83806451612903,25.0005,-22.72909090909091,-6.666666666666667,8.69608695652174,6.974883720930231,50.0009375,False,False,True,True,False
21655,4,Dominican Republic,Germany,24.999062499999997,-4.544090909090908,-46.66733333333333,-4.999,0.0,40.0005,40.6253125,-4.166666666666667,-8.333333333333334,21.05263157894737,15.153939393939394,52.17478260869565,False,True,False,False,True
21656,1,Serbia,Türkiye,41.935806451612905,-12.0,-5.2631578947368425,29.412941176470586,34.3778125,33.33238095238095,11.428571428571429,-5.555,-38.46076923076923,18.181818181818183,21.05526315789474,29.167083333333334,False,,,True,False
21656,2,Serbia,Türkiye,46.42607142857143,0.0012500000000012317,-35.714285714285715,22.22222222222222,23.332333333333334,41.1764705882353,30.0,-9.523809523809524,-11.11111111111111,14.285714285714286,22.22222222222222,26.666666666666668,False,True,False,True,False
21656,3,Serbia,Türkiye,37.141714285714286,-15.999600000000001,-10.0,24.99875,24.327567567567563,45.833333333333336,10.810810810810809,-5.555,-41.666666666666664,19.9985,18.42105263157895,30.767692307692304,False,True,False,True,False
21657,1,Canada,Thailand,23.80809523809524,-0.000588235294117948,-43.75125,16.0,19.045714285714286,-3.1256250000000003,37.49875,7.999199999999999,16.669166666666666,18.74875,41.02307692307692,7.143809523809523,False,,,False,True
21657,2,Canada,Thailand,36.362500000000004,7.9996,-29.62777777777778,42.855714285714285,22.914166666666663,-2.437560975609755,29.9994,-8.696521739130434,-41.17529411764706,7.998799999999999,27.9996,17.4995,False,False,True,True,False
21657,3,Canada,Thailand,30.00125,-3.4482758620689653,-18.75,18.517777777777777,17.778222222222222,0.0003448275862065829,16.072321428571428,-3.4482758620689653,-30.77,22.22222222222222,25.45254545454545,17.49975,False,True,False,True,False
21657,4,Canada,Thailand,16.213783783783782,4.16625,-11.9992,27.270909090909093,12.195853658536585,6.667333333333333,26.665111111111113,-8.332916666666668,-0.0005555555555550503,26.086521739130436,25.002708333333334,28.1246875,False,True,False,False,True
21657,5,Canada,Thailand,31.819090909090907,-14.285714285714286,-28.571428571428573,15.384615384615385,9.093636363636364,24.999166666666667,33.332,-7.142857142857143,-50.00125,25.0,0.0,-33.335,False,False,True,True,False
21658,1,China,USA,18.51851851851852,-5.2631578947368425,-37.5,20.0,14.813703703703705,20.000999999999998,39.285714285714285,-8.333333333333334,-7.6923076923076925,44.44444444444444,53.84653846153846,6.666666666666667,False,,,False,True
21658,2,China,USA,5.714,-5.2631578947368425,-8.333333333333334,21.740434782608695,30.303030303030305,8.0008,21.62027027027027,0.0012000000000000454,-7.6923076923076925,33.33111111111111,30.555833333333332,43.9988,False,False,True,False,True
21658,3,China,USA,21.8759375,0.0,-36.84157894736842,16.665555555555557,27.272424242424243,42.85857142857143,18.419736842105266,-14.284761904761906,-36.36363636363637,20.8325,34.14243902439024,24.999642857142856,False,False,True,True,False
21658,4,China,USA,56.666000000000004,-16.667083333333334,-23.076153846153847,28.571428571428573,21.428571428571427,36.8421052631579,29.627777777777776,-17.64764705882353,-73.33333333333333,20.0,37.03407407407408,5.263684210526316,False,True,False,True,False
21658,5,China,USA,41.37620689655172,0.0,-28.571428571428573,46.666666666666664,10.344827586206897,7.9996,39.286071428571425,-6.249375,-40.0,27.776666666666667,35.71857142857142,-5.0005,False,True,False,True,False
21659,1,Bulgaria,Poland,4.0,-7.142857142857143,-22.22222222222222,-0.0009523809523814396,27.9984,50.0,36.66766666666667,4.166666666666667,19.999000000000002,23.075384615384618,33.330000000000005,49.999545454545455,False,,,False,True
21659,2,Bulgaria,Poland,8.823823529411765,-10.526315789473685,-28.571428571428573,22.72863636363636,19.99942857142857,28.57190476190476,39.9996,-12.0,-6.666666666666667,12.50125,29.164583333333336,57.144285714285715,False,False,True,False,True
21659,3,Bulgaria,Poland,3.643808901333847e-16,5.5566666666666675,-27.272727272727273,-0.001428571428570806,22.220833333333335,25.925925925925927,38.232647058823524,-8.332083333333332,-6.250624999999999,-5.557222222222222,12.822564102564103,65.51689655172414,False,False,True,False,True
21660,1,Brazil,Japan,42.30538461538462,-8.332083333333332,-16.666666666666668,14.285714285714286,34.61538461538461,52.942352941176466,16.129032258064516,-22.22277777777778,-29.999000000000002,14.997499999999999,36.664333333333325,16.666666666666668,False,,,True,False
21660,2,Brazil,Japan,53.333,-7.998399999999999,0.0,31.249375,17.854285714285712,36.84263157894737,27.273636363636363,-11.110555555555557,-63.63727272727272,22.724999999999998,42.42454545454545,24.9995,False,True,False,True,False
21660,3,Brazil,Japan,53.57178571428572,8.333333333333334,-39.999,26.315263157894737,24.140689655172416,9.522380952380951,37.144,-4.761428571428572,-46.66733333333333,16.666666666666668,47.22472222222222,38.888888888888886,False,True,False,True,False
21661,1,Italy,USA,26.317631578947367,-0.0008000000000004093,-9.090909090909092,9.52,7.6923076923076925,40.74,17.94717948717949,0.0,-9.090909090909092,12.499166666666667,32.43648648648648,47.61904761904762,True,,,True,False
21661,2,Italy,USA,15.217608695652174,4.166666666666667,0.0,28.57095238095238,15.21586956521739,59.25962962962963,12.121212121212121,-4.545454545454546,0.0007692307692300696,-4.545909090909091,22.857142857142858,38.46153846153846,True,True,False,True,False
21661,3,Italy,USA,26.19142857142857,-7.143571428571428,-0.002000000000000076,-4.166666666666667,17.074878048780487,65.38730769230769,14.287142857142856,3.8461538461538463,-35.29294117647059,27.999200000000002,36.58731707317073,29.627777777777776,True,True,False,True,False
21662,1,China,Poland,39.99971428571428,-4.0,-26.31578947368421,15.386153846153848,21.8775,24.999642857142856,24.99861111111111,-17.647058823529413,-21.428571428571427,13.043478260869565,22.5015,-6.8951724137931025,True,,,True,False
21662,2,China,Poland,21.62,-20.0005,-27.272727272727273,22.727272727272727,31.428857142857144,9.091818181818182,44.44444444444444,-8.000399999999999,-17.64588235294118,31.250625,22.583548387096776,21.051578947368423,True,True,False,False,True
21662,3,China,Poland,47.22222222222222,-11.538461538461538,-26.314736842105265,25.0,48.57142857142857,3.333,26.828780487804877,-15.78842105263158,-40.0,21.74,31.708536585365852,6.451290322580645,True,False,True,True,False
21662,4,China,Poland,16.666,0.0,-6.668666666666667,-3.9992,12.90064516129032,14.285,27.584137931034483,11.9988,-12.500625,22.22111111111111,24.13413793103448,0.001764705882353008,True,True,False,False,True
21662,5,China,Poland,-4.544545454545454,-15.384615384615385,8.3325,27.271818181818183,31.821818181818177,5.555555555555555,11.9992,-21.43,33.333333333333336,27.272727272727273,17.391304347826086,6.250625,True,False,True,False,True
21663,1,Brazil,Germany,34.61576923076923,4.166666666666667,-12.5,22.22222222222222,34.61769230769231,-33.33277777777778,15.78842105263158,-10.0,-36.36363636363637,20.8325,23.683684210526316,4.348695652173912,True,,,True,False
21663,2,Brazil,Germany,13.157894736842104,0.0,-5.2642105263157895,19.998,30.77128205128205,14.284642857142858,12.498999999999999,-4.16625,-22.22222222222222,24.0,22.22,-3.704074074074074,True,True,False,True,False
21663,3,Brazil,Germany,65.0005,-4.000800000000001,-9.090909090909092,15.386923076923077,50.0015,24.999375,14.814074074074075,0.0,-75.00125,22.72681818181818,27.582758620689653,-6.666,True,True,False,True,False
21664,1,Japan,Türkiye,19.353870967741937,-4.0004,-14.285714285714286,14.287142857142857,24.99857142857143,30.0015,27.58586206896552,-33.33238095238095,-6.6659999999999995,4.545454545454546,20.692068965517244,53.333333333333336,True,,,True,False
21664,2,Japan,Türkiye,2.4409756097560984,-6.25,-39.999,8.695652173913043,14.63048780487805,40.74,34.375,-4.0,9.091818181818182,33.33133333333333,42.42484848484848,46.15615384615384,True,True,False,False,True
21664,3,Japan,Türkiye,27.586206896551722,-12.0,9.092727272727272,17.648235294117647,53.84538461538462,46.15538461538461,11.538461538461538,-15.0,11.11,33.33095238095238,17.24137931034483,11.11111111111111,True,False,True,True,False
21664,4,Japan,Türkiye,28.57,-13.635454545454547,-50.0,9.523333333333333,19.510243902439022,46.153076923076924,55.557037037037034,-12.000399999999999,-15.0,44.44833333333334,40.74074074074074,27.272727272727273,True,True,False,False,True
21664,5,Japan,Türkiye,35.003,-7.142142857142857,0.0,0.0,20.0,53.33133333333333,9.524761904761906,-10.0,-50.0,0.0,13.636363636363637,69.23153846153846,True,False,True,True,False
21665,1,Italy,Poland,41.1779411764706,-7.999199999999999,-4.544545454545454,24.998125,24.244242424242422,52.17391304347826,18.420526315789473,-11.11111111111111,-23.076923076923077,34.78217391304348,32.5005,-3.224838709677419,True,,,True,False
21665,2,Italy,Poland,24.389512195121952,8.333333333333334,5.882352941176471,12.5,34.997749999999996,32.35235294117647,10.001,-0.000588235294117948,-25.0,16.66625,19.045714285714286,35.714285714285715,True,True,False,True,False
21665,3,Italy,Poland,45.714285714285715,-12.0008,-6.666666666666667,21.431428571428572,27.27060606060606,54.54772727272727,7.1432142857142855,0.0,-44.44444444444444,9.523809523809524,21.877187499999998,19.999000000000002,True,True,False,True,False
21666,1,Brazil,Japan,20.58764705882353,-8.333333333333334,-35.714285714285715,22.725909090909088,38.23529411764706,9.090909090909092,26.471176470588233,-4.16625,-19.999333333333333,35.003,27.77527777777778,-3.846538461538462,True,,,False,True
21666,2,Brazil,Japan,47.05735294117647,-20.833333333333332,-37.500625,28.56952380952381,38.23823529411764,23.529411764705884,18.17939393939394,0.0,-21.427857142857142,36.8421052631579,45.45575757575757,-19.999333333333333,True,False,True,True,False
21666,3,Brazil,Japan,29.72810810810811,0.0,-17.390869565217393,38.459230769230764,28.571428571428573,6.666666666666667,22.729545454545455,-27.77722222222222,-17.649411764705885,15.998,23.253488372093024,3.448620689655173,True,True,False,True,False
21666,4,Brazil,Japan,21.211818181818177,-15.787894736842103,-5.882352941176471,16.667916666666667,30.29939393939394,5.262631578947369,29.412647058823527,0.0,-7.142142857142857,43.74875,49.99611111111111,18.52,True,True,False,False,True
21666,5,Brazil,Japan,52.94294117647059,0.0,11.11111111111111,33.333333333333336,23.527058823529412,-7.6923076923076925,9.524285714285716,0.0,-66.66666666666667,57.142857142857146,52.38428571428571,-7.142857142857143,True,False,True,True,False
21667,1,Japan,Poland,9.092424242424244,-18.749375,-70.0,14.285238095238096,37.497812499999995,-0.000588235294117948,56.52391304347826,-12.499583333333334,0.0,30.76846153846154,16.666666666666668,17.647058823529413,True,,,False,True
21667,2,Japan,Poland,20.00175,-7.999199999999999,0.0,45.45454545454545,42.107894736842105,14.286071428571429,17.142285714285716,-7.9996,-20.0,23.81142857142857,44.44694444444444,49.99863636363636,True,False,True,True,False
21667,3,Japan,Poland,11.111851851851851,-35.294117647058826,-49.998333333333335,60.0015,49.99730769230769,0.0007692307692300696,49.99909090909091,-16.666666666666668,0.0,27.271818181818183,31.816363636363636,37.50125,True,True,False,False,True
21667,4,Japan,Poland,16.665714285714287,-4.348695652173913,-27.779444444444444,21.741304347826084,37.5,52.381904761904764,29.41235294117647,-3.9995999999999996,-15.000499999999999,36.36272727272728,24.324324324324323,38.095238095238095,True,False,True,False,True
21668,1,Brazil,Italy,23.333333333333332,-8.3325,-7.691538461538461,21.052105263157895,14.70794117647059,-14.815555555555555,10.524473684210525,-13.04304347826087,-14.286428571428571,14.285714285714286,28.571190476190477,19.23153846153846,True,,,True,False
21668,2,Brazil,Italy,2.5633333333333335,-5.2631578947368425,-33.333333333333336,9.523809523809524,28.204871794871796,10.713571428571429,22.22138888888889,-8.333333333333334,-5.2631578947368425,11.764705882352942,27.024054054054055,28.572857142857142,True,True,False,False,True
21668,3,Brazil,Italy,24.32324324324324,-4.545454545454546,-41.6675,38.09380952380952,28.206923076923076,11.11,34.14487804878049,-15.999600000000001,-21.05263157894737,38.096666666666664,27.497500000000002,11.538846153846153,True,False,True,False,True
21668,4,Brazil,Italy,13.889999999999999,-4.3478260869565215,0.0013636363636364154,31.816363636363636,38.23882352941176,4.347391304347826,21.62162162162162,-4.1675,0.0,27.273636363636363,23.806190476190473,18.51814814814815,True,False,True,False,True
22391,1,Argentina,Czechia,5.554722222222222,-5.555555555555555,-38.46230769230769,16.665,10.526315789473685,25.0005,26.46970588235294,0.0,0.0,18.7525,34.37375,62.5,False,,,False,True
22391,2,Argentina,Czechia,24.998333333333335,-4.0,0.0,21.052105263157895,18.422105263157892,22.580322580645163,27.49925,-17.391304347826086,-41.66583333333333,30.434347826086956,32.497,36.36272727272728,False,False,True,True,False
22391,3,Argentina,Czechia,28.57,0.0,-9.522857142857143,17.647058823529413,39.53488372093023,60.001666666666665,13.042391304347827,-5.555,-36.84315789473684,30.43304347826087,30.430869565217396,29.41176470588235,False,True,False,True,False
22391,4,Argentina,Czechia,19.14808510638298,-15.383461538461537,-8.695217391304348,15.0,17.019574468085107,50.0,15.384038461538463,-8.334166666666667,-22.727272727272727,27.271818181818183,31.481296296296296,56.41205128205129,False,True,False,True,False
22392,1,France,Puerto Rico,35.483870967741936,-4.165416666666666,-42.85857142857143,25.0015,15.62375,52.630526315789474,22.578387096774193,-8.695217391304348,-30.77,0.0,10.347586206896553,13.635454545454547,False,,,True,False
22392,2,France,Puerto Rico,35.29264705882353,-15.9992,-19.997999999999998,29.41235294117647,19.446111111111108,52.001599999999996,8.82294117647059,-5.555555555555555,-42.85642857142857,0.0020000000000003127,0.002368421052631669,19.23,False,True,False,True,False
22392,3,France,Puerto Rico,10.52421052631579,-4.761428571428572,-33.332,34.78521739130434,19.444444444444443,40.90863636363636,17.143428571428572,-3.9988,0.0007692307692311628,-11.761764705882353,12.124848484848485,64.0008,False,True,False,False,True
22392,4,France,Puerto Rico,25.926296296296297,-4.0,30.002,38.458461538461535,15.38423076923077,40.0005,-12.122424242424243,-7.142857142857143,-40.001999999999995,8.69695652173913,20.591470588235296,30.0005,False,False,True,True,False
22393,1,Netherlands,Sweden,25.64076923076923,-11.538076923076924,-24.998124999999998,4.543181818181818,43.241081081081084,62.067241379310346,23.40468085106383,-3.846923076923077,-7.6923076923076925,30.434782608695652,2.172608695652174,54.5469696969697,False,,,False,True
22393,2,Netherlands,Sweden,40.6234375,-4.166666666666667,-7.142857142857143,18.18,55.16862068965518,68.42,3.4482758620689653,-8.3325,-33.332,9.089545454545455,3.4499999999999997,17.647058823529413,False,False,True,True,False
22393,3,Netherlands,Sweden,31.8175,-7.9996,4.165833333333334,10.524736842105261,46.50976744186047,44.73605263157895,17.308653846153845,-4.76095238095238,-7.6923076923076925,39.13,3.920588235294118,35.001,False,True,False,True,False
22393,4,Netherlands,Sweden,11.629999999999999,-23.81,-17.646470588235296,20.0,39.02439024390244,48.2751724137931,21.052894736842106,-16.000799999999998,20.0,18.75,4.8775609756097555,46.8775,False,True,False,False,True
22393,5,Netherlands,Sweden,15.001,6.668666666666667,0.0,22.22222222222222,45.0,91.66666666666667,-5.553333333333333,0.0,-22.22222222222222,20.00133333333333,0.0,28.571428571428573,False,False,True,True,False
22394,1,Belgium,Cuba,33.33305555555555,-4.0004,-6.249375,27.274545454545454,24.3272972972973,54.54590909090909,23.807619047619045,0.0,-42.85857142857143,26.086521739130436,15.559111111111111,53.5725,False,,,True,False
22394,2,Belgium,Cuba,55.998400000000004,-12.500416666666666,10.0,7.6923076923076925,30.77269230769231,68.42315789473685,3.3340000000000005,0.0006666666666670077,-20.0,19.048095238095236,12.4996875,35.294117647058826,False,True,False,True,False
22394,3,Belgium,Cuba,47.82565217391304,4.0,21.428571428571427,29.998,35.003,59.998666666666665,3.2261290322580654,-9.090909090909092,-33.333333333333336,8.333333333333334,8.828235294117647,25.0005,False,True,False,True,False
22395,1,Slovenia,USA,36.36272727272728,-8.331666666666665,-46.15384615384615,40.910909090909094,56.253750000000004,35.294117647058826,34.28457142857143,-8.333333333333334,-41.66583333333333,20.000999999999998,42.860571428571426,52.38095238095238,False,,,False,True
22395,2,Slovenia,USA,33.334722222222226,4.1675,-21.428571428571427,29.408235294117645,37.144,61.90428571428571,15.6240625,0.0005555555555558397,-46.668,0.0014285714285714828,45.714285714285715,28.0,False,False,True,True,False
22395,3,Slovenia,USA,30.301515151515154,-13.04304347826087,-33.3325,22.72772727272727,36.666000000000004,13.333333333333334,40.74074074074074,-4.16625,-9.09,21.053684210526313,18.51888888888889,0.0015789473684203646,False,True,False,False,True
22395,4,Slovenia,USA,-3.9991999999999996,-21.428571428571427,0.0,18.18136363636364,33.334074074074074,-13.332666666666666,20.690344827586205,-3.9991999999999996,11.11111111111111,36.36272727272728,30.0,45.833333333333336,False,False,True,False,True
22396,1,Brazil,Greece,39.99766666666666,-8.0,-25.0,12.5,35.715714285714284,38.88944444444444,20.69137931034483,-11.110555555555557,-25.0,17.39391304347826,23.337,15.384615384615385,False,,,True,False
22396,2,Brazil,Greece,39.284285714285716,0.0008333333333337597,-25.00125,30.76923076923077,6.893793103448275,40.0,16.128709677419355,-23.529411764705884,-37.500625,13.043478260869565,25.806451612903224,46.15461538461538,False,True,False,True,False
22396,3,Brazil,Greece,38.89,0.0,0.0008333333333325754,25.00125,21.62162162162162,58.33208333333334,17.240344827586206,0.0,-9.090909090909092,13.041739130434784,13.331999999999999,23.529411764705884,False,True,False,True,False
22397,1,Egypt,Thailand,2.776666666666667,-6.666666666666667,-9.090909090909092,8.332500000000001,21.622162162162162,40.74037037037037,22.857142857142858,3.9995999999999996,-5.882352941176471,0.0,50.000625,61.53884615384615,False,,,False,True
22397,2,Egypt,Thailand,24.324324324324323,-4.0,6.666666666666667,17.39304347826087,18.425263157894737,40.0,5.127948717948718,8.695217391304348,-33.335,9.089545454545455,35.134594594594596,45.83416666666667,False,False,True,True,False
22397,3,Egypt,Thailand,9.3753125,0.0,-37.5,22.725454545454546,12.122424242424241,27.272727272727273,38.88944444444444,-12.0,-10.002,21.429285714285715,35.290588235294116,75.00041666666667,False,True,False,False,True
22397,4,Egypt,Thailand,-3.704814814814815,-8.333333333333334,-20.0,9.999500000000001,6.453870967741936,8.000399999999999,43.33266666666667,-12.499583333333334,21.05315789473684,36.36363636363637,73.33200000000001,85.7147619047619,False,False,True,False,True
22398,1,Italy,Slovakia,39.286071428571425,-4.0004,-27.272727272727273,35.294117647058826,44.440740740740736,5.000500000000002,21.8746875,-9.998999999999999,-50.0,13.044347826086955,3.336666666666667,-5.557222222222222,False,,,True,False
22398,2,Italy,Slovakia,52.17391304347826,-12.5,5.262631578947368,30.76923076923077,17.39260869565217,17.64764705882353,-3.3329999999999997,-6.666666666666667,-66.66666666666667,25.002,12.499375,-21.73913043478261,False,True,False,True,False
22398,3,Italy,Slovakia,47.369473684210526,-4.000800000000001,-19.997999999999998,46.666666666666664,26.31421052631579,-61.54,13.043478260869565,-11.76529411764706,-66.66555555555556,23.807142857142857,18.181818181818183,-19.999000000000002,False,True,False,True,False
22399,1,Bulgaria,Canada,19.44388888888889,-8.695652173913043,-35.714285714285715,38.09428571428572,19.512682926829267,38.71032258064516,21.05263157894737,-3.9991999999999996,-10.52736842105263,14.999500000000001,15.786052631578947,24.999642857142856,False,,,False,True
22399,2,Bulgaria,Canada,24.999166666666667,-15.789473684210526,-33.333333333333336,14.285,37.5,4.347391304347826,25.804193548387097,-12.501249999999999,-30.000999999999998,31.25125,16.663999999999998,47.368947368421054,False,False,True,False,True
22399,3,Bulgaria,Canada,24.99972222222222,-0.00040000000000020466,-25.000999999999998,14.286666666666665,22.2225,28.0004,21.623513513513515,-12.501249999999999,-11.762941176470587,29.165833333333335,24.32702702702703,29.166666666666668,False,False,True,True,False
22399,4,Bulgaria,Canada,13.333333333333334,-15.789473684210526,-8.3325,5.555555555555555,24.23969696969697,35.9992,28.94763157894737,-16.666666666666668,-22.22277777777778,40.001333333333335,26.31421052631579,75.0,False,True,False,False,True
22400,1,Colombia,Dominican Republic,0.0009677419354839076,6.666666666666667,-5.264736842105262,-4.167916666666667,9.091212121212122,22.72772727272727,17.50025,12.000399999999999,9.090909090909092,19.997999999999998,12.499500000000001,33.332121212121216,False,,,False,True
22400,2,Colombia,Dominican Republic,11.428571428571429,5.262631578947368,10.001,13.042608695652175,11.11138888888889,12.499583333333334,35.29529411764706,0.0,0.0007692307692300696,-5.262631578947368,15.150909090909092,44.443333333333335,False,False,True,False,True
22400,3,Colombia,Dominican Republic,12.4996875,-0.0007692307692311628,-66.66666666666667,4.167083333333333,9.376249999999999,20.00133333333333,65.38538461538461,0.00040000000000020466,-23.076153846153847,8.3325,4.3478260869565215,33.333888888888886,False,False,True,False,True
22401,1,Cameroon,Japan,23.076538461538462,-9.090909090909092,5.0,5.0,3.5742857142857143,-4.761428571428572,23.81047619047619,-8.332916666666668,-25.00125,42.10684210526316,31.82045454545454,47.06058823529412,False,,,False,True
22401,2,Cameroon,Japan,26.315263157894737,-0.000588235294117948,-28.572142857142858,-9.091818181818182,4.544090909090909,-15.383076923076922,31.2490625,4.0016,-42.857142857142854,24.999375,29.03290322580645,66.66777777777777,False,False,True,False,True
22401,3,Cameroon,Japan,22.22407407407407,-4.998499999999999,6.25,-8.696521739130436,0.0,13.044782608695654,15.909545454545453,12.499583333333334,-14.285714285714286,11.112222222222222,12.81974358974359,28.572142857142858,False,False,True,False,True
22402,1,Germany,Kenya,39.3930303030303,8.332916666666668,-52.94176470588235,38.09619047619047,33.332424242424246,-15.000499999999999,45.45575757575757,-8.695652173913043,-33.33416666666667,17.389565217391304,15.153939393939394,-4.348695652173912,False,,,True,False
22402,2,Germany,Kenya,59.09090909090909,-7.9996,-0.0007692307692311628,14.284285714285714,39.1295652173913,47.36842105263158,-11.111851851851851,-12.5,-33.333333333333336,27.272727272727273,-3.2267741935483873,-21.052105263157895,False,True,False,True,False
22402,3,Germany,Kenya,13.793448275862069,4.165833333333333,-11.109444444444442,19.999333333333333,14.285714285714286,4.545454545454546,13.514864864864867,-23.80952380952381,-16.666666666666668,-4.347391304347826,16.666944444444443,3.8446153846153845,False,True,False,True,False
22403,1,Spain,Türkiye,19.999666666666666,-27.77722222222222,-24.999166666666667,28.570476190476192,56.664,30.0,35.714285714285715,-8.0,7.6923076923076925,7.6923076923076925,29.626666666666665,22.725909090909088,False,,,False,True
22403,2,Spain,Türkiye,24.241515151515152,-4.761428571428572,-49.999,5.0015,33.33166666666667,27.9996,39.39484848484848,-8.332916666666668,-28.57,0.0,44.120294117647056,48.0004,False,False,True,False,True
22403,3,Spain,Türkiye,38.71,-4.348260869565217,-66.66666666666667,4.9995,33.33033333333333,29.411176470588234,65.21608695652174,-11.999600000000001,-46.152307692307694,15.001499999999998,28.000799999999998,23.076923076923077,False,False,True,False,True
22404,1,China,Mexico,33.33433333333333,-4.545454545454546,-29.998,4.545454545454546,14.70705882352941,41.66625,29.266829268292685,-4.0,-20.0,25.000999999999998,22.22,71.42857142857143,False,,,False,True
22404,2,China,Mexico,39.39090909090909,-15.38423076923077,-26.666666666666668,14.286190476190475,8.571428571428571,45.45363636363636,28.57095238095238,-12.500416666666666,-24.99875,40.90909090909091,16.664285714285715,33.333333333333336,False,False,True,True,False
22404,3,China,Mexico,41.66458333333333,-4.16625,25.0,22.22222222222222,17.391739130434782,52.631052631578946,-11.428857142857142,-18.181818181818183,-42.855714285714285,19.04714285714286,11.764117647058825,38.0947619047619,False,True,False,True,False
22404,4,China,Mexico,31.42942857142857,-7.998799999999999,-20.000666666666667,38.891666666666666,21.214545454545455,68.41947368421052,3.031515151515152,0.0,-37.5,13.635909090909092,15.625,33.333333333333336,False,True,False,True,False
22405,1,Serbia,Ukraine,48.38548387096775,4.0,-58.333333333333336,31.57894736842105,13.336000000000002,15.000499999999999,45.452424242424236,-9.523809523809524,-66.66555555555556,16.667083333333334,5.7128571428571435,15.384230769230767,False,,,True,False
22405,2,Serbia,Ukraine,48.27413793103448,-8.333333333333334,-9.089090909090908,11.766470588235293,6.667999999999998,38.095238095238095,25.806451612903224,-9.999500000000001,-40.0,15.001,6.058181818181819,30.43521739130435,False,True,False,True,False
22405,3,Serbia,Ukraine,33.333030303030306,-4.0,6.251874999999999,17.64588235294118,0.0,25.925185185185185,0.0,0.0,-25.0,13.635909090909092,7.319024390243902,37.93,False,True,False,True,False
22406,1,Poland,Vietnam,37.930689655172415,4.347391304347826,-49.999375,26.08695652173913,21.213939393939395,27.776666666666667,33.335,0.0008000000000004093,-36.36181818181819,39.12913043478261,36.11222222222222,10.0,False,,,False,True
22406,2,Poland,Vietnam,59.09090909090909,-4.000000000000001,14.283571428571426,39.999,28.568095238095236,13.333333333333334,-7.693076923076922,0.0,-60.001,9.524285714285714,14.2875,-12.50125,False,False,True,True,False
22406,3,Poland,Vietnam,66.66740740740741,-12.499166666666667,-6.25,50.001666666666665,48.004,25.000625,11.540384615384616,-7.6923076923076925,-71.42714285714285,33.334761904761905,20.68758620689655,-18.750625000000003,False,True,False,True,False
22406,4,Poland,Vietnam,36.11138888888889,0.00040000000000020466,-25.0,18.18136363636364,27.779722222222222,4.164583333333334,26.471176470588233,13.637272727272727,-30.000999999999998,45.83416666666667,25.6425641025641,27.272727272727273,False,True,False,True,False
22407,1,Czechia,Slovenia,8.82470588235294,-4.34695652173913,-18.749375,10.52421052631579,22.854857142857146,85.0,22.221666666666668,-16.6675,0.0014285714285721593,25.002,41.67111111111112,52.17391304347826,False,,,False,True
22407,2,Czechia,Slovenia,-10.527105263157894,-5.2631578947368425,-25.0,29.999000000000002,34.21,62.500416666666666,12.118787878787877,-16.0,21.427142857142858,35.29529411764706,40.002857142857145,56.52217391304348,False,False,True,False,True
22407,3,Czechia,Slovenia,36.11,0.0,-29.41235294117647,23.807619047619045,42.855999999999995,30.0,36.11083333333333,-4.3478260869565215,-57.14214285714286,36.0,31.575263157894735,33.335,False,False,True,True,False
22407,4,Czechia,Slovenia,27.025675675675675,-4.167916666666667,-21.427142857142858,11.764705882352942,40.53729729729729,73.91304347826087,8.333333333333334,-5.2631578947368425,-5.556666666666666,26.085652173913044,31.577894736842108,16.664583333333333,False,True,False,True,False
22407,5,Czechia,Slovenia,32.14214285714286,6.666666666666667,-28.571428571428573,38.46,26.921538461538464,41.17764705882353,34.78217391304348,0.0,-27.271818181818183,0.0,16.664583333333333,68.74875,False,True,False,True,False
22408,1,Greece,Puerto Rico,29.72837837837838,-4.0016,-14.287142857142857,17.647058823529413,17.141142857142857,43.47913043478261,19.997999999999998,-10.526315789473685,-30.76846153846154,-4.762380952380953,19.35483870967742,33.333888888888886,False,,,True,False
22408,2,Greece,Puerto Rico,44.82586206896552,-12.5,0.0,24.999166666666667,25.92185185185185,52.63263157894737,-3.8461538461538463,-14.285714285714286,-36.36272727272728,0.0015789473684203646,22.223333333333333,12.500625,False,True,False,True,False
22408,3,Greece,Puerto Rico,23.80785714285714,-12.501249999999999,-25.0,34.7804347826087,14.638048780487804,34.783478260869565,17.947179487179486,0.00041666666666687985,-5.882941176470588,14.285238095238096,7.142857142857143,37.03777777777778,False,True,False,False,True
22408,4,Greece,Puerto Rico,41.666666666666664,4.166666666666667,-24.999166666666667,18.184545454545454,17.389565217391304,18.181818181818183,12.121818181818181,-26.665333333333333,-28.572857142857142,24.999166666666667,12.499375,35.29352941176471,False,False,True,True,False
22409,1,Egypt,Netherlands,2.5633333333333344,-13.333333333333334,-16.666666666666668,16.66625,17.94871794871795,-3.845384615384615,30.30181818181818,-4.0,-5.882352941176471,38.46,56.25,36.0004,False,,,False,True
22409,2,Egypt,Netherlands,7.1425,-7.142142857142857,-50.0,30.434782608695652,13.79241379310345,20.0,44.44518518518518,-0.00041666666666687985,-25.00125,23.075384615384618,49.99923076923077,42.10578947368421,False,False,True,False,True
22409,3,Egypt,Netherlands,-7.143928571428573,0.0,-16.666666666666668,24.9995,17.857142857142858,5.263684210526316,48.14851851851852,-12.0,33.33416666666667,61.53923076923077,59.26148148148148,24.999000000000002,False,False,True,False,True
22410,1,Cuba,Italy,6.249375,0.0,-75.0,4.545454545454546,31.581052631578945,-30.000999999999998,80.95238095238095,4.167083333333333,-11.11111111111111,33.33444444444444,57.89473684210526,72.72727272727273,False,,,False,True
22410,2,Cuba,Italy,-2.778888888888889,-25.0,-63.63636363636363,13.043478260869565,12.821538461538461,27.27227272727273,46.42785714285714,-4.001200000000001,5.554444444444446,33.33166666666667,32.144999999999996,65.38538461538461,False,False,True,False,True
22410,3,Cuba,Italy,2.942352941176471,-23.529411764705884,0.0,0.0017391304347822627,21.875,33.333999999999996,21.738695652173913,4.166666666666667,-0.002666666666668031,23.076153846153847,33.33708333333333,37.500625,False,False,True,False,True
22411,1,Argentina,USA,8.821764705882353,-19.999333333333333,-42.85857142857143,23.81047619047619,11.761176470588236,26.315263157894737,49.99928571428571,-12.5,0.0,58.333333333333336,59.25962962962963,39.9995,False,,,False,True
22411,2,Argentina,USA,41.38,-20.831666666666667,25.0,14.287142857142856,10.345172413793103,30.76923076923077,25.926296296296297,-8.333333333333334,-41.177058823529414,17.647058823529413,25.923333333333332,31.250625,False,False,True,True,False
22411,3,Argentina,USA,-7.895789473684211,-23.075384615384618,-27.273636363636363,9.524761904761906,5.13051282051282,48.0,28.570714285714285,-8.333333333333334,11.998399999999998,10.002,27.58586206896552,47.61904761904762,False,True,False,False,True
22411,4,Argentina,USA,12.82102564102564,5.882352941176471,-16.666666666666668,7.691538461538461,15.38205128205128,40.90909090909091,38.71064516129032,7.6923076923076925,-12.5,35.29176470588236,24.997500000000002,68.42105263157895,False,False,True,False,True
22412,1,Brazil,France,6.666333333333333,-9.090454545454547,-25.0,35.29294117647059,37.93344827586207,29.41235294117647,35.48129032258065,-29.167083333333334,14.285714285714286,25.0,25.80516129032258,25.0,False,,,False,True
22412,2,Brazil,France,47.826521739130435,-14.998499999999998,-50.0,36.36227272727273,44.0,12.49875,52.17521739130434,-8.0012,-25.0,47.05882352941177,36.36363636363637,0.0009090909090900823,False,False,True,False,True
22412,3,Brazil,France,34.3746875,0.0,7.6923076923076925,30.76846153846154,34.3740625,50.00090909090909,12.5003125,-13.333333333333334,-11.11111111111111,43.9988,26.467352941176472,-4.761904761904762,False,False,True,True,False
22412,4,Brazil,France,20.588529411764707,4.166666666666667,23.076923076923077,41.17588235294118,44.11764705882353,4.166666666666667,3.031212121212122,0.0,0.0,21.738695652173913,25.0009375,25.0,False,True,False,True,False
22412,5,Brazil,France,47.36842105263158,-19.997999999999998,-14.285714285714286,38.46230769230769,50.0,22.223333333333333,19.99866666666667,7.6923076923076925,-16.668333333333333,49.998333333333335,26.665333333333333,-28.571428571428573,False,True,False,True,False
22413,1,Sweden,Thailand,38.46307692307692,-16.66722222222222,-45.45454545454545,16.666666666666668,6.056363636363637,26.666666666666668,44.827241379310344,0.00040000000000020466,-12.5,14.285714285714286,26.666999999999998,35.0005,False,,,False,True
22413,2,Sweden,Thailand,43.333333333333336,-14.285714285714286,-46.66733333333333,9.522380952380953,-3.1281250000000003,31.25,46.8753125,-4.16625,-27.272727272727273,11.761176470588234,33.330909090909095,22.727272727272727,False,False,True,False,True
22413,3,Sweden,Thailand,35.998,0.0,-0.0006666666666660604,13.041739130434781,7.404444444444445,-24.9995,28.57238095238095,-3.8438461538461532,-33.333333333333336,22.727272727272727,23.68078947368421,8.695652173913043,False,False,True,False,True
22414,1,Belgium,Slovakia,33.332424242424246,-12.499583333333334,0.0,27.778888888888886,20.58823529411765,29.166666666666668,10.345862068965518,-5.0,-20.000999999999998,10.526842105263157,27.586206896551722,14.286190476190475,False,,,True,False
22414,2,Belgium,Slovakia,44.82931034482758,0.0008000000000004093,-18.180909090909093,6.666666666666667,23.329666666666665,47.368947368421054,20.000285714285713,-11.764705882352942,-38.46230769230769,25.0,31.431142857142863,21.052105263157895,False,True,False,True,False
22414,3,Belgium,Slovakia,17.544912280701755,4.000800000000001,-38.888333333333335,22.220555555555553,23.213214285714287,47.72613636363636,19.049285714285716,-0.0005263157894739535,-25.0,0.00041666666666687985,14.584375,39.39393939393939,False,True,False,True,False
22415,1,Canada,Spain,5.262894736842106,-13.637272727272727,-16.66722222222222,21.053684210526313,0.0,70.83416666666666,19.50951219512195,-20.0,0.0,11.113333333333335,-2.4421951219512192,53.333333333333336,False,,,False,True
22415,2,Canada,Spain,32.25774193548387,-7.1432142857142855,-18.181818181818183,10.526842105263157,0.0,47.368947368421054,34.28628571428571,-23.077692307692306,-13.332666666666666,12.500833333333333,0.0,27.27227272727273,False,False,True,True,False
22415,3,Canada,Spain,17.500999999999998,-29.16625,-44.443333333333335,17.390869565217393,0.0,49.999,20.689310344827586,-11.538846153846153,0.002000000000000076,11.764705882352942,-3.3329999999999997,38.888333333333335,False,True,False,False,True
22415,4,Canada,Spain,62.965185185185184,-7.9996,-10.0,33.33266666666667,0.0,64.285,25.925925925925927,0.0,-57.142857142857146,18.182727272727274,-6.665666666666667,14.286428571428571,False,False,True,True,False
22415,5,Canada,Spain,31.57894736842105,-6.666666666666667,36.36454545454546,0.0,0.0,62.49875,3.844230769230769,-10.0,-37.49875,21.429285714285715,0.0,39.99933333333333,False,True,False,True,False
22416,1,Dominican Republic,Mexico,42.306538461538466,4.0,-22.220000000000002,-7.6923076923076925,20.833333333333332,19.045714285714286,6.06,-6.666666666666667,-42.85857142857143,28.0,21.209999999999997,31.249375,False,,,True,False
22416,2,Dominican Republic,Mexico,41.17735294117648,-16.66541666666667,-19.999000000000002,-6.666666666666667,8.821176470588235,14.285357142857142,17.85607142857143,-11.110555555555557,-15.384615384615385,21.051578947368423,34.3775,16.66611111111111,False,True,False,True,False
22416,3,Dominican Republic,Mexico,32.14357142857143,-11.9992,-18.75,11.764705882352942,13.331666666666667,16.0,7.499,-9.998999999999999,-30.76846153846154,0.0,28.94447368421052,42.10578947368421,False,True,False,True,False
22417,1,Japan,Ukraine,21.622162162162162,-15.999600000000001,-38.46153846153846,26.084347826086958,13.161578947368422,7.9996,32.35264705882353,-11.11037037037037,-29.41235294117647,-0.0005000000000002558,11.428285714285714,-8.694782608695652,False,,,False,True
22417,2,Japan,Ukraine,17.948205128205128,-4.761904761904762,-43.749375,19.047619047619047,12.498999999999999,-6.896896551724137,33.33444444444444,-8.332916666666668,-5.553888888888888,15.789473684210526,20.0,7.408148148148149,False,False,True,False,True
22417,3,Japan,Ukraine,22.50025,-12.499166666666667,-10.001000000000001,24.999375,32.5005,35.713928571428575,23.07884615384615,-19.047619047619047,-22.221111111111114,24.999000000000002,14.284285714285714,15.789473684210526,False,False,True,True,False
22417,4,Japan,Ukraine,25.00019230769231,-11.539230769230768,-26.666,26.087391304347825,11.763529411764704,13.158157894736842,20.930697674418603,-4.1675,-32.0,30.434782608695652,14.281428571428572,10.000333333333334,False,True,False,True,False
22417,5,Japan,Ukraine,24.998333333333335,0.0,0.0,27.272727272727273,8.333333333333334,11.764705882352942,4.166666666666667,0.0,-28.570714285714285,43.75,40.91181818181818,0.0,False,True,False,True,False
22418,1,Germany,Vietnam,58.622068965517244,-8.332916666666668,-46.15384615384615,16.665555555555557,41.37931034482759,53.333999999999996,23.332666666666668,5.2631578947368425,-46.15384615384615,10.000499999999999,33.336666666666666,16.666666666666668,False,,,True,False
22418,2,Germany,Vietnam,33.333333333333336,0.0012000000000000454,33.333333333333336,47.06117647058824,53.333,34.78260869565217,12.120606060606061,0.0,-19.999000000000002,13.043478260869565,17.643529411764707,31.57894736842105,False,True,False,True,False
22418,3,Germany,Vietnam,29.031612903225806,0.00041666666666687985,-0.002307692307692395,40.907272727272726,40.625,0.0,14.816296296296295,0.0,-22.22222222222222,0.0,26.663999999999998,27.77777777777778,False,True,False,True,False
22419,1,Bulgaria,Türkiye,28.948684210526313,-17.391739130434782,12.5,20.8325,17.948205128205124,32.0,21.42761904761905,-4.0,-27.272727272727273,52.63157894736842,27.5,75.00125,False,,,False,True
22419,2,Bulgaria,Türkiye,28.57,0.0,-54.54636363636364,-0.0018181818181821025,17.24206896551724,76.92153846153846,41.93645161290323,4.1675,0.0,15.789473684210526,13.329333333333333,78.57142857142857,False,False,True,False,True
22419,3,Bulgaria,Türkiye,6.896896551724137,-7.6923076923076925,-33.333333333333336,13.04304347826087,23.335333333333335,12.5,57.89473684210526,0.0,18.180000000000003,18.182727272727274,24.999000000000002,69.22923076923077,False,False,True,False,True
22421,1,Cameroon,Serbia,29.9985,-6.249375,-41.666666666666664,-4.348260869565217,0.0,-28.571428571428573,50.0,4.0,-20.002,14.285714285714286,36.36818181818182,12.501875000000002,False,,,False,True
22421,2,Cameroon,Serbia,-8.695217391304348,0.0,-23.077692307692306,-5.0015,0.0,54.54545454545455,21.427857142857142,-8.333333333333334,-14.285714285714286,17.646470588235296,33.334074074074074,69.23153846153846,False,False,True,False,True
22421,3,Cameroon,Serbia,4.165416666666665,-33.3325,0.0,8.332916666666668,-4.0,27.272727272727273,40.90863636363636,0.0,0.0,25.00125,23.81095238095238,60.0,False,False,True,False,True
22422,1,Kenya,Poland,7.691153846153845,-11.11277777777778,-15.38230769230769,0.0009090909090913742,23.329666666666665,20.000666666666667,18.181818181818183,4.1674999999999995,-0.0014285714285721593,13.336666666666668,40.625,45.455909090909095,False,,,False,True
22422,2,Kenya,Poland,50.000625,-12.501249999999999,-6.25,13.335333333333333,43.336,47.61952380952381,9.373750000000001,-6.25,-50.0,9.523809523809524,25.713428571428572,15.385,False,False,True,True,False
22422,3,Kenya,Poland,22.222962962962967,-24.99875,-80.0,4.762857142857143,23.33566666666667,30.76923076923077,56.52391304347826,-4.1675,-41.666666666666664,58.33416666666667,54.166666666666664,46.666666666666664,False,True,False,False,True
22422,4,Kenya,Poland,29.167916666666667,0.0,-55.55555555555556,-4.165833333333333,11.538461538461538,9.998999999999999,63.63681818181818,7.9996,-26.668666666666663,15.383846153846154,50.0,57.144285714285715,False,False,True,False,True
22423,1,Argentina,Slovenia,25.63974358974359,-4.762857142857143,-30.0,-13.637272727272727,10.814054054054054,63.63636363636363,42.42696969696969,-0.0003999999999996362,0.0009090909090913742,5.2631578947368425,18.183030303030304,52.38047619047619,False,,,False,True
22423,2,Argentina,Slovenia,24.139310344827585,-27.27318181818182,24.99875,-4.545454545454546,6.249062499999999,35.714999999999996,18.51888888888889,-7.693076923076924,-0.0006250000000012079,49.998125,23.076923076923077,21.427142857142858,False,False,True,False,True
22423,3,Argentina,Slovenia,8.573142857142859,-13.635909090909092,0.0,23.80952380952381,20.58588235294118,44.44388888888889,19.44611111111111,-8.33375,-12.501875,26.31578947368421,23.682105263157897,65.21652173913044,False,False,True,False,True
22424,1,France,Greece,37.500416666666666,-11.764705882352942,-81.81818181818181,27.27590909090909,7.145357142857143,41.666666666666664,60.71321428571428,-8.0,-62.49875,28.571428571428573,30.766923076923078,73.33266666666667,False,,,False,True
22424,2,France,Greece,48.151111111111106,-8.0,-0.0009090909090900823,27.77611111111111,21.428571428571427,9.524285714285714,28.572499999999998,-4.76095238095238,-16.666666666666668,13.634545454545457,34.47965517241379,-11.76529411764706,False,False,True,True,False
22424,3,France,Greece,17.4995,0.0011111111111116794,-7.143571428571428,45.45272727272727,17.778666666666666,38.71193548387097,25.64128205128205,-14.813333333333333,11.11,23.077692307692306,27.49875,15.001499999999998,False,True,False,True,False
22424,4,France,Greece,33.333333333333336,-3.9995999999999996,-11.763529411764708,33.333333333333336,17.50275,32.25838709677419,9.99875,-5.882352941176471,-34.78260869565217,12.500833333333333,29.27,28.57238095238095,False,True,False,True,False
22425,1,Egypt,Sweden,19.998857142857144,-5.2631578947368425,0.0,19.046190476190475,11.11,24.999285714285715,37.836756756756756,-8.334166666666667,0.0,27.77777777777778,21.951707317073172,65.51896551724138,False,,,False,True
22425,2,Egypt,Sweden,36.73571428571429,0.00037037037037055987,-39.999,15.385384615384615,6.519130434782609,51.61290322580645,40.907272727272726,-3.7037037037037037,-16.66611111111111,23.07807692307692,8.698260869565217,48.38677419354839,False,False,True,True,False
22425,3,Egypt,Sweden,22.221666666666668,0.0,-33.335,14.285714285714286,18.91702702702703,43.9996,37.20720930232558,-8.332916666666668,-7.691538461538461,52.38095238095238,13.953023255813953,31.250625,False,True,False,False,True
22425,4,Egypt,Sweden,11.763823529411765,-6.25,-37.5,4.545454545454546,21.876875000000002,57.89368421052632,44.11764705882353,-8.000399999999999,-0.0011111111111116794,26.666666666666668,24.996875,76.1895238095238,False,False,True,False,True
22426,1,Belgium,Italy,24.137931034482758,-17.647058823529413,-50.0,13.636363636363637,6.45483870967742,31.25,42.85928571428571,-4.16625,-12.49875,15.385384615384615,40.73777777777778,42.857142857142854,False,,,False,True
22426,2,Belgium,Italy,6.2515624999999995,0.0,-11.11,41.666666666666664,19.357096774193547,8.359326303060002e-16,33.333333333333336,0.0,5.881764705882353,33.333999999999996,22.581935483870968,47.61952380952381,False,False,True,False,True
22426,3,Belgium,Italy,25.64051282051282,-8.000399999999999,-38.46076923076923,11.11111111111111,12.823076923076924,62.9637037037037,12.196341463414635,-9.524285714285714,0.0,9.523809523809524,19.51219512195122,64.28714285714285,False,False,True,True,False
22426,4,Belgium,Italy,13.33288888888889,-11.110555555555557,-55.55555555555556,27.998,16.281395348837208,59.09090909090909,37.499375,0.0,4.762380952380952,0.0,3.1243749999999997,46.42785714285714,False,True,False,False,True
22427,1,Czechia,USA,19.604509803921566,-0.0003999999999996362,-18.181818181818183,13.04304347826087,7.689230769230769,29.26829268292683,27.49925,4.0012,-16.667083333333334,9.093181818181819,26.826829268292684,24.241212121212122,False,,,False,True
22427,2,Czechia,USA,27.028378378378378,-10.000499999999999,-45.45545454545454,37.50125,21.05263157894737,4.546363636363637,41.177058823529414,-4.0012,-31.250625,38.88722222222222,36.36606060606061,17.391304347826086,False,False,True,False,True
22427,3,Czechia,USA,3.7037037037037037,0.0,-74.99916666666667,44.44444444444444,23.331666666666667,11.764705882352942,53.57285714285714,-24.999583333333334,-0.0010000000000005115,19.99866666666667,24.138620689655173,24.999375,False,False,True,False,True
22428,1,Brazil,Puerto Rico,23.078205128205127,-7.9996,-5.262631578947369,66.66933333333333,30.772307692307688,39.285357142857144,16.668333333333337,-24.999000000000002,0.0,22.72772727272727,15.383589743589745,25.925925925925927,False,,,True,False
22428,2,Brazil,Puerto Rico,37.035555555555554,0.0,16.6675,58.33583333333333,34.375625,41.666666666666664,-0.0009090909090913742,-7.6923076923076925,-35.715714285714284,4.16875,24.996388888888887,40.00066666666667,False,True,False,True,False
22428,3,Brazil,Puerto Rico,34.78130434782609,4.167916666666667,-11.11111111111111,37.49875,60.872173913043476,45.45454545454545,12.5,-15.791052631578946,-50.0,16.665416666666665,26.466764705882355,31.250625,False,True,False,True,False
22429,1,Netherlands,Thailand,33.334871794871795,-8.331666666666665,-40.0005,17.393478260869564,38.09142857142857,53.847692307692306,27.27113636363636,0.00041666666666687985,-23.076153846153847,23.80952380952381,24.444666666666667,40.625625,False,,,False,True
22429,2,Netherlands,Thailand,45.45424242424242,-8.33375,-21.428571428571427,33.333888888888886,46.87625,52.381904761904764,12.12,5.555555555555555,-23.076923076923077,15.000499999999999,27.272727272727273,39.13086956521739,False,False,True,True,False
22429,3,Netherlands,Thailand,8.823235294117648,-4.16625,0.000588235294117948,15.002500000000001,21.87625,21.73913043478261,21.623243243243245,-16.66625,0.0,30.436086956521738,17.647058823529413,23.81,False,True,False,False,True
22429,4,Netherlands,Thailand,34.61423076923077,4.167916666666667,9.090909090909092,37.5,50.0,70.58823529411765,-8.108108108108109,-18.181818181818183,-25.0,4.546363636363637,13.156842105263157,30.769615384615385,False,False,True,True,False
22429,5,Netherlands,Thailand,23.998,-6.6659999999999995,-7.143571428571428,13.334666666666667,36.36,41.66583333333333,4.000799999999999,6.666666666666667,-27.273636363636363,35.71642857142857,27.26954545454545,17.647058823529413,False,True,False,True,False
22430,1,Cuba,Slovakia,22.5,0.0,-11.112222222222222,4.16625,24.9975,44.0,19.44361111111111,0.0,-11.763529411764706,4.0004,10.254102564102563,42.857619047619046,False,,,True,False
22430,2,Cuba,Slovakia,24.323243243243244,-4.16625,0.0,9.526666666666667,20.591470588235296,70.0,12.5,-0.0004545454545456871,-0.0007692307692300696,14.285714285714286,15.789473684210526,26.472647058823526,False,True,False,True,False
22430,3,Cuba,Slovakia,21.05184210526316,-4.3478260869565215,-33.33266666666667,18.18409090909091,18.923243243243242,34.61423076923077,24.999772727272727,-4.16625,-15.384615384615385,14.282380952380953,16.66952380952381,41.93677419354839,False,True,False,False,True
22430,4,Cuba,Slovakia,35.71547619047619,-4.0,-16.665833333333335,11.999600000000001,17.948205128205124,25.000714285714285,19.046190476190475,12.0,-16.668333333333333,12.501666666666667,16.275348837209304,43.332,False,False,True,True,False
22431,1,Canada,Türkiye,21.874375,-9.524285714285714,-19.999000000000002,4.76047619047619,18.7515625,-15.788947368421054,38.71032258064516,-12.000399999999999,-8.335,33.33555555555555,41.931612903225805,22.72772727272727,False,,,False,True
22431,2,Canada,Türkiye,15.383589743589745,5.465713352000771e-16,-33.333999999999996,19.232307692307693,18.42105263157895,12.5,21.052894736842106,0.0,-11.763529411764706,8.3325,33.33384615384615,33.33291666666667,False,False,True,False,True
22431,3,Canada,Türkiye,16.12741935483871,-15.384615384615385,-50.0,25.0,12.122727272727273,20.0,55.173793103448276,0.0,-12.499375,45.45363636363636,26.923461538461538,22.72863636363636,False,False,True,False,True
22432,1,Colombia,Mexico,14.28742857142857,0.0,-21.427857142857142,9.090909090909092,11.765,22.223333333333333,30.55527777777778,-4.1675,-11.765882352941176,31.81772727272727,19.995714285714286,33.333333333333336,False,,,False,True
22432,2,Colombia,Mexico,35.29500000000001,0.0,-43.75,15.790526315789473,24.245454545454546,21.739565217391306,30.76666666666667,-17.391304347826086,-8.334166666666667,17.389565217391304,13.509189189189188,34.78130434782609,False,False,True,True,False
22432,3,Colombia,Mexico,24.242424242424242,-4.166666666666667,-42.857142857142854,39.130434782608695,21.21212121212121,9.093181818181819,22.221666666666668,0.0,7.691538461538461,18.181818181818183,28.123749999999998,21.428571428571427,False,True,False,False,True
22432,4,Colombia,Mexico,25.804516129032258,8.333333333333334,-9.09,17.64764705882353,6.2475000000000005,42.85809523809524,14.707941176470587,-10.525789473684211,-19.999000000000002,-0.0008695652173905135,11.762058823529411,15.0,False,False,True,True,False
22432,5,Colombia,Mexico,15.998399999999998,-0.0007692307692311628,-11.11111111111111,15.385384615384615,7.404444444444444,0.0,33.33416666666667,-7.142857142857143,-28.57,8.333333333333334,37.5025,60.0,False,True,False,False,True
22433,1,Japan,Serbia,18.422894736842107,-20.83375,-29.999000000000002,40.0005,30.552499999999995,27.9996,18.7503125,-16.665416666666665,-35.714285714285715,26.318947368421053,19.35483870967742,34.78130434782609,False,,,True,False
22433,2,Japan,Serbia,25.583488372093022,-19.999333333333333,-23.076923076923077,4.349565217391305,13.952093023255813,42.85642857142857,19.99857142857143,-7.142857142857143,-23.81047619047619,17.390434782608697,20.002857142857142,34.783478260869565,False,True,False,True,False
22433,3,Japan,Serbia,20.0002,-8.695217391304348,-25.0,18.18136363636364,13.997199999999998,48.57142857142857,32.497249999999994,-11.999600000000001,-15.386923076923077,19.047619047619047,12.198536585365854,55.555925925925926,False,True,False,False,True
22433,4,Japan,Serbia,29.410588235294117,-11.999600000000001,-8.334166666666667,30.76923076923077,33.330909090909095,61.53846153846154,25.0,-22.22222222222222,-46.666666666666664,5.2631578947368425,7.694615384615387,19.9995,False,False,True,True,False
22434,1,Kenya,Vietnam,21.42761904761905,-15.999600000000001,-0.0004761904761900431,19.045714285714286,25.643846153846155,58.33375,2.4390243902439024,-8.695652173913043,-44.44444444444444,25.0,17.949743589743587,48.387741935483874,False,,,True,False
22434,2,Kenya,Vietnam,18.18121212121212,0.0,8.332916666666668,22.725454545454543,28.12,38.09428571428572,9.755365853658537,-4.348695652173913,0.0,13.636363636363637,15.002499999999998,63.63636363636363,False,True,False,True,False
22434,3,Kenya,Vietnam,27.58655172413793,-11.998399999999998,26.663999999999998,-6.666666666666667,3.8446153846153845,47.82608695652174,-0.0008333333333333649,-5.553888888888888,-57.142857142857146,14.999500000000001,2.856,65.21739130434783,False,True,False,True,False
22435,1,Bulgaria,Spain,38.710967741935484,-22.726363636363637,-17.64529411764706,4.16875,38.70967741935484,50.0,29.031935483870967,8.0,-33.333333333333336,52.94,39.285714285714285,-0.0004761904761893664,False,,,False,True
22435,2,Bulgaria,Spain,3.0296969696969693,-19.999333333333333,-16.666666666666668,-9.522857142857143,30.553888888888892,44.0008,29.62851851851852,8.332083333333333,5.556111111111111,58.333333333333336,55.172413793103445,45.0005,False,False,True,False,True
22435,3,Bulgaria,Spain,16.32591836734694,-12.500416666666666,21.427857142857142,19.048571428571428,39.99977777777778,68.0004,7.691538461538461,-4.3478260869565215,11.110555555555557,14.998499999999998,27.908372093023253,44.118235294117646,False,False,True,True,False
22435,4,Bulgaria,Spain,17.855,0.0,-20.000666666666667,4.761428571428572,35.714285714285715,5.882352941176471,37.142,-4.166666666666667,-23.076923076923077,22.22222222222222,45.45424242424242,50.001,False,True,False,False,True
22436,1,China,Dominican Republic,37.145999999999994,-4.165833333333333,-7.6923076923076925,20.0,20.58823529411765,30.436086956521738,14.705882352941176,-6.25,-35.71357142857143,22.727272727272727,5.714571428571428,4.166666666666667,False,,,True,False
22436,2,China,Dominican Republic,24.44511111111111,-8.0,5.263684210526316,19.9995,31.819090909090907,34.28657142857143,11.365454545454547,4.761428571428572,0.0005555555555558397,39.1295652173913,9.09,17.648235294117647,False,True,False,True,False
22436,3,China,Dominican Republic,28.949473684210524,-12.499166666666667,5.2631578947368425,33.333888888888886,10.80972972972973,56.0,-2.4997499999999997,5.5566666666666675,-6.668000000000001,33.332857142857144,9.75390243902439,-3.0306060606060603,False,True,False,True,False
22437,1,Cameroon,Ukraine,8.333333333333334,-17.648235294117647,9.092727272727272,0.0,19.232692307692307,13.333333333333334,21.428214285714287,4.002000000000001,0.0011111111111101006,14.284285714285714,33.337777777777774,52.94294117647058,False,,,False,True
22437,2,Cameroon,Ukraine,17.390434782608697,-4.545,-5.555555555555555,-4.545454545454546,16.665833333333335,12.500625,11.11138888888889,4.1674999999999995,33.335,24.997,42.85285714285715,45.0005,False,False,True,False,True
22437,3,Cameroon,Ukraine,11.764117647058825,-5.0,-10.526315789473685,-8.69695652173913,11.114444444444445,49.999545454545455,20.512820512820515,-0.0008000000000004093,0.0012500000000006395,16.666666666666668,34.206315789473685,50.0003125,False,False,True,False,True
22438,1,Germany,Poland,26.666,-4.0,-14.285,35.294117647058826,6.893793103448275,50.0,16.003200000000003,-14.286190476190475,-30.000999999999998,4.545909090909091,11.113333333333335,6.668000000000001,False,,,True,False
22438,2,Germany,Poland,34.4851724137931,-19.999333333333333,-49.999,4.345652173913043,10.714285714285714,40.0,55.557037037037034,8.000399999999999,-33.333333333333336,8.333333333333334,12.5,44.44388888888889,False,True,False,False,True
22438,3,Germany,Poland,23.80857142857143,-4.0004,0.0006249999999994316,38.89055555555555,26.833170731707312,52.94117647058823,9.302558139534883,-5.262631578947368,-5.883529411764706,17.391304347826086,7.142857142857143,24.241515151515152,False,False,True,True,False
22438,4,Germany,Poland,28.88888888888889,-15.384615384615385,-26.666666666666668,25.926296296296297,9.759512195121951,50.0,32.43486486486486,-3.5714285714285716,-21.051578947368423,36.36272727272728,5.883823529411764,26.087391304347825,False,True,False,False,True
22438,5,Germany,Poland,15.386153846153844,-16.666666666666668,-10.0,0.0,7.689230769230769,27.77777777777778,10.7125,5.555,-20.0,26.666666666666668,4.0,18.75,False,False,True,False,True
22439,1,Netherlands,Serbia,30.553611111111113,-7.693076923076924,0.0016666666666675194,9.091818181818182,17.50075,53.56964285714286,23.256046511627908,-11.538076923076924,-40.00066666666667,21.74,19.050238095238097,56.0012,True,,,True,False
22439,2,Netherlands,Serbia,28.206153846153846,3.846538461538462,-23.81142857142857,30.0005,34.21368421052631,53.84615384615385,31.576315789473686,-12.499583333333334,-30.767692307692307,7.999199999999999,15.792631578947372,50.00083333333333,True,True,False,True,False
22439,3,Netherlands,Serbia,12.120909090909091,-4.545454545454546,-20.000666666666667,14.283809523809525,32.35235294117647,27.275454545454547,24.324594594594593,-16.0,5.882352941176471,42.85952380952381,10.808378378378377,65.0005,True,True,False,False,True
22439,4,Netherlands,Serbia,28.12375,0.0,-35.294117647058826,-10.000499999999999,18.750625,42.10526315789474,37.14371428571428,0.002083333333333807,-12.498124999999998,23.80952380952381,14.282,50.0,True,False,True,False,True
22439,5,Netherlands,Serbia,27.776666666666667,7.142857142857143,14.287142857142856,9.089090909090908,27.778333333333332,38.46307692307692,10.526315789473685,0.0,-27.273636363636363,14.284285714285714,31.575263157894735,44.44444444444444,True,False,True,True,False
22440,1,Japan,Thailand,26.31605263157895,0.00040000000000020466,-27.27227272727273,16.667777777777776,51.28564102564102,46.15461538461538,21.429285714285715,-9.999500000000001,-33.33266666666667,-4.545454545454546,33.33422222222222,25.807741935483868,True,,,True,False
22440,2,Japan,Thailand,27.90558139534884,-12.499583333333334,-14.285714285714286,13.635909090909092,39.99711111111112,19.35451612903226,20.930232558139537,-4.16625,-50.001,23.808095238095238,42.22533333333333,32.14142857142857,True,True,False,True,False
22440,3,Japan,Thailand,20.93,-4.0,-22.221666666666668,36.84263157894737,40.47857142857143,23.333333333333332,25.0,-17.39217391304348,-21.74,8.695217391304348,32.60826086956522,35.483548387096775,True,True,False,True,False
22441,1,Canada,USA,2.3799999999999994,-10.526315789473685,-44.44555555555556,8.332916666666668,9.753658536585366,71.42857142857143,21.428214285714287,4.166666666666667,15.789473684210526,20.0,20.692068965517244,71.42809523809524,True,,,False,True
22441,2,Canada,USA,32.35205882352941,-19.047619047619047,-22.223333333333333,20.830416666666668,5.717714285714286,61.11222222222222,29.9995,-4.0,-12.5,35.294117647058826,27.49925,53.84615384615385,True,False,True,False,True
22441,3,Canada,USA,28.572142857142858,0.0,-27.77777777777778,-4.546818181818182,3.4506896551724138,50.00071428571429,36.36090909090909,0.0,0.0,4.9985,12.502500000000001,64.70588235294117,True,False,True,False,True
22442,1,Slovenia,Türkiye,22.221777777777778,0.0003571428571435474,6.25,32.142857142857146,19.56869565217391,51.852222222222224,25.58186046511628,0.00033333333333350387,-30.436086956521738,7.694615384615385,16.668095238095237,69.56695652173913,True,,,False,True
22442,2,Slovenia,Türkiye,10.0,-14.285714285714286,-75.00125,-5.0,29.997500000000002,20.0,52.17434782608696,0.0012500000000006395,-11.112222222222222,41.665,24.997500000000002,45.45454545454545,True,False,True,False,True
22442,3,Slovenia,Türkiye,19.567391304347826,-7.407037037037037,0.002000000000000076,-4.0,13.04391304347826,45.15967741935484,26.19142857142857,-10.345862068965516,-23.80857142857143,33.331250000000004,33.332564102564106,65.002,True,False,True,False,True
22443,1,Germany,Italy,23.076410256410256,-4.545454545454546,-41.174705882352946,17.389999999999997,17.497999999999998,34.61576923076923,31.70658536585366,-7.9996,-26.087391304347825,23.80952380952381,14.99675,33.333703703703705,True,,,False,True
22443,2,Germany,Italy,11.430857142857144,-15.789473684210526,-15.386153846153844,22.72863636363636,11.762941176470589,52.631052631578946,27.778333333333332,-8.333333333333334,-7.69076923076923,18.747500000000002,18.91891891891892,66.66625,True,False,True,False,True
22443,3,Germany,Italy,0.0,-18.181818181818183,-39.998000000000005,20.0,19.351935483870967,-5.555555555555555,41.665416666666665,8.0,11.765882352941176,33.333333333333336,19.23153846153846,61.90428571428571,True,False,True,False,True
22444,1,Belgium,Poland,33.333333333333336,-11.110000000000001,10.0,4.346956521739131,15.386666666666665,7.691538461538461,14.283714285714284,0.00040000000000020466,-52.63157894736842,22.72772727272727,27.270909090909093,58.82411764705882,True,,,True,False
22444,2,Belgium,Poland,0.0008333333333333649,-0.0010000000000005115,-29.411176470588234,0.0,13.884444444444444,21.74217391304348,18.75,-8.002,-4.999499999999999,22.220555555555553,15.147878787878788,36.36363636363637,True,True,False,False,True
22444,3,Belgium,Poland,19.999000000000002,5.5566666666666675,-33.333333333333336,0.0,20.0,12.498750000000001,41.175,0.0012500000000000473,-18.181818181818183,27.776666666666664,14.28857142857143,36.002,True,False,True,False,True
22444,4,Belgium,Poland,24.324864864864864,12.5,-9.523809523809524,31.818181818181817,16.66944444444444,22.727272727272727,25.00125,-4.3478260869565215,7.693846153846154,8.331666666666665,30.002999999999997,24.99892857142857,True,False,True,True,False
22444,5,Belgium,Poland,-9.090909090909092,9.090909090909092,-33.333333333333336,16.666666666666668,21.73913043478261,40.0,37.5,-14.285,7.142857142857143,-9.998999999999999,23.52764705882353,61.53846153846154,True,True,False,False,True
22445,1,Brazil,Dominican Republic,18.51851851851852,-33.333333333333336,-12.5,50.00181818181818,41.37724137931035,36.36363636363637,45.001,-12.0,-33.33444444444444,24.998333333333335,5.88,18.183636363636364,True,,,False,True
22445,2,Brazil,Dominican Republic,22.580000000000002,15.999600000000001,7.691538461538461,54.54363636363637,28.128749999999997,62.5,-0.00032258064516099694,-8.333333333333334,-16.665833333333335,-4.168333333333333,13.159736842105263,45.45454545454545,True,False,True,True,False
22445,3,Brazil,Dominican Republic,28.572857142857146,-8.333333333333334,-27.272727272727273,64.28857142857143,41.37931034482759,24.0,22.85742857142857,-33.334761904761905,-9.089090909090908,18.180909090909093,22.857142857142858,44.44388888888889,True,True,False,True,False
22445,4,Brazil,Dominican Republic,36.36590909090909,8.0008,5.881176470588235,40.0,24.997999999999998,43.75,-9.091212121212122,-8.333333333333334,-20.0,11.999600000000001,12.121818181818181,16.665555555555553,True,True,False,True,False
22446,1,China,France,12.820512820512821,-9.523809523809524,-36.36363636363637,30.0,24.327837837837837,37.499583333333334,36.36303030303031,-12.499583333333334,-38.46153846153846,52.63263157894737,41.17294117647059,45.001,True,,,False,True
22446,2,China,France,22.500999999999998,7.999199999999999,-47.36842105263158,23.9996,41.02153846153846,57.142857142857146,35.134054054054054,0.00037037037037055987,-12.5,12.499583333333334,5.128974358974359,25.925925925925927,True,False,True,False,True
22446,3,China,France,46.42857142857143,0.0012000000000000454,-19.999000000000002,17.648823529411764,34.48379310344828,4.761904761904762,34.14560975609756,-18.18136363636364,-40.001,20.83375,31.70731707317073,29.165000000000003,True,False,True,True,False
22446,4,China,France,20.689310344827586,-5.0,-15.0,26.086521739130436,49.995999999999995,24.9975,36.36363636363637,-7.691923076923077,25.0,57.893157894736845,11.761764705882355,19.048095238095236,True,True,False,False,True
22447,1,Japan,Netherlands,29.410588235294117,-23.80952380952381,-33.333333333333336,4.541818181818181,28.125,26.315263157894737,35.9992,4.165833333333333,-30.002,13.334666666666667,43.9992,38.88777777777778,True,,,False,True
22447,2,Japan,Netherlands,24.388048780487804,0.0,18.180909090909093,10.526315789473685,24.389024390243904,44.11705882352941,12.822820512820513,0.0014285714285721593,-18.183636363636364,17.390434782608697,50.001,25.925925925925927,True,False,True,True,False
22447,3,Japan,Netherlands,23.529117647058825,4.3478260869565215,-42.85857142857143,27.270454545454548,22.854857142857146,12.000399999999999,31.428571428571427,-4.165833333333333,-37.499375,13.636363636363637,38.89277777777777,52.38142857142857,True,True,False,False,True
22447,4,Japan,Netherlands,39.535348837209305,-4.165,-70.0,26.085652173913044,29.265365853658533,33.333333333333336,38.235,0.0,-31.24875,4.763333333333334,40.00142857142857,37.50083333333333,True,False,True,True,False
22447,5,Japan,Netherlands,32.355,6.666666666666667,-25.0,33.335,30.55805555555556,48.14888888888889,31.818181818181817,8.3325,-27.776666666666667,13.331999999999999,30.771153846153847,-0.00045454545454504114,True,True,False,True,False
22448,1,Türkiye,USA,46.151923076923076,-4.0,26.665333333333333,-7.142857142857143,3.7025925925925924,42.10631578947368,-6.668333333333334,14.285714285714286,-33.33416666666667,17.390869565217393,17.240344827586206,27.273636363636363,True,,,True,False
22448,2,Türkiye,USA,17.49825,0.0,-19.048095238095236,12.501249999999999,11.627441860465117,57.69384615384615,21.42904761904762,4.0,38.46153846153846,27.274545454545454,31.704390243902438,51.9988,True,True,False,False,True
22448,3,Türkiye,USA,33.33259259259259,0.0,21.428571428571427,41.66583333333333,24.139655172413793,45.45590909090909,5.715142857142857,-14.285714285714286,-14.284285714285716,8.333333333333334,19.442222222222224,21.053684210526313,True,False,True,True,False
22448,4,Türkiye,USA,24.99875,-12.499583333333334,-21.05263157894737,19.046666666666667,11.629069767441859,49.99892857142857,14.706470588235293,-4.165833333333333,-42.10526315789474,5.001,29.41176470588235,17.391304347826086,True,True,False,True,False
22449,1,Italy,Poland,57.693461538461534,-12.0,-14.285,26.663999999999998,26.92269230769231,26.316842105263156,14.704411764705883,-11.764705882352942,-57.144285714285715,31.818181818181817,15.152727272727272,46.668,True,,,True,False
22449,2,Italy,Poland,41.66708333333333,-4.166666666666667,-23.53,6.249375,16.666666666666668,19.999333333333333,27.274242424242424,-22.72681818181818,0.0009090909090900823,34.780434782608694,21.213939393939395,21.428571428571427,True,True,False,True,False
22449,3,Italy,Poland,30.76948717948718,-4.0,-26.666,18.75,18.92162162162162,72.0004,20.587352941176473,-11.11111111111111,-25.000625,33.33375,15.152727272727272,35.294117647058826,True,True,False,True,False
22450,1,Brazil,France,40.53945945945946,-11.111481481481482,-27.273636363636363,39.12869565217391,23.07589743589744,40.0,29.266341463414637,-8.0,-33.33222222222222,30.43565217391304,11.904761904761905,17.858214285714286,True,,,True,False
22450,2,Brazil,France,44.185348837209304,-9.374062499999999,-31.816363636363636,32.13964285714286,35.55777777777778,25.925925925925927,28.847500000000004,-6.25,-42.857142857142854,17.85535714285714,10.204081632653061,38.71032258064516,True,True,False,True,False
22450,3,Brazil,France,44.0032,-11.9992,-8.333333333333334,20.0,38.464615384615385,37.500625,21.21121212121212,-21.05263157894737,-27.272727272727273,36.3609090909091,40.6271875,-0.0006666666666660604,True,True,False,True,False
22451,1,Japan,Türkiye,51.61096774193548,-8.0,0.0,19.999333333333333,31.247500000000002,43.47695652173913,18.51962962962963,-0.0006250000000003197,-25.00125,13.637272727272727,20.002666666666663,-23.80809523809524,True,,,True,False
22451,2,Japan,Türkiye,20.689655172413794,-5.882352941176471,-12.5,0.0004347826086958746,32.25806451612903,-11.764705882352942,47.9988,0.00160000000000025,-17.64588235294118,37.4975,45.8325,38.46230769230769,True,True,False,False,True
22451,3,Japan,Türkiye,9.090606060606062,0.0,-63.63636363636363,22.727272727272727,21.21424242424242,22.223888888888887,40.001333333333335,-8.333333333333334,-11.764117647058825,5.555,16.12709677419355,52.63421052631579,True,False,True,False,True
22451,4,Japan,Türkiye,27.027567567567566,-3.9991999999999996,-66.66666666666667,23.076538461538462,27.03,-0.00045454545454504114,36.36484848484849,0.0011111111111116794,-31.57894736842105,14.284761904761906,21.21272727272727,47.3678947368421,True,False,True,False,True
22452,1,Brazil,Italy,38.88805555555555,-8.33375,-23.529411764705884,26.086521739130436,21.05263157894737,29.166666666666668,20.000750000000004,0.0,-30.76923076923077,19.04619047619048,20.0,71.42904761904762,True,,,True,False
22452,2,Brazil,Italy,7.6917948717948725,-17.390434782608697,-11.539230769230768,4.546818181818182,4.87609756097561,46.15384615384615,4.446666666666666,-8.334166666666667,-16.66722222222222,31.57684210526316,16.6675,50.0,True,True,False,False,True
22452,3,Brazil,Italy,41.026153846153846,0.000344827586207073,15.382692307692308,6.8951724137931025,23.25581395348837,14.814814814814815,19.608823529411765,10.345862068965516,-37.5,3.5714285714285716,9.801372549019607,57.142857142857146,True,False,True,True,False
22452,4,Brazil,Italy,15.78842105263158,-8.695217391304348,-0.0008333333333337597,12.49875,18.421842105263156,11.538076923076924,17.5,4.166666666666667,-25.0,23.811904761904763,15.001749999999998,71.42857142857143,True,True,False,False,True
22452,5,Brazil,Italy,19.231153846153845,-14.285,-11.112222222222222,35.71142857142857,23.9984,43.75125,24.0,-6.666666666666667,-13.331333333333331,24.998333333333335,7.9976,43.750625,True,False,True,False,True
22453,1,Brazil,Japan,53.84653846153846,4.166666666666667,-11.11111111111111,25.000833333333333,16.0004,58.82411764705882,5.2642105263157895,0.0,-55.556666666666665,4.545909090909091,16.215135135135135,11.111111111111112,True,,,True,False
22453,2,Brazil,Japan,45.834583333333335,7.999199999999999,-27.77722222222222,7.142857142857143,20.0016,35.294117647058826,17.49875,-17.647058823529413,-28.571428571428573,23.9976,38.4625641025641,23.81,True,True,False,True,False
22453,3,Brazil,Japan,20.00057142857143,-5.2631578947368425,-54.54545454545455,29.167916666666667,17.645294117647058,28.570476190476192,34.284285714285716,0.0,-14.287142857142856,11.110555555555557,41.178823529411765,59.9995,True,True,False,False,True
22453,4,Brazil,Japan,32.432432432432435,-3.5714285714285716,-4.761428571428572,12.000399999999999,21.055526315789475,18.517777777777777,28.001000000000005,0.0007142857142860797,-40.0,14.815185185185184,9.61576923076923,14.285714285714286,True,False,True,False,True
22453,5,Brazil,Japan,37.038518518518515,0.0,-7.142857142857143,43.749375,22.223703703703702,22.221666666666668,30.0,-5.882352941176471,-33.333333333333336,17.64764705882353,13.329333333333333,35.29470588235294,True,False,True,True,False
22454,1,Italy,Türkiye,20.454545454545453,0.0,-31.250625,23.808095238095238,18.185,53.333333333333336,25.58186046511628,-12.5,-18.75,13.045217391304348,18.181818181818183,28.1240625,True,,,True,False
22454,2,Italy,Türkiye,-0.0006666666666670077,-14.285714285714286,-37.5,4.545,13.337333333333333,5.881764705882353,49.9995,0.0,0.0,24.999166666666667,14.288095238095236,69.23153846153846,True,True,False,False,True
22454,3,Italy,Türkiye,34.78195652173913,8.0012,-11.765882352941176,15.9988,13.334444444444443,40.624375,34.08977272727273,8.0012,-35.714285714285715,16.6675,12.499166666666667,29.73,True,False,True,True,False
22454,4,Italy,Türkiye,31.249375,-9.998999999999999,-7.142857142857143,9.092727272727272,12.500937500000001,11.537692307692309,39.39515151515151,4.1675,-35.29352941176471,38.88777777777778,30.29909090909091,36.36363636363637,True,True,False,False,True
22454,5,Italy,Türkiye,6.250624999999999,7.142142857142857,27.272727272727273,33.33166666666667,5.882352941176471,35.714285714285715,-8.33375,-33.33222222222222,14.284285714285714,21.427142857142858,16.664583333333333,38.46230769230769,True,False,True,True,False
