ID_PARTIDA,ID_SET,TIMEA,TIMEB,ATAQUE_A,SAQUE_A,BLOQUEIO_A,RECEPCAO_A,LEVANTAMENTO_A,DEFESA_A,ATAQUE_B,SAQUE_B,BLOQUEIO_B,RECEPCAO_B,LEVANTAMENTO_B,DEFESA_B,FASE_FINAL,VENCEU_SET_A_ANTERIOR,VENCEU_SET_B_ANTERIOR,VENCEU_SET_A,VENCEU_SET_B
11344,1,Canada,Italy,25.0,0.0,-15.789473684210524,68.42105263157895,45.833333333333336,-22.22222222222222,29.032258064516128,3.7037037037037037,-42.10526315789474,80.0,51.72413793103448,-20.0,False,,,True,False
11344,2,Canada,Italy,54.166666666666664,8.0,-23.076923076923077,53.333333333333336,61.904761904761905,7.142857142857143,14.814814814814813,5.5555555555555545,-54.54545454545455,30.0,41.666666666666664,-20.0,False,True,False,True,False
11344,3,Canada,Italy,37.5,4.761904761904762,-54.54545454545455,38.888888888888886,57.142857142857146,0.0,57.89473684210526,8.0,-27.272727272727273,46.15384615384615,64.70588235294117,-28.571428571428573,False,True,False,False,True
11344,4,Canada,Italy,14.705882352941176,5.2631578947368425,-60.0,20.0,35.483870967741936,44.44444444444444,47.82608695652174,8.333333333333334,-10.526315789473685,14.285714285714286,52.38095238095237,5.000000000000002,False,False,True,False,True
11344,5,Canada,Italy,35.294117647058826,0.0,-50.0,38.46153846153846,53.333333333333336,-15.384615384615385,55.55555555555556,6.666666666666667,-25.0,66.66666666666667,50.0,30.76923076923077,False,False,True,False,True
11345,1,Brazil,Tunisia,28.571428571428573,4.166666666666666,-33.333333333333336,52.63157894736842,46.15384615384615,33.333333333333336,10.714285714285714,4.3478260869565215,-42.10526315789474,77.77777777777777,39.285714285714285,10.0,False,,,True,False
11345,2,Brazil,Tunisia,29.032258064516128,8.0,-9.09090909090909,81.25,55.172413793103445,31.57894736842105,36.36363636363636,0.0,-22.22222222222222,33.333333333333336,30.434782608695652,-38.46153846153846,False,True,False,True,False
11345,3,Brazil,Tunisia,44.44444444444444,4.166666666666666,-21.428571428571427,90.9090909090909,50.0,62.5,13.043478260869563,0.0,-45.454545454545446,75.0,30.43478260869565,-23.529411764705884,False,True,False,True,False
11346,1,Argentina,ROC,42.30769230769231,3.9999999999999996,-26.666666666666668,87.5,66.66666666666667,-9.090909090909092,39.130434782608695,0.0,-58.333333333333336,61.111111111111114,52.17391304347826,-30.76923076923077,False,,,True,False
11346,2,Argentina,ROC,12.903225806451612,8.695652173913043,-12.500000000000002,72.72727272727273,48.0,-29.41176470588235,25.0,0.0,-12.5,64.70588235294117,45.833333333333336,-15.789473684210526,False,True,False,False,True
11346,3,Argentina,ROC,16.666666666666668,0.0,-25.0,10.526315789473685,43.47826086956522,-21.05263157894737,50.0,8.333333333333334,18.181818181818183,78.57142857142857,47.36842105263158,-29.411764705882348,False,False,True,False,True
11346,4,Argentina,ROC,10.714285714285712,4.761904761904762,-41.666666666666664,33.333333333333336,38.095238095238095,-11.111111111111109,33.333333333333336,4.0,-16.666666666666668,42.857142857142854,45.0,-40.0,False,False,True,False,True
11347,1,Japan,Venezuela,47.61904761904762,4.0,-25.0,53.333333333333336,60.0,30.0,29.166666666666668,4.761904761904762,-71.42857142857143,42.10526315789474,50.0,-46.15384615384615,False,,,True,False
11347,2,Japan,Venezuela,56.521739130434774,8.333333333333334,-37.5,47.05882352941177,60.869565217391305,-6.666666666666667,33.333333333333336,4.761904761904762,-35.714285714285715,52.94117647058823,52.38095238095238,-23.076923076923077,False,True,False,True,False
11347,3,Japan,Venezuela,58.333333333333336,4.0,-21.428571428571427,61.53846153846154,58.333333333333336,57.142857142857146,4.166666666666667,6.666666666666666,-50.0,44.44444444444444,37.49999999999999,0.0,False,True,False,True,False
11348,1,Iran,Poland,19.23076923076923,0.0,-27.272727272727273,50.0,37.50000000000001,-20.0,36.666666666666664,4.166666666666667,-14.285714285714286,75.0,50.0,30.0,False,,,False,True
11348,2,Iran,Poland,42.857142857142854,0.0,-46.15384615384615,37.49999999999999,61.111111111111114,33.333333333333336,29.166666666666668,8.695652173913043,-50.0,55.55555555555556,45.833333333333336,-30.76923076923077,False,False,True,True,False
11348,3,Iran,Poland,52.63157894736842,0.0,7.47939721852737e-16,27.77777777777778,64.70588235294117,-42.857142857142854,-19.23076923076923,9.090909090909092,-35.714285714285715,68.75,30.769230769230766,25.0,False,True,False,True,False
11348,4,Iran,Poland,7.999999999999999,9.09090909090909,-72.72727272727273,41.1764705882353,50.0,13.333333333333334,77.77777777777777,4.0,-37.5,49.99999999999999,77.77777777777777,-33.333333333333336,False,True,False,False,True
11348,5,Iran,Poland,50.0,10.0,-14.285714285714286,22.22222222222222,63.63636363636363,-33.333333333333336,27.272727272727273,5.2631578947368425,-13.333333333333334,50.0,42.10526315789473,9.090909090909092,False,False,True,True,False
11349,1,France,USA,36.36363636363637,0.0,9.999999999999998,65.0,50.0,-64.0,55.172413793103445,4.166666666666667,-10.000000000000002,73.33333333333333,70.83333333333333,0.0,False,,,False,True
11349,2,France,USA,16.666666666666668,0.0,-70.0,50.0,41.666666666666664,-23.529411764705884,61.53846153846154,0.0,-15.384615384615383,87.5,67.99999999999999,5.882352941176471,False,False,True,False,True
11349,3,France,USA,21.73913043478261,13.043478260869565,-41.666666666666664,41.1764705882353,57.142857142857146,-26.666666666666668,48.0,0.0,-14.285714285714286,38.888888888888886,54.545454545454554,-9.523809523809526,False,False,True,False,True
11350,1,Iran,Venezuela,38.095238095238095,0.0,-7.692307692307693,85.71428571428571,52.38095238095238,-6.666666666666667,10.344827586206897,0.0,-37.5,78.26086956521739,44.827586206896555,-6.666666666666666,False,,,True,False
11350,2,Iran,Venezuela,34.78260869565217,4.0,-18.181818181818183,88.23529411764706,60.869565217391305,-15.384615384615385,20.0,0.0,-30.76923076923077,50.0,45.833333333333336,-16.666666666666668,False,True,False,True,False
11350,3,Iran,Venezuela,52.17391304347826,8.333333333333334,-19.047619047619044,46.66666666666666,63.636363636363626,6.249999999999998,33.333333333333336,5.263157894736842,-42.857142857142854,47.61904761904762,41.37931034482759,-16.666666666666668,False,True,False,True,False
11351,1,ROC,USA,36.0,12.0,-28.571428571428573,57.89473684210526,42.857142857142854,-23.076923076923077,31.25,4.3478260869565215,-24.999999999999996,57.142857142857146,51.61290322580645,19.230769230769226,False,,,True,False
11351,2,ROC,USA,27.586206896551722,0.0,-8.333333333333334,42.857142857142854,48.148148148148145,4.166666666666667,29.032258064516128,7.6923076923076925,-61.53846153846154,63.1578947368421,45.16129032258065,14.285714285714286,False,True,False,True,False
11351,3,ROC,USA,-4.545454545454548,13.636363636363637,-44.44444444444444,47.05882352941177,40.0,-30.0,19.047619047619047,4.166666666666667,22.22222222222222,43.75,52.38095238095238,6.666666666666667,False,True,False,False,True
11351,4,ROC,USA,22.580645161290324,4.166666666666666,-11.764705882352942,66.66666666666667,34.48275862068966,15.789473684210526,2.857142857142854,4.166666666666667,-16.666666666666668,72.22222222222223,33.333333333333336,8.695652173913043,False,False,True,True,False
11352,1,Italy,Poland,43.47826086956522,0.0,-56.25,35.0,56.521739130434796,7.142857142857143,44.44444444444444,12.5,-53.84615384615385,82.3529411764706,54.166666666666664,-8.333333333333334,False,,,False,True
11352,2,Italy,Poland,52.0,0.0,-33.33333333333333,54.54545454545455,53.846153846153854,-23.529411764705884,34.48275862068966,11.538461538461538,-45.454545454545446,70.58823529411765,48.38709677419355,21.73913043478261,False,False,True,False,True
11352,3,Italy,Poland,30.76923076923077,4.761904761904762,-66.66666666666667,38.095238095238095,53.84615384615384,-6.666666666666667,45.0,8.333333333333334,-50.0,81.25,61.111111111111114,-9.09090909090909,False,False,True,False,True
11353,1,France,Tunisia,28.571428571428573,4.166666666666666,-14.285714285714286,55.55555555555556,57.6923076923077,14.285714285714286,20.833333333333332,4.545454545454545,-23.80952380952381,23.80952380952381,39.13043478260869,-30.0,False,,,True,False
11353,2,France,Tunisia,47.36842105263158,8.0,-21.05263157894737,60.0,55.55555555555556,40.0,-10.000000000000002,0.0,-42.857142857142854,29.166666666666668,28.571428571428573,-29.41176470588235,False,True,False,True,False
11353,3,France,Tunisia,50.0,4.166666666666666,-46.15384615384615,57.89473684210526,64.99999999999999,0.0,12.0,4.545454545454545,-64.28571428571429,33.333333333333336,40.0,1.1842378929335002e-15,False,True,False,True,False
11354,1,Canada,Japan,53.84615384615385,0.0,-76.92307692307692,64.70588235294117,61.53846153846154,-11.764705882352942,53.333333333333336,0.0,-60.0,52.38095238095238,51.72413793103449,-21.05263157894737,False,,,True,False
11354,2,Canada,Japan,16.666666666666668,4.3478260869565215,-30.76923076923077,66.66666666666667,45.83333333333334,-41.1764705882353,34.48275862068966,4.0,-20.0,50.0,57.69230769230769,-6.666666666666666,False,True,False,False,True
11354,3,Canada,Japan,54.54545454545455,4.166666666666666,-31.25,73.6842105263158,52.17391304347826,-47.05882352941177,50.0,0.0,-50.0,45.0,66.66666666666666,5.263157894736839,False,False,True,False,True
11354,4,Canada,Japan,17.647058823529413,0.0,-37.5,25.0,39.39393939393939,43.47826086956522,33.333333333333336,8.0,-37.5,66.66666666666667,50.0,15.0,False,False,True,False,True
11355,1,Argentina,Brazil,42.857142857142854,3.9999999999999996,-5.2631578947368425,64.70588235294116,55.55555555555556,26.31578947368421,10.0,0.0,-22.22222222222222,55.0,33.333333333333336,-53.333333333333336,False,,,True,False
11355,2,Argentina,Brazil,65.38461538461539,0.0,-50.0,63.1578947368421,65.21739130434783,-40.0,44.0,0.0,-60.0,47.36842105263158,60.0,-20.0,False,True,False,True,False
11355,3,Argentina,Brazil,25.925925925925927,0.0,-46.15384615384615,60.0,48.148148148148145,25.0,50.0,8.333333333333334,-23.529411764705884,69.23076923076923,53.333333333333336,-41.666666666666664,False,True,False,False,True
11355,4,Argentina,Brazil,16.666666666666668,4.761904761904762,-38.46153846153846,30.434782608695652,38.23529411764706,-5.882352941176469,25.806451612903224,7.999999999999999,-45.0,42.10526315789474,41.37931034482759,33.333333333333336,False,False,True,False,True
11355,5,Argentina,Brazil,22.222222222222218,0.0,-35.714285714285715,46.15384615384615,37.5,-11.111111111111112,31.818181818181817,6.249999999999999,-20.0,58.333333333333336,52.63157894736842,18.181818181818183,False,False,True,False,True
11356,1,Canada,Iran,28.571428571428566,4.166666666666666,0.0,61.53846153846154,46.42857142857143,55.0,-4.347826086956522,11.764705882352942,-25.0,66.66666666666667,22.727272727272723,23.076923076923077,False,,,True,False
11356,2,Canada,Iran,61.111111111111114,7.999999999999999,-1.2918958832001822e-15,46.666666666666664,77.77777777777777,-42.857142857142854,30.76923076923077,10.0,-60.0,66.66666666666667,52.0,-12.5,False,True,False,True,False
11356,3,Canada,Iran,33.333333333333336,4.166666666666667,-33.333333333333336,52.94117647058824,54.166666666666664,5.882352941176472,23.33333333333333,8.695652173913043,-31.25,68.18181818181819,44.827586206896555,23.076923076923077,False,True,False,True,False
11357,1,Tunisia,USA,5.2631578947368425,0.0,-23.076923076923077,52.63157894736842,31.57894736842105,-42.857142857142854,42.857142857142854,8.333333333333334,-8.333333333333336,69.23076923076923,53.84615384615385,60.0,False,,,False,True
11357,2,Tunisia,USA,25.0,0.0,-30.76923076923077,31.57894736842105,48.00000000000001,14.285714285714286,24.0,12.5,-26.666666666666668,68.42105263157895,45.83333333333334,-6.249999999999998,False,False,True,True,False
11357,3,Tunisia,USA,23.80952380952381,0.0,-68.75,50.0,40.00000000000001,-25.0,72.72727272727273,4.166666666666666,-7.142857142857143,83.33333333333333,76.19047619047619,33.333333333333336,False,True,False,False,True
11357,4,Tunisia,USA,31.03448275862069,4.3478260869565215,-58.8235294117647,44.44444444444444,40.74074074074074,-22.22222222222222,48.57142857142857,0.0,-38.46153846153846,75.0,60.0,34.78260869565217,False,False,True,False,True
11358,1,Argentina,France,5.2631578947368425,12.5,-30.76923076923077,60.0,50.0,-16.666666666666668,66.66666666666667,4.166666666666667,-8.333333333333334,57.89473684210526,70.58823529411765,-66.66666666666667,False,,,False,True
11358,2,Argentina,France,51.851851851851855,0.0,-33.333333333333336,69.23076923076923,57.69230769230769,1.3534147347811431e-15,16.666666666666668,0.0,-40.0,72.72727272727273,43.333333333333336,-11.11111111111111,False,False,True,True,False
11358,3,Argentina,France,43.47826086956522,8.0,-26.666666666666668,87.5,60.869565217391305,7.6923076923076925,31.818181818181817,0.0,-50.0,40.0,54.54545454545455,-15.384615384615385,False,True,False,True,False
11358,4,Argentina,France,18.181818181818183,7.142857142857143,-53.84615384615385,57.142857142857146,30.3030303030303,23.80952380952381,42.857142857142854,3.8461538461538463,5.000000000000001,72.72727272727273,54.16666666666668,38.095238095238095,False,True,False,False,True
11358,5,Argentina,France,31.25,0.0,-27.272727272727273,100.0,58.333333333333336,-42.857142857142854,40.0,0.0,-20.0,76.92307692307692,71.42857142857143,-77.77777777777777,False,False,True,True,False
11359,1,Poland,Venezuela,45.833333333333336,7.999999999999999,-8.333333333333334,55.55555555555556,47.61904761904762,36.36363636363637,18.51851851851852,6.25,-19.999999999999996,33.333333333333336,33.333333333333336,13.333333333333334,False,,,True,False
11359,2,Poland,Venezuela,50.0,16.666666666666668,0.0,58.333333333333336,61.111111111111114,7.142857142857143,9.523809523809524,0.0,-50.0,38.095238095238095,38.095238095238095,-30.76923076923077,False,True,False,True,False
11359,3,Poland,Venezuela,34.78260869565217,0.0,-69.23076923076923,50.0,56.52173913043478,10.0,68.42105263157895,8.333333333333334,-22.22222222222222,26.666666666666668,73.6842105263158,-26.666666666666668,False,True,False,False,True
11359,4,Poland,Venezuela,78.94736842105263,20.833333333333332,-57.142857142857146,69.23076923076923,83.33333333333333,20.0,63.63636363636363,6.249999999999999,-40.0,6.25,80.00000000000001,-78.57142857142857,False,False,True,True,False
11360,1,Italy,Japan,51.724137931034484,4.0,-25.0,66.66666666666667,75.99999999999999,14.285714285714281,35.99999999999999,0.0,-41.1764705882353,40.0,44.0,-35.294117647058826,False,,,True,False
11360,2,Italy,Japan,56.0,0.0,-9.09090909090909,46.666666666666664,47.82608695652174,2.3684757858670005e-15,15.625,5.5555555555555545,-42.857142857142854,42.857142857142854,40.625,0.0,False,True,False,True,False
11360,3,Italy,Japan,33.333333333333336,8.333333333333334,-40.0,16.666666666666668,42.857142857142854,0.0,37.5,8.333333333333334,-27.272727272727273,33.333333333333336,53.12499999999999,-17.391304347826086,False,True,False,False,True
11360,4,Italy,Japan,54.166666666666664,4.166666666666667,-29.41176470588235,29.411764705882348,65.21739130434781,-7.142857142857143,33.333333333333336,4.545454545454546,-30.0,36.8421052631579,50.0,-29.41176470588235,False,False,True,True,False
11361,1,Brazil,ROC,11.764705882352942,4.545454545454546,-45.454545454545446,42.10526315789474,38.23529411764706,38.095238095238095,37.03703703703704,0.0,31.25,33.333333333333336,44.0,-30.434782608695652,False,,,False,True
11361,2,Brazil,ROC,10.0,0.0,-33.333333333333336,52.94117647058823,42.10526315789474,-41.1764705882353,51.724137931034484,4.166666666666667,9.999999999999998,20.0,40.0,14.285714285714286,False,False,True,False,True
11361,3,Brazil,ROC,8.0,10.0,-29.411764705882348,25.0,28.0,4.0602442043434294e-15,33.333333333333336,12.0,-8.333333333333334,44.44444444444444,62.5,40.0,False,False,True,False,True
11362,1,Canada,Venezuela,52.38095238095238,4.166666666666666,-10.0,90.9090909090909,61.904761904761905,61.53846153846154,6.666666666666667,0.0,-33.333333333333336,45.45454545454545,23.333333333333332,-15.0,False,,,True,False
11362,2,Canada,Venezuela,52.0,8.0,-28.571428571428573,38.888888888888886,63.99999999999999,17.647058823529413,36.8421052631579,9.090909090909092,-23.076923076923077,44.44444444444444,52.63157894736842,-46.666666666666664,False,True,False,True,False
11362,3,Canada,Venezuela,27.77777777777778,12.5,26.666666666666668,75.0,44.44444444444444,35.714285714285715,-11.11111111111111,0.0,-25.0,19.047619047619047,22.22222222222222,37.5,False,True,False,True,False
11363,1,Brazil,USA,32.25806451612903,3.225806451612903,-58.333333333333336,21.73913043478261,41.935483870967744,-17.24137931034483,46.34146341463415,3.225806451612903,-25.0,48.275862068965516,55.26315789473684,9.999999999999996,False,,,False,True
11363,2,Brazil,USA,46.15384615384615,8.333333333333334,25.0,36.8421052631579,52.00000000000001,-38.46153846153846,36.36363636363637,4.166666666666667,-62.5,45.45454545454545,51.51515151515151,18.181818181818183,False,False,True,True,False
11363,3,Brazil,USA,54.54545454545455,7.999999999999999,-33.333333333333336,66.66666666666667,66.66666666666667,-15.384615384615385,50.0,0.0,-70.0,50.0,68.18181818181817,-41.666666666666664,False,True,False,True,False
11363,4,Brazil,USA,52.17391304347826,8.333333333333334,-21.428571428571427,35.294117647058826,65.21739130434783,0.0,30.0,9.523809523809524,-30.0,45.45454545454545,43.333333333333336,4.545454545454548,False,True,False,True,False
11364,1,Japan,Poland,37.93103448275862,0.0,-58.333333333333336,66.66666666666667,50.0,-9.523809523809524,55.55555555555556,0.0,0.0,66.66666666666667,60.0,-27.77777777777778,False,,,False,True
11364,2,Japan,Poland,44.0,4.545454545454546,-46.15384615384615,52.63157894736841,50.0,7.894919286223335e-16,51.851851851851855,8.333333333333334,-30.76923076923077,38.888888888888886,62.96296296296297,11.111111111111112,False,False,True,False,True
11364,3,Japan,Poland,12.5,0.0,-6.666666666666668,22.22222222222222,40.909090909090914,0.0,25.806451612903224,3.8461538461538463,5.88235294117647,52.38095238095238,43.333333333333336,41.1764705882353,False,False,True,False,True
11365,1,Argentina,Tunisia,25.714285714285715,4.3478260869565215,-71.42857142857143,61.904761904761905,47.05882352941177,16.666666666666668,53.57142857142856,0.0,-25.0,63.63636363636363,53.84615384615385,0.0,False,,,False,True
11365,2,Argentina,Tunisia,56.52173913043478,0.0,-60.0,90.0,69.56521739130436,-41.666666666666664,45.833333333333336,0.0,-58.333333333333336,70.58823529411765,62.5,-21.428571428571427,False,False,True,False,True
11365,3,Argentina,Tunisia,44.44444444444444,8.333333333333334,-31.25,72.22222222222223,58.333333333333336,-28.571428571428573,28.0,0.0,-46.666666666666664,55.0,47.82608695652174,0.0,False,False,True,True,False
11365,4,Argentina,Tunisia,52.17391304347826,4.0,-18.75,86.66666666666667,65.0,19.999999999999993,12.5,0.0,-50.0,42.10526315789474,41.666666666666664,16.666666666666668,False,True,False,True,False
11365,5,Argentina,Tunisia,75.0,0.0,-42.857142857142854,100.0,75.00000000000001,0.0,35.71428571428571,0.0,-62.5,92.3076923076923,40.0,-66.66666666666667,False,True,False,True,False
11366,1,Iran,Italy,25.714285714285715,7.142857142857143,-23.529411764705884,36.0,39.99999999999999,-33.333333333333336,38.70967741935484,6.666666666666667,-16.666666666666664,65.21739130434783,40.625,27.77777777777778,False,,,False,True
11366,2,Iran,Italy,24.0,0.0,9.473903143468002e-16,47.05882352941177,45.833333333333336,10.0,15.624999999999998,8.333333333333334,-7.6923076923076925,73.33333333333333,32.142857142857146,24.999999999999996,False,False,True,False,True
11366,3,Iran,Italy,25.0,4.166666666666667,5.263157894736841,56.25,43.47826086956522,-27.77777777777778,21.428571428571427,0.0,-31.25,58.8235294117647,44.44444444444444,47.05882352941177,False,False,True,True,False
11366,4,Iran,Italy,44.0,9.090909090909092,-63.63636363636363,52.94117647058823,61.90476190476189,-17.647058823529413,63.63636363636363,4.166666666666667,-46.15384615384615,68.75,70.0,-21.428571428571427,False,True,False,False,True
11367,1,France,ROC,33.333333333333336,4.166666666666667,-50.0,50.0,55.555555555555564,18.18181818181818,22.22222222222222,4.545454545454546,-27.77777777777778,60.0,41.666666666666664,0.0,False,,,True,False
11367,2,France,ROC,44.44444444444444,0.0,-42.857142857142854,61.904761904761905,62.5,-29.411764705882355,47.82608695652174,12.5,-35.294117647058826,75.0,52.38095238095238,-28.571428571428573,False,True,False,False,True
11367,3,France,ROC,46.15384615384615,0.0,-11.764705882352942,42.857142857142854,54.54545454545455,23.529411764705884,24.999999999999996,5.5555555555555545,11.111111111111109,59.09090909090909,39.130434782608695,-76.47058823529412,False,False,True,True,False
11367,4,France,ROC,30.76923076923077,0.0,-20.0,53.333333333333336,57.142857142857146,13.333333333333334,18.75,0.0,-17.647058823529413,68.18181818181819,40.0,-17.647058823529413,False,True,False,True,False
11368,1,Canada,Poland,21.73913043478261,0.0,-36.36363636363637,30.0,45.45454545454546,-29.41176470588235,58.333333333333336,12.5,9.090909090909092,64.28571428571428,63.63636363636363,11.11111111111111,False,,,False,True
11368,2,Canada,Poland,31.818181818181813,9.523809523809522,2.3684757858670005e-15,22.22222222222222,50.0,-27.77777777777778,57.89473684210526,8.0,-25.0,26.666666666666668,66.66666666666667,-10.0,False,False,True,False,True
11368,3,Canada,Poland,8.000000000000002,11.764705882352942,-20.0,30.0,34.78260869565217,-38.095238095238095,54.54545454545455,8.333333333333334,26.666666666666668,26.666666666666668,61.904761904761905,7.142857142857139,False,False,True,False,True
11369,1,Brazil,France,60.0,0.0,-27.272727272727273,81.25,66.66666666666667,25.0,34.78260869565217,4.3478260869565215,-45.45454545454545,61.111111111111114,54.54545454545455,-14.285714285714286,False,,,True,False
11369,2,Brazil,France,32.72727272727273,2.702702702702702,-38.888888888888886,47.05882352941177,46.29629629629629,53.84615384615385,33.96226415094339,0.0,-39.285714285714285,56.666666666666664,49.01960784313726,25.0,False,True,False,False,True
11369,3,Brazil,France,61.904761904761905,0.0,-20.0,76.92307692307692,76.19047619047619,23.076923076923077,25.0,0.0,-50.0,50.0,47.82608695652174,-63.63636363636363,False,False,True,True,False
11369,4,Brazil,France,10.0,4.761904761904761,-40.0,63.1578947368421,36.666666666666664,22.222222222222218,40.74074074074074,0.0,-16.666666666666668,52.63157894736842,55.555555555555564,40.0,False,True,False,False,True
11369,5,Brazil,France,52.38095238095238,0.0,-38.46153846153846,71.42857142857143,65.0,9.09090909090909,47.368421052631575,0.0,-50.0,50.0,68.42105263157895,-18.181818181818183,False,False,True,True,False
11370,1,ROC,Tunisia,25.925925925925927,4.166666666666667,14.285714285714286,44.44444444444444,46.15384615384615,20.0,5.465713352000771e-16,9.523809523809524,-15.0,26.31578947368421,26.923076923076923,-23.076923076923077,False,,,True,False
11370,2,ROC,Tunisia,52.0,0.0,-25.0,58.8235294117647,66.66666666666667,-28.571428571428573,32.0,0.0,-46.15384615384615,50.0,52.17391304347827,-20.0,False,True,False,True,False
11370,3,ROC,Tunisia,41.666666666666664,12.5,-41.1764705882353,75.0,61.904761904761905,26.666666666666668,41.66666666666667,0.0,-40.0,21.739130434782606,38.46153846153846,-37.5,False,True,False,True,False
11371,1,Italy,Venezuela,28.571428571428577,4.166666666666667,-50.0,82.3529411764706,44.44444444444444,11.11111111111111,37.5,0.0,-18.181818181818183,63.63636363636363,56.666666666666664,0.0,False,,,True,False
11371,2,Italy,Venezuela,48.148148148148145,0.0,20.0,85.71428571428571,63.99999999999999,41.1764705882353,-10.0,0.0,-40.0,47.05882352941177,21.05263157894737,-50.0,False,True,False,True,False
11371,3,Italy,Venezuela,56.52173913043478,4.166666666666666,-7.142857142857141,76.92307692307692,60.0,30.76923076923077,21.73913043478261,0.0,-62.5,61.111111111111114,36.36363636363637,-18.75,False,True,False,True,False
11372,1,Iran,Japan,27.272727272727266,0.0,-7.692307692307693,52.63157894736842,47.61904761904762,-33.333333333333336,39.130434782608695,8.0,-30.0,60.0,54.54545454545455,-1.7763568394002505e-15,False,,,False,True
11372,2,Iran,Japan,65.21739130434783,12.0,-25.0,64.70588235294117,70.83333333333333,0.0,46.15384615384615,4.999999999999999,-78.57142857142857,50.0,54.166666666666664,-16.666666666666668,False,False,True,True,False
11372,3,Iran,Japan,36.8421052631579,3.4482758620689653,-14.285714285714286,45.833333333333336,52.631578947368425,10.714285714285712,23.25581395348837,6.451612903225806,-27.77777777777778,58.333333333333336,34.146341463414636,37.93103448275861,False,True,False,True,False
11372,4,Iran,Japan,40.625,8.695652173913043,-50.0,75.0,48.38709677419356,0.0,53.57142857142857,0.0,-41.666666666666664,52.94117647058823,57.69230769230769,3.089316242435218e-15,False,True,False,False,True
11372,5,Iran,Japan,50.0,0.0,-50.0,61.53846153846153,53.84615384615385,-60.0,50.0,13.333333333333334,-83.33333333333333,75.0,73.33333333333333,28.571428571428573,False,False,True,False,True
11373,1,Argentina,USA,32.0,20.0,-22.22222222222222,73.33333333333333,55.99999999999999,17.647058823529413,47.36842105263158,0.0,-7.692307692307692,31.57894736842105,55.55555555555556,-33.333333333333336,False,,,True,False
11373,2,Argentina,USA,25.806451612903224,0.0,-6.249999999999998,45.0,46.42857142857143,5.555555555555555,20.689655172413794,4.166666666666667,-11.764705882352942,54.54545454545455,42.857142857142854,-11.764705882352942,False,True,False,True,False
11373,3,Argentina,USA,25.0,8.0,18.181818181818183,60.0,34.48275862068966,3.7037037037037037,25.714285714285715,0.0,-30.0,52.38095238095238,40.625,27.272727272727273,False,True,False,True,False
11374,1,France,Poland,26.92307692307692,4.761904761904762,-43.47826086956522,56.521739130434774,40.0,-28.571428571428573,35.294117647058826,0.0,-18.75,63.1578947368421,54.54545454545455,36.36363636363637,True,,,False,True
11374,2,France,Poland,34.61538461538461,0.0,-12.5,58.8235294117647,50.00000000000001,63.63636363636363,14.285714285714286,0.0,-55.55555555555556,72.22222222222223,42.30769230769231,-18.181818181818183,True,False,True,True,False
11374,3,France,Poland,24.137931034482754,4.761904761904762,-42.857142857142854,57.142857142857146,42.30769230769231,-35.714285714285715,42.857142857142854,0.0,-31.57894736842105,66.66666666666667,60.714285714285715,53.333333333333336,True,True,False,False,True
11374,4,France,Poland,69.23076923076923,0.0,-46.15384615384615,21.05263157894737,76.0,5.882352941176471,42.30769230769231,9.523809523809524,-73.33333333333333,50.0,57.69230769230769,-36.36363636363637,True,False,True,True,False
11374,5,France,Poland,76.92307692307692,0.0,-33.333333333333336,83.33333333333333,76.92307692307692,20.0,43.75,0.0,-72.72727272727273,53.84615384615385,50.0,20.0,True,True,False,True,False
11375,1,Argentina,Italy,40.0,4.545454545454546,-64.70588235294117,26.31578947368421,52.17391304347827,30.76923076923077,56.0,16.666666666666668,-27.272727272727273,70.0,62.5,-11.764705882352942,True,,,False,True
11375,2,Argentina,Italy,34.48275862068966,4.166666666666667,-46.15384615384615,50.0,51.85185185185186,18.75,46.15384615384615,0.0,-41.1764705882353,38.888888888888886,52.0,13.333333333333334,True,False,True,True,False
11375,3,Argentina,Italy,38.46153846153846,3.9999999999999996,-30.0,33.33333333333333,50.0,28.571428571428573,25.806451612903224,0.0,-28.571428571428573,38.095238095238095,45.16129032258065,22.22222222222222,True,True,False,True,False
11375,4,Argentina,Italy,11.11111111111111,0.0,-50.0,40.90909090909091,37.03703703703704,-12.5,58.333333333333336,3.9999999999999996,-5.882352941176471,50.0,59.09090909090909,43.75,True,True,False,False,True
11375,5,Argentina,Italy,47.05882352941177,14.285714285714286,-50.0,72.72727272727273,58.8235294117647,0.0,47.05882352941177,0.0,20.0,33.333333333333336,52.94117647058823,-18.75,True,False,True,True,False
11376,1,Brazil,Japan,35.294117647058826,0.0,-35.714285714285715,52.94117647058823,51.51515151515151,50.0,20.689655172413794,5.0,-52.63157894736842,50.00000000000001,31.999999999999996,25.0,True,,,True,False
11376,2,Brazil,Japan,53.84615384615385,0.0,-36.8421052631579,57.89473684210526,57.69230769230769,12.5,30.303030303030305,4.3478260869565215,-75.0,50.0,48.38709677419355,27.77777777777778,True,True,False,True,False
11376,3,Brazil,Japan,52.17391304347826,0.0,-13.333333333333336,43.75,68.18181818181819,-7.142857142857141,14.814814814814815,9.999999999999998,-44.44444444444444,60.0,37.03703703703704,-23.529411764705884,True,True,False,True,False
11377,1,Canada,ROC,32.142857142857146,4.761904761904762,-20.0,19.047619047619047,48.148148148148145,15.789473684210526,46.15384615384615,16.0,-13.333333333333332,44.44444444444444,52.17391304347827,-5.555555555555552,True,,,False,True
11377,2,Canada,ROC,27.586206896551722,3.448275862068965,8.333333333333332,45.833333333333336,43.333333333333336,-25.0,25.0,3.4482758620689653,-35.294117647058826,65.21739130434783,48.38709677419355,15.384615384615385,True,False,True,False,True
11377,3,Canada,ROC,44.11764705882353,9.090909090909092,-26.666666666666668,17.391304347826086,44.44444444444444,10.714285714285714,50.0,12.0,-31.25,44.44444444444444,48.27586206896551,4.166666666666667,True,False,True,False,True
11378,1,Argentina,France,24.0,4.3478260869565215,-33.33333333333333,64.70588235294117,45.833333333333336,-11.11111111111111,42.30769230769231,8.333333333333334,-38.46153846153846,76.47058823529412,42.30769230769231,15.384615384615385,True,,,False,True
11378,2,Argentina,France,29.032258064516128,0.0,-50.0,59.09090909090909,41.37931034482758,0.0,46.875,0.0,-35.0,73.33333333333333,50.0,26.08695652173913,True,False,True,False,True
11378,3,Argentina,France,13.043478260869565,0.0,-23.076923076923073,50.0,42.857142857142854,-11.11111111111111,22.727272727272723,4.166666666666667,7.6923076923076925,41.1764705882353,55.0,-41.666666666666664,True,False,True,False,True
11379,1,Brazil,ROC,40.0,8.333333333333334,2.0301221021717147e-15,58.8235294117647,53.333333333333336,22.222222222222225,14.814814814814815,5.2631578947368425,-52.94117647058823,36.8421052631579,34.61538461538461,18.75,True,,,True,False
11379,2,Brazil,ROC,3.7037037037037037,13.636363636363637,-46.15384615384615,36.8421052631579,23.076923076923077,-5.88235294117647,32.25806451612903,0.0,2.1862853408003084e-15,33.333333333333336,48.275862068965516,33.333333333333336,True,True,False,False,True
11379,3,Brazil,ROC,31.57894736842105,12.0,-28.571428571428573,59.09090909090909,40.54054054054054,3.846153846153844,46.875,4.0,-31.818181818181817,45.0,50.0,31.818181818181817,True,False,True,False,True
11379,4,Brazil,ROC,52.63157894736842,0.0,-53.333333333333336,55.55555555555556,68.42105263157893,-44.44444444444444,50.0,4.166666666666666,-53.84615384615385,57.89473684210526,66.66666666666667,-20.0,True,False,True,False,True
11380,1,Argentina,Brazil,51.42857142857143,0.0,-33.333333333333336,42.857142857142854,53.125,17.647058823529413,52.0,0.0,-64.70588235294117,66.66666666666667,57.69230769230769,-31.57894736842105,True,,,True,False
11380,2,Argentina,Brazil,21.73913043478261,0.0,-41.666666666666664,55.55555555555556,50.00000000000001,-41.666666666666664,45.833333333333336,0.0,18.181818181818183,62.5,56.52173913043478,-20.0,True,True,False,False,True
11380,3,Argentina,Brazil,10.344827586206897,10.0,-18.75,50.0,32.142857142857146,30.76923076923077,15.384615384615385,8.0,-22.22222222222222,33.33333333333333,37.03703703703704,33.333333333333336,True,False,True,False,True
11380,4,Argentina,Brazil,26.923076923076923,0.0,17.647058823529413,38.46153846153846,47.99999999999999,7.47939721852737e-16,-3.3333333333333335,5.882352941176471,-40.0,50.0,28.571428571428573,-5.882352941176471,True,False,True,True,False
11380,5,Argentina,Brazil,35.714285714285715,0.0,0.0,40.0,46.15384615384615,-8.333333333333336,16.666666666666664,7.142857142857143,-50.0,72.72727272727273,44.444444444444436,71.42857142857143,True,True,False,True,False
11381,1,France,ROC,35.71428571428571,12.5,-63.63636363636363,57.89473684210526,53.57142857142858,5.882352941176468,54.54545454545455,0.0,-25.0,30.0,63.63636363636363,-29.411764705882355,True,,,True,False
11381,2,France,ROC,34.61538461538461,8.0,-9.090909090909092,54.54545454545455,50.00000000000001,26.31578947368421,20.0,0.0,-38.888888888888886,50.0,32.0,27.272727272727273,True,True,False,True,False
11381,3,France,ROC,25.0,4.761904761904762,-56.25,26.31578947368421,41.666666666666664,20.0,34.48275862068966,4.0,-57.142857142857146,52.94117647058823,53.57142857142857,20.0,True,True,False,False,True
11381,4,France,ROC,29.166666666666668,9.090909090909092,-38.46153846153846,63.1578947368421,43.47826086956522,-26.666666666666668,59.09090909090909,0.0,-18.75,37.5,62.5,41.666666666666664,True,False,True,False,True
11381,5,France,ROC,21.05263157894737,7.142857142857143,-60.0,63.63636363636363,38.888888888888886,55.55555555555556,18.75,0.0,-55.55555555555556,53.84615384615385,40.0,12.5,True,False,True,True,False
11700,1,Bulgaria,France,16.0,-7.691538461538461,-55.55444444444444,36.839473684210525,8.3375,60.0,33.33259259259259,-23.076153846153847,33.333333333333336,28.57095238095238,3.5749999999999997,87.5,False,,,False,True
11700,2,Bulgaria,France,26.08695652173913,-28.57095238095238,33.333333333333336,47.05705882352941,4.346086956521739,100.0,41.66458333333333,-24.0004,28.571428571428573,46.666666666666664,0.0,100.0,False,False,True,False,True
11700,3,Bulgaria,France,39.284285714285716,-20.833333333333332,100.0,14.998499999999998,0.0,100.0,46.15384615384615,-12.499166666666667,0.0,38.89,4.346086956521739,66.67,False,False,True,False,True
11701,1,Australia,Germany,38.0947619047619,-30.0,-60.0,18.75,15.0,0.0,57.14380952380952,-21.73913043478261,-44.44222222222223,42.855714285714285,36.36181818181819,80.0,False,,,False,True
11701,2,Australia,Germany,21.741304347826084,-16.66611111111111,-55.55555555555556,15.78842105263158,23.811904761904763,-9.090909090909092,51.85296296296296,-19.999200000000002,-11.11111111111111,39.998000000000005,29.63037037037037,78.57142857142857,False,False,True,False,True
11701,3,Australia,Germany,35.292352941176475,-35.29352941176471,-60.001999999999995,11.11111111111111,21.05263157894737,49.99875,45.455,-16.667083333333334,-55.55444444444444,18.181818181818183,22.72772727272727,90.0,False,False,True,False,True
11702,1,Iran,Japan,37.03666666666667,-31.57842105263158,100.0,56.520434782608696,0.0,50.0,47.998400000000004,-8.0,66.66666666666667,53.846923076923076,0.0,100.0,False,,,False,True
11702,2,Iran,Japan,29.63148148148148,-30.43521739130435,100.0,38.093809523809526,0.0,100.0,17.649117647058826,-12.500416666666666,100.0,43.75,0.0,100.0,False,False,True,False,True
11702,3,Iran,Japan,36.667,-8.3325,,33.3325,26.670333333333335,100.0,39.998285714285714,0.0,-16.666666666666668,47.61666666666667,8.576,85.71428571428571,False,False,True,False,True
11703,1,Serbia,Slovenia,27.028648648648648,-22.727272727272727,-44.44444444444444,18.18409090909091,33.333333333333336,100.0,37.03666666666667,-8.0,0.0,23.52823529411765,38.46153846153846,16.66611111111111,False,,,False,True
11703,2,Serbia,Slovenia,63.63772727272727,-12.0,16.666666666666668,28.569285714285712,40.001,14.287142857142857,38.097142857142856,-22.220555555555553,-16.666666666666668,10.0,61.906666666666666,-24.998333333333335,False,False,True,True,False
11703,3,Serbia,Slovenia,29.998249999999995,-17.145142857142858,-29.410588235294117,37.03592592592593,24.392926829268294,61.111111111111114,29.73027027027027,-17.142857142857142,-0.0009090909090900823,37.929310344827584,26.317105263157895,-0.0011764705882342241,False,True,False,True,False
11703,4,Serbia,Slovenia,49.99818181818182,-7.9996,-11.11111111111111,25.000625,31.818181818181817,30.0,11.538461538461538,-5.556111111111111,-57.142857142857146,27.270000000000003,36.001200000000004,-0.0008333333333325754,False,True,False,True,False
11704,1,Netherlands,Russia,29.62814814814815,-21.051578947368423,-54.54454545454546,9.090909090909092,19.23076923076923,50.0,37.930689655172415,-3.9995999999999996,-28.571428571428573,33.332,26.921538461538464,64.70529411764706,False,,,False,True
11704,2,Netherlands,Russia,50.0025,-34.78260869565217,-80.0,0.001176470588235896,40.0045,39.999,63.15684210526316,-25.000833333333333,-18.180909090909093,40.0,66.66444444444444,-27.273636363636363,False,False,True,False,True
11704,3,Netherlands,Russia,23.077692307692306,12.501666666666667,-16.665833333333335,21.43,30.766153846153845,70.58764705882353,26.08695652173913,-21.05263157894737,9.090909090909092,-13.636818181818182,31.816363636363636,16.666666666666668,False,False,True,True,False
11704,4,Netherlands,Russia,68.75,-14.285714285714286,-21.427142857142858,0.0,37.5,25.0,47.82826086956521,12.5,-75.00083333333333,35.294117647058826,54.54727272727273,55.55555555555556,False,True,False,False,True
11705,1,Canada,USA,25.0,-16.665555555555557,-55.55444444444444,31.57842105263158,14.285714285714286,26.666,45.16193548387097,-16.66625,-0.0016666666666675194,46.666666666666664,24.999374999999997,41.66708333333333,False,,,False,True
11705,2,Canada,USA,37.93137931034483,-12.498750000000001,10.001000000000001,19.048571428571428,20.00133333333333,56.52173913043478,31.705365853658538,-15.38423076923077,-55.55444444444444,30.0,35.14,77.77888888888889,False,False,True,False,True
11705,3,Canada,USA,-17.390869565217393,0.0009523809523814396,0.0012500000000006395,16.665,26.08695652173913,80.0,16.001199999999997,-16.667916666666667,33.33166666666667,15.790526315789473,40.90909090909091,55.55555555555556,False,False,True,False,True
11706,1,Italy,Poland,27.999200000000002,-29.9995,0.0011111111111116794,-5.262631578947368,100.0,26.664666666666665,38.09619047619047,0.00041666666666687985,14.284285714285714,78.57142857142857,100.0,38.46,False,,,False,True
11706,2,Italy,Poland,25.0009375,-19.9995,-7.691538461538461,9.092727272727272,100.0,47.059411764705885,37.03666666666667,-3.9995999999999996,-22.728181818181817,31.25125,100.0,84.61538461538461,False,False,True,False,True
11706,3,Italy,Poland,21.429285714285715,-26.313684210526315,-40.001,5.26421052631579,90.0,53.333999999999996,35.48258064516129,-12.499583333333334,7.142857142857143,64.28642857142857,100.0,55.55611111111111,False,False,True,False,True
11707,1,Argentina,Brazil,37.93,-17.24241379310345,20.0,7.145357142857143,37.9351724137931,63.63545454545454,18.181818181818183,3.225806451612903,-75.0,52.17391304347826,34.3740625,29.411176470588234,False,,,False,True
11707,2,Argentina,Brazil,38.46153846153846,-15.9992,-16.665833333333335,31.81681818181818,21.74,60.0,38.46192307692308,-12.001199999999999,0.0010000000000005115,21.051578947368423,25.0,60.0,False,False,True,False,True
11707,3,Argentina,Brazil,17.391304347826086,-18.75125,-30.0,13.636818181818182,16.6675,0.0010000000000005115,36.0,0.0008000000000004093,-20.0,53.84538461538462,23.9976,59.99933333333333,False,False,True,False,True
11708,1,France,Germany,27.9984,-13.04391304347826,-28.571428571428573,22.22,100.0,25.0,33.333333333333336,-12.500416666666666,0.0,34.999,100.0,36.36363636363637,False,,,False,True
11708,2,France,Germany,56.666666666666664,-20.8325,-11.11111111111111,36.84,90.9090909090909,33.33222222222222,46.4275,-13.043478260869565,-33.333333333333336,31.57894736842105,100.0,35.71357142857143,False,False,True,True,False
11708,3,France,Germany,36.36363636363637,-39.130434782608695,0.0,31.25,100.0,14.285714285714286,42.857142857142854,-29.16541666666667,-37.5,64.28571428571429,100.0,57.142857142857146,False,True,False,False,True
11708,4,France,Germany,45.83416666666667,-4.16625,-7.142857142857143,59.99733333333334,90.91,70.0,17.858571428571427,-11.763529411764706,-45.45454545454545,40.908181818181816,83.33,44.44444444444444,False,False,True,True,False
11708,5,France,Germany,29.41176470588235,17.648235294117647,-37.5,61.53923076923077,83.33,28.571428571428573,40.90909090909091,-13.333333333333334,20.0,0.0,71.43,100.0,False,True,False,True,False
11709,1,Iran,Russia,31.818181818181817,-38.88777777777778,-40.0,11.110555555555557,75.0,55.55555555555556,57.89421052631579,-17.391304347826086,-40.0,45.45363636363636,88.88888888888889,66.66777777777777,False,,,False,True
11709,2,Iran,Russia,44.0004,-4.16625,-35.714285714285715,37.5,100.0,58.8235294117647,29.99866666666667,-14.285714285714286,-46.66466666666666,19.9985,100.0,63.15842105263158,False,False,True,True,False
11709,3,Iran,Russia,27.587241379310345,-19.046666666666667,-30.76923076923077,31.577368421052633,100.0,71.42999999999999,52.00120000000001,-16.666666666666668,-17.64764705882353,17.64588235294118,100.0,53.84461538461539,False,True,False,False,True
11709,4,Iran,Russia,28.57321428571429,-17.64588235294118,-71.42857142857143,40.91045454545454,100.0,77.77777777777777,66.66666666666667,-12.0008,-18.181818181818183,42.85857142857143,90.91,64.28642857142857,False,False,True,False,True
11710,1,Japan,Netherlands,46.155,-9.092272727272727,0.0,47.82608695652174,26.922307692307694,33.333333333333336,65.21826086956521,-4.0,-16.666666666666668,27.778888888888886,31.814999999999998,20.0,False,,,False,True
11710,2,Japan,Netherlands,46.42785714285714,-20.83375,-28.571428571428573,63.16105263157895,29.626666666666665,28.571428571428573,59.26148148148148,-20.83375,33.333333333333336,36.84105263157895,22.225185185185182,18.750625,False,False,True,False,True
11710,3,Japan,Netherlands,36.36272727272728,-29.167083333333334,33.333333333333336,18.749375,26.090434782608696,100.0,12.0,-21.739565217391306,-50.0,47.05882352941177,21.738695652173913,50.0,False,False,True,True,False
11710,4,Japan,Netherlands,62.50208333333333,-20.0,-50.0,35.71214285714286,20.83,0.0014285714285701293,20.83375,-11.764705882352942,-57.142857142857146,25.0,16.0,100.0,False,True,False,True,False
11710,5,Japan,Netherlands,70.002,-7.142857142857143,-25.00125,60.0,37.5,42.857142857142854,17.647058823529413,-44.44444444444444,-50.0,46.15461538461538,29.41176470588235,20.0,False,True,False,True,False
11711,1,Australia,Bulgaria,17.391304347826086,-19.047619047619047,-0.0016666666666675194,-10.526315789473685,8.7,33.333333333333336,26.088260869565215,-8.000399999999999,-43.75,41.1764705882353,50.0,71.42857142857143,False,,,False,True
11711,2,Australia,Bulgaria,27.778888888888886,-14.284761904761906,-40.0,-17.647058823529413,11.11,-8.3325,44.44277777777778,-4.16625,-37.5,35.294117647058826,38.89,-0.0014285714285701293,False,False,True,False,True
11711,3,Australia,Bulgaria,7.142857142857143,-15.0,-53.84538461538462,10.524736842105261,19.23153846153846,47.368947368421054,18.183030303030304,-11.998800000000001,-24.999166666666667,29.411176470588234,9.087878787878788,83.33222222222223,False,False,True,False,True
11712,1,Poland,Serbia,33.33233333333333,-16.0004,-18.181818181818183,33.33047619047619,26.670333333333335,53.84615384615385,30.434347826086956,-15.999600000000001,-70.0,10.526315789473685,38.09952380952381,72.72727272727273,False,,,True,False
11712,2,Poland,Serbia,42.85857142857143,3.9979999999999984,-25.002499999999998,6.668000000000001,19.05,60.0,25.926666666666666,-15.78842105263158,-33.333333333333336,19.046666666666667,34.62,78.57000000000001,False,True,False,True,False
11712,3,Poland,Serbia,38.09619047619047,-4.761428571428572,-46.15384615384615,36.361363636363635,40.0,0.0,49.9985,0.0012000000000000454,-50.0,-12.499375,25.0,28.571428571428573,False,True,False,False,True
11712,4,Poland,Serbia,44.998000000000005,3.9996000000000005,-0.0009999999999990906,27.273636363636363,23.813333333333333,69.23,13.044782608695652,-13.333333333333334,-57.14142857142857,5.0,22.727272727272727,77.77777777777777,False,False,True,True,False
11713,1,Italy,Slovenia,23.334666666666667,4.347391304347826,0.0,19.9995,29.999666666666666,100.0,44.8248275862069,-8.0,33.333333333333336,23.80952380952381,22.221111111111114,100.0,False,,,False,True
11713,2,Italy,Slovenia,23.334333333333333,-15.000499999999999,100.0,35.001,26.666666666666668,100.0,44.444074074074074,-8.331666666666665,100.0,20.0,23.998800000000003,100.0,False,False,True,False,True
11713,3,Italy,Slovenia,23.81047619047619,-39.99933333333333,50.0,10.000499999999999,28.568095238095236,50.0,38.46230769230769,-8.000399999999999,100.0,66.66666666666667,31.819090909090907,100.0,False,False,True,False,True
11714,1,Argentina,Canada,4.544545454545454,-23.52764705882353,-60.0,35.001,38.1,-11.11111111111111,50.00055555555556,-19.9996,16.666666666666668,61.53769230769231,29.41,11.110000000000001,False,,,False,True
11714,2,Argentina,Canada,28.573571428571427,-18.181818181818183,-14.285714285714286,13.636363636363637,21.43,42.857142857142854,38.09571428571429,4.166666666666667,-45.45454545454545,6.248749999999999,20.003999999999998,42.85785714285714,False,False,True,False,True
11714,3,Argentina,Canada,-4.761904761904762,-35.29352941176471,-49.999,16.66611111111111,14.283333333333333,22.22222222222222,33.33190476190477,-20.834166666666665,-20.0,54.54545454545455,36.84,55.55555555555556,False,False,True,False,True
11715,1,Brazil,USA,32.0004,-8.332916666666668,100.0,44.44388888888889,16.665,,34.78304347826087,-21.740434782608695,100.0,29.9995,36.36818181818182,,False,,,True,False
11715,2,Brazil,USA,38.70870967741936,-3.9991999999999996,33.333333333333336,15.789473684210526,7.6899999999999995,100.0,32.255806451612905,-4.3478260869565215,100.0,27.272727272727273,20.000333333333334,100.0,False,True,False,True,False
11715,3,Brazil,USA,34.78260869565217,-8.332916666666668,42.857142857142854,7.140714285714286,4.17,66.66666666666667,12.121515151515151,-25.0,25.0,39.999,16.668,100.0,False,True,False,True,False
11716,1,Australia,France,25.80516129032258,-25.924444444444447,-26.666666666666668,22.72681818181818,25.802258064516128,71.42857142857143,24.999285714285715,-14.814444444444446,-23.075384615384618,29.999000000000002,40.74,31.25,False,,,False,True
11716,2,Australia,France,37.5,-20.832916666666666,6.250625,43.75125,36.0,57.142857142857146,10.713214285714287,-19.04904761904762,-41.6675,31.57894736842105,37.03703703703704,46.666000000000004,False,False,True,True,False
11716,3,Australia,France,12.90258064516129,-26.666666666666668,-50.0,9.09,20.002666666666663,61.111111111111114,45.45590909090909,4.167083333333333,-11.763529411764706,30.0,26.317894736842106,47.059411764705885,False,True,False,False,True
11716,4,Australia,France,32.0004,-8.69391304347826,-66.66666666666667,15.786315789473681,28.571428571428573,81.81727272727272,41.37896551724138,-16.0004,-15.385384615384615,21.05421052631579,40.74074074074074,85.71428571428571,False,False,True,False,True
11717,1,Iran,Netherlands,52.38,-16.66875,33.333333333333336,21.42571428571429,19.996,53.333999999999996,11.538461538461538,-10.52578947368421,-83.33333333333333,5.880588235294118,18.52,59.99933333333333,False,,,True,False
11717,2,Iran,Netherlands,37.500416666666666,-24.0,-18.181818181818183,27.775,33.33208333333334,54.54545454545455,17.39217391304348,-13.042173913043477,-11.11,16.66888888888889,30.433478260869567,0.0,False,True,False,True,False
11717,3,Iran,Netherlands,53.57107142857143,-10.344827586206897,-20.0,23.076153846153847,32.145714285714284,-16.666666666666668,38.23529411764706,-10.344827586206897,-69.22923076923077,8.696521739130436,26.46794117647059,62.5,False,True,False,True,False
11718,1,Bulgaria,Germany,54.54636363636364,-16.001199999999997,-13.333333333333334,0.0,28.57,77.77777777777777,14.286190476190475,-10.524736842105261,-36.36272727272728,10.524736842105261,23.81,57.14142857142857,False,,,True,False
11718,2,Bulgaria,Germany,19.445,-4.761904761904762,-28.571428571428573,12.499583333333334,24.999444444444446,66.66722222222222,30.000666666666667,4.0004,-23.077692307692306,17.646470588235296,17.24206896551724,60.86913043478261,False,True,False,False,True
11718,3,Bulgaria,Germany,58.82411764705882,-8.000399999999999,-22.22222222222222,16.66611111111111,41.1764705882353,0.0,20.832916666666666,0.0,-40.0,15.786842105263156,20.831666666666667,20.0,False,False,True,True,False
11718,4,Bulgaria,Germany,5.714857142857142,-17.856785714285714,16.666666666666668,33.33238095238095,20.58617647058824,80.00066666666666,24.999285714285715,-26.666333333333334,5.555555555555555,27.270909090909093,17.86,28.571428571428573,False,True,False,False,True
11718,5,Bulgaria,Germany,7.144999999999999,-16.666666666666668,-59.998000000000005,22.221111111111114,23.08,71.42857142857143,35.294117647058826,-28.572142857142858,14.285714285714286,10.0,11.76,88.88888888888889,False,False,True,False,True
11719,1,Japan,Russia,45.16258064516129,-17.857499999999998,-42.857142857142854,23.807142857142857,35.48129032258065,35.29470588235294,34.4848275862069,-11.539230769230768,-10.0,34.780434782608694,48.27931034482759,41.66833333333333,False,,,True,False
11719,2,Japan,Russia,40.73925925925926,-11.53730769230769,-25.0,19.048571428571428,25.928888888888892,0.0012499999999988631,40.53756756756757,-17.85607142857143,-28.572142857142858,40.91090909090909,31.427142857142858,61.53769230769231,False,True,False,False,True
11719,3,Japan,Russia,19.353870967741937,-9.523809523809524,-80.0,14.286666666666665,10.34,25.00125,61.111111111111114,-8.332083333333333,5.557777777777777,29.413529411764703,41.18,0.0,False,False,True,False,True
11719,4,Japan,Russia,40.6253125,-20.834166666666665,16.668333333333333,31.581052631578945,20.69103448275862,21.739565217391306,22.22222222222222,-9.090454545454547,-6.2524999999999995,47.36578947368421,33.333333333333336,35.294117647058826,False,False,True,True,False
11719,5,Japan,Russia,45.455,-20.0,33.333333333333336,13.333333333333334,23.80952380952381,33.33166666666667,26.668,6.666666666666667,-80.0,16.665833333333335,6.664666666666666,37.5,False,True,False,True,False
11720,1,Argentina,USA,28.570357142857144,-27.9996,50.0,22.223333333333333,32.0,100.0,18.181818181818183,-17.39260869565217,0.0,38.89111111111111,42.85857142857143,25.000833333333333,False,,,True,False
11720,2,Argentina,USA,12.501249999999999,-19.04714285714286,33.333333333333336,-10.524736842105261,23.076923076923077,46.15384615384615,19.231923076923074,-8.001600000000002,0.0011111111111116794,41.178823529411765,43.9992,30.76923076923077,False,True,False,False,True
11720,3,Argentina,USA,6.665333333333333,0.0,-22.22222222222222,34.9985,33.333333333333336,0.0,45.16258064516129,-16.6675,9.090000000000002,62.500625,31.03655172413793,61.53692307692308,False,False,True,False,True
11720,4,Argentina,USA,11.764705882352942,-15.788947368421054,-66.66777777777777,6.666666666666667,25.003125,0.0011111111111116794,57.69384615384615,-36.0004,-42.857142857142854,33.333999999999996,32.004,44.44444444444444,False,False,True,False,True
11721,1,Brazil,Canada,51.85333333333333,0.0,-60.0,53.331333333333326,39.9996,61.53769230769231,35.9976,-16.666666666666668,-42.85857142857143,4.762380952380953,30.434782608695652,16.66611111111111,False,,,True,False
11721,2,Brazil,Canada,37.035185185185185,-7.998799999999999,25.0,37.5,14.814814814814815,45.45454545454545,23.998800000000003,-20.000999999999998,-33.33222222222222,19.047619047619047,26.090000000000003,50.001,False,True,False,True,False
11721,3,Brazil,Canada,21.21242424242424,-9.090909090909092,-39.998000000000005,10.526315789473685,12.900967741935483,35.0015,44.44444444444444,-19.9996,14.285714285714286,15.790526315789473,11.11,18.75,False,True,False,False,True
11721,4,Brazil,Canada,34.3740625,-7.406666666666666,-15.385384615384615,38.095238095238095,27.276060606060607,63.1578947368421,29.40941176470588,-11.999600000000001,-8.3325,56.0004,21.21,31.24875,False,False,True,True,False
11722,1,Poland,Slovenia,22.856571428571428,-9.090454545454547,-37.5,42.85809523809524,9.67741935483871,-25.0,38.23558823529412,-16.000799999999998,-25.0,59.9995,28.12625,40.0,False,,,False,True
11722,2,Poland,Slovenia,34.3740625,4.000800000000001,-11.11111111111111,30.0005,22.578064516129036,19.99866666666667,39.39484848484848,-8.695652173913043,16.666666666666668,29.165000000000003,33.333636363636366,6.664,False,False,True,True,False
11722,3,Poland,Slovenia,26.924230769230768,-31.58,-75.00125,21.05263157894737,30.433913043478263,62.50125,23.53029411764706,-12.0,-100.0,30.76923076923077,20.689655172413794,45.45454545454545,False,True,False,False,True
11722,4,Poland,Slovenia,19.998,-4.166666666666667,-30.767692307692307,47.61904761904762,37.5,33.33222222222222,26.829756097560974,-8.332916666666668,-37.50125,45.456818181818186,32.43297297297297,45.45454545454545,False,False,True,False,True
11723,1,Italy,Serbia,17.14257142857143,-13.043478260869565,-25.0,26.314736842105265,8.576,61.11055555555556,37.14228571428571,-23.998800000000003,-21.05263157894737,35.0005,14.704411764705881,90.0,False,,,False,True
11723,2,Italy,Serbia,48.276896551724136,-23.998800000000003,-28.572857142857142,23.527058823529412,17.858571428571427,31.57842105263158,27.272121212121213,-18.18136363636364,-30.0,15.788947368421054,15.625625,42.10526315789474,False,False,True,True,False
11723,3,Italy,Serbia,18.184545454545457,-13.635454545454547,0.0,31.816363636363633,18.17727272727273,53.33266666666667,34.613461538461536,-7.9996,13.332666666666666,49.99944444444444,18.521111111111114,37.499375,False,True,False,False,True
11723,4,Italy,Serbia,26.08521739130435,-15.788947368421054,-40.0,18.750625,12.503333333333332,10.526315789473685,51.61129032258064,-25.0,-12.49875,24.998124999999998,31.03448275862069,46.665333333333336,False,False,True,False,True
11724,1,Argentina,Germany,72.22222222222223,-15.999600000000001,-12.5,33.33533333333333,58.8235294117647,0.0012500000000006395,42.10578947368421,-15.78842105263158,-71.42857142857143,44.999,19.9975,-40.0,False,,,True,False
11724,2,Argentina,Germany,47.05823529411765,-26.08782608695652,-37.5,13.04304347826087,28.1209375,55.55444444444444,45.83375,4.0,-50.00071428571429,52.94411764705882,25.0,-0.0007142857142850646,False,True,False,False,True
11724,3,Argentina,Germany,18.51851851851852,-16.66611111111111,-45.45636363636363,52.38285714285714,10.717857142857143,54.54454545454546,49.99875,-12.499583333333334,9.090909090909092,66.66733333333333,23.078461538461536,42.857142857142854,False,False,True,False,True
11724,4,Argentina,Germany,31.03344827586207,-29.16625,-28.571428571428573,33.33222222222222,24.137931034482758,71.42857142857143,24.999642857142856,-24.999583333333334,-40.00066666666667,6.249375000000001,0.0,76.92307692307692,False,False,True,True,False
11724,5,Argentina,Germany,37.03666666666667,-26.666,-60.0,40.0,23.08,76.47176470588235,50.00071428571429,-23.075384615384618,-23.076923076923077,9.092727272727274,7.140714285714286,25.00125,False,True,False,True,False
11725,1,Canada,Iran,41.66625,-0.00041666666666687985,-21.427857142857142,-5.553888888888888,47.82521739130435,28.571428571428573,37.03666666666667,-8.69608695652174,-62.5,30.433913043478263,32.142857142857146,37.499375,False,,,True,False
11725,2,Canada,Iran,34.48137931034483,-26.08695652173913,-69.23230769230769,36.83894736842105,39.28642857142857,50.00071428571429,60.0005,-20.83458333333333,-23.532941176470587,6.249375,25.002000000000002,37.5,False,True,False,False,True
11725,3,Canada,Iran,22.22222222222222,-22.72681818181818,-22.223333333333333,4.761428571428572,16.665833333333335,45.45363636363636,27.272727272727273,-3.9995999999999996,-7.6923076923076925,29.411176470588234,30.434782608695652,20.0,False,False,True,False,True
11725,4,Canada,Iran,22.22074074074074,-8.695652173913043,-33.33416666666667,33.33444444444444,37.038518518518515,35.714285714285715,48.14925925925926,-24.999166666666667,18.184545454545454,44.996500000000005,48.14740740740741,26.666666666666668,False,False,True,False,True
11726,1,Japan,Serbia,48.27448275862069,-15.999600000000001,100.0,53.84615384615385,20.689655172413794,27.77722222222222,35.0,-27.77722222222222,-33.33222222222222,34.998000000000005,33.332857142857144,-57.142857142857146,False,,,True,False
11726,2,Japan,Serbia,53.57214285714286,-8.695217391304348,-100.0,47.61952380952381,29.63037037037037,-5.882352941176471,65.385,-12.0,-36.36363636363637,47.618095238095236,51.995999999999995,-7.691538461538461,False,True,False,False,True
11726,3,Japan,Serbia,26.666,-13.043478260869565,-21.428571428571427,49.99849999999999,10.347931034482757,7.693076923076924,38.708387096774196,-16.665833333333335,-24.998333333333335,44.9985,30.29939393939394,33.33222222222222,False,False,True,False,True
11726,4,Japan,Serbia,-10.713928571428571,0.0,-40.0,39.12782608695652,7.407407407407407,-0.0014285714285721593,50.0,-7.999199999999999,42.857142857142854,49.99916666666667,22.72909090909091,42.857142857142854,False,False,True,False,True
11727,1,Brazil,France,19.566739130434783,-13.514054054054053,-34.78391304347826,38.708064516129035,42.551702127659574,56.52173913043478,31.708780487804876,-17.94923076923077,-37.500416666666666,16.667333333333332,24.38878048780488,34.78130434782609,False,,,False,True
11727,2,Brazil,France,27.272727272727273,-5.2631578947368425,-60.001999999999995,-0.0005000000000002558,27.27136363636364,0.0,48.27448275862069,-12.500416666666666,-53.84615384615385,18.749375,51.85444444444444,87.5,False,False,True,False,True
11727,3,Brazil,France,43.7503125,-17.856785714285714,-36.84157894736842,33.3325,43.334666666666664,38.88722222222222,48.57142857142857,-16.665666666666667,-63.63636363636363,43.47652173913043,28.573142857142855,12.0008,False,False,True,False,True
11728,1,Netherlands,Slovenia,18.517037037037035,-11.111666666666666,-12.5,14.285714285714286,7.142857142857143,33.33166666666667,47.823913043478264,-4.001200000000001,0.0011111111111116794,50.0,17.391739130434782,42.855714285714285,False,,,False,True
11728,2,Netherlands,Slovenia,4.545454545454546,-31.248124999999998,-38.46153846153846,36.84157894736842,8.69608695652174,75.0,39.12826086956522,-16.66625,-14.287142857142856,27.272727272727273,8.695652173913043,57.142857142857146,False,False,True,False,True
11728,3,Netherlands,Slovenia,23.075000000000003,-16.66611111111111,-62.49875,13.04391304347826,7.6923076923076925,100.0,52.17304347826087,0.0,-20.0,35.71214285714286,12.0,53.846923076923076,False,False,True,False,True
11729,1,Australia,Poland,3.570357142857143,-12.5,-50.0,38.09285714285714,18.52074074074074,-14.287142857142856,42.10526315789474,-7.9996,10.0,46.15461538461538,15.789473684210526,20.0,False,,,False,True
11729,2,Australia,Poland,-9.090454545454547,-27.272727272727273,-100.0,-5.555,4.761904761904762,0.0012500000000006395,55.0005,-4.166666666666667,22.22222222222222,25.0,25.003999999999998,100.0,False,False,True,False,True
11729,3,Australia,Poland,5.555555555555555,-33.333333333333336,-83.33333333333333,13.04304347826087,4.997999999999999,0.0,49.99928571428571,8.0008,12.49875,37.4975,15.383076923076922,14.285714285714286,False,False,True,False,True
11730,1,Bulgaria,Italy,36.66566666666667,-15.78842105263158,-58.333333333333336,34.78434782608696,9.673548387096774,27.272727272727273,59.25962962962963,-3.9983999999999997,-33.33416666666667,43.749375,22.22222222222222,52.38095238095238,False,,,False,True
11730,2,Bulgaria,Italy,31.998,0.00040000000000020466,-14.285714285714286,12.502500000000001,11.11111111111111,50.0,25.000416666666666,-15.0,-22.22222222222222,13.042608695652175,16.664583333333333,-13.332666666666666,False,False,True,True,False
11730,3,Bulgaria,Italy,7.693076923076924,-7.691538461538461,-66.66666666666667,13.638636363636362,3.9984,41.6675,60.869565217391305,-4.0004,0.0018181818181827484,16.665833333333335,27.272727272727273,71.42999999999999,False,True,False,False,True
11730,4,Bulgaria,Italy,65.38576923076923,-8.000399999999999,-20.0,10.000499999999999,15.387692307692308,21.43,38.235882352941175,-4.347391304347826,-57.142857142857146,21.74086956521739,20.58529411764706,23.529411764705884,False,False,True,True,False
11730,5,Bulgaria,Italy,40.001,-33.333333333333336,100.0,60.0,39.995999999999995,-57.144285714285715,63.63636363636363,-26.666,-25.0,37.5,27.272727272727273,50.0,False,True,False,False,True
11731,1,Russia,USA,45.83208333333334,-20.833333333333332,-50.001,16.665555555555557,19.045238095238094,22.224444444444444,31.998800000000003,-17.391739130434782,-71.42857142857143,11.111666666666668,36.36363636363637,31.24875,False,,,True,False
11731,2,Russia,USA,53.332,-16.0016,-24.998333333333335,41.177058823529414,28.569285714285716,52.940588235294115,27.586206896551722,-10.525789473684211,-46.15384615384615,28.57,28.572142857142858,35.714285714285715,False,True,False,True,False
11731,3,Russia,USA,4.1675,-5.882352941176471,-75.0,27.77722222222222,19.9976,57.142857142857146,52.17434782608696,-20.0,-0.0009090909090900823,19.999333333333333,30.43565217391304,38.46153846153846,False,True,False,False,True
11731,4,Russia,USA,55.17551724137931,-20.0004,-25.0,31.25125,35.714285714285715,42.857142857142854,33.33416666666667,-15.789473684210526,-20.0,30.002,47.997600000000006,-5.262631578947369,False,False,True,True,False
11732,1,Argentina,Slovenia,16.666,-10.525789473684211,-33.33166666666667,10.0,41.37586206896551,55.55444444444444,39.998,-8.0012,-26.314736842105265,5.883529411764706,30.0,75.0,False,,,False,True
11732,2,Argentina,Slovenia,24.998214285714283,-17.391304347826086,11.11,17.648235294117647,21.43,26.08782608695652,35.48548387096774,-29.166666666666668,-16.665833333333335,42.108421052631584,46.873125,62.49875,False,False,True,False,True
11732,3,Argentina,Slovenia,17.24137931034483,-27.77722222222222,-10.001000000000001,14.283809523809525,23.334,37.50125,37.49875,-11.9992,-21.427857142857142,7.6923076923076925,40.0032,57.89578947368421,False,False,True,False,True
11733,1,Germany,Netherlands,40.0,-11.11111111111111,-75.0,47.618095238095236,16.66944444444444,-37.5,66.6675,-11.999600000000001,-45.45363636363636,42.85857142857143,43.9992,69.23,False,,,False,True
11733,2,Germany,Netherlands,45.83291666666667,-28.0,-5.2631578947368425,23.529411764705884,4.170833333333333,54.54545454545455,19.353548387096776,-17.389565217391304,-36.36272727272728,44.44444444444444,19.35290322580645,77.77777777777777,False,False,True,True,False
11733,3,Germany,Netherlands,28.57095238095238,-9.998999999999999,-57.142857142857146,21.05263157894737,9.527142857142858,27.271818181818183,52.17521739130434,-8.0,-44.44555555555556,41.1764705882353,12.5,70.0,False,True,False,False,True
11733,4,Germany,Netherlands,38.46153846153846,-4.0,-60.0,42.10368421052632,3.5742857142857143,35.29529411764706,29.999333333333333,-8.695217391304348,-40.0,30.436521739130434,16.668,28.572857142857142,False,False,True,True,False
11733,5,Germany,Netherlands,33.335,-14.285714285714286,-40.0,24.998333333333335,10.526315789473685,60.0,43.74875,-14.285714285714286,-27.272727272727273,18.182727272727274,12.496875,71.42857142857143,False,True,False,False,True
11734,1,Brazil,Japan,46.666666666666664,-0.0008333333333331675,-20.0,38.888333333333335,39.28285714285715,44.443333333333335,46.15384615384615,-14.285714285714286,-71.42857142857143,18.180454545454545,30.766153846153845,28.571428571428573,False,,,True,False
11734,2,Brazil,Japan,52.38095238095238,4.0012,0.0,23.076923076923077,38.09142857142857,70.0,22.72772727272727,-18.74875,-33.33222222222222,4.543636363636366,36.36772727272727,44.443333333333335,False,True,False,True,False
11734,3,Brazil,Japan,34.376875,-12.500416666666666,-50.0,6.250624999999999,37.4971875,70.8325,19.229615384615386,-14.284761904761906,23.076153846153847,10.0,33.33,13.332666666666666,False,True,False,True,False
11735,1,France,Serbia,47.37,-20.833333333333332,-30.0,50.0,5.004,14.286428571428571,34.61615384615384,-39.13130434782609,-42.85642857142857,38.89111111111111,25.92185185185185,100.0,False,,,True,False
11735,2,France,Serbia,33.333333333333336,0.0011538461538472906,-44.44444444444444,47.05823529411765,27.78,-57.142857142857146,50.0,-25.0,-44.44444444444444,22.725454545454543,22.724999999999998,33.33222222222222,False,True,False,True,False
11735,3,France,Serbia,27.274848484848484,-4.545454545454546,-75.00125,34.78260869565217,15.628125,31.25125,60.0,-4.0,-31.81863636363636,16.668888888888887,24.9975,75.0,False,True,False,False,True
11735,4,France,Serbia,45.16161290322581,-25.0,-72.72636363636364,28.571428571428573,22.582580645161293,47.05882352941177,43.47782608695652,-8.3325,-24.999166666666667,50.00111111111111,22.727272727272727,0.0,False,False,True,False,True
11735,5,France,Serbia,-0.001875000000000071,0.0,-50.0,23.075384615384618,0.0,14.287142857142857,43.74875,-7.142857142857143,0.0,44.44444444444444,13.333333333333334,75.0,False,False,True,False,True
11736,1,Iran,Italy,32.14142857142857,-7.6923076923076925,-24.999166666666667,23.528823529411767,17.857857142857142,23.076923076923077,27.776944444444446,-16.666666666666668,-40.0,13.637727272727272,12.118484848484847,10.52736842105263,False,,,True,False
11736,2,Iran,Italy,26.315263157894737,-14.285714285714286,0.0,17.390434782608697,15.38205128205128,33.33428571428571,21.052105263157895,-14.285,-55.55444444444444,31.818181818181817,19.99942857142857,52.63157894736842,False,True,False,True,False
11736,3,Iran,Italy,28.1228125,4.545454545454546,-64.28571428571429,14.285238095238096,10.001333333333331,0.0007142857142860797,42.105,-4.16625,-70.001,54.54363636363637,15.786842105263156,61.111111111111114,False,True,False,False,True
11736,4,Iran,Italy,39.286071428571425,-4.166666666666667,-40.0,27.77777777777778,17.24137931034483,-8.334999999999999,44.0,-13.043478260869565,-25.0,42.857619047619046,26.924615384615382,-20.000666666666667,False,False,True,True,False
11737,1,Poland,USA,43.47695652173913,-3.9999999999999996,0.0,27.272727272727273,33.33708333333333,57.89526315789474,20.688965517241378,-29.41176470588235,0.0016666666666675194,31.817272727272726,37.93103448275862,40.00066666666667,False,,,True,False
11737,2,Poland,USA,17.241724137931033,-22.221481481481483,-14.285,27.776111111111113,48.27931034482759,76.47117647058823,12.5,-29.63,55.55555555555556,42.85666666666667,36.66566666666667,17.391304347826086,False,True,False,True,False
11737,3,Poland,USA,59.091818181818184,-11.9988,30.0,35.71357142857143,36.36,26.667333333333332,22.223333333333333,-17.64764705882353,-20.0,31.81681818181818,38.46307692307692,-26.666666666666668,False,True,False,True,False
11738,1,Australia,Russia,19.047619047619047,-10.525789473684211,-50.0,52.94117647058823,19.045714285714286,-14.287142857142857,50.0,-28.0004,-25.0,58.825294117647054,24.137931034482758,42.857142857142854,False,,,False,True
11738,2,Australia,Russia,28.124375,-12.0,-50.0025,25.000999999999998,17.24137931034483,38.46153846153846,40.001666666666665,-12.000399999999999,-33.33444444444444,52.37952380952381,26.667333333333332,33.333333333333336,False,False,True,False,True
11738,3,Australia,Russia,3.2251612903225793,-4.76047619047619,-25.0,40.0005,9.676451612903225,70.001,23.333000000000002,-16.0004,0.0009090909090900823,57.896842105263154,10.715714285714284,-0.0012500000000006395,False,False,True,False,True
11739,1,Bulgaria,Canada,29.997999999999998,-3.844230769230769,-44.44444444444444,43.47826086956522,19.997999999999998,10.001499999999998,46.8759375,-14.285357142857142,-18.182727272727274,26.08782608695652,22.581935483870968,11.764705882352942,False,,,False,True
11739,2,Bulgaria,Canada,35.48096774193548,-16.666666666666668,-33.333333333333336,9.523333333333333,9.674838709677418,43.74875,42.30769230769231,-8.333333333333334,-21.427142857142858,15.789473684210526,15.387692307692308,33.333333333333336,False,False,True,False,True
11739,3,Bulgaria,Canada,18.18227272727273,-37.499375,-28.571428571428573,-0.0009090909090913742,27.269999999999996,62.5,26.316842105263156,8.0,-40.0,0.0,35.29117647058823,75.0,False,False,True,False,True
11740,1,Argentina,Netherlands,60.001,-4.0012,11.11111111111111,5.884117647058823,28.568571428571424,-20.000999999999998,16.0,5.2642105263157895,-28.571428571428573,36.36454545454546,16.002,-33.33444444444444,False,,,True,False
11740,2,Argentina,Netherlands,44.826206896551724,-12.499583333333334,0.0,35.294117647058826,37.03703703703704,28.569285714285712,21.876875000000002,-9.523333333333333,-11.11111111111111,42.855714285714285,25.80548387096774,-11.112222222222222,False,True,False,True,False
11740,3,Argentina,Netherlands,28.125625,-11.999600000000001,-25.001666666666665,22.220555555555553,27.270606060606063,30.76923076923077,18.42157894736842,-17.390434782608697,16.665,45.45545454545454,8.104864864864865,31.25,False,True,False,True,False
11741,1,Germany,Slovenia,19.231923076923074,-26.316315789473684,-38.46230769230769,11.11,11.112592592592591,33.333333333333336,44.0,-24.002,18.182727272727274,50.00142857142857,31.996799999999997,25.0,False,,,False,True
11741,2,Germany,Slovenia,40.74111111111111,-12.0,-38.46153846153846,13.333333333333334,25.927407407407404,60.8704347826087,24.9990625,-9.9995,-53.84538461538462,15.001499999999998,25.713714285714286,94.73684210526316,False,False,True,True,False
11741,3,Germany,Slovenia,50.00153846153846,-8.332916666666666,-22.22,38.888888888888886,24.137931034482758,21.051578947368423,35.715357142857144,-18.18136363636364,-23.076923076923077,21.052105263157895,50.0,64.28714285714285,False,True,False,True,False
11741,4,Germany,Slovenia,27.274545454545454,-19.9992,9.090000000000002,18.749375,18.75125,63.63681818181818,7.407407407407407,-14.999,-42.85642857142857,22.221666666666668,28.571428571428573,47.36736842105263,False,True,False,True,False
11742,1,France,Japan,30.768076923076926,-13.636363636363637,-71.42857142857143,31.815454545454543,30.77,25.0,45.83291666666667,-4.166666666666667,-27.272727272727273,41.17529411764706,44.0,18.180909090909093,False,,,False,True
11742,2,France,Japan,51.72379310344827,-20.83375,-40.0,39.9995,20.689655172413794,-9.091818181818182,33.33259259259259,-8.695652173913043,-42.857142857142854,42.10368421052632,23.07730769230769,-35.714999999999996,False,False,True,True,False
11742,3,France,Japan,35.71214285714286,-19.999200000000002,-28.570714285714285,21.05315789473684,23.076923076923077,100.0,30.305757575757575,-12.0008,11.112222222222222,45.0,14.286571428571428,9.09,False,True,False,False,True
11742,4,France,Japan,40.0004,-4.167083333333333,-33.333333333333336,37.5,13.636363636363637,-27.269999999999996,39.9992,-27.27227272727273,-71.42857142857143,49.998636363636365,15.386538461538462,-25.0,False,False,True,True,False
11742,5,France,Japan,42.85785714285714,7.142857142857143,-33.333333333333336,20.0,16.67,14.285714285714286,38.46307692307692,-16.666666666666668,-100.0,16.666666666666668,15.383076923076922,0.0,False,True,False,True,False
11743,1,Brazil,Serbia,35.71321428571429,-26.087391304347825,-23.077692307692306,50.0,35.71714285714286,60.0,30.76923076923077,-12.0,-33.333333333333336,41.177058823529414,57.69461538461538,31.250625,False,,,False,True
11743,2,Brazil,Serbia,57.142857142857146,-20.000799999999998,-25.00125,42.857142857142854,39.285714285714285,46.153076923076924,32.25709677419355,-4.3478260869565215,-54.54545454545455,30.0,29.02967741935484,50.0,False,False,True,True,False
11743,3,Brazil,Serbia,55.0,-4.165,-10.001,8.333333333333334,42.10631578947368,57.14214285714286,7.407037037037037,-12.501249999999999,-50.0,14.283809523809525,22.224444444444444,30.76846153846154,False,True,False,True,False
11743,4,Brazil,Serbia,47.618095238095236,-16.0,-26.666666666666668,21.051578947368423,45.0,28.571428571428573,16.668333333333333,-9.090909090909092,-20.0,44.997499999999995,31.996799999999997,11.11111111111111,False,True,False,True,False
11744,1,Poland,Russia,36.84315789473684,-9.090909090909092,-46.15461538461538,22.22222222222222,52.62842105263158,57.142857142857146,59.092727272727274,-16.66625,-22.221111111111114,11.766470588235295,31.814999999999998,53.846923076923076,False,,,False,True
11744,2,Poland,Russia,41.178823529411765,-4.1675,-12.5,0.0,41.173529411764704,14.285714285714286,22.221111111111114,-15.001,-33.33222222222222,5.264736842105263,38.89166666666667,14.284285714285714,False,False,True,True,False
11744,3,Poland,Russia,39.285714285714285,0.00040000000000020466,-5.555555555555555,0.0,18.516666666666666,61.111111111111114,20.0,0.0005263157894739535,-42.85642857142857,13.042608695652175,13.793448275862069,53.33266666666667,False,True,False,True,False
11744,4,Poland,Russia,42.10578947368421,-8.332916666666668,-23.077692307692306,24.99875,31.575263157894735,66.66666666666667,12.5,-46.66733333333333,-44.44444444444444,0.0015789473684218603,16.0004,83.335,False,True,False,True,False
11745,1,Australia,USA,25.64153846153846,-8.332916666666668,-33.33444444444444,25.0035,13.153684210526315,54.16625,39.39242424242424,-16.66625,-0.000588235294117948,36.36272727272728,26.46794117647059,36.36318181818182,False,,,False,True
11745,2,Australia,USA,22.726363636363637,-20.0005,-66.66666666666667,19.047619047619047,26.08695652173913,-37.5025,28.57238095238095,-11.9992,-25.0,24.9975,36.36772727272727,54.54545454545455,False,False,True,False,True
11745,3,Australia,USA,12.499583333333334,-11.11111111111111,-37.5,-11.110555555555557,8.698695652173912,46.66733333333333,54.9995,-4.166666666666667,-9.090909090909092,26.666666666666668,29.996999999999996,41.666666666666664,False,False,True,False,True
11746,1,Bulgaria,Iran,3.2277419354838712,-10.0,-50.0,0.0018181818181821025,23.337,60.0,42.103157894736846,-4.000800000000001,-4.999499999999999,-6.25,10.525263157894736,30.000999999999998,False,,,False,True
11746,2,Bulgaria,Iran,26.087391304347825,-18.7509375,-33.33190476190477,17.24103448275862,33.33022222222222,74.999,28.94684210526316,-6.2503125,-29.166666666666668,24.0,26.313157894736843,45.45318181818182,False,False,True,False,True
11746,3,Bulgaria,Iran,42.857142857142854,-31.81863636363636,-50.0,-11.764705882352942,22.22277777777778,62.5,52.38095238095238,-24.0,-50.0,7.142857142857143,14.997,66.66666666666667,False,False,True,False,True
11747,1,Canada,Italy,3.225806451612903,-5.0,-23.53,23.806666666666665,17.24,61.53923076923077,25.925555555555555,-4.166666666666667,16.66444444444444,22.22222222222222,13.792068965517242,69.23153846153846,False,,,False,True
11747,2,Canada,Italy,6.452580645161292,9.523809523809524,-63.63727272727272,36.36272727272728,26.66466666666667,31.251875,54.9985,-8.0,21.428571428571427,15.786842105263156,-4.765714285714286,38.46153846153846,False,False,True,False,True
11747,3,Canada,Italy,26.470882352941175,-12.000399999999999,-28.57,45.001,17.64941176470588,63.1578947368421,11.536923076923078,-4.761904761904762,-20.000999999999998,23.80761904761905,16.668333333333333,0.0006666666666670077,False,False,True,True,False
11747,4,Canada,Italy,41.93677419354839,-14.815925925925924,-63.63545454545454,21.05263157894737,16.668666666666667,50.0,52.17391304347826,-22.22259259259259,-33.33416666666667,4.761904761904762,12.5,-12.500625,False,True,False,True,False
11747,5,Canada,Italy,10.52578947368421,-41.666666666666664,0.0,30.77076923076923,16.666666666666668,100.0,15.384615384615385,-7.142857142857143,-33.333333333333336,28.57,0.0,33.33111111111111,False,True,False,False,True
11748,1,Germany,Serbia,35.714999999999996,-8.3325,-9.998999999999999,6.250625000000001,27.586206896551722,66.66555555555556,20.8325,-9.999500000000001,-46.666000000000004,5.2631578947368425,36.36181818181819,35.714285714285715,False,,,True,False
11748,2,Germany,Serbia,15.38423076923077,-17.390869565217393,8.334166666666667,16.666666666666668,37.038518518518515,50.0,27.58448275862069,-20.833333333333332,0.0006250000000003197,-5.881764705882353,20.689655172413794,55.55444444444444,False,True,False,False,True
11748,3,Germany,Serbia,41.17529411764706,-33.33277777777778,-44.44444444444444,5.554444444444444,33.336111111111116,-37.5,66.6661111111111,-20.0004,-12.5,33.333333333333336,50.0,50.0,False,False,True,False,True
11748,4,Germany,Serbia,4.544545454545454,-18.749375,-63.63636363636363,27.778888888888886,29.170416666666668,50.0,54.9995,-16.666666666666668,11.11111111111111,16.665833333333335,31.57894736842105,40.0,False,False,True,False,True
11749,1,Australia,Japan,37.49916666666667,-15.78842105263158,-16.666666666666668,30.002499999999998,34.786521739130436,-17.646470588235296,55.554444444444435,-8.331666666666665,-16.666666666666668,49.99625,37.03925925925926,64.28571428571429,False,,,False,True
11749,2,Australia,Japan,42.85657142857143,-16.66625,-21.428571428571427,18.180909090909093,11.424857142857142,38.88944444444444,20.690344827586205,4.545,-41.1764705882353,39.9985,40.0,47.057647058823534,False,False,True,True,False
11749,3,Australia,Japan,27.585172413793103,-11.110740740740741,-21.05421052631579,13.637272727272727,13.336000000000002,37.499375,29.410588235294117,-14.814814814814815,-15.384615384615385,47.82608695652174,30.300303030303034,55.555,False,True,False,False,True
11749,4,Australia,Japan,31.57921052631579,-16.66625,-18.181818181818183,18.180909090909093,24.995555555555555,45.83375,38.88916666666667,-11.539230769230768,-25.0,50.001,31.427714285714288,42.306538461538466,False,False,True,False,True
11750,1,France,Russia,32.25806451612903,-21.73913043478261,-45.45363636363636,36.84105263157895,43.333333333333336,50.0,39.999,-16.66625,-31.24875,23.528823529411767,32.14357142857143,76.47058823529412,False,,,False,True
11750,2,France,Russia,60.0012,-12.5,-6.667333333333333,12.500625,19.231153846153845,42.85785714285714,29.167916666666667,-15.788947368421054,-71.42928571428571,15.789473684210526,34.786521739130436,50.0,False,False,True,True,False
11750,3,France,Russia,32.255806451612905,-6.665333333333333,-23.53,22.725,36.66866666666667,68.75,37.930689655172415,-14.286071428571429,-47.36736842105263,7.691923076923077,22.22222222222222,62.5,False,True,False,True,False
11750,4,France,Russia,35.0,-4.166666666666667,-0.0009090909090900823,18.181818181818183,22.221111111111114,40.00266666666666,33.33296296296297,-45.0005,-30.000999999999998,19.046190476190475,38.464615384615385,30.0,False,True,False,True,False
11751,1,Canada,Slovenia,39.997,-36.36590909090909,-37.5,45.45318181818182,9.376249999999999,0.0016666666666651508,42.857619047619046,-7.9996,-50.0,57.14214285714286,28.568095238095236,33.333999999999996,False,,,False,True
11751,2,Canada,Slovenia,64.7035294117647,-4.999499999999999,-50.0,-10.0,22.225,-14.285714285714286,73.68315789473684,0.0,-33.333333333333336,23.528823529411767,31.57894736842105,24.99875,False,False,True,False,True
11751,3,Canada,Slovenia,20.0,-13.636363636363637,-16.6675,5.883529411764706,-4.344347826086957,14.286428571428573,34.37625,-32.0,0.0,26.315263157894737,6.0606060606060606,50.0,False,False,True,False,True
11752,1,Argentina,Italy,9.755609756097561,-21.428571428571427,20.0,19.9984,32.5,26.666666666666668,11.765882352941176,-6.666333333333333,5.554999999999999,22.727272727272727,3.029090909090909,6.6659999999999995,False,,,False,True
11752,2,Argentina,Italy,12.499,-9.090454545454547,-28.57,25.0,15.786842105263156,14.285714285714286,32.349999999999994,-12.5,25.0,47.36684210526316,23.532647058823528,19.999000000000002,False,False,True,False,True
11752,3,Argentina,Italy,29.165833333333335,-25.0005,0.0,10.527894736842105,17.393478260869564,0.0,52.17391304347826,-16.0,-14.285714285714286,53.330000000000005,22.73090909090909,29.998,False,False,True,False,True
11753,1,Iran,USA,38.88944444444444,-12.5,0.0007692307692311628,26.313684210526315,-2.7750000000000004,88.88888888888889,13.794827586206894,-5.0,-41.1764705882353,26.316842105263156,21.875,63.63590909090909,False,,,True,False
11753,2,Iran,USA,35.48516129032258,-7.9996,11.11111111111111,34.998,19.35290322580645,33.331428571428575,34.374375,-13.043478260869565,-33.33222222222222,36.36181818181819,18.183030303030304,33.33166666666667,False,True,False,True,False
11753,3,Iran,USA,24.99875,0.0008333333333337597,-36.36363636363637,38.888888888888886,15.998399999999998,35.714285714285715,25.924814814814816,-20.83375,-9.090909090909092,18.18318181818182,21.428571428571427,74.99875,False,True,False,True,False
11754,1,Bulgaria,Poland,23.079615384615384,-31.57842105263158,0.0,25.002,15.386538461538462,50.0,36.36363636363637,-8.0,-25.00125,38.46,27.273636363636363,25.0,False,,,False,True
11754,2,Bulgaria,Poland,25.0,-31.249375,,29.998,12.003200000000001,-33.33444444444444,68.42105263157895,-8.334166666666667,-22.223333333333333,63.63636363636363,42.101052631578945,20.000999999999998,False,False,True,False,True
11754,3,Bulgaria,Poland,6.666666666666667,-8.333333333333334,-100.0,21.05315789473684,26.667333333333332,-37.5,60.0004,-12.0024,0.0012500000000006395,10.0,15.386538461538462,81.81818181818181,False,False,True,False,True
11755,1,Brazil,Netherlands,28.571428571428573,4.0,-26.668,25.002499999999998,26.087391304347825,63.63636363636363,34.48275862068966,-36.84315789473684,-22.221111111111114,28.001199999999997,28.56857142857143,50.0,False,,,True,False
11755,2,Brazil,Netherlands,51.849629629629625,-8.332916666666668,-15.384615384615385,38.89,27.9956,58.333333333333336,44.82689655172414,-17.391304347826086,-26.665333333333333,31.818181818181817,25.927407407407404,21.428571428571427,False,True,False,True,False
11755,3,Brazil,Netherlands,29.411176470588234,-3.704074074074074,-0.0016666666666675194,21.738695652173913,20.589411764705883,100.0,14.287142857142856,3.9995999999999996,-39.999,33.33583333333333,13.791724137931034,43.748125,False,True,False,True,False
11756,1,Iran,Serbia,18.18318181818182,-3.9988,-6.249375,18.75,23.80952380952381,30.77,6.2484375,-14.286190476190475,-14.285714285714286,4.546363636363637,18.181818181818183,55.55444444444444,False,,,True,False
11756,2,Iran,Serbia,19.048571428571428,0.0,-37.50125,23.81095238095238,19.05,59.998000000000005,71.42809523809524,-8.0,18.181818181818183,50.00214285714286,33.333333333333336,30.77,False,True,False,False,True
11756,3,Iran,Serbia,57.69461538461538,-14.285714285714286,-50.0,35.0,42.31115384615385,53.84615384615385,55.55518518518519,-15.385,-33.333333333333336,31.81954545454545,38.45769230769231,-6.666,False,False,True,True,False
11756,4,Iran,Serbia,30.769615384615385,-9.090909090909092,-14.285714285714286,27.271818181818183,11.541153846153845,-0.0009090909090913742,42.30769230769231,-7.9996,-9.090909090909092,22.22222222222222,34.61538461538461,11.111666666666666,False,True,False,False,True
11756,5,Iran,Serbia,18.182727272727274,-25.0,-66.66666666666667,8.334166666666667,25.0,-37.5,59.999,-6.665333333333333,-19.997999999999998,50.0,50.0,28.572857142857142,False,False,True,False,True
11757,1,Canada,Russia,22.223333333333333,-15.79,-33.333333333333336,20.0015,25.925925925925927,-7.1428571428571415,55.0,-8.3325,16.666666666666668,14.287142857142856,5.0024999999999995,-0.0012500000000006395,False,,,False,True
11757,2,Canada,Russia,10.714642857142858,-22.22222222222222,0.0,50.0005,18.515555555555554,6.666666666666667,54.166666666666664,-20.0,25.0,30.767692307692307,12.0,63.63636363636363,False,False,True,False,True
11757,3,Canada,Russia,52.173478260869565,-11.999600000000001,-16.666666666666668,10.526315789473685,8.694782608695652,16.666666666666668,40.0012,-4.346086956521739,-37.50125,28.57,11.114444444444446,0.0,False,False,True,True,False
11757,4,Canada,Russia,7.407777777777778,-0.00043478260869525673,-11.11111111111111,15.78842105263158,16.0,50.00083333333333,28.57107142857143,-20.0004,25.0,14.998499999999998,14.81037037037037,49.99875,False,True,False,False,True
11758,1,France,Slovenia,41.66625,-12.499583333333334,-28.572857142857142,76.92307692307692,60.87130434782608,35.294117647058826,34.999,-27.77777777777778,-8.332500000000001,15.788947368421054,42.855714285714285,-16.665833333333335,False,,,True,False
11758,2,France,Slovenia,57.142857142857146,-11.999600000000001,-12.5,36.36363636363637,50.00357142857143,-0.002000000000001023,33.333333333333336,-36.84157894736842,-66.66555555555556,15.0,52.38333333333333,0.0016666666666675194,False,True,False,True,False
11758,3,France,Slovenia,19.9984,-21.738260869565217,-36.36363636363637,41.17823529411765,31.997600000000002,5.882352941176471,38.46346153846154,-28.002799999999997,-30.76846153846154,23.527058823529412,53.84653846153846,66.666,False,True,False,False,True
11758,4,France,Slovenia,14.284285714285714,-10.000499999999999,-39.999,16.666666666666668,46.15384615384615,42.85642857142857,54.16625,-16.66625,-7.691538461538462,5.883529411764706,36.0012,47.37,False,False,True,False,True
11758,5,France,Slovenia,16.6675,-33.333333333333336,-50.0,30.0,50.00416666666666,-11.11111111111111,64.285,-26.666666666666668,-33.33166666666667,33.33166666666667,53.84307692307693,87.50125,False,False,True,False,True
11759,1,Argentina,Australia,33.333,-8.3325,-30.0,28.571428571428573,27.58655172413793,83.33333333333333,12.499375,-21.05263157894737,50.0,31.819999999999997,10.0,29.999000000000002,False,,,True,False
11759,2,Argentina,Australia,57.692692307692305,-7.9996,-22.22222222222222,58.82588235294117,48.151111111111106,0.0,29.62925925925926,-10.525263157894736,-25.0,33.33190476190477,20.0032,-38.46230769230769,False,True,False,True,False
11759,3,Argentina,Australia,55.555925925925926,-12.500416666666666,-83.33333333333333,49.99888888888889,49.99923076923077,46.153076923076924,47.36842105263158,-14.285238095238096,-14.285714285714286,27.77722222222222,11.761764705882353,-55.55555555555556,False,True,False,True,False
11760,1,Germany,USA,-4.348695652173913,-30.76923076923077,-50.0,5.262631578947368,26.085652173913044,50.0,55.0005,-8.331249999999999,7.142142857142857,25.00125,25.0,85.71428571428571,False,,,False,True
11760,2,Germany,USA,8.0,-22.221111111111114,-45.45363636363636,0.0,19.23076923076923,68.749375,39.998400000000004,-24.0,-7.6923076923076925,23.075384615384618,32.0,100.0,False,False,True,False,True
11760,3,Germany,USA,23.999200000000002,-25.00142857142857,-18.184545454545454,19.998,40.001599999999996,27.272727272727273,34.613076923076925,-25.000357142857144,0.0,10.526315789473685,37.50083333333333,35.714285714285715,False,False,True,False,True
11761,1,Brazil,Bulgaria,72.21999999999998,-8.0,-37.5,30.76923076923077,47.055882352941175,14.284285714285714,27.77777777777778,-18.748124999999998,-33.333333333333336,-0.002000000000001023,15.789473684210526,-33.33166666666667,False,,,True,False
11761,2,Brazil,Bulgaria,56.52304347826087,-8.33375,-66.665,11.112222222222222,36.36363636363637,0.0008333333333337597,50.0,-17.391739130434782,-40.0,15.0,33.33,33.33083333333333,False,True,False,True,False
11761,3,Brazil,Bulgaria,37.49875,11.9988,-22.22222222222222,62.5025,24.99875,70.0,-4.167083333333333,-33.333333333333336,-25.0,-4.349565217391302,12.500416666666666,66.66666666666667,False,True,False,True,False
11762,1,Italy,Japan,48.38645161290323,-3.9995999999999996,-18.74875,24.9985,24.99875,24.0,28.570285714285717,-4.761904761904762,-44.44388888888889,39.13260869565217,38.88944444444444,54.9995,False,,,True,False
11762,2,Italy,Japan,42.85857142857143,-13.636363636363637,-61.111666666666665,15.788947368421054,28.568571428571428,91.6675,69.23115384615384,-24.000799999999998,-33.33416666666667,11.11111111111111,31.997600000000002,23.53058823529412,False,True,False,False,True
11762,3,Italy,Japan,36.36227272727273,-12.0,11.765882352941176,0.0,28.568571428571424,23.077692307692306,14.705294117647059,-13.635454545454547,-33.333333333333336,40.90681818181818,30.305757575757575,38.88944444444444,False,False,True,True,False
11762,4,Italy,Japan,15.789736842105263,-6.666666666666667,-28.571428571428573,8.333333333333334,18.420263157894738,47.82565217391304,37.14142857142857,4.000000000000001,-9.999500000000001,38.46153846153846,19.999142857142857,59.25925925925926,False,True,False,False,True
11762,5,Italy,Japan,25.000625,-33.33222222222222,-57.142857142857146,0.0,13.337333333333333,55.556666666666665,41.1764705882353,6.6659999999999995,-16.665,50.0,37.500625,69.23,False,False,True,False,True
11763,1,Netherlands,Poland,0.001034482758621219,-26.666,-42.855714285714285,0.0010000000000005115,10.715,58.82470588235294,37.499583333333334,-4.167916666666667,15.383846153846154,45.45454545454545,17.391304347826086,73.33333333333333,False,,,False,True
11763,2,Netherlands,Poland,15.384615384615385,-29.41176470588235,-50.0,15.789473684210526,20.0004,50.00071428571429,55.55444444444444,-12.0008,-15.384615384615385,25.0,16.667777777777776,33.333333333333336,False,False,True,False,True
11763,3,Netherlands,Poland,15.0,-29.41176470588235,-40.0,-0.0005000000000002558,0.0,25.0,39.9975,-8.33375,12.5,20.0,42.10526315789474,58.8235294117647,False,False,True,False,True
11764,1,Germany,Iran,34.48068965517241,-13.042608695652175,-22.22222222222222,21.05263157894737,20.689655172413794,45.0015,45.16129032258065,-15.998800000000001,-41.66833333333333,47.3678947368421,28.568571428571428,55.0015,False,,,False,True
11764,2,Germany,Iran,66.66722222222222,-28.0004,0.0012500000000006395,28.571428571428573,11.764705882352942,-10.0,35.001,-30.0005,-44.443333333333335,38.88777777777778,29.996999999999996,42.857142857142854,False,False,True,True,False
11764,3,Germany,Iran,53.333333333333336,-4.165833333333333,-20.0,21.427142857142858,35.71,0.0,26.314736842105265,-25.0,25.0,0.0,25.0005,25.0,False,True,False,True,False
11764,4,Germany,Iran,14.284285714285712,-25.0,-29.998,23.527058823529412,19.045714285714286,27.272727272727273,43.47869565217391,-29.167916666666667,-0.0010000000000005115,35.71357142857143,43.47826086956522,57.14214285714286,False,True,False,False,True
11764,5,Germany,Iran,49.99875,-21.427142857142858,16.666666666666668,25.00125,42.857142857142854,0.0016666666666675194,23.077692307692306,-28.572142857142858,0.0,30.0,30.76923076923077,33.333333333333336,False,False,True,True,False
11765,1,Russia,Slovenia,42.10526315789474,-8.331249999999999,7.6923076923076925,23.07461538461538,22.22277777777778,27.272727272727273,26.923461538461538,-30.0,-45.45545454545454,10.001000000000001,20.833333333333332,23.076923076923077,False,,,True,False
11765,2,Russia,Slovenia,22.222962962962963,-12.5,-9.524761904761904,10.000499999999999,6.666666666666667,62.500625,18.180909090909097,-8.332083333333332,-18.180909090909093,10.0,17.645294117647058,87.5,False,True,False,False,True
11765,3,Russia,Slovenia,28.571428571428573,-8.3325,-27.272727272727273,6.25,19.9996,83.33333333333333,39.13086956521739,-26.086521739130436,-33.3325,14.998,25.000833333333333,26.666666666666668,False,False,True,True,False
11765,4,Russia,Slovenia,30.76846153846154,-4.761428571428572,-61.54,29.999000000000002,40.7437037037037,36.36272727272728,55.557037037037034,-16.6675,18.182727272727274,15.788947368421054,25.925925925925927,66.66666666666667,False,True,False,False,True
11765,5,Russia,Slovenia,0.0,-11.112222222222222,-66.66666666666667,0.0,0.0,50.0,61.54230769230769,-7.140714285714286,-16.666666666666668,0.0014285714285721593,14.283571428571426,100.0,False,False,True,False,True
11766,1,Argentina,Japan,35.8974358974359,-12.903225806451612,-31.25,48.15148148148149,49.99894736842106,35.0005,43.244324324324324,-9.677096774193549,-41.6675,46.15384615384615,28.944736842105264,12.499583333333334,False,,,False,True
11766,2,Argentina,Japan,40.001599999999996,-8.3325,-0.0007142857142850646,41.666666666666664,33.33708333333333,55.55555555555556,13.793103448275861,-29.410588235294117,-46.15384615384615,19.04619047619048,21.428571428571427,61.53769230769231,False,False,True,True,False
11766,3,Argentina,Japan,37.142857142857146,-0.0003999999999996362,-38.46153846153846,18.75125,29.409411764705883,37.93034482758621,19.999249999999996,-11.11111111111111,-14.285714285714286,4.3478260869565215,24.390243902439025,61.53730769230769,False,True,False,True,False
11766,4,Argentina,Japan,28.572142857142858,-8.33375,-14.285714285714286,38.88722222222222,40.74222222222222,53.84538461538462,16.666999999999998,-18.18136363636364,-50.001666666666665,9.999500000000001,30.003999999999998,36.8421052631579,False,True,False,True,False
11767,1,Bulgaria,Netherlands,54.545,-4.167083333333333,-16.666666666666668,42.857142857142854,27.269999999999996,61.53769230769231,40.0,-26.31578947368421,-36.36363636363637,0.0005263157894739535,21.049473684210525,20.0,False,,,True,False
11767,2,Bulgaria,Netherlands,41.1764705882353,-5.262631578947368,-77.77777777777777,-12.499375,33.336,-0.0016666666666675194,80.95142857142858,-16.666666666666668,-22.22222222222222,44.44444444444444,57.14,28.571428571428573,False,True,False,False,True
11767,3,Bulgaria,Netherlands,27.58586206896552,-29.411176470588234,-33.3325,4.346521739130435,13.791724137931034,20.0,37.93,-0.0008000000000004093,-30.000999999999998,8.333333333333334,29.62962962962963,63.15842105263158,False,False,True,False,True
11767,4,Bulgaria,Netherlands,50.0005,0.0008000000000004093,-14.285714285714286,11.765882352941176,40.0045,18.182727272727274,30.76923076923077,-9.091363636363637,-57.142857142857146,4.348695652173912,15.386538461538462,7.6923076923076925,False,False,True,True,False
11767,5,Bulgaria,Netherlands,42.855714285714285,-7.143571428571429,-14.285714285714286,10.0,28.571428571428573,11.11,40.001999999999995,-21.429285714285715,-40.0,16.668333333333333,6.664,0.0,False,True,False,True,False
11768,1,Australia,Italy,20.000666666666667,-10.0,-66.66666666666667,28.56952380952381,26.669333333333334,50.0,50.0,-15.999600000000001,-25.0,11.765882352941176,24.9975,24.99875,False,,,False,True
11768,2,Australia,Italy,29.999000000000002,-26.08695652173913,8.334166666666667,0.0,9.093636363636364,33.333333333333336,30.769615384615385,-25.0,-22.22222222222222,17.647058823529413,42.30769230769231,45.45454545454545,False,False,True,False,True
11768,3,Australia,Italy,20.690689655172413,-7.142857142857143,-28.571428571428573,27.27227272727273,12.118484848484847,13.333333333333334,65.38576923076923,-7.9996,0.0,61.54,29.62740740740741,50.0,False,False,True,False,True
11769,1,Serbia,USA,49.99916666666667,-8.334166666666667,-30.000999999999998,27.776111111111113,22.72772727272727,-15.385384615384615,35.715357142857144,-20.83375,-33.33222222222222,28.57095238095238,15.383076923076922,16.666666666666668,False,,,True,False
11769,2,Serbia,USA,59.999,-0.00040000000000020466,33.33444444444444,0.0,15.0,-16.665,21.428214285714287,-11.764117647058825,-57.142857142857146,34.78260869565217,32.14607142857143,-20.0,False,True,False,True,False
11769,3,Serbia,USA,22.728181818181817,-15.789473684210526,-60.0,15.790526315789473,31.819090909090907,9.091818181818182,39.9988,-7.9988,25.0,56.2525,25.0,-0.0012500000000006395,False,True,False,False,True
11769,4,Serbia,USA,51.85148148148148,-11.111481481481482,-27.273636363636363,19.997999999999998,16.666666666666668,-30.76846153846154,51.85259259259259,-20.0,-83.33333333333333,50.001363636363635,25.00392857142857,-16.666666666666668,False,False,True,True,False
11770,1,Canada,France,29.62888888888889,-15.9992,-6.666,27.77777777777778,24.137931034482758,62.49875,7.144642857142856,-10.0,9.998999999999999,28.571428571428573,6.664000000000001,6.249375000000001,False,,,True,False
11770,2,Canada,France,33.333333333333336,-33.33428571428571,-30.77,31.816363636363636,32.142857142857146,49.99928571428571,23.807619047619045,3.9995999999999996,-8.333333333333334,50.0,28.568095238095236,15.385384615384615,False,True,False,False,True
11770,3,Canada,France,25.71457142857143,-8.695217391304348,-35.71357142857143,31.818181818181817,16.666666666666668,63.1578947368421,40.00266666666666,-8.33375,-25.0,40.0015,9.375,61.111111111111114,False,False,True,False,True
11770,4,Canada,France,3.224516129032258,-17.647058823529413,-40.001,31.818181818181817,10.342758620689654,53.84615384615385,33.333333333333336,-11.999600000000001,39.999,35.714285714285715,22.224444444444444,29.412941176470586,False,False,True,False,True
11771,1,Brazil,Poland,57.69307692307692,-16.0004,-18.180909090909093,23.076153846153847,15.998399999999998,14.285714285714286,29.16458333333333,-23.52823529411765,-50.0,42.10526315789474,20.000799999999998,0.0008333333333337597,False,,,True,False
11771,2,Brazil,Poland,51.28435897435898,-14.815555555555555,-50.0,8.334583333333333,10.808108108108108,6.666,53.1234375,-7.407407407407407,-29.999000000000002,43.48,15.628125,-8.333333333333334,False,True,False,True,False
11771,3,Brazil,Poland,21.428571428571427,-8.0,39.998000000000005,41.666666666666664,10.714642857142858,53.84615384615385,16.666,-31.58,-14.284285714285714,39.13,13.79,0.0008333333333337597,False,True,False,True,False
11772,1,Russia,Serbia,42.308846153846154,8.000399999999999,-28.571428571428573,47.61904761904762,25.927407407407404,33.33416666666667,48.15,-4.346086956521738,-39.99933333333333,12.50125,23.075384615384618,9.09,False,,,True,False
11772,2,Russia,Serbia,29.03290322580645,-12.499583333333334,-6.251875,5.2631578947368425,10.344827586206897,71.42857142857143,15.6246875,-13.043478260869565,-7.6923076923076925,29.997000000000003,21.8784375,47.36684210526316,False,True,False,True,False
11772,3,Russia,Serbia,27.58551724137931,-13.04304347826087,-14.282857142857141,24.999000000000002,12.90548387096774,60.0,43.47869565217391,-12.499166666666667,-50.001875,15.78842105263158,22.73090909090909,16.6675,False,True,False,False,True
11772,4,Russia,Serbia,29.62888888888889,-20.832916666666666,-7.6923076923076925,47.05882352941177,29.626666666666665,66.66666666666667,14.287142857142857,-22.727272727272727,-42.857142857142854,5.881764705882353,14.284285714285714,26.667333333333332,False,False,True,True,False
11773,1,Australia,Iran,14.286071428571429,-4.1674999999999995,-37.5,55.553333333333335,23.076923076923077,-14.285714285714286,17.856428571428573,-20.832916666666666,42.857142857142854,14.285714285714286,10.714285714285714,7.6923076923076925,False,,,True,False
11773,2,Australia,Iran,25.806451612903224,-4.0004,-28.572857142857142,52.631052631578946,14.284285714285714,53.33266666666667,19.99833333333333,-9.092272727272727,0.0,45.45636363636363,13.329,7.693076923076924,False,True,False,True,False
11773,3,Australia,Iran,23.076153846153847,-13.042173913043477,16.6675,54.54636363636364,7.696153846153846,-33.33111111111111,24.999642857142856,-7.999200000000001,-44.44444444444444,40.0005,14.28857142857143,0.0,False,True,False,False,True
11773,4,Australia,Iran,3.5714285714285716,-26.316315789473684,0.0,39.997499999999995,11.11111111111111,-0.0015384615384601392,31.819090909090907,-12.5,0.002500000000001279,28.572857142857142,23.813333333333333,28.571428571428573,False,False,True,False,True
11773,5,Australia,Iran,43.74875,-7.142857142857143,-100.0,36.36181818181819,17.647058823529413,-20.0,18.75,-7.6923076923076925,-75.0,33.33583333333333,18.75,0.0,False,False,True,True,False
11774,1,Argentina,Bulgaria,46.15384615384615,-24.999583333333334,-27.271818181818183,25.0,25.926666666666666,71.42928571428571,31.819090909090907,-19.047619047619047,-11.11,38.88666666666667,0.0,-33.33166666666667,False,,,True,False
11774,2,Argentina,Bulgaria,4.166666666666667,-11.764117647058825,-49.99875,10.525263157894736,12.500833333333333,19.999333333333333,48.001599999999996,-16.66625,0.0,38.46153846153846,27.272727272727273,74.99916666666667,False,True,False,False,True
11774,3,Argentina,Bulgaria,50.000454545454545,-4.166666666666667,-36.36363636363637,31.249375,21.73913043478261,45.45454545454545,26.085217391304344,-10.526315789473685,-37.5,4.9995,8.335833333333333,30.0,False,False,True,True,False
11774,4,Argentina,Bulgaria,85.0,-16.000799999999998,-38.88666666666667,33.333333333333336,34.998000000000005,30.76846153846154,25.00125,-11.11111111111111,-77.77777777777777,25.0,9.093333333333334,18.75,False,True,False,True,False
11775,1,Germany,Japan,29.166666666666668,-44.44444444444444,75.0,27.271818181818183,11.541538461538464,-45.45454545454545,30.770384615384614,-4.0,0.0,59.999,26.08695652173913,5.556111111111111,False,,,False,True
11775,2,Germany,Japan,37.03703703703704,-21.738260869565217,-50.0,47.36631578947369,7.406666666666666,-25.001666666666665,43.33166666666667,-20.835416666666667,0.0,58.8235294117647,13.79586206896552,84.61461538461539,False,False,True,False,True
11775,3,Germany,Japan,43.331,-9.998999999999999,-66.66666666666667,8.69608695652174,0.0,42.857142857142854,59.26074074074075,0.0,-33.33166666666667,41.1764705882353,36.0008,6.665333333333335,False,False,True,False,True
11776,1,Italy,USA,3.703333333333333,-33.333999999999996,-100.0,10.0,17.86,56.249375,47.62,-8.0,8.333333333333334,60.001,13.636363636363637,73.33266666666667,False,,,False,True
11776,2,Italy,USA,19.999200000000002,-10.526315789473685,-55.55555555555556,22.21944444444444,23.813333333333333,24.999166666666667,51.85259259259259,-16.666666666666668,20.0,31.251875,28.572142857142858,42.10473684210526,False,False,True,False,True
11776,3,Italy,USA,29.627777777777776,-4.761904761904762,-23.076923076923077,0.0014285714285714828,27.997200000000003,31.25,40.0,0.00040000000000077306,-22.221111111111114,5.556111111111111,19.23153846153846,43.748125,False,False,True,False,True
11777,1,Canada,Poland,57.89473684210526,-9.090909090909092,-70.001,-0.0009523809523814396,4.761904761904762,16.666666666666668,73.68368421052632,-12.0008,-58.333333333333336,-5.882352941176471,25.003125,20.0,False,,,False,True
11777,2,Canada,Poland,32.14071428571429,-12.5,-22.22222222222222,-5.263684210526316,17.857142857142858,50.00055555555556,33.333333333333336,-12.499583333333334,-26.666666666666668,15.0,21.876875000000002,40.0,False,False,True,False,True
11777,3,Canada,Poland,33.333333333333336,-21.051578947368423,-47.05882352941177,19.049999999999997,28.123125,61.111111111111114,38.711612903225806,-12.0008,-7.6923076923076925,14.284285714285714,24.140689655172416,52.17391304347826,False,False,True,False,True
11778,1,Brazil,Slovenia,20.832916666666666,-26.666666666666668,-87.50125,27.271818181818183,33.33291666666667,37.5,76.47117647058823,-8.0,-20.0,10.003,26.665333333333333,33.33416666666667,False,,,False,True
11778,2,Brazil,Slovenia,48.0004,-0.001200000000000614,-43.749375,11.112222222222222,20.834166666666665,35.71357142857143,44.828620689655175,-9.090909090909092,-60.0,8.33375,20.689655172413794,28.570714285714285,False,False,True,True,False
11778,3,Brazil,Slovenia,17.856785714285714,-21.05263157894737,-22.22222222222222,19.04714285714286,32.142857142857146,46.66733333333333,39.9984,-7.9988,0.0,53.33266666666667,29.168333333333333,23.529411764705884,False,True,False,False,True
11778,4,Brazil,Slovenia,66.66571428571429,-4.0,0.0,18.183636363636364,33.33571428571429,53.333333333333336,13.043478260869565,-15.383846153846154,-80.0,4.762380952380952,45.830000000000005,27.272727272727273,False,False,True,True,False
11778,5,Brazil,Slovenia,14.284285714285714,7.142142857142857,-30.0,24.99875,21.428571428571427,37.50125,27.775555555555556,-38.46153846153846,-16.666666666666668,30.76923076923077,38.888888888888886,54.54636363636364,False,True,False,True,False
11779,1,France,Netherlands,82.3529411764706,-16.665833333333335,-9.090909090909092,38.46153846153846,49.99888888888889,22.221111111111114,14.286666666666665,-18.75,-85.71428571428571,10.525263157894736,33.329523809523806,-11.11,False,,,True,False
11779,2,France,Netherlands,47.06088235294118,-23.999200000000002,-27.270909090909093,31.58,21.20969696969697,50.000454545454545,34.48103448275862,-13.636363636363637,-43.75125,22.22,34.48413793103448,30.0005,False,True,False,True,False
11779,3,France,Netherlands,59.26111111111111,-15.385,-33.333333333333336,8.002,22.224814814814817,7.691538461538461,42.85892857142858,7.142857142857143,-60.0,22.727727272727275,25.00392857142857,30.000999999999998,False,True,False,False,True
11779,4,France,Netherlands,24.242727272727272,-16.667083333333334,-5.882352941176471,19.999000000000002,25.000625,68.42105263157895,32.259032258064515,-12.500833333333333,-9.999500000000001,5.555555555555555,30.302424242424244,65.21695652173914,False,False,True,False,True
11779,5,France,Netherlands,27.778888888888886,-0.0005555555555558397,-55.556666666666665,12.5,44.44166666666666,20.0,44.998000000000005,-5.555,0.0,6.252500000000001,23.813333333333333,75.0,False,False,True,False,True
11780,1,Argentina,Russia,13.791724137931034,-10.526315789473685,-33.333333333333336,19.999000000000002,16.663999999999998,75.000625,46.15346153846154,-16.0004,-9.999500000000001,6.25,33.3375,90.9090909090909,False,,,False,True
11780,2,Argentina,Russia,22.581290322580646,-8.332916666666668,-24.999375,0.0,27.58655172413793,93.33133333333332,31.2496875,-12.498333333333333,-30.77,42.857142857142854,35.48129032258065,64.28642857142857,False,False,True,False,True
11780,3,Argentina,Russia,29.031290322580645,-16.66625,-22.22222222222222,24.999375,29.626666666666665,52.63157894736842,30.768846153846155,-27.272727272727273,-10.0,16.667777777777776,11.999600000000001,41.1764705882353,False,False,True,True,False
11780,4,Argentina,Russia,11.538846153846153,-20.0,-28.571428571428573,5.262631578947369,12.0,42.857142857142854,39.9995,-8.332916666666668,-21.428571428571427,37.49875,23.813333333333333,25.00125,False,True,False,False,True
11781,1,Bulgaria,Serbia,36.0,-14.999500000000001,0.0,33.333333333333336,41.6625,-30.77153846153846,50.0,0.00040000000000020466,-16.666666666666668,31.249375,38.09142857142857,55.55555555555556,False,,,False,True
11781,2,Bulgaria,Serbia,21.05263157894737,-5.556111111111111,-40.001,-11.112222222222222,0.0,18.182727272727274,54.1675,-12.5,-28.571428571428573,12.50125,36.0,69.23,False,False,True,False,True
11781,3,Bulgaria,Serbia,25.0,-17.647058823529413,-27.273636363636363,-8.333333333333334,13.78896551724138,66.6675,42.10578947368421,15.9992,-0.0012500000000006395,0.0,15.79157894736842,41.666666666666664,False,False,True,False,True
11782,1,Australia,Slovenia,36.36409090909091,0.0,8.334166666666667,26.666666666666668,23.807142857142857,12.500625,10.345172413793103,-15.788947368421054,-25.0,23.81,39.999,35.294117647058826,False,,,True,False
11782,2,Australia,Slovenia,26.923461538461538,-15.789473684210526,-44.446666666666665,33.33190476190477,21.429642857142856,57.142857142857146,42.309230769230766,-8.332916666666668,0.0,37.498125,33.3375,20.0,False,True,False,False,True
11782,3,Australia,Slovenia,18.180909090909093,-27.775555555555556,-37.5,26.315263157894737,28.57,11.11111111111111,52.38142857142857,-19.9996,16.666666666666668,30.77076923076923,40.0,21.43,False,False,True,False,True
11782,4,Australia,Slovenia,29.166666666666668,-11.110555555555557,-25.001666666666665,47.61904761904762,26.923076923076923,36.36363636363637,53.574285714285715,-8.332916666666668,-30.76846153846154,56.25125,40.73777777777778,71.42857142857143,False,False,True,False,True
11783,1,Japan,Poland,26.923076923076923,-57.14357142857143,-33.333333333333336,13.636363636363637,35.71714285714286,20.0,66.66866666666667,-3.9995999999999996,-50.0,33.333333333333336,35.71714285714286,58.33416666666667,False,,,False,True
11783,2,Japan,Poland,21.74,-36.84105263157895,-59.999,17.648235294117647,22.727272727272727,33.3325,55.0015,-25.00125,-9.998999999999999,33.33166666666667,26.312631578947368,30.77,False,False,True,False,True
11783,3,Japan,Poland,26.666666666666668,-21.05421052631579,-30.0,9.522380952380953,38.70677419354839,59.9985,39.284285714285716,-4.000800000000001,-6.666666666666667,26.667333333333332,25.925185185185185,57.89473684210526,False,False,True,False,True
11784,1,Italy,Netherlands,47.61952380952381,8.001999999999999,-27.272727272727273,-0.0013333333333340155,14.286190476190475,60.0,33.33592592592592,-10.525789473684211,-58.333333333333336,13.041739130434781,25.0,35.714285714285715,False,,,True,False
11784,2,Italy,Netherlands,40.74074074074074,-25.000416666666666,-14.286428571428571,29.9995,13.336000000000002,53.333333333333336,19.998333333333335,-16.667083333333334,-15.384615384615385,17.647058823529413,10.002999999999998,33.331428571428575,False,True,False,True,False
11784,3,Italy,Netherlands,33.333,-4.166666666666667,-35.294117647058826,16.667777777777776,17.24206896551724,56.25125,41.66499999999999,-16.667083333333334,-25.0,34.78173913043479,22.225277777777777,20.834166666666665,False,True,False,False,True
11784,4,Italy,Netherlands,33.333333333333336,-0.0008333333333337597,-6.251249999999999,30.0,16.001199999999997,55.55555555555556,19.23076923076923,-4.545454545454546,-23.528823529411767,19.05047619047619,23.076923076923077,28.571428571428573,False,False,True,True,False
11785,1,Canada,Germany,47.368947368421054,-4.16625,0.0,25.0,15.789473684210526,-5.555555555555555,15.624375,-22.220555555555553,-33.33444444444444,52.17391304347826,12.901612903225805,0.0,False,,,True,False
11785,2,Canada,Germany,48.388064516129035,-7.691923076923077,-71.42714285714285,39.999,14.814814814814815,18.74875,51.61258064516129,-16.666666666666668,-75.0,39.13086956521739,28.125,42.857142857142854,False,True,False,True,False
11785,3,Canada,Germany,23.334333333333333,-30.43521739130435,-42.857142857142854,29.413529411764703,6.451612903225806,100.0,28.571428571428573,-18.181818181818183,-66.66666666666667,37.500625,4.545454545454546,-6.665333333333333,False,True,False,True,False
11786,1,France,USA,28.572499999999998,-4.166666666666667,-40.0,22.224444444444444,20.689655172413794,42.10473684210526,43.33166666666667,-25.00125,-31.579473684210527,52.17565217391304,40.73777777777778,55.55555555555556,False,,,True,False
11786,2,France,USA,29.410882352941176,-8.695217391304348,-35.714285714285715,26.314736842105265,16.666666666666668,54.54545454545455,42.85857142857143,-16.66625,-29.41176470588235,34.998000000000005,27.775555555555556,63.63636363636363,False,True,False,False,True
11786,3,France,USA,19.998285714285714,-10.0,0.000588235294117948,27.27136363636364,10.810270270270271,59.09136363636364,22.500999999999998,-23.333666666666666,-15.001,36.0,23.68,85.0,False,False,True,True,False
11786,4,France,USA,32.259032258064515,-23.999200000000002,-25.00125,41.1764705882353,16.666666666666668,58.822941176470586,11.110000000000001,-18.18227272727273,-11.764705882352942,26.31578947368421,10.714285714285714,27.77722222222222,False,True,False,True,False
11787,1,Brazil,Iran,40.73888888888888,-19.999200000000002,-22.223333333333333,14.284285714285714,10.714285714285714,100.0,18.519259259259258,-21.05263157894737,-57.142857142857146,47.36842105263158,11.9976,45.45454545454545,False,,,True,False
11787,2,Brazil,Iran,16.214864864864865,0.0,-33.333333333333336,10.525789473684211,5.554166666666667,35.0,36.36333333333334,-16.000799999999998,-11.11,47.82434782608696,21.8775,77.77666666666667,False,True,False,False,True
11787,3,Brazil,Iran,39.283928571428575,-32.001999999999995,-25.0,23.077692307692306,3.7066666666666666,85.71428571428571,11.109259259259257,-26.31578947368421,-60.0,29.411176470588234,8.33,60.001999999999995,False,False,True,True,False
11787,4,Brazil,Iran,27.272727272727273,0.0,11.11111111111111,33.333999999999996,4.764285714285714,27.272727272727273,25.807096774193546,-27.272727272727273,-50.0,54.54818181818182,20.692413793103444,45.45454545454545,False,True,False,True,False
11788,1,Argentina,Serbia,31.25,-11.11111111111111,-13.332666666666666,15.0,35.29117647058824,50.00055555555556,23.529411764705884,-15.9992,-8.3325,25.0,27.270303030303033,31.250625,False,,,True,False
11788,2,Argentina,Serbia,40.90909090909091,-16.666666666666668,-40.001,49.99944444444444,49.99818181818182,28.571428571428573,12.0,-14.285238095238096,-45.45454545454545,10.527368421052632,11.538846153846153,27.273636363636363,False,True,False,True,False
11788,3,Argentina,Serbia,50.0,-15.38423076923077,-33.3325,36.84157894736842,46.15538461538461,63.63727272727272,47.618095238095236,-16.66625,-19.999000000000002,5.0015,36.36363636363637,9.090909090909092,False,True,False,True,False
11789,1,Bulgaria,Russia,9.52190476190476,5.881764705882353,-70.0,-5.883529411764706,9.089090909090908,45.45454545454545,71.42952380952381,-16.000799999999998,0.0,13.331999999999999,24.997,53.33266666666667,False,,,False,True
11789,2,Bulgaria,Russia,17.64529411764706,-17.390869565217393,-27.272727272727273,6.666666666666667,5.267368421052631,-10.001,47.61714285714286,-33.33291666666667,-0.0011111111111116794,5.882352941176471,33.336190476190474,55.55444444444444,False,False,True,False,True
11789,3,Bulgaria,Russia,25.928518518518516,-11.764117647058825,-41.1764705882353,34.9995,3.445517241379311,60.0,55.55444444444444,-12.499583333333334,-38.46153846153846,33.334666666666664,14.284285714285714,62.5,False,False,True,False,True
11790,1,Canada,Japan,44.827586206896555,-11.999600000000001,-15.386923076923077,11.764705882352942,35.71071428571429,38.093333333333334,36.36212121212122,-22.726363636363637,-36.36363636363637,19.049047619047617,27.272727272727273,36.36318181818182,False,,,True,False
11790,2,Canada,Japan,53.33266666666667,-8.332916666666668,-56.25,28.570476190476192,29.63074074074074,46.666000000000004,50.00178571428571,-8.332916666666668,-56.249375,14.286666666666665,17.857499999999998,15.788947368421054,False,True,False,True,False
11790,3,Canada,Japan,38.46153846153846,4.0,-38.88666666666667,37.49875,30.766923076923078,66.66583333333334,14.813333333333334,-11.112222222222222,-56.250625,-9.524285714285714,10.344827586206897,100.0,False,True,False,True,False
11791,1,Australia,Brazil,25.000625,-11.110555555555557,-40.001,18.18318181818182,10.344827586206897,23.529411764705884,51.724137931034484,-4.166666666666667,-25.0,37.503750000000004,28.569285714285716,45.455,False,,,False,True
11791,2,Australia,Brazil,28.946315789473687,-4.545454545454546,-22.22222222222222,27.273636363636363,11.108333333333333,28.570476190476192,53.57035714285714,-8.0,-47.06,36.840526315789475,35.71071428571429,46.668,False,False,True,False,True
11791,3,Australia,Brazil,12.001599999999998,-30.76923076923077,-83.33333333333333,22.726363636363637,7.407407407407407,58.33166666666667,47.82478260869566,-4.167083333333333,6.6659999999999995,66.66777777777777,31.818181818181817,86.66799999999999,False,False,True,False,True
11792,1,Iran,Slovenia,57.693461538461534,-4.165,0.0,42.85785714285714,17.389130434782608,80.0,7.999599999999999,-6.666666666666667,-66.66666666666667,40.90863636363636,23.9984,-7.691538461538461,False,,,True,False
11792,2,Iran,Slovenia,4.761428571428572,-4.761428571428572,0.0,5.555555555555555,14.288095238095236,-33.333333333333336,23.332333333333334,-16.666666666666668,0.0,45.0,33.334074074074074,33.333333333333336,False,True,False,False,True
11792,3,Iran,Slovenia,9.092272727272727,-21.05263157894737,-100.0,43.75125,18.179545454545455,-9.090909090909092,61.90571428571428,-35.9992,0.0,21.428571428571427,14.288571428571432,20.000999999999998,False,False,True,False,True
11792,4,Iran,Slovenia,61.29032258064516,-9.678709677419356,-45.45454545454545,44.44518518518518,19.35290322580645,-47.05882352941177,58.333333333333336,-9.677096774193549,-87.5,50.00153846153846,24.997777777777777,-5.2631578947368425,False,False,True,False,True
11793,1,Netherlands,USA,52.0,0.0012500000000006395,-83.335,18.749375,13.046086956521743,58.333333333333336,62.50083333333333,-27.272727272727273,-36.36363636363637,38.09428571428572,30.436521739130434,19.999333333333333,False,,,True,False
11793,2,Netherlands,USA,10.525789473684211,-27.77722222222222,-50.0,16.666666666666668,21.050526315789472,33.335,42.10473684210526,-12.49875,0.0,33.333333333333336,22.221111111111114,70.0,False,True,False,False,True
11793,3,Netherlands,USA,35.29470588235294,-12.500416666666666,-27.272727272727273,5.261578947368419,24.99875,70.0,31.03448275862069,-8.332916666666668,-33.333999999999996,20.0015,9.678709677419354,56.249375,False,False,True,True,False
11793,4,Netherlands,USA,29.1675,0.0,-44.44444444444444,-0.0013636363636364154,14.813333333333333,23.076153846153847,57.69307692307692,4.16625,-22.22222222222222,56.25,43.9964,81.81818181818181,False,True,False,False,True
11793,5,Netherlands,USA,25.0,-7.6923076923076925,-33.333333333333336,-8.333333333333334,12.502500000000001,40.001,46.152307692307694,0.0,-37.5,0.0,14.285714285714286,44.44444444444444,False,False,True,False,True
11794,1,France,Italy,14.288214285714288,-10.002,-50.0,14.285714285714286,23.9976,-14.285,47.3678947368421,-4.167083333333333,30.0,52.94,33.329523809523806,25.0,False,,,False,True
11794,2,France,Italy,55.553703703703704,-29.165833333333335,-12.5,26.317368421052635,18.517777777777777,0.0,31.999200000000002,-17.39217391304348,-62.49875,29.412941176470586,16.666666666666668,-7.691538461538461,False,False,True,True,False
11794,3,France,Italy,25.807741935483868,-14.285714285714286,-14.285714285714286,28.571428571428573,13.330999999999998,14.286428571428571,38.236176470588234,-8.33375,0.0,61.11,8.820588235294117,84.61538461538461,False,True,False,False,True
11794,4,France,Italy,46.66866666666667,-8.330833333333333,-33.333333333333336,11.109444444444442,17.240689655172414,33.333333333333336,40.0004,-9.091363636363637,-28.572857142857142,24.9995,8.33,11.11111111111111,False,False,True,True,False
11794,5,France,Italy,35.29352941176471,-7.691538461538461,-0.002500000000001279,15.384615384615385,13.337333333333333,0.0,47.05823529411765,0.0,25.0,66.66666666666667,11.11111111111111,0.0,False,True,False,False,True
11795,1,Germany,Poland,39.9996,-13.042173913043477,-50.001,47.05882352941177,20.000799999999998,5.0,48.486363636363635,-29.16625,-33.33222222222222,14.998499999999998,34.3740625,42.857142857142854,False,,,False,True
11795,2,Germany,Poland,18.519259259259258,-10.525789473684211,-55.55555555555556,10.0,18.516666666666666,35.714285714285715,52.0,-16.0,0.0,18.75125,28.0,60.00066666666667,False,False,True,False,True
11795,3,Germany,Poland,24.0004,-23.81,-20.0,5.000500000000001,11.538846153846153,59.999,34.614615384615384,-12.501666666666667,-23.076923076923077,19.99866666666667,40.0008,57.142857142857146,False,False,True,False,True
11796,1,Australia,Serbia,3.8473076923076923,-6.25,-100.0,24.997,26.920384615384613,55.55555555555556,54.54636363636364,-12.0008,10.0,28.57,14.282380952380953,49.99875,False,,,False,True
11796,2,Australia,Serbia,14.285714285714286,-28.571428571428573,-57.142857142857146,0.0005000000000002558,15.786842105263156,-0.0010000000000005115,57.142857142857146,-4.166249999999999,0.0,70.0,25.002000000000002,80.0,False,False,True,False,True
11796,3,Australia,Serbia,24.999583333333334,12.501249999999999,20.0,55.55611111111111,20.832083333333333,9.091818181818182,34.999,-9.999500000000001,-22.22222222222222,9.090454545454547,23.80952380952381,-14.285714285714286,False,False,True,True,False
11796,4,Australia,Serbia,0.0,-18.749375,0.0,29.9995,13.79586206896552,33.33266666666667,38.46115384615385,-12.500416666666666,-33.33166666666667,61.54076923076923,23.9976,66.66666666666667,False,True,False,False,True
11797,1,Bulgaria,Japan,37.038148148148146,-8.333333333333334,-13.334,23.807619047619045,20.0024,38.46076923076923,38.71064516129032,-8.33375,-35.29470588235294,14.999,16.667333333333332,59.998666666666665,False,,,False,True
11797,2,Bulgaria,Japan,26.46941176470588,-5.555,-9.091818181818182,8.0,14.70470588235294,13.04304347826087,44.118235294117646,0.0,-35.714999999999996,41.17529411764706,24.242727272727272,49.997083333333336,False,False,True,False,True
11797,3,Bulgaria,Japan,14.287142857142856,-26.666,-42.857142857142854,5.0,45.0,-24.99875,54.999,-8.332083333333333,-37.49875,27.272727272727273,19.047619047619047,53.846923076923076,False,False,True,False,True
11798,1,France,Iran,24.999583333333334,-12.498333333333333,-33.333333333333336,37.5,16.66875,23.076153846153847,16.665416666666665,-22.727272727272727,-10.001,50.0005,0.0,83.33333333333333,False,,,True,False
11798,2,France,Iran,60.87086956521739,-12.000399999999999,-25.0,36.84368421052631,20.834166666666665,22.22,34.48344827586207,-4.761904761904762,-63.63636363636363,35.001,16.666999999999998,55.55555555555556,False,True,False,True,False
11798,3,France,Iran,43.47913043478261,-8.33375,42.857142857142854,41.17529411764706,34.77913043478261,6.248125000000002,24.999166666666667,-14.999,-24.999166666666667,34.9995,31.81772727272727,20.0,False,True,False,True,False
11799,1,Canada,Netherlands,70.001,-4.0,28.57,58.333333333333336,23.813333333333333,6.25,13.79241379310345,-20.0,-49.9975,37.5,38.46153846153846,30.0,False,,,True,False
11799,2,Canada,Netherlands,30.43304347826087,-4.166666666666667,7.142857142857143,28.572857142857142,34.78260869565217,66.66583333333334,8.695652173913043,-17.64764705882353,-37.5,-0.0005263157894732055,12.496666666666664,13.333333333333334,False,True,False,True,False
11799,3,Canada,Netherlands,48.0008,-7.997999999999999,-5.556111111111111,18.75,20.0016,43.75,18.181212121212123,-15.79,-57.142857142857146,22.729090909090907,27.272727272727273,56.249375,False,True,False,True,False
11800,1,Brazil,Italy,35.134864864864866,-24.999583333333334,-16.666666666666668,0.0,27.775555555555556,77.27181818181818,9.37625,-4.999,-18.180454545454545,11.11111111111111,22.582580645161293,31.81681818181818,False,,,True,False
11800,2,Brazil,Italy,48.71846153846154,3.125,-44.445,25.925925925925927,36.8421052631579,42.10578947368421,53.84692307692308,-10.0,-21.052105263157895,3.3340000000000005,30.560000000000002,36.84157894736842,False,True,False,True,False
11800,3,Brazil,Italy,40.90863636363636,-9.090454545454547,-69.23230769230769,26.314210526315787,31.818181818181817,-9.998,60.0028,-20.0,-30.77,26.31421052631579,16.665,28.570714285714285,False,True,False,False,True
11800,4,Brazil,Italy,51.85259259259259,-15.999600000000001,-23.531176470588235,31.24875,21.425,74.998125,32.14071428571428,-15.0,-76.9223076923077,15.0,13.331666666666667,64.28714285714285,False,False,True,True,False
11801,1,Slovenia,USA,37.836216216216215,-13.793103448275861,-35.294117647058826,3.8457692307692306,7.689230769230769,40.0,25.58139534883721,-6.897241379310345,-37.500625,35.998400000000004,31.711219512195125,46.42857142857143,False,,,False,True
11801,2,Slovenia,USA,53.333666666666666,-25.000416666666666,-29.998,29.41176470588235,17.23862068965517,78.57142857142857,34.78173913043479,-15.0,-49.99833333333333,16.665,26.084347826086955,66.66666666666667,False,False,True,True,False
11801,3,Slovenia,USA,26.92192307692308,-27.271818181818183,-16.666666666666668,15.790526315789473,14.81037037037037,22.22222222222222,33.33375,-12.500416666666666,-55.55555555555556,33.334666666666664,50.0,66.66666666666667,False,True,False,False,True
11801,4,Slovenia,USA,30.433913043478263,-11.11111111111111,-42.857142857142854,26.315263157894737,30.434782608695652,33.333333333333336,34.78217391304348,-22.221851851851852,-7.6923076923076925,19.047619047619047,21.73913043478261,100.0,False,False,True,True,False
11801,5,Slovenia,USA,61.53846153846154,-13.331999999999999,-10.0,0.0,7.6923076923076925,20.0,33.333888888888886,-15.383846153846154,-88.88888888888889,30.76846153846154,38.888888888888886,57.144285714285715,False,True,False,True,False
11802,1,Argentina,Poland,45.83291666666667,-22.72681818181818,-38.46076923076923,0.0010000000000005115,37.500416666666666,19.999333333333333,39.285714285714285,-4.167083333333333,-56.249375,17.648823529411764,32.1425,43.750625,False,,,False,True
11802,2,Argentina,Poland,46.15384615384615,-27.27227272727273,-50.001666666666665,19.9985,30.767692307692307,21.428571428571427,59.08909090909091,-16.0,-41.6675,13.335333333333333,40.002500000000005,39.998000000000005,False,False,True,False,True
11802,3,Argentina,Poland,34.78260869565217,-26.314736842105262,-49.99875,11.110555555555557,39.132173913043474,6.666666666666667,46.66733333333333,-12.499166666666667,-24.999166666666667,35.714285714285715,30.003999999999998,59.999,False,False,True,False,True
11803,1,Germany,Russia,34.48206896551724,-36.84157894736842,0.0012500000000006395,9.090909090909092,14.285714285714286,38.89,35.71321428571429,0.0,-18.181818181818183,8.3325,25.925925925925927,68.75,False,,,False,True
11803,2,Germany,Russia,0.0,-11.110555555555557,-11.11111111111111,22.22222222222222,15.001999999999999,22.22222222222222,40.0004,-19.9996,9.091818181818182,37.497499999999995,20.83375,70.0,False,False,True,False,True
11803,3,Germany,Russia,49.999583333333334,-23.9996,-33.33444444444444,29.41176470588235,29.1675,72.72727272727273,44.9995,-21.73913043478261,-50.0,36.84368421052631,42.10842105263158,-11.112222222222222,False,False,True,True,False
11803,4,Germany,Russia,19.999200000000002,-6.666666666666667,-69.23153846153846,24.999000000000002,20.0004,46.15384615384615,65.385,-7.9996,-7.141428571428571,14.285,24.99607142857143,84.61538461538461,False,True,False,False,True
11804,1,Australia,Canada,18.180606060606063,-27.77722222222222,-50.001,30.0005,12.121212121212121,40.74,37.4996875,-12.500416666666666,12.501875000000002,38.46153846153846,31.03448275862069,56.0012,False,,,False,True
11804,2,Australia,Canada,0.0013043478260870058,0.0,-50.0,-4.348695652173912,4.165,33.3325,66.66666666666667,8.0,0.0,28.57,36.84473684210527,75.00125,False,False,True,False,True
11804,3,Australia,Canada,9.089999999999998,-28.570476190476192,-54.54636363636364,33.33266666666667,19.9995,57.142857142857146,52.381904761904764,-37.49916666666667,-14.285714285714286,57.14357142857143,23.806666666666665,63.63636363636363,False,False,True,False,True
11805,1,Netherlands,Serbia,45.45409090909091,-4.545,-28.571428571428573,14.286190476190475,13.636818181818182,-6.666666666666667,54.166666666666664,4.167083333333334,0.0012500000000006395,-5.26421052631579,24.0,6.666666666666667,False,,,False,True
11805,2,Netherlands,Serbia,45.45363636363636,-8.3325,8.333333333333334,22.223333333333333,18.183636363636364,41.6675,19.04714285714286,0.0004545454545456871,-50.00125,38.095238095238095,17.389130434782608,0.0,False,False,True,True,False
11805,3,Netherlands,Serbia,18.18136363636364,-21.052105263157895,-25.000833333333333,21.051052631578944,26.08608695652174,27.272727272727273,42.306538461538466,-12.500416666666666,-38.46230769230769,40.0,12.5,58.333333333333336,False,True,False,False,True
11805,4,Netherlands,Serbia,58.3325,-12.501249999999999,-41.66583333333333,16.666666666666668,21.73913043478261,63.63727272727272,52.38238095238095,-13.635454545454547,-53.84615384615385,11.11111111111111,39.999,37.5,False,False,True,True,False
11805,5,Netherlands,Serbia,49.99875,-12.5,-55.556666666666665,14.285714285714286,31.25,-11.108888888888888,50.00277777777777,-6.249375,-62.5,42.857142857142854,27.774444444444445,14.285714285714286,False,True,False,False,True
11806,1,Bulgaria,USA,14.707058823529412,-10.525263157894736,-33.332,12.498333333333333,6.063636363636364,56.249375,24.243030303030302,4.001200000000001,-29.41176470588235,35.29529411764706,26.47411764705882,54.54409090909091,False,,,False,True
11806,2,Bulgaria,USA,36.36409090909091,-16.0004,-42.85642857142857,21.05473684210526,31.818181818181817,33.333333333333336,44.4425925925926,-20.000799999999998,0.0014285714285701293,33.333333333333336,33.333333333333336,6.666666666666667,False,False,True,False,True
11806,3,Bulgaria,USA,-8.333333333333334,-33.333333333333336,-49.99875,10.000499999999999,3.998,15.384615384615385,70.58882352941177,-8.331666666666665,-11.766470588235293,50.0,23.529411764705884,91.66666666666667,False,False,True,False,True
11807,1,Iran,Poland,15.625,-14.285238095238096,-15.384615384615385,17.389999999999997,14.284857142857142,86.66666666666667,23.07807692307692,4.16625,-10.526315789473685,41.17411764705883,25.922962962962966,64.28714285714285,False,,,False,True
11807,2,Iran,Poland,21.741304347826084,-24.999000000000002,-77.77777777777777,4.761904761904762,16.66875,41.66833333333333,39.130434782608695,-12.000399999999999,-33.333999999999996,14.287857142857144,31.816363636363636,69.23230769230769,False,False,True,False,True
11807,3,Iran,Poland,-7.405555555555555,-23.52823529411765,-11.112222222222222,4.545909090909091,3.3353333333333355,85.71357142857143,5.264736842105262,4.167083333333333,5.882941176470588,8.333333333333334,15.789473684210526,63.63636363636363,False,False,True,False,True
11808,1,Japan,Slovenia,23.076923076923077,-18.75,-60.0,25.000416666666666,20.002,0.0,52.37952380952381,4.0,-28.571428571428573,23.076923076923077,35.001,33.333333333333336,False,,,False,True
11808,2,Japan,Slovenia,33.33222222222222,-11.764117647058825,-60.0,16.666666666666668,15.789473684210526,-33.333333333333336,69.56478260869564,-16.66625,0.0014285714285701293,46.66866666666667,40.90909090909091,25.00125,False,False,True,False,True
11808,3,Japan,Slovenia,15.90931818181818,0.0007692307692311628,-20.0,38.46269230769231,21.741304347826087,47.36842105263158,27.775555555555556,-3.5714285714285716,-7.693076923076924,12.498750000000001,13.891666666666667,53.84615384615385,False,False,True,False,True
11809,1,Argentina,France,35.71642857142857,-31.9996,0.0011111111111101006,0.0013043478260870058,20.0,57.14214285714286,12.000399999999999,4.001200000000001,-36.36363636363637,29.411176470588234,16.003200000000003,12.498124999999998,False,,,False,True
11809,2,Argentina,France,28.57095238095238,-19.04714285714286,-40.001333333333335,21.05421052631579,40.90681818181818,36.36363636363637,37.932758620689654,-16.0004,0.0,35.29470588235294,33.336,64.70588235294117,False,False,True,False,True
11809,3,Argentina,France,34.61576923076923,-17.39260869565217,-37.5,10.526315789473685,36.0,42.85857142857143,41.37758620689655,-16.667083333333334,0.0,21.05263157894737,31.996799999999997,69.23076923076923,False,False,True,False,True
11810,1,Brazil,Germany,35.715357142857144,-24.99875,-11.11111111111111,43.74875,37.03777777777778,80.0,23.9996,-22.72681818181818,-44.44222222222223,35.29176470588236,8.0,20.0,False,,,True,False
11810,2,Brazil,Germany,40.74222222222222,-12.0,-50.0,13.330666666666666,20.833333333333332,71.42857142857143,37.50125,-19.046190476190475,-55.55555555555556,28.572857142857142,16.664583333333333,-14.285714285714286,False,True,False,True,False
11810,3,Brazil,Germany,32.351470588235294,-16.666666666666668,-62.5,63.1578947368421,26.468529411764706,49.999375,30.002000000000002,-20.8325,-22.22222222222222,26.316842105263156,16.130645161290325,23.076923076923077,False,True,False,True,False
11811,1,Italy,Russia,15.386153846153848,-13.635909090909092,-16.668333333333333,23.53058823529412,15.998399999999998,35.29470588235294,50.0,-24.999583333333334,-25.0,27.778333333333336,45.45454545454545,62.49875,False,,,False,True
11811,2,Italy,Russia,41.66625,-4.167083333333333,7.6923076923076925,20.0,26.08869565217391,63.63545454545454,8.333333333333334,-11.764117647058825,-77.77777777777777,28.571428571428573,24.99791666666667,40.0,False,False,True,True,False
11811,3,Italy,Russia,23.999200000000002,-11.11111111111111,25.0,15.0,23.9996,23.529411764705884,54.54545454545455,-8.333333333333334,0.0,7.142857142857143,27.273636363636363,63.63818181818181,False,True,False,False,True
11811,4,Italy,Russia,35.998400000000004,-0.00041666666666687985,-28.571428571428573,16.66611111111111,11.538461538461538,80.0,13.636363636363637,-5.0,-45.45454545454545,4.545454545454546,13.636363636363637,42.857142857142854,False,False,True,True,False
11811,5,Italy,Russia,61.53846153846154,-8.333333333333334,-75.0,7.6923076923076925,0.0,0.0,66.66799999999999,-6.666666666666667,-25.0,0.0,21.428571428571427,25.0,False,True,False,False,True
11812,1,Australia,Netherlands,31.81772727272727,-16.665416666666665,-22.22,31.252499999999998,20.0025,45.45545454545454,35.714285714285715,-25.0,-28.571428571428573,45.0025,24.13413793103448,44.44444444444444,False,,,False,True
11812,2,Australia,Netherlands,22.22259259259259,-5.2631578947368425,-71.42857142857143,27.271818181818183,24.99875,27.272727272727273,50.00181818181818,-0.0008000000000004093,11.11111111111111,61.111666666666665,31.816363636363636,0.0,False,False,True,False,True
11812,3,Australia,Netherlands,33.33166666666667,-20.0,-12.5,26.314210526315787,15.792631578947372,-20.0,43.47608695652174,-8.333333333333334,-14.285714285714286,46.668,18.179545454545455,49.999,False,False,True,False,True
11813,1,Canada,Serbia,16.665833333333335,-23.53058823529412,-12.500625,4.999,20.83375,30.76923076923077,42.85464285714285,-12.000399999999999,0.0,61.53692307692308,28.569285714285716,73.6842105263158,False,,,False,True
11813,2,Canada,Serbia,22.728181818181817,-22.727272727272727,-41.666666666666664,26.668,-0.0015000000000000568,18.180909090909093,41.6675,-25.000833333333333,-21.428571428571427,23.53,20.000799999999998,83.33333333333333,False,False,True,False,True
11813,3,Canada,Serbia,42.8575,-8.332916666666668,0.0,26.666666666666668,22.221111111111114,75.0,10.52763157894737,-11.110555555555557,-22.22222222222222,27.27318181818182,12.194878048780488,59.09,False,False,True,True,False
11813,4,Canada,Serbia,13.792758620689655,-3.9995999999999996,-18.749375,15.386153846153848,17.24137931034483,73.68526315789474,13.333666666666666,-29.9995,-5.882352941176471,34.78217391304348,16.663999999999998,80.001,False,True,False,True,False
11813,5,Canada,Serbia,21.737826086956524,-6.25,0.0009999999999990906,46.15384615384615,16.667083333333334,69.23,19.048571428571428,-12.5,-9.091818181818182,19.99866666666667,19.05,45.45454545454545,False,True,False,True,False
11814,1,Japan,USA,21.427500000000002,-22.72772727272727,-100.0,44.44444444444444,11.114444444444443,13.334,45.83375,-24.999166666666667,0.0,37.5,30.43565217391304,38.46153846153846,False,,,False,True
11814,2,Japan,USA,25.925185185185185,-13.043478260869565,-12.5,47.057647058823534,26.921538461538464,-20.0,55.557037037037034,-28.000799999999998,-30.77,26.316315789473684,32.0036,9.998999999999999,False,False,True,False,True
11814,3,Japan,USA,30.303030303030305,-14.286666666666665,-50.0,30.000999999999998,6.449032258064515,37.499375,53.573214285714286,-12.5,16.666666666666668,61.111111111111114,28.000799999999998,17.646470588235296,False,False,True,False,True
11815,1,France,Poland,30.768846153846155,-12.499583333333334,-33.3325,46.66733333333333,4.002,46.666666666666664,34.61538461538461,-34.783478260869565,-30.76923076923077,40.0,24.13413793103448,71.42857142857143,False,,,True,False
11815,2,France,Poland,14.285714285714286,-13.636363636363637,-11.11111111111111,29.999000000000002,11.108148148148146,61.53923076923077,31.818181818181817,-12.5,21.428571428571427,31.25,30.434782608695652,41.666666666666664,False,True,False,False,True
11815,3,France,Poland,26.923076923076923,-22.726363636363637,-35.712857142857146,52.6321052631579,24.0,58.3325,43.47826086956522,-20.0004,0.0006666666666670077,35.29470588235294,13.04391304347826,16.666666666666668,False,False,True,False,True
11815,4,France,Poland,44.0012,-16.0016,-8.334166666666667,28.568571428571428,29.165000000000003,63.63545454545454,24.999166666666667,-24.999000000000002,-41.666666666666664,33.331428571428575,23.998800000000003,66.66555555555556,False,False,True,True,False
11815,5,France,Poland,17.647058823529413,0.0,11.11111111111111,36.36363636363637,16.668888888888887,71.42857142857143,7.142857142857143,-8.333333333333334,-33.333333333333336,38.46307692307692,31.24625,14.285714285714286,False,True,False,True,False
11816,1,Argentina,Iran,41.176764705882356,-21.21333333333333,-24.999166666666667,26.921538461538464,43.75125,38.46230769230769,29.999666666666666,-12.902903225806451,0.0,38.458461538461535,33.33633333333333,-25.0,False,,,True,False
11816,2,Argentina,Iran,50.0,-8.3325,-70.0,16.66611111111111,23.807142857142857,50.0,61.9052380952381,-16.666249999999998,-45.45363636363636,19.047619047619047,20.83375,-22.22222222222222,False,True,False,True,False
11816,3,Argentina,Iran,42.855714285714285,-25.807096774193546,-30.0,15.38423076923077,29.732432432432436,44.44444444444444,40.624375,-12.902258064516127,-31.25,27.272727272727273,21.874375,36.84157894736842,False,True,False,False,True
11816,4,Argentina,Iran,47.826521739130435,-12.5,6.666666666666667,12.5,47.82521739130435,53.846923076923076,10.714285714285714,-10.525789473684211,-66.66555555555556,20.0,22.224814814814817,63.63727272727272,False,False,True,True,False
11817,1,Bulgaria,Slovenia,37.50083333333333,-30.43565217391304,-20.000666666666667,25.0,20.0,19.999000000000002,23.076923076923077,-15.998,-30.0,24.998125,19.23384615384615,29.413529411764703,False,,,False,True
11817,2,Bulgaria,Slovenia,13.042173913043479,-23.528823529411767,-44.443333333333335,18.181818181818183,43.47826086956522,50.0,42.10526315789474,-4.167916666666667,-50.001,41.66583333333333,44.44555555555556,45.45636363636363,False,False,True,False,True
11817,3,Bulgaria,Slovenia,22.22222222222222,-22.22277777777778,-45.45454545454545,26.08521739130435,43.47913043478261,14.285714285714286,49.9975,-4.0,-15.385384615384615,7.693846153846153,22.72909090909091,53.333333333333336,False,False,True,False,True
11818,1,Germany,Italy,7.692692307692307,-50.0,-75.0,21.737826086956524,33.333333333333336,8.333333333333334,68.750625,-3.9991999999999996,0.0,16.666666666666668,21.43,43.749375,False,,,False,True
11818,2,Germany,Italy,35.483870967741936,-3.8446153846153845,-61.53846153846154,41.1764705882353,22.581290322580646,47.82695652173913,43.244054054054054,-29.1675,-33.33583333333333,-0.0009090909090913742,18.91891891891892,94.73526315789472,False,False,True,True,False
11818,3,Germany,Italy,25.000714285714285,-13.634999999999998,-46.15538461538461,23.80857142857143,28.571428571428573,61.53846153846154,29.62814814814815,-7.999199999999999,-9.089090909090908,11.11111111111111,21.429642857142856,41.17764705882353,False,True,False,False,True
11818,4,Germany,Italy,12.0,-11.998399999999998,15.385384615384615,7.140714285714286,7.9967999999999995,66.66666666666667,3.225806451612903,-23.80952380952381,7.6923076923076925,19.047619047619047,27.586206896551722,64.28571428571429,False,False,True,True,False
11818,5,Germany,Italy,19.047619047619047,-21.427857142857142,33.333333333333336,33.33416666666667,30.000999999999998,60.0,35.714285714285715,-14.285714285714286,-21.427857142857142,45.45454545454545,26.663999999999998,42.857142857142854,False,True,False,False,True
11819,1,Brazil,Russia,19.048095238095236,0.0,-40.0,21.05263157894737,33.33571428571429,-18.181818181818183,52.37904761904762,-16.665,33.333333333333336,0.0,33.331428571428575,-12.49875,False,,,False,True
11819,2,Brazil,Russia,32.25677419354839,-11.538461538461538,-40.0,-0.0008695652173917492,19.35483870967742,61.11055555555556,30.304848484848485,-3.5717857142857143,-36.8421052631579,13.636363636363637,22.5841935483871,84.61538461538461,False,False,True,False,True
11819,3,Brazil,Russia,20.0,-19.04714285714286,-25.00125,-0.0005263157894739535,23.81,44.446666666666665,47.61857142857143,-12.499583333333334,11.11111111111111,25.0,24.9975,-8.3325,False,False,True,False,True
11820,1,Brazil,France,49.99916666666667,-16.665833333333335,-14.285714285714286,35.29352941176471,23.076923076923077,38.459230769230764,22.221851851851852,-19.047619047619047,-28.571428571428573,31.57684210526316,26.920769230769228,90.001,True,,,True,False
11820,2,Brazil,France,60.714999999999996,-8.0,-23.529411764705884,16.666666666666668,15.386538461538462,63.63545454545454,23.076538461538462,5.555555555555555,-55.55555555555556,18.18227272727273,7.69423076923077,5.882352941176471,True,True,False,True,False
11820,3,Brazil,France,30.434347826086956,-12.5,7.142142857142857,7.142142857142857,30.436521739130434,75.0,11.538846153846153,-24.9995,-55.55555555555556,29.996999999999996,28.0016,35.715714285714284,True,True,False,True,False
11821,1,Poland,Slovenia,28.57107142857143,-7.9996,0.0,27.77722222222222,18.515555555555554,52.940588235294115,14.287142857142857,-9.091818181818182,-19.999000000000002,18.180000000000003,17.647058823529413,68.42157894736842,True,,,True,False
11821,2,Poland,Slovenia,43.47913043478261,4.165833333333333,-20.00133333333333,11.111666666666666,17.389130434782608,27.272727272727273,39.130434782608695,-9.092272727272727,-16.668333333333333,4.547272727272727,21.742608695652173,0.0009090909090900823,True,True,False,True,False
11821,3,Poland,Slovenia,31.81863636363636,-15.9992,9.089090909090908,29.412352941176472,31.819090909090907,44.446666666666665,23.999200000000002,-21.738695652173913,-23.076923076923077,26.317894736842103,30.767692307692307,54.54545454545455,True,True,False,True,False
11822,1,France,Slovenia,52.17304347826087,-4.16625,-21.426428571428573,33.333333333333336,27.26954545454545,45.45363636363636,24.999642857142856,-4.759999999999999,-36.36363636363637,23.80952380952381,26.666666666666668,66.66533333333334,True,,,True,False
11822,2,France,Slovenia,45.45318181818182,-7.998799999999999,-7.694615384615385,21.427142857142858,9.997,50.0,15.38615384615385,-22.22222222222222,-72.72727272727273,19.047619047619047,18.51888888888889,70.0,True,True,False,True,False
11822,3,France,Slovenia,39.99966666666667,-16.66625,-6.667333333333334,31.246874999999996,24.135517241379308,86.66666666666667,21.738260869565217,-14.999,-30.000999999999998,10.525263157894736,18.179545454545455,85.71571428571428,True,True,False,True,False
11823,1,Brazil,Poland,36.3639393939394,-8.695652173913043,-45.45363636363636,19.048571428571428,18.182121212121213,28.57095238095238,55.17068965517242,-8.332916666666666,-38.46153846153846,19.048571428571428,13.330999999999998,23.531176470588235,True,,,False,True
11823,2,Brazil,Poland,26.668,-16.667083333333334,-11.112222222222222,29.9995,25.806451612903224,42.857142857142854,19.9992,-16.6675,8.3325,22.22,20.836666666666666,49.99928571428571,True,False,True,True,False
11823,3,Brazil,Poland,47.62095238095238,-8.0012,18.181818181818183,33.336666666666666,19.045714285714286,61.53769230769231,12.0008,-18.75,-62.50125,9.525238095238095,16.002,40.001,True,True,False,True,False
11823,4,Brazil,Poland,61.11,-12.498333333333333,-0.0012500000000006395,0.0,22.22277777777778,57.142857142857146,9.091818181818182,-33.333999999999996,-42.85857142857143,26.31578947368421,43.47695652173913,33.333333333333336,True,True,False,True,False
13455,1,Brazil,Cuba,36.11138888888889,-9.678064516129032,-33.33416666666667,14.814814814814815,0.0011428571428573214,50.0,36.109722222222224,-6.0612121212121215,12.5,17.85535714285714,0.0,-20.0,False,,,False,True
13455,2,Brazil,Cuba,16.667083333333334,-22.727272727272727,-100.0,33.33444444444444,8.695652173913043,25.0,44.001599999999996,-25.000416666666666,-60.0,29.414117647058823,0.0,60.0,False,False,True,False,True
13455,3,Brazil,Cuba,64.70470588235294,-8.333333333333334,60.0,30.76923076923077,16.666666666666668,-80.0,25.000999999999998,-23.528823529411767,-33.333333333333336,15.0,5.0,-33.333333333333336,False,False,True,True,False
13455,4,Brazil,Cuba,39.997600000000006,-4.0,37.5,28.572142857142858,8.0,100.0,10.34551724137931,-11.764705882352942,-22.22222222222222,-4.761904761904762,7.69076923076923,-33.333333333333336,False,True,False,True,False
13455,5,Brazil,Cuba,33.33222222222222,-5.555555555555555,0.0,0.0012500000000006395,-14.285714285714286,-100.0,36.8421052631579,-43.75,0.0,29.412941176470586,-0.0024999999999995026,0.0,False,True,False,True,False
13456,1,Japan,Qatar,53.125625,-25.0,-11.11,16.667777777777776,0.0,100.0,29.16458333333333,-4.761428571428572,-33.333333333333336,16.666666666666668,9.523809523809524,-66.66666666666667,False,,,True,False
13456,2,Japan,Qatar,50.00035714285714,-23.997999999999998,-16.668333333333333,20.0,0.0,100.0,19.23153846153846,-16.666666666666668,-25.0,33.333333333333336,0.0,0.0,False,True,False,True,False
13456,3,Japan,Qatar,38.095238095238095,-8.332916666666668,33.333333333333336,29.999000000000002,5.0,-100.0,13.042608695652175,-37.500625,0.0,4.759523809523809,-0.0031999999999999316,-33.333333333333336,False,True,False,True,False
13457,1,France,Germany,31.032413793103448,-12.500833333333333,0.0,31.249375,0.0,100.0,28.572,-30.434347826086956,100.0,26.31578947368421,0.0,,False,,,True,False
13457,2,France,Germany,57.144285714285715,-7.1432142857142855,33.33166666666667,45.833333333333336,33.33,100.0,51.9992,-3.8457692307692306,-33.333333333333336,9.090000000000002,38.1,100.0,False,True,False,True,False
13457,3,France,Germany,47.826521739130435,-28.0004,-42.857142857142854,16.667777777777776,28.57,0.0,36.0004,-23.9996,-50.0,33.333333333333336,28.0,,False,True,False,True,False
13458,1,Mexico,USA,43.47826086956522,-27.77777777777778,-66.66666666666667,13.635000000000002,14.29,-14.285714285714286,66.66666666666667,-8.0012,-49.99916666666667,16.666666666666668,13.640000000000002,0.0008333333333337597,False,,,False,True
13458,2,Mexico,USA,37.03703703703704,-23.809047619047618,-35.714999999999996,23.81047619047619,16.003200000000003,-40.0,43.9996,-8.332916666666668,-35.714999999999996,31.252499999999998,29.17,20.0,False,False,True,False,True
13458,3,Mexico,USA,0.002000000000001023,-16.666666666666668,-64.28642857142857,-4.9995,4.761904761904762,-33.333333333333336,68.42,-11.9992,0.0,0.0,21.05,30.76846153846154,False,False,True,False,True
13459,1,Bulgaria,Poland,0.0,-25.0,-44.44555555555556,-4.544545454545454,15.003000000000004,-66.66666666666667,62.4975,4.000800000000001,-6.250625,22.22,17.650000000000002,100.0,False,,,False,True
13459,2,Bulgaria,Poland,30.434782608695652,-14.285714285714286,-46.15461538461538,-9.522380952380953,4.352173913043478,-37.49875,33.33416666666667,4.16625,-60.0,5.884117647058823,17.391304347826086,27.271818181818183,False,False,True,False,True
13459,3,Bulgaria,Poland,39.9992,-9.999500000000001,-25.0,-9.090454545454547,19.996799999999997,-21.428571428571427,40.74148148148148,8.0,-35.714285714285715,18.750625,15.387307692307694,23.078461538461536,False,False,True,False,True
13460,1,Cameroon,Slovenia,21.8759375,-26.315263157894737,33.333333333333336,9.088636363636363,12.9,100.0,43.47782608695652,-7.999199999999999,20.0,14.285,40.91,,False,,,False,True
13460,2,Cameroon,Slovenia,35.4841935483871,-16.66625,33.333333333333336,13.634090909090908,21.874374999999997,100.0,40.001599999999996,-4.166666666666667,-0.002500000000001279,11.11,40.0032,100.0,False,False,True,False,True
13460,3,Cameroon,Slovenia,42.857619047619046,-9.523809523809524,49.9975,-9.090909090909092,38.1,,32.14107142857143,3.998799999999999,100.0,17.64588235294118,50.0,,False,False,True,False,True
13461,1,China,Türkiye,35.714285714285715,-31.250625,,5.264736842105263,21.43,,76.47,-12.498333333333333,100.0,50.0,21.43,,False,,,False,True
13461,2,China,Türkiye,22.22,-21.051578947368423,,10.001,27.775,-100.0,57.89421052631579,-19.9996,100.0,80.002,26.313684210526315,,False,False,True,False,True
13461,3,China,Türkiye,42.10526315789474,-20.0,0.0,-8.69608695652174,24.9975,,52.63263157894737,16.666666666666668,50.0,25.000833333333333,29.41,,False,False,True,False,True
13462,1,Egypt,Netherlands,33.33380952380952,-16.66611111111111,-33.333333333333336,-0.001052631578947907,22.224999999999998,-75.0,66.66722222222222,-4.166249999999999,33.333333333333336,46.666666666666664,27.778333333333332,100.0,False,,,False,True
13462,2,Egypt,Netherlands,21.427500000000002,-31.81863636363636,0.0,10.001000000000001,14.817777777777778,,23.9984,-15.999600000000001,20.002000000000002,7.1450000000000005,0.0,,False,False,True,False,True
13462,3,Egypt,Netherlands,3.2261290322580636,-11.764705882352942,0.0,9.998,3.5714285714285716,,30.555555555555557,-12.500833333333333,60.0,26.668,21.209090909090907,100.0,False,False,True,False,True
13463,1,Argentina,Iran,60.0,-33.33208333333334,0.0016666666666675194,11.766470588235293,33.32944444444444,,36.84315789473684,-21.738695652173913,-100.0,43.750625,43.75,,False,,,True,False
13463,2,Argentina,Iran,40.000571428571426,-13.792758620689655,-50.0,11.539615384615384,36.11194444444445,-100.0,37.5,-6.897586206896552,-60.0,26.086521739130436,24.14034482758621,,False,True,False,False,True
13463,3,Argentina,Iran,38.095238095238095,-27.77777777777778,-50.0,4.999,23.812380952380956,,50.00125,-11.999600000000001,-100.0,38.45923076923077,13.640000000000002,,False,False,True,False,True
13463,4,Argentina,Iran,46.667,-29.41176470588235,33.333333333333336,18.51851851851852,38.45923076923077,,22.858,-15.627187500000002,-59.998000000000005,13.042173913043477,20.58823529411765,,False,False,True,True,False
13463,5,Argentina,Iran,29.9995,-30.000999999999998,-55.55555555555556,33.33266666666667,43.75,,38.88722222222222,-24.997999999999998,-50.0,21.428571428571427,5.26,,False,True,False,False,True
13464,1,Puerto Rico,Tunisia,21.429642857142856,-21.051578947368423,-58.33166666666667,38.095238095238095,3.5714285714285716,40.0,42.308461538461536,-12.0,-35.714999999999996,33.332,0.0,9.091818181818182,False,,,False,True
13464,2,Puerto Rico,Tunisia,38.09571428571429,-16.665555555555557,-70.58941176470589,19.048571428571428,4.346086956521739,-24.99875,53.33266666666667,-12.499583333333334,-39.999,14.284285714285714,3.8500000000000005,10.0,False,False,True,False,True
13464,3,Puerto Rico,Tunisia,-9.679354838709678,5.0015,-38.46153846153846,28.569047619047616,3.229032258064517,69.23076923076923,23.076923076923077,-16.0,-15.384615384615385,-23.529411764705884,0.0,39.999,False,False,True,False,True
13465,1,Serbia,Ukraine,8.823529411764707,-3.7040740740740743,-49.99888888888889,15.0,5.7137142857142855,41.66583333333333,29.030645161290323,-22.221481481481483,-17.391304347826086,16.666666666666668,6.2524999999999995,25.0,False,,,True,False
13465,2,Serbia,Ukraine,39.1295652173913,-15.9992,-64.28571428571429,13.334666666666667,4.55,60.0,34.78391304347826,-28.57095238095238,-63.63545454545454,-0.0005555555555558397,4.543636363636363,22.221111111111114,False,True,False,True,False
13465,3,Serbia,Ukraine,52.63263157894737,0.00041666666666687985,-57.142857142857146,33.333333333333336,16.66944444444444,-40.0,31.03344827586207,-19.04714285714286,-54.54636363636364,9.090909090909092,13.337333333333333,-12.5,False,True,False,True,False
13466,1,Canada,Italy,10.001000000000001,-35.714285714285715,-100.0,9.523333333333332,40.0,-100.0,50.0,-8.33375,11.11,33.333333333333336,25.0,100.0,False,,,False,True
13466,2,Canada,Italy,3.7029629629629626,-16.666666666666668,-66.66666666666667,13.636363636363637,46.42928571428571,100.0,36.36227272727273,-7.998399999999999,9.090909090909092,6.6659999999999995,28.56904761904762,100.0,False,False,True,False,True
13466,3,Canada,Italy,22.22277777777778,-10.526315789473685,-27.272727272727273,22.219629629629626,30.555,14.282857142857141,37.77777777777778,-23.684473684210527,-41.666666666666664,9.675806451612903,33.33111111111111,55.55722222222222,False,False,True,False,True
13467,1,Cuba,Qatar,45.83291666666667,-20.833333333333332,0.0,22.221111111111114,21.737391304347824,50.0,9.999,-9.090454545454547,-33.333333333333336,23.529411764705884,47.61523809523809,0.0,False,,,True,False
13467,2,Cuba,Qatar,43.477391304347826,-7.998399999999999,-63.63636363636363,29.41176470588235,36.360454545454544,83.33333333333333,30.43521739130435,-19.047619047619047,-25.0,-4.761904761904762,34.78260869565217,33.333333333333336,False,True,False,True,False
13467,3,Cuba,Qatar,20.69103448275862,-18.18,-12.49875,9.09,20.69,33.333333333333336,18.51888888888889,-3.9983999999999997,37.5,23.529411764705884,20.003200000000003,37.49875,False,True,False,False,True
13467,4,Cuba,Qatar,52.17521739130434,-20.001199999999997,16.666666666666668,0.002142857142857224,22.73,55.556666666666665,22.72681818181818,-21.05315789473684,-37.5,15.000499999999999,17.395217391304346,-83.33333333333333,False,False,True,True,False
13468,1,Brazil,Japan,32.14464285714286,-12.5,11.11111111111111,-0.001764705882353008,37.03925925925926,63.63636363636363,13.332666666666666,-9.092272727272727,-33.333333333333336,0.0,10.003333333333334,20.0,False,,,True,False
13468,2,Brazil,Japan,29.62851851851852,-15.999600000000001,-35.714999999999996,15.384615384615385,41.669999999999995,91.66666666666667,7.408148148148148,-27.77777777777778,25.0,5.001,3.7037037037037037,72.72636363636364,False,True,False,True,False
13468,3,Brazil,Japan,51.9988,-4.166666666666667,-30.0,7.142857142857143,27.9984,27.270909090909093,21.428571428571427,-11.76529411764706,-66.66666666666667,-0.0004545454545456871,17.24137931034483,19.999000000000002,False,True,False,True,False
13469,1,Cameroon,Germany,29.034516129032255,-17.857142857142858,-25.0,24.999583333333334,19.357419354838708,40.0,27.272727272727273,-13.333,14.284285714285714,56.52,56.25125,21.427857142857142,False,,,False,True
13469,2,Cameroon,Germany,29.41176470588235,-6.666666666666667,50.0,15.002,52.93882352941176,33.333333333333336,65.38307692307691,-8.334166666666667,-33.333333333333336,57.14142857142857,48.0,75.0025,False,False,True,False,True
13469,3,Cameroon,Germany,44.9995,-5.2631578947368425,0.0,23.81190476190476,45.0045,-54.54545454545455,59.09090909090909,-8.0,-33.333333333333336,50.0,63.154736842105265,0.0,False,False,True,False,True
13470,1,Bulgaria,USA,17.857142857142858,-20.0005,-53.84615384615385,5.002000000000001,14.81,0.0,33.333333333333336,-7.9996,-26.668,6.666666666666667,16.003200000000003,50.0,False,,,False,True
13470,2,Bulgaria,USA,29.031935483870967,-16.667083333333334,-11.11111111111111,-13.637272727272727,0.0,13.332666666666666,29.166666666666668,4.166666666666666,-25.00125,-0.0005263157894739535,4.16875,-14.286428571428571,False,False,True,False,True
13470,3,Bulgaria,USA,40.73925925925926,-20.833333333333332,-42.857619047619046,13.045217391304348,20.834166666666665,22.22222222222222,30.0,-7.691538461538461,-44.44444444444444,16.667777777777776,10.34,12.49875,False,False,True,False,True
13471,1,Mexico,Poland,22.22277777777778,-33.33277777777778,-84.61538461538461,11.763529411764706,5.553333333333333,-25.0,76.47117647058823,-29.1675,-63.63545454545454,27.272727272727273,35.29058823529412,100.0,False,,,False,True
13471,2,Mexico,Poland,-15.384615384615385,-7.142857142857143,-50.0025,-5.555555555555555,-7.141428571428571,50.0,39.9995,-16.0004,25.000625,18.182727272727274,29.996499999999997,75.0,False,False,True,False,True
13471,3,Mexico,Poland,25.926296296296297,-20.0,-50.001,25.0015,10.709642857142857,-30.0,52.381904761904764,-12.5,-47.36842105263158,37.5025,30.0,100.0,False,False,True,False,True
13472,1,France,Slovenia,29.62814814814815,-12.500416666666666,0.0,37.5,40.0,-100.0,23.998800000000003,-22.72772727272727,50.0,16.66611111111111,35.998,33.333333333333336,False,,,True,False
13472,2,France,Slovenia,43.47782608695652,-30.43521739130435,-66.66666666666667,35.0015,25.000833333333333,33.33,50.00055555555556,-16.666666666666668,19.997999999999998,21.427142857142858,66.66944444444445,-0.0014285714285701293,False,True,False,False,True
13472,3,France,Slovenia,32.142857142857146,-21.738260869565217,100.0,42.10526315789474,28.57107142857143,-25.0,46.153076923076924,-24.000799999999998,0.0,41.174705882352946,24.0,28.571428571428573,False,False,True,False,True
13472,4,France,Slovenia,29.164999999999996,-17.64588235294118,-20.0,38.46115384615385,22.451020408163263,25.0,33.33233333333333,-15.6246875,-6.6659999999999995,29.63148148148148,16.125806451612902,0.0,False,False,True,True,False
13472,5,France,Slovenia,77.77555555555556,-19.99866666666667,33.333333333333336,75.0,44.44444444444444,100.0,0.0015384615384612323,-42.857142857142854,-66.66666666666667,9.09,30.766153846153845,-33.333333333333336,False,True,False,True,False
13473,1,Canada,China,46.42821428571428,-32.0,-25.0,24.999000000000002,17.852857142857143,28.571428571428573,20.0,-8.695217391304348,-36.36363636363637,49.9975,20.0,11.11,False,,,True,False
13473,2,Canada,China,50.0,-12.499166666666667,16.666666666666668,47.057647058823534,22.73,-11.11,42.85761904761905,-22.727272727272727,-37.4975,40.001,35.001999999999995,50.0,False,True,False,True,False
13473,3,Canada,China,20.832083333333333,-0.00040000000000020466,-25.0,16.665555555555557,18.18,45.45545454545454,33.33222222222222,-17.389999999999997,-25.0,9.089545454545455,30.77,53.846923076923076,False,True,False,True,False
13474,1,Argentina,Netherlands,41.375517241379306,-13.333333333333334,-9.998999999999999,47.36736842105263,21.424285714285713,50.0,40.00085714285714,-32.143214285714286,-25.0,50.000416666666666,21.208181818181817,33.333333333333336,False,,,True,False
13474,2,Argentina,Netherlands,70.0,-8.3325,-57.14142857142857,33.332,52.63157894736842,44.44555555555556,42.308076923076925,-23.81,-50.0,30.0,15.383076923076922,-24.99875,False,True,False,True,False
13474,3,Argentina,Netherlands,61.904761904761905,-18.18090909090909,-44.443333333333335,23.80952380952381,44.9995,-80.0,70.0,-4.16625,-40.0,24.998749999999998,10.530526315789473,0.0,False,True,False,False,True
13474,4,Argentina,Netherlands,55.0,-23.999200000000002,0.0,4.9975,36.83894736842105,-18.75,42.85785714285714,-11.11111111111111,-50.001666666666665,47.37052631578947,37.03962962962963,55.556666666666665,False,False,True,False,True
13474,5,Argentina,Netherlands,-23.077692307692306,-11.11111111111111,0.0,0.0,23.076923076923077,-50.0,25.0,-6.666666666666667,83.335,14.287142857142857,25.0,50.0,False,False,True,False,True
13475,1,Egypt,Iran,23.07730769230769,-28.570714285714285,-71.42714285714285,8.334166666666667,34.614615384615384,42.857142857142854,54.999,7.999199999999999,-7.6923076923076925,30.0,42.10157894736842,33.333333333333336,False,,,False,True
13475,2,Egypt,Iran,34.998000000000005,-10.000499999999999,-85.71428571428571,-4.999499999999999,35.001999999999995,0.0,61.904285714285706,-8.334166666666667,-14.287142857142857,35.29117647058823,50.0,14.287142857142857,False,False,True,False,True
13475,3,Egypt,Iran,30.436086956521738,-4.16625,-19.999000000000002,22.223333333333333,28.57190476190476,85.71428571428571,25.926666666666666,-17.391304347826086,-50.0,9.523809523809524,16.669166666666666,71.42857142857143,False,False,True,True,False
13475,4,Egypt,Iran,31.57842105263158,-32.0012,0.0,26.317894736842103,26.313684210526315,100.0,13.794482758620688,-16.0004,-25.0,52.944705882352935,31.031724137931032,66.66666666666667,False,True,False,False,True
13476,1,Puerto Rico,Serbia,27.273333333333333,-11.999600000000001,-66.66666666666667,22.72681818181818,8.825882352941177,-25.0,44.445,-4.0,-43.75,14.999,15.792631578947372,-14.285714285714286,False,,,False,True
13476,2,Puerto Rico,Serbia,16.0008,4.761428571428572,-55.55555555555556,27.27136363636364,20.83,-23.077692307692306,41.66708333333333,-4.0,-12.5,21.05263157894737,19.996799999999997,-42.857142857142854,False,False,True,False,True
13476,3,Puerto Rico,Serbia,42.10631578947368,-29.41176470588235,-66.66666666666667,13.638181818181817,16.66944444444444,-42.857142857142854,58.82411764705882,8.33375,-38.46307692307692,20.000999999999998,27.776111111111113,25.00125,False,False,True,False,True
13477,1,Tunisia,Ukraine,15.6246875,-18.18318181818182,-42.85857142857143,31.58,3.121875,26.665333333333333,24.13758620689655,-12.5,-10.52736842105263,22.22222222222222,3.5725000000000002,21.428571428571427,False,,,False,True
13477,2,Tunisia,Ukraine,-0.00033333333333397756,-10.526315789473685,-46.15384615384615,4.999499999999999,20.69,10.0,29.166666666666668,-11.999600000000001,-10.525263157894736,29.41176470588235,8.33,49.99875,False,False,True,False,True
13477,3,Tunisia,Ukraine,13.333333333333334,-18.749375,-40.001,-15.001,6.25,-14.285714285714286,43.75,8.333333333333332,-11.11111111111111,0.0008333333333337597,20.00133333333333,37.50125,False,False,True,False,True
13478,1,Italy,Türkiye,49.997499999999995,-8.33375,-28.572857142857142,12.497499999999999,44.44444444444444,31.25,24.997999999999998,-10.525789473684211,-62.5,14.286190476190475,35.001999999999995,-27.272727272727273,False,,,True,False
13478,2,Italy,Türkiye,44.82931034482758,-7.9988,-9.999,17.647058823529413,57.69307692307692,63.63545454545454,20.687931034482755,0.0005000000000002558,-14.285714285714286,13.635454545454547,31.03724137931034,39.999,False,True,False,True,False
13478,3,Italy,Türkiye,19.23153846153846,-20.834166666666665,66.66666666666667,6.665333333333333,23.998800000000003,57.142857142857146,16.6675,-30.436086956521738,0.0,5.554444444444444,31.81590909090909,9.090909090909092,False,True,False,True,False
13479,1,Brazil,Qatar,59.09136363636364,-8.3325,66.66666666666667,29.996999999999996,21.05421052631579,41.665,11.9988,-28.571428571428573,-50.0,14.286666666666665,28.000799999999998,50.0,False,,,True,False
13479,2,Brazil,Qatar,60.87,-8.0,-100.0,35.0025,38.1,19.997999999999998,66.66666666666667,-8.693478260869565,-33.333333333333336,23.80857142857143,31.57894736842105,-33.33166666666667,False,True,False,True,False
13479,3,Brazil,Qatar,35.29588235294118,-15.999600000000001,-22.22222222222222,52.3795238095238,26.475294117647056,20.000666666666667,28.1271875,-15.999600000000001,-16.666666666666668,39.9995,30.0,66.66666666666667,False,True,False,True,False
13480,1,Cuba,Japan,33.33444444444444,-15.79,-60.0,15.789473684210526,5.261052631578947,-60.0,68.42210526315789,-16.666666666666668,-33.333333333333336,26.665333333333333,35.001999999999995,100.0,False,,,False,True
13480,2,Cuba,Japan,58.332916666666655,-24.999583333333334,-100.0,22.22222222222222,26.090000000000003,66.66666666666667,46.66466666666667,-18.181818181818183,-33.333333333333336,25.00125,35.71,-27.273636363636363,False,False,True,True,False
13480,3,Cuba,Japan,11.11111111111111,-25.0,-42.857142857142854,5.555555555555555,33.33611111111111,-12.5,47.618095238095236,-16.666666666666668,50.0,16.666666666666668,33.33714285714285,37.49875,False,True,False,False,True
13480,4,Cuba,Japan,20.688620689655174,-21.052105263157895,-16.666666666666668,23.81238095238095,-3.4482758620689653,40.001999999999995,32.25806451612903,-15.999600000000001,-59.998000000000005,30.77076923076923,16.663666666666664,85.71428571428571,False,False,True,False,True
13481,1,Cameroon,France,40.74074074074074,-21.05263157894737,-50.0,9.090909090909092,15.384615384615385,66.66666666666667,53.847307692307695,-7.9996,-57.142857142857146,21.43,46.15692307692307,57.144285714285715,False,,,False,True
13481,2,Cameroon,France,28.57095238095238,-30.0,-16.666666666666668,-10.0,9.094999999999999,60.0,28.57095238095238,-4.166666666666667,-22.22222222222222,35.714285714285715,45.0,25.0,False,False,True,False,True
13481,3,Cameroon,France,36.36454545454546,-4.545,-66.665,9.999500000000001,18.18590909090909,0.0,50.00142857142857,-15.999600000000001,-100.0,57.89631578947368,50.0,63.63545454545454,False,False,True,False,True
13482,1,Bulgaria,Mexico,37.931724137931035,-20.832916666666666,-33.333333333333336,5.555555555555555,0.0,53.84615384615385,8.334583333333335,6.767073673905716e-16,-77.78,11.11,4.16875,35.714285714285715,False,,,True,False
13482,2,Bulgaria,Mexico,38.09809523809523,-9.524761904761904,-41.177058823529414,19.046666666666663,13.046956521739132,-83.33333333333333,52.17391304347826,-4.165416666666666,-33.3325,22.221111111111114,4.55,-37.5,False,True,False,False,True
13482,3,Bulgaria,Mexico,22.222962962962963,-13.042608695652175,-43.751875,-9.526190476190477,0.0,75.0,20.833750000000002,0.0,-50.00214285714286,-5.883529411764706,-4.545454545454546,58.333333333333336,False,False,True,False,True
13482,4,Bulgaria,Mexico,38.46076923076923,-11.9992,-57.144285714285715,15.79,11.54,22.22222222222222,45.833333333333336,-13.042173913043479,-58.82411764705882,19.047619047619047,0.0038461538461536274,14.285714285714286,False,False,True,True,False
13482,5,Bulgaria,Mexico,40.0,-31.25,-87.5,23.529411764705884,10.003499999999999,20.0,37.500625,-5.555555555555555,-61.53923076923077,9.090909090909092,0.0,33.333333333333336,False,True,False,False,True
13483,1,Poland,USA,36.8421052631579,-17.39217391304348,-56.25125,-12.499375,-0.003478260869565761,54.54454545454546,33.33555555555555,-20.0,-33.33266666666667,15.789473684210526,15.998800000000001,-50.0,False,,,False,True
13483,2,Poland,USA,38.46230769230769,-12.0,-50.0,6.248124999999999,4.000800000000001,33.333333333333336,27.271818181818183,-9.524761904761906,-49.99875,5.002000000000001,4.165833333333333,50.0,False,False,True,True,False
13483,3,Poland,USA,53.848076923076924,-25.000416666666666,-17.648823529411764,11.763529411764706,4.166666666666667,100.0,20.0005,-10.000499999999999,-58.33166666666667,5.880000000000001,4.761904761904762,-28.571428571428573,False,True,False,True,False
13483,4,Poland,USA,48.14888888888889,-4.0016,-73.334,17.647058823529413,14.285714285714286,45.45454545454545,54.545,-19.047619047619047,-69.23153846153846,-4.7609523809523795,13.640454545454544,0.0007692307692300696,False,True,False,True,False
13484,1,Germany,Slovenia,19.231923076923074,-17.648823529411764,-71.42714285714285,31.818181818181817,49.99692307692307,42.857142857142854,54.16708333333333,-8.335416666666667,-0.0011111111111116794,23.076153846153847,31.81590909090909,18.180909090909093,False,,,False,True
13484,2,Germany,Slovenia,25.807096774193546,-9.089090909090908,-66.66666666666667,13.636363636363637,51.611935483870965,40.0,42.30692307692308,-7.9996,-41.666666666666664,5.2631578947368425,37.038888888888884,44.44444444444444,False,False,True,False,True
13484,3,Germany,Slovenia,30.43521739130435,-38.88944444444444,-100.0,10.524736842105263,26.08304347826087,0.0,58.8235294117647,-8.334583333333335,-16.6675,0.0,37.49875,19.997999999999998,False,False,True,False,True
13485,1,Argentina,Egypt,44.827241379310344,-26.92269230769231,-33.333333333333336,26.08478260869565,10.34206896551724,33.333333333333336,20.689310344827586,-11.538461538461538,-25.00125,31.579473684210527,14.290000000000001,16.666666666666668,False,,,True,False
13485,2,Argentina,Egypt,35.29294117647059,-18.51851851851852,-50.0,54.16958333333333,18.182727272727274,50.0,44.44481481481481,-11.11111111111111,-14.285714285714286,38.0947619047619,11.538461538461538,10.0,False,True,False,False,True
13485,3,Argentina,Egypt,23.998800000000003,-12.499583333333334,-14.284285714285714,31.81772727272727,26.089565217391304,-40.0,32.002399999999994,-11.538461538461538,-45.45454545454545,-0.0005263157894739535,13.042608695652175,57.144285714285715,False,False,True,False,True
13485,4,Argentina,Egypt,56.66766666666667,-16.001199999999997,-100.0,20.0,59.26,66.66666666666667,20.834166666666665,-5.882352941176471,-57.142857142857146,34.9995,8.33,25.0,False,False,True,True,False
13485,5,Argentina,Egypt,69.23076923076923,7.1450000000000005,0.0,42.857142857142854,38.46,0.0,11.11111111111111,0.0,-75.0,8.334166666666667,22.22,33.333333333333336,False,True,False,True,False
13486,1,Canada,Türkiye,32.25774193548387,12.500416666666666,-71.42857142857143,22.725454545454543,21.877187499999998,22.22222222222222,46.666000000000004,0.0016666666666669272,0.0,9.090454545454547,13.33,27.273636363636363,False,,,False,True
13486,2,Canada,Türkiye,27.7775,-8.695217391304348,-83.33333333333333,14.284761904761906,17.648235294117647,33.333333333333336,46.66466666666667,-16.0004,-50.0,5.264736842105263,7.14,55.553333333333335,False,False,True,False,True
13486,3,Canada,Türkiye,31.037241379310345,-22.221666666666668,-33.333333333333336,13.046086956521739,17.242758620689653,20.0,52.38285714285714,8.332916666666668,-20.0,35.714285714285715,5.0,36.36272727272728,False,False,True,False,True
13487,1,Iran,Netherlands,30.0,-4.544545454545454,0.0,-5.0,39.997,-50.0,42.85476190476191,-7.9996,-20.0,19.9985,31.818181818181817,10.001,False,,,False,True
13487,2,Iran,Netherlands,57.89473684210526,-28.0,-20.0,53.333333333333336,68.42105263157895,33.333333333333336,30.0,-28.571428571428573,-20.0,-0.001176470588235896,36.84473684210526,33.333333333333336,False,False,True,True,False
13487,3,Iran,Netherlands,4.9985,-10.0,-66.66666666666667,-0.0005263157894739535,52.63,60.0,38.095238095238095,-15.998800000000001,10.001000000000001,17.64588235294118,28.571428571428573,0.0016666666666675194,False,True,False,False,True
13487,4,Iran,Netherlands,29.164166666666663,-31.57842105263158,-50.0,19.999000000000002,16.666666666666668,33.333333333333336,42.85809523809524,-12.499166666666667,-11.11111111111111,8.335,40.906363636363636,85.71428571428571,False,False,True,False,True
13488,1,Serbia,Tunisia,43.332,-10.7125,-57.142857142857146,23.9984,16.669333333333334,55.55555555555556,26.08782608695652,3.5707142857142853,-40.0005,-9.090909090909092,4.352173913043478,-10.0,False,,,True,False
13488,2,Serbia,Tunisia,22.221111111111114,0.0,23.075384615384618,53.84615384615385,16.666666666666668,-25.0,-17.856428571428573,-13.332666666666666,-36.36272727272728,8.695652173913043,3.567857142857143,50.0,False,True,False,True,False
13488,3,Serbia,Tunisia,57.142857142857146,-8.334166666666667,-46.666666666666664,50.0,14.288571428571432,50.0,30.76846153846154,-33.33166666666667,-85.71428571428571,14.284761904761906,15.379999999999999,-0.0016666666666675194,False,True,False,True,False
13489,1,Puerto Rico,Ukraine,37.03592592592593,-7.691923076923077,-30.77,4.760476190476189,14.290000000000001,28.57,15.151212121212122,0.0004166666666662877,-69.23076923076923,18.179545454545455,12.50375,42.857142857142854,False,,,True,False
13489,2,Puerto Rico,Ukraine,44.44444444444444,-10.525263157894736,-64.28785714285713,-4.999499999999999,23.52823529411765,-60.0,68.42105263157895,-3.999199999999999,-71.42857142857143,31.248125,42.11,-22.223333333333333,False,True,False,False,True
13489,3,Puerto Rico,Ukraine,17.39,-17.647058823529413,-55.55611111111111,4.999499999999999,4.545454545454546,33.333333333333336,48.14555555555556,-12.500416666666666,-62.49875,28.57,19.23076923076923,42.857142857142854,False,False,True,False,True
13489,4,Puerto Rico,Ukraine,23.077692307692306,-26.315263157894737,-50.0,0.0014285714285714828,14.81037037037037,-23.075384615384618,29.1675,-3.9995999999999996,-53.84615384615385,14.285714285714286,16.67,49.99916666666667,False,False,True,False,True
13490,1,China,Italy,18.516666666666666,-26.666,-75.0,24.999000000000002,24.99892857142857,0.0,61.90761904761904,-12.500416666666666,-66.66666666666667,36.36363636363637,28.571428571428573,36.36363636363637,False,,,False,True
13490,2,China,Italy,-5.554444444444444,-10.0,-75.0,23.80952380952381,33.33238095238095,0.0,77.77833333333334,-11.9988,50.0,55.556666666666665,57.89210526315789,66.66666666666667,False,False,True,False,True
13490,3,China,Italy,9.67741935483871,-13.332666666666666,-66.66666666666667,20.832083333333333,24.245757575757576,71.42857142857143,60.001,8.334166666666667,16.665000000000003,23.076153846153847,52.93882352941176,63.63636363636363,False,False,True,False,True
13491,1,Germany,Slovenia,18.519259259259258,-26.314736842105265,-33.33444444444444,21.738695652173913,31.03448275862069,60.0,31.579473684210527,0.0,-14.284285714285714,21.428571428571427,19.050476190476193,25.0,True,,,False,True
13491,2,Germany,Slovenia,45.0005,-21.05263157894737,-100.0,-0.0005263157894732055,47.61904761904762,40.0,70.0,-4.0016,-33.333333333333336,7.141428571428571,45.45727272727272,33.333333333333336,True,False,True,False,True
13491,3,Germany,Slovenia,27.585172413793103,-12.0,-27.272727272727273,12.50125,32.258709677419354,58.8235294117647,16.667777777777776,-23.809047619047618,-30.76923076923077,5.001,24.24060606060606,100.0,True,False,True,True,False
13491,4,Germany,Slovenia,3.125,-13.636818181818182,8.334166666666667,5.0,18.184242424242424,30.000999999999998,19.229615384615382,-20.0,-7.142857142857143,5.882352941176471,18.516296296296293,75.0,True,True,False,False,True
13492,1,Cuba,Italy,11.9992,-27.27409090909091,-16.666666666666668,12.5,20.834166666666665,24.99875,39.130434782608695,-33.3325,-22.22222222222222,19.997333333333334,40.0045,100.0,True,,,False,True
13492,2,Cuba,Italy,35.71321428571429,-16.66625,0.0,0.0,17.856428571428573,38.46076923076923,14.286428571428571,-18.181818181818183,-33.333333333333336,-5.2631578947368425,32.14142857142857,25.0,True,False,True,True,False
13492,3,Cuba,Italy,15.151212121212122,-19.9996,0.0,45.001999999999995,6.2484375000000005,14.284285714285714,26.922307692307694,-20.001199999999997,-12.5,5.2631578947368425,34.783478260869565,30.0,True,True,False,False,True
13492,4,Cuba,Italy,16.666999999999998,-22.22222222222222,-10.001,16.667916666666667,12.122424242424243,100.0,27.779444444444444,0.0008000000000004093,-6.668,28.572857142857142,47.36842105263158,0.0,True,False,True,False,True
13493,1,Türkiye,USA,25.926296296296297,-9.523809523809524,0.0,-4.761428571428572,24.0,-14.284285714285714,30.000333333333334,-12.000399999999999,-60.0,5.26421052631579,20.69103448275862,25.0,True,,,False,True
13493,2,Türkiye,USA,44.0028,-27.77777777777778,-100.0,9.090909090909092,14.29,0.0,69.56608695652174,-4.16625,-40.0,7.6923076923076925,19.048095238095236,20.0,True,False,True,False,True
13493,3,Türkiye,USA,44.443333333333335,-24.999166666666667,33.333333333333336,0.0,13.788620689655172,0.0,26.668,-21.738695652173913,-80.0,5.555555555555555,17.244137931034484,58.33166666666667,True,False,True,True,False
13493,4,Türkiye,USA,43.75,-19.9996,-42.857142857142854,0.0,12.496875000000001,71.42857142857143,17.856785714285714,-10.526315789473685,-40.0,5.0,16.669333333333334,0.0,True,True,False,True,False
13493,5,Türkiye,USA,4.9995,-8.333333333333334,-25.0,0.0023076923076934884,11.11,66.66666666666667,31.58,-6.666666666666667,-33.333333333333336,18.183636363636364,33.33,50.001666666666665,True,True,False,False,True
13494,1,Poland,Tunisia,54.166666666666664,-0.0016666666666675194,-85.71428571428571,23.52823529411765,41.67125,59.998000000000005,47.82695652173913,-14.285238095238096,-50.0,-21.053684210526313,4.002,-50.0,True,,,True,False
13494,2,Poland,Tunisia,45.0,-7.999199999999999,0.0,10.0,26.314736842105265,44.443333333333335,13.635454545454547,-33.33266666666667,-100.0,-15.001499999999998,0.0,14.287142857142857,True,True,False,True,False
13494,3,Poland,Tunisia,36.36272727272728,-24.999166666666667,-16.666666666666668,10.526315789473685,9.375,85.71428571428571,18.51851851851852,-9.523809523809524,-66.66666666666667,0.0,11.11111111111111,12.50125,True,True,False,True,False
13495,1,Netherlands,Ukraine,28.57333333333333,-52.942352941176466,0.0,9.090909090909092,26.08608695652174,20.0,31.250625,0.0,0.0,0.0,26.665333333333333,0.0012500000000006395,True,,,False,True
13495,2,Netherlands,Ukraine,3.8469230769230767,5.26421052631579,-66.66666666666667,4.545454545454546,12.003200000000001,20.0,52.63,-3.9991999999999996,0.0,16.665555555555557,11.11111111111111,-66.66666666666667,True,False,True,False,True
13495,3,Netherlands,Ukraine,30.436086956521738,-15.78842105263158,-100.0,16.66611111111111,26.089565217391307,33.33166666666667,69.56565217391304,-20.83125,-29.999000000000002,25.0025,38.09142857142857,33.33166666666667,True,False,True,False,True
13496,1,France,Japan,39.9976,0.0,15.384615384615385,19.999333333333333,38.45769230769231,50.0,16.129032258064516,-11.11,-27.270909090909093,9.090454545454547,35.486451612903224,11.11111111111111,True,,,True,False
13496,2,France,Japan,43.33133333333333,-22.727272727272727,-77.77777777777777,30.0,36.666000000000004,10.0,66.6675,-16.666666666666668,-36.36363636363637,41.17823529411765,24.000799999999998,37.5,True,True,False,False,True
13496,3,France,Japan,33.33291666666667,-12.0,-36.36363636363637,10.001000000000001,30.43173913043478,50.0,31.818181818181817,-16.001199999999997,-33.3325,15.001,36.36818181818182,50.0,True,False,True,True,False
13496,4,France,Japan,47.82608695652174,-26.087391304347825,-72.72727272727273,-9.52095238095238,36.36,100.0,34.78260869565217,0.0012500000000006395,-50.0,18.75,12.0,50.00125,True,True,False,False,True
13496,5,France,Japan,42.10526315789474,-16.66611111111111,-23.076923076923077,8.335833333333333,26.31421052631579,-16.666666666666668,36.84105263157895,-24.999375,-40.0,20.002,9.998999999999999,66.66666666666667,True,False,True,True,False
13497,1,Argentina,Serbia,46.15346153846154,-23.9996,-23.076923076923077,33.33222222222222,33.33,14.287142857142856,31.03551724137931,-21.738695652173913,-37.5,10.527894736842105,21.43,100.0,True,,,True,False
13497,2,Argentina,Serbia,43.47869565217391,0.00041666666666687985,-71.42857142857143,-6.25,31.814999999999998,60.0,40.0,-18.179545454545455,50.0,-9.523333333333333,31.996799999999997,20.0,True,True,False,True,False
13497,3,Argentina,Serbia,48.2751724137931,-23.998800000000003,-27.271818181818183,-5.2631578947368425,37.928275862068965,40.0,27.584482758620688,-13.043478260869565,-19.997999999999998,0.0,31.031724137931036,33.33222222222222,True,True,False,True,False
13498,1,Brazil,Iran,48.148148148148145,-19.999200000000002,0.0,0.0015384615384601392,11.112592592592591,83.33333333333333,10.001,-11.76529411764706,-25.0,-5.555555555555555,14.288571428571432,0.0,True,,,True,False
13498,2,Brazil,Iran,34.48137931034483,4.16625,-60.0,-5.5566666666666675,32.142857142857146,55.55555555555556,52.17217391304348,-17.391304347826086,-100.0,-0.0009090909090913742,14.288571428571428,33.333333333333336,True,True,False,True,False
13498,3,Brazil,Iran,17.394347826086953,0.0008000000000004093,-0.0012500000000006395,-0.001176470588235896,13.640000000000002,10.0,17.64735294117647,-17.390434782608697,100.0,-8.69304347826087,2.9382352941176473,38.46076923076923,True,True,False,True,False
13499,1,France,Italy,33.333333333333336,-23.076538461538462,-42.85857142857143,12.499375,11.998,14.285714285714286,44.44277777777778,-29.166666666666668,-28.572142857142858,15.79,19.997999999999998,-50.0,True,,,True,False
13499,2,France,Italy,7.407777777777778,-28.57095238095238,-20.0,19.046666666666667,23.07461538461538,42.857142857142854,19.9995,-15.999600000000001,-14.284285714285714,7.142142857142857,18.183636363636364,33.33444444444444,True,True,False,False,True
13499,3,France,Italy,34.615,-16.001199999999997,-54.54363636363637,6.664666666666665,12.502916666666666,33.33444444444444,47.826521739130435,-30.43565217391304,-25.0,14.287142857142856,20.835833333333333,0.0,True,False,True,True,False
13499,4,France,Italy,28.1259375,-22.72590909090909,-33.333333333333336,-4.545454545454546,3.4482758620689653,64.28571428571429,20.832916666666666,-0.0008000000000004093,-63.63636363636363,-6.666666666666667,29.166666666666668,80.002,True,True,False,False,True
13499,5,France,Italy,19.99866666666667,-30.77076923076923,-37.5,8.333333333333334,6.666666666666667,75.0,23.528823529411767,-7.142142857142857,-28.571428571428573,33.33444444444444,29.408823529411762,42.857142857142854,True,False,True,False,True
13500,1,Slovenia,Ukraine,11.539615384615384,-16.666666666666668,-75.0,5.882352941176471,25.001666666666665,-11.11111111111111,66.66761904761904,-27.9996,-11.11111111111111,13.336666666666668,30.000999999999998,75.0,True,,,False,True
13500,2,Slovenia,Ukraine,34.28628571428571,-11.538076923076924,-41.6675,20.0005,32.26064516129033,57.142857142857146,32.14035714285714,-8.3325,-33.33133333333333,18.18045454545455,10.340689655172413,40.0,True,False,True,True,False
13500,3,Slovenia,Ukraine,47.62,-8.332916666666668,0.0,17.648235294117647,18.179545454545455,20.0,14.814814814814815,-10.0,-16.666666666666668,15.0,18.51851851851852,49.99875,True,True,False,True,False
13500,4,Slovenia,Ukraine,54.9985,-7.9996,-36.36363636363637,-16.665555555555557,11.768235294117646,10.0,34.48379310344828,-8.694347826086956,-50.0,31.815454545454546,24.999285714285715,57.142857142857146,True,True,False,True,False
13501,1,Argentina,Brazil,13.635454545454543,-23.52764705882353,-60.0,5.2631578947368425,18.183636363636364,-20.0,63.15842105263158,-16.66625,-20.0,16.665833333333335,26.31421052631579,100.0,True,,,False,True
13501,2,Argentina,Brazil,38.46230769230769,-16.66625,-54.54545454545455,14.285714285714286,34.61538461538461,66.66666666666667,37.501666666666665,-8.332916666666668,-33.333333333333336,5.262631578947368,-0.0029629629629623734,30.0,True,False,True,True,False
13501,3,Argentina,Brazil,22.581290322580646,-13.04304347826087,-50.0,9.522857142857143,13.336000000000002,71.42857142857143,40.742592592592594,-8.332916666666668,-33.333333333333336,0.0,21.42642857142857,42.857142857142854,True,True,False,False,True
13501,4,Argentina,Brazil,30.436086956521738,-19.047619047619047,25.00125,4.763333333333334,13.047391304347824,-0.0010000000000005115,22.22222222222222,-3.9995999999999996,-28.571428571428573,17.644117647058824,18.51666666666667,100.0,True,False,True,False,True
13502,1,Poland,USA,56.0,-7.999199999999999,-11.112222222222222,17.64764705882353,19.999200000000002,30.0,32.144285714285715,-9.999500000000001,-85.71428571428571,-4.999499999999999,21.42535714285714,33.333333333333336,True,,,True,False
13502,2,Poland,USA,69.23038461538462,-15.38423076923077,-50.0,4.545454545454546,19.231153846153845,57.142857142857146,51.9988,-3.845384615384615,-100.0,14.285238095238096,23.076923076923077,-11.11111111111111,True,True,False,True,False
13502,3,Poland,USA,48.2751724137931,-31.818181818181817,-71.42714285714285,23.80952380952381,32.14035714285714,28.571428571428573,51.85148148148148,-8.333333333333334,-57.142857142857146,6.666666666666667,25.93,30.0,True,True,False,False,True
13502,4,Poland,USA,24.242424242424242,-27.27227272727273,-42.857142857142854,14.284285714285716,8.572857142857144,71.42857142857143,34.78391304347826,-11.999600000000001,-25.0,0.0,3.8446153846153845,-0.0011111111111101006,True,False,True,False,True
13502,5,Poland,USA,30.76923076923077,0.0,-33.333333333333336,11.11111111111111,25.0,0.0,58.333333333333336,-30.767692307692307,-100.0,-18.181818181818183,15.384615384615385,0.0,True,False,True,True,False
13503,1,Brazil,Poland,34.286857142857144,-19.9996,-83.33333333333333,5.0,20.58617647058824,72.72727272727273,40.0012,-13.043478260869565,-33.33222222222222,10.526315789473685,16.665,-8.334166666666667,True,,,True,False
13503,2,Brazil,Poland,8.696521739130434,-16.66722222222222,-25.0,-5.0015,16.666666666666668,30.0,39.130434782608695,-16.0,12.497499999999999,13.332666666666666,16.0,54.54454545454546,True,True,False,False,True
13503,3,Brazil,Poland,40.00066666666667,-4.76095238095238,-60.0,0.0020000000000003127,13.333333333333334,27.272727272727273,67.85857142857142,-12.499583333333334,-50.0,10.52421052631579,28.571785714285713,44.446666666666665,True,False,True,False,True
13503,4,Brazil,Poland,33.33166666666666,-16.667916666666667,-33.33444444444444,0.0005555555555558397,13.797241379310345,22.22222222222222,15.152727272727272,-13.636363636363637,-50.0,0.0,3.121875,25.002499999999998,True,False,True,True,False
13503,5,Brazil,Poland,14.285,-23.075384615384618,-66.66666666666667,0.0,7.14,-28.571428571428573,35.71357142857143,-21.428571428571427,-40.0,11.11,14.290000000000001,100.0,True,True,False,False,True
13504,1,Italy,Slovenia,38.46076923076923,-16.66625,0.0,-4.761904761904762,19.23153846153846,100.0,6.8948275862068975,4.546363636363637,33.333333333333336,5.2631578947368425,6.896551724137931,47.057647058823534,True,,,True,False
13504,2,Italy,Slovenia,41.37758620689655,-7.999599999999999,-33.333333333333336,5.555,17.243448275862068,38.46153846153846,31.248749999999998,-18.18136363636364,-60.0,0.0,6.25,55.55444444444444,True,True,False,True,False
13504,3,Italy,Slovenia,23.9996,-8.332916666666668,-28.572857142857142,11.764705882352942,16.66541666666667,-57.142857142857146,12.120000000000001,-22.72681818181818,42.857142857142854,4.546818181818182,12.121818181818185,29.998,True,True,False,True,False
13505,1,Brazil,Slovenia,24.999583333333334,12.499583333333334,50.0,0.0,12.0,87.5,9.375,-10.524736842105261,25.0,-13.040869565217392,9.09,77.77777777777777,True,,,True,False
13505,2,Brazil,Slovenia,41.381379310344826,-11.999600000000001,-16.666666666666668,7.6923076923076925,16.67,52.940588235294115,12.901935483870966,-22.221666666666668,-60.0,0.0,9.67741935483871,-22.22222222222222,True,True,False,True,False
13505,3,Brazil,Slovenia,33.333666666666666,0.0,-40.0,-13.638636363636364,3.2238709677419353,50.0,34.21157894736842,0.0,-100.0,0.0,16.21351351351351,52.94,True,True,False,False,True
13505,4,Brazil,Slovenia,50.001999999999995,-0.001199999999999477,-18.181818181818183,14.287142857142857,-9.523809523809524,55.55444444444444,13.79241379310345,-22.221666666666668,-50.0,-4.34608695652174,13.793103448275861,18.181818181818183,True,False,True,True,False
13506,1,Italy,Poland,21.875,-9.090454545454547,-71.42857142857143,5.2631578947368425,12.50375,-5.882352941176471,34.14756097560976,-19.999200000000002,0.0,-5.2631578947368425,6.974186046511628,37.499375,True,,,False,True
13506,2,Italy,Poland,25.806774193548385,4.0,-10.001,0.0,3.3350000000000004,30.0,25.713428571428572,-14.286666666666665,-33.333333333333336,-4.3478260869565215,18.182121212121213,29.410588235294117,True,False,True,True,False
13506,3,Italy,Poland,42.42363636363636,-24.999166666666667,0.0,-5.557222222222222,16.665333333333333,62.5,3.7051851851851856,0.0005263157894739535,0.0,11.110555555555557,14.813333333333333,25.0,True,True,False,True,False
13506,4,Italy,Poland,43.998400000000004,-27.999200000000002,-49.99875,-6.666666666666667,4.761904761904762,66.665,12.500416666666666,-10.0,-57.14142857142857,5.555555555555555,8.332500000000001,-19.999000000000002,True,True,False,True,False
13650,1,China,Iran,22.22222222222222,-6.25,-14.285714285714286,10.527894736842105,25.0,-20.0,52.37952380952381,0.0,-14.285714285714286,26.666,61.53846153846154,45.45363636363636,False,,,False,True
13650,2,China,Iran,84.21,-8.3325,-28.572857142857142,6.249375,46.1576923076923,33.333333333333336,43.4804347826087,-14.999,-100.0,9.999500000000001,36.84,66.66666666666667,False,False,True,True,False
13650,3,China,Iran,47.37052631578947,-9.090909090909092,-14.285714285714286,-4.763333333333334,14.283571428571426,66.66666666666667,30.433478260869567,8.333333333333334,-12.5,-5.554444444444444,31.57894736842105,53.84615384615385,False,True,False,False,True
13650,4,China,Iran,4.0004,-13.333333333333334,-40.0,-9.090909090909092,29.9995,60.0,43.75,8.0008,-0.0027272727272728307,8.3325,50.0,55.55555555555556,False,False,True,False,True
13651,1,Slovenia,USA,10.344137931034483,-5.262631578947368,-50.0,39.999,64.998,61.53846153846154,56.52130434782609,-20.0,29.411176470588234,12.499375,57.145,46.152307692307694,False,,,False,True
13651,2,Slovenia,USA,14.286071428571429,-10.001000000000001,-9.998999999999999,-0.00045454545454504114,38.46153846153846,53.846923076923076,25.001785714285717,4.167916666666668,-15.384615384615385,23.53,49.9975,75.0,False,False,True,False,True
13651,3,Slovenia,USA,0.0010000000000005115,-42.857142857142854,14.285714285714286,-5.261578947368421,16.666666666666668,27.272727272727273,43.75125,-8.0008,15.383076923076924,12.502500000000001,19.997999999999998,55.556666666666665,False,False,True,False,True
13652,1,Bulgaria,Serbia,62.50125,-16.0,26.667333333333332,18.749375,29.41176470588235,-50.00071428571429,6.0603030303030305,-10.526315789473685,-33.33222222222222,19.046666666666667,32.2541935483871,5.882941176470588,False,,,True,False
13652,2,Bulgaria,Serbia,17.243103448275864,-5.262631578947368,-46.15384615384615,8.694782608695652,50.00333333333334,-28.572142857142858,49.99818181818182,-7.9996,-66.66666666666667,5.882352941176471,26.08695652173913,-25.0,False,True,False,False,True
13652,3,Bulgaria,Serbia,49.99875,-13.042608695652175,-31.577368421052633,-14.285714285714286,56.52217391304348,7.142142857142857,35.71321428571429,8.334166666666667,-20.0,10.0,31.037241379310345,-13.04391304347826,False,False,True,False,True
13652,4,Bulgaria,Serbia,33.333666666666666,-10.000499999999999,-33.33416666666667,0.0,64.28571428571429,-50.00071428571429,45.45454545454545,7.999199999999999,-18.181818181818183,0.0006250000000003197,22.727272727272727,-40.0,False,False,True,False,True
13653,1,Canada,Germany,16.665416666666665,-5.0,-38.46153846153846,11.11,28.0,31.24875,48.38580645161291,-17.39217391304348,-22.22222222222222,26.31578947368421,26.667333333333332,46.666666666666664,False,,,False,True
13653,2,Canada,Germany,40.90772727272727,-15.000499999999999,-46.66733333333333,-4.999499999999999,23.07730769230769,72.72818181818182,38.46269230769231,-3.9991999999999996,-12.498750000000001,31.248125,23.075769230769232,46.666000000000004,False,False,True,False,True
13653,3,Canada,Germany,28.568214285714287,-10.344827586206897,-21.430714285714288,4.167916666666667,19.232692307692307,6.666666666666667,31.036206896551725,-6.89551724137931,-56.249375,13.041304347826088,34.48551724137931,41.666666666666664,False,False,True,False,True
13654,1,Japan,Netherlands,19.999000000000002,-13.04391304347826,-69.23076923076923,47.36684210526316,22.580322580645163,85.71428571428571,29.628888888888884,-16.666666666666668,-27.272727272727273,21.051578947368423,34.61307692307692,58.333333333333336,False,,,False,True
13654,2,Japan,Netherlands,27.58551724137931,-0.0007999999999992724,-25.0,45.45545454545455,37.92862068965517,38.46153846153846,32.0008,-7.999199999999999,-13.334,18.181818181818183,14.816666666666666,49.99916666666667,False,False,True,True,False
13654,3,Japan,Netherlands,31.999200000000002,-15.999600000000001,0.0,16.666666666666668,40.0036,35.714285714285715,16.666666666666668,-13.635000000000002,-18.180909090909093,15.0,15.9992,54.54636363636364,False,True,False,True,False
13654,4,Japan,Netherlands,60.869565217391305,-8.333333333333334,-18.749375,21.429285714285715,43.47913043478261,43.748125,27.58862068965517,-22.22222222222222,-49.998333333333335,14.285714285714286,29.168333333333333,39.999,False,True,False,True,False
13655,1,Australia,Brazil,-0.0020000000000004545,-35.71357142857143,-27.272727272727273,28.571428571428573,30.768076923076926,25.000625,39.13086956521739,-11.999600000000001,-0.0014285714285701293,33.33444444444444,48.0,83.33222222222223,False,,,False,True
13655,2,Australia,Brazil,22.580967741935485,-52.631052631578946,-12.5,18.18318181818182,35.71107142857143,76.92153846153846,25.000999999999998,-4.168333333333334,-12.5,44.44444444444444,60.0,53.84615384615385,False,False,True,False,True
13655,3,Australia,Brazil,23.53029411764706,-9.523333333333333,6.666666666666667,4.3500000000000005,24.246060606060606,65.001,26.667333333333332,4.0,-23.80952380952381,44.443333333333335,51.724137931034484,47.36842105263158,False,False,True,False,True
13656,1,Argentina,Poland,30.555833333333332,-33.333333333333336,-33.333333333333336,19.04714285714286,55.88205882352942,31.818181818181817,42.8575,-11.9988,-31.25,42.85785714285714,20.688275862068966,43.479565217391304,False,,,False,True
13656,2,Argentina,Poland,8.0016,-8.695217391304348,0.0,11.112222222222222,25.925925925925927,-12.499375,34.48413793103448,-24.999166666666667,12.5,10.525263157894736,31.03448275862069,41.1764705882353,False,False,True,False,True
13656,3,Argentina,Poland,34.78217391304348,-13.04304347826087,-50.0,0.0011111111111116794,22.724999999999998,0.0007692307692300696,42.85821428571428,-20.0,-35.71214285714286,21.05157894736842,37.038518518518515,75.0,False,False,True,False,True
13657,1,France,Italy,37.03666666666667,-33.335,-21.05263157894737,31.25,55.55555555555556,43.749375,19.99866666666667,-30.433478260869567,-42.85857142857143,6.251250000000001,48.27620689655173,26.31578947368421,False,,,True,False
13657,2,France,Italy,21.428571428571427,-7.6923076923076925,-20.0,29.9995,59.998749999999994,45.71485714285714,23.810952380952383,-16.667083333333334,-22.221111111111114,8.333333333333334,48.88755555555556,56.2503125,False,True,False,True,False
13657,3,France,Italy,25.000625,0.0008333333333337597,-22.221111111111114,7.692307692307693,50.003750000000004,12.5,9.522857142857143,-25.0,-25.00125,-15.000499999999999,38.095238095238095,0.0,False,True,False,True,False
13658,1,China,Japan,62.5,-20.832083333333333,-15.383846153846154,14.284285714285714,29.41176470588235,0.0,39.130434782608695,-36.36318181818182,-83.33333333333333,47.36631578947369,60.866956521739134,33.333333333333336,False,,,True,False
13658,2,China,Japan,27.9984,-19.9995,-31.25,5.0,50.0,66.66666666666667,38.46192307692308,-4.168333333333334,-42.855714285714285,31.251875,48.148148148148145,52.94117647058823,False,True,False,False,True
13658,3,China,Japan,34.9995,-21.051578947368423,-55.55555555555556,16.668333333333333,33.333333333333336,62.5,51.9996,-16.0,-46.15384615384615,40.0,48.001599999999996,83.33333333333333,False,False,True,False,True
13658,4,China,Japan,5.555555555555556,-26.314210526315787,-10.003000000000002,23.528823529411767,44.44222222222223,20.0,35.001,-20.833333333333332,75.0,42.857142857142854,40.0,30.77076923076923,False,False,True,False,True
13659,1,Netherlands,USA,0.0,-8.333333333333334,-18.181818181818183,24.998333333333335,33.336,7.145000000000001,38.46153846153846,-0.00040000000000020466,20.0,27.272727272727273,53.847307692307695,68.42,False,,,False,True
13659,2,Netherlands,USA,29.628148148148146,-26.31578947368421,-40.001,22.726363636363637,38.46307692307692,30.0,39.9992,-4.166666666666667,-38.46076923076923,42.855714285714285,43.479565217391304,71.42928571428571,False,False,True,False,True
13659,3,Netherlands,USA,33.33266666666667,-18.75,0.0,10.526315789473685,-5.261052631578947,60.0,64.70529411764706,-11.999600000000001,-22.22222222222222,30.76923076923077,62.503750000000004,42.855714285714285,False,False,True,False,True
13660,1,Brazil,Slovenia,50.0,-8.0,0.0,13.334,60.0,30.76923076923077,34.78173913043479,-19.047619047619047,-42.855714285714285,25.0,65.21652173913044,41.66583333333333,False,,,True,False
13660,2,Brazil,Slovenia,25.0,-4.761428571428572,-40.001333333333335,6.250000000000001,63.16105263157895,50.0,55.55518518518519,-28.0,14.287142857142857,19.999000000000002,30.766153846153845,50.0,False,True,False,False,True
13660,3,Brazil,Slovenia,54.54681818181818,-4.0,-37.5,31.249375,68.185,87.5,41.666666666666664,-15.0,-33.333333333333336,18.18136363636364,50.0,54.54545454545455,False,False,True,True,False
13660,4,Brazil,Slovenia,54.54636363636364,-8.332916666666668,0.0,7.6923076923076925,36.36636363636364,66.66733333333333,10.343793103448276,-17.646470588235296,-54.54454545454546,-5.26157894736842,52.0036,84.61538461538461,False,True,False,True,False
13661,1,Argentina,Germany,10.716071428571427,0.0015789473684211124,-42.85642857142857,5.0,22.22222222222222,-11.112222222222222,50.00115384615385,-8.332916666666666,0.0006250000000003197,16.66722222222222,12.502083333333333,35.715714285714284,False,,,False,True
13661,2,Argentina,Germany,40.6253125,-12.5,-36.84105263157895,10.526315789473685,27.58896551724138,47.36842105263158,29.999666666666666,-8.69608695652174,-44.443333333333335,4.998,13.333333333333334,27.776666666666667,False,False,True,True,False
13661,3,Argentina,Germany,41.1764705882353,-3.9991999999999996,-23.076923076923077,45.45454545454545,53.33533333333334,75.0,13.042173913043479,-29.41176470588235,-33.333333333333336,4.76047619047619,31.815454545454546,-22.221111111111114,False,True,False,True,False
13661,4,Argentina,Germany,41.6675,-8.3325,-23.075384615384618,-0.001176470588235896,17.390869565217393,38.46230769230769,12.5,0.001428571428572836,-10.0,9.523809523809524,-0.00160000000000025,27.272727272727273,False,True,False,True,False
13662,1,France,Serbia,22.581935483870968,-4.543636363636363,-41.17588235294118,28.571428571428573,35.48516129032258,38.88944444444444,39.99933333333333,-8.332916666666668,-6.25,0.0,34.48034482758621,29.9995,False,,,False,True
13662,2,France,Serbia,51.852222222222224,-20.8325,-5.556111111111111,34.997,51.85037037037037,6.249375,34.615,-13.042608695652175,-49.99916666666667,-0.0011111111111116794,26.92615384615385,12.50125,False,False,True,True,False
13662,3,France,Serbia,34.998000000000005,-11.9992,-29.411176470588234,13.333333333333334,49.999,25.0,25.925925925925927,-30.434782608695652,-22.22222222222222,0.001052631578947159,15.998,42.85785714285714,False,True,False,True,False
13662,4,France,Serbia,34.3746875,0.0,-43.750625,23.81095238095238,69.99966666666667,44.445,41.38,-8.332916666666668,0.0,-5.001500000000001,12.901935483870966,18.51851851851852,False,True,False,True,False
13663,1,Italy,Poland,23.9996,-19.04714285714286,-61.53846153846154,14.998,45.833333333333336,28.57,43.48,-15.999600000000001,-9.09,6.664666666666665,47.82217391304348,22.22222222222222,False,,,False,True
13663,2,Italy,Poland,33.333333333333336,-20.0004,-66.66666666666667,22.22222222222222,29.032258064516128,44.445,37.50083333333333,-17.39217391304348,-36.0004,19.9985,33.3375,50.0,False,False,True,True,False
13663,3,Italy,Poland,42.10578947368421,-20.833333333333332,-40.0,14.284285714285714,27.776666666666667,8.3325,14.285714285714286,-28.571428571428573,-36.36363636363637,38.888333333333335,63.63636363636363,22.22222222222222,False,True,False,True,False
13663,4,Italy,Poland,40.91,-11.999600000000001,-16.665833333333335,14.285714285714286,38.09809523809523,7.142857142857143,22.221851851851852,-25.0015,-55.556666666666665,5.001,42.307307692307695,18.749375,False,True,False,True,False
13664,1,Iran,Netherlands,43.48130434782609,-12.5,-69.23,21.052105263157895,43.47913043478261,39.999,56.001599999999996,-23.076923076923077,-39.999,25.0,40.0032,33.33416666666667,False,,,False,True
13664,2,Iran,Netherlands,19.231153846153845,-4.546363636363637,-61.53769230769231,15.787894736842103,22.223333333333333,35.712857142857146,46.42821428571428,-20.832083333333333,-7.140714285714284,0.0,32.142857142857146,69.23076923076923,False,False,True,False,True
13664,3,Iran,Netherlands,29.63111111111111,4.762380952380953,-71.42857142857143,34.999,47.9992,63.63636363636363,69.56652173913044,-16.000799999999998,0.0,-11.112222222222222,29.164166666666663,33.333333333333336,False,False,True,False,True
13665,1,Japan,USA,38.71032258064516,-12.499583333333334,-14.285,41.66583333333333,29.998,86.36363636363636,20.000666666666667,-33.33277777777778,-31.25,42.860476190476184,56.66566666666667,42.85642857142857,False,,,True,False
13665,2,Japan,USA,23.334333333333333,-25.0,-80.002,28.570476190476192,33.336,81.25,57.14380952380952,0.0,6.664666666666665,24.9975,59.997,37.5,False,True,False,False,True
13665,3,Japan,USA,24.240909090909092,-14.285238095238096,-29.9995,35.001,50.00125,63.15631578947369,35.89692307692308,-20.0004,-9.999500000000001,38.88722222222222,60.52736842105263,75.0,False,False,True,False,True
13665,4,Japan,USA,41.93516129032258,-10.714285714285714,-72.72818181818182,27.776666666666664,38.70709677419355,61.111666666666665,48.14851851851852,-26.92269230769231,-35.29588235294118,20.8325,53.8423076923077,33.333333333333336,False,False,True,True,False
13665,5,Japan,USA,19.999333333333333,-22.22222222222222,-66.66666666666667,58.333333333333336,29.410588235294117,10.001,57.144285714285715,-19.999333333333333,-25.0,14.285714285714286,50.00285714285714,66.66666666666667,False,True,False,False,True
13666,1,Australia,Slovenia,34.61346153846154,0.0,-60.0,15.789473684210526,46.42928571428571,43.750625,60.713928571428575,-20.0,-20.0,33.3352380952381,55.56,42.857142857142854,False,,,False,True
13666,2,Australia,Slovenia,15.6246875,-23.809047619047618,-50.0,42.10631578947368,35.48129032258065,50.0,55.55555555555556,-20.8325,-28.570714285714285,20.0,27.776111111111113,80.001,False,False,True,False,True
13666,3,Australia,Slovenia,47.36736842105263,-28.57095238095238,16.665,35.0,26.32,0.0,42.857142857142854,-11.999600000000001,-14.285714285714286,33.332,47.61904761904762,40.0,False,False,True,False,True
13667,1,Argentina,Serbia,22.22259259259259,-35.29352941176471,-23.076153846153847,0.00043478260869525673,46.1576923076923,41.665,33.33444444444444,16.66541666666667,-10.526315789473685,18.182727272727274,29.41176470588235,-0.0010000000000005115,False,,,False,True
13667,2,Argentina,Serbia,23.52852941176471,-5.555555555555555,-60.0,17.391304347826086,60.60484848484849,-5.264210526315789,69.56652173913044,-7.9996,-12.5,6.248125,68.18318181818182,-0.000588235294117948,False,False,True,False,True
13667,3,Argentina,Serbia,52.38047619047619,-8.0,-7.142142857142857,13.332666666666666,66.66833333333334,33.333333333333336,4.348695652173913,-5.881764705882353,-36.36363636363637,-9.998999999999999,45.45272727272727,0.0,False,False,True,True,False
13667,4,Argentina,Serbia,70.58823529411765,-4.16625,16.666666666666668,27.272727272727273,53.336,42.855714285714285,10.526315789473685,-15.384615384615385,-66.66555555555556,5.261578947368422,33.33380952380952,28.571428571428573,False,True,False,True,False
13667,5,Argentina,Serbia,-17.647058823529413,-14.285714285714286,-40.0,15.384615384615385,29.41176470588235,37.5,46.153076923076924,-7.142857142857143,50.0,0.0,16.665,37.5,False,True,False,False,True
13668,1,Bulgaria,Germany,21.051052631578944,-19.048571428571428,-25.000833333333333,-5.883529411764706,42.101052631578945,0.0010000000000005115,45.45454545454545,-20.83375,11.112222222222222,17.650000000000002,27.272727272727273,55.55555555555556,False,,,False,True
13668,2,Bulgaria,Germany,68.18227272727273,-4.16625,-29.41176470588235,18.180454545454545,27.27136363636364,33.333333333333336,33.333,-0.0004347826086958746,-55.556666666666665,27.27227272727273,27.58655172413793,21.427857142857142,False,False,True,True,False
13668,3,Bulgaria,Germany,0.0003703703703710862,-17.64764705882353,-58.335,34.999,42.31115384615384,30.76923076923077,47.618095238095236,-16.665833333333335,41.6675,15.383076923076922,23.80809523809524,33.333999999999996,False,True,False,False,True
13668,4,Bulgaria,Germany,57.142857142857146,-16.66625,-12.501875,26.31578947368421,31.997600000000002,42.857142857142854,31.033793103448275,-9.523809523809524,-54.54636363636364,35.0,33.333999999999996,16.666666666666668,False,False,True,True,False
13668,5,Bulgaria,Germany,18.750625,-39.999,-25.0,0.0,13.329333333333333,75.0025,44.44444444444444,0.0,-33.333333333333336,33.333333333333336,22.221111111111114,-0.0014285714285701293,False,True,False,False,True
13669,1,Canada,France,23.07807692307692,-29.411176470588234,-40.0,0.0,34.61692307692307,46.15384615384615,50.0005,0.0004166666666662877,-7.693076923076924,-0.0018181818181827484,24.996499999999997,31.2475,False,,,False,True
13669,2,Canada,France,9.523809523809524,-8.695652173913043,-6.249375,5.557222222222223,39.999,7.142857142857143,18.7509375,-24.001199999999997,27.272727272727273,24.9995,44.827586206896555,14.285,False,False,True,False,True
13669,3,Canada,France,21.738695652173913,-9.090909090909092,-24.999375,-5.5566666666666675,34.78391304347826,50.0,37.03703703703704,-16.667083333333334,-22.22222222222222,0.0,50.00416666666666,49.999375,False,False,True,False,True
13670,1,Brazil,USA,56.0,-19.9996,-26.666666666666668,44.446666666666665,44.0,70.0,28.571428571428573,-9.523809523809524,-46.15461538461538,27.77777777777778,50.00181818181818,36.36181818181819,False,,,True,False
13670,2,Brazil,USA,39.287142857142854,-11.999600000000001,8.333333333333334,14.284761904761906,39.28285714285715,11.11111111111111,43.750937500000006,-14.814074074074075,-30.76923076923077,42.85952380952381,43.7503125,49.999375,False,True,False,False,True
13670,3,Brazil,USA,37.500416666666666,-23.807619047619045,-36.36363636363637,23.80857142857143,47.998400000000004,39.999,34.61423076923077,-4.16625,-36.36363636363637,50.0,61.53846153846154,75.00083333333333,False,False,True,False,True
13670,4,Brazil,USA,30.768076923076926,-30.0005,-27.272727272727273,38.098571428571425,50.00115384615385,50.0,39.28642857142857,-16.000799999999998,-30.77,42.85857142857143,51.85148148148148,63.15894736842105,False,False,True,False,True
13671,1,China,Slovenia,16.666666666666668,-6.667333333333334,-55.55555555555556,34.9995,38.885,-100.0,78.9478947368421,-12.0,0.0,46.153076923076924,60.0,85.71428571428571,False,,,False,True
13671,2,China,Slovenia,29.63,-9.523333333333333,-76.92307692307692,5.0,39.286071428571425,90.91,34.48275862068966,-16.6675,0.0,26.315263157894737,46.425714285714285,73.334,False,False,True,False,True
13671,3,China,Slovenia,47.62,-4.167083333333333,0.0,23.53058823529412,36.36363636363637,0.0,14.815185185185184,-10.526315789473685,-40.001,45.45454545454545,30.000333333333334,61.53692307692308,False,False,True,True,False
13671,4,China,Slovenia,34.48344827586207,-15.383461538461539,-20.000666666666667,22.725454545454543,34.48275862068966,69.23153846153846,39.283928571428575,-15.385,-9.998,28.57,44.830689655172414,31.252499999999998,False,True,False,False,True
13672,1,Australia,Iran,8.335,-26.665333333333333,-25.0,23.81095238095238,52.38238095238095,0.0,79.998,-4.166666666666667,-11.11,27.272727272727273,39.998666666666665,55.55444444444444,False,,,False,True
13672,2,Australia,Iran,14.705882352941176,-13.636818181818182,-30.77,23.80809523809524,42.859428571428566,57.142380952380954,30.767692307692307,-8.0,-23.80952380952381,22.221666666666668,60.71714285714285,100.0,False,False,True,False,True
13672,3,Australia,Iran,35.0,-8.0008,15.384615384615385,58.33583333333333,57.89000000000001,23.076153846153847,19.999200000000002,-33.33222222222222,-0.0016666666666651508,45.45409090909091,46.43,7.6923076923076925,False,False,True,True,False
13672,4,Australia,Iran,11.538076923076924,-26.667333333333332,-19.999000000000002,22.72772727272727,51.852222222222224,50.0,49.997727272727275,-8.0012,15.384615384615385,45.45454545454545,47.62190476190476,35.29352941176471,False,True,False,False,True
13673,1,Germany,Serbia,32.25806451612903,-11.11111111111111,-0.0016666666666651508,4.546363636363637,17.240689655172414,11.111666666666666,30.76923076923077,-4.0,-36.844210526315784,4.545454545454545,7.139999999999999,46.153076923076924,False,,,True,False
13673,2,Germany,Serbia,23.331999999999997,-11.999600000000001,-22.22,24.997499999999995,25.0034375,35.29470588235294,28.571428571428573,-18.52,-26.666666666666668,13.636363636363637,8.822647058823529,66.6661111111111,False,True,False,False,True
13673,3,Germany,Serbia,40.74037037037037,-10.525789473684211,-50.0,22.725454545454543,25.92185185185185,5.881176470588235,51.61354838709677,0.0008333333333337597,-9.090909090909092,12.5,14.284642857142858,23.809047619047618,False,False,True,False,True
13673,4,Germany,Serbia,36.36181818181819,7.407777777777778,-11.764117647058825,16.0,20.587352941176473,21.052105263157895,30.555833333333332,3.7040740740740743,-50.00125,-11.999600000000001,2.9382352941176473,47.62047619047619,False,False,True,True,False
13673,5,Germany,Serbia,14.997499999999999,-23.53,20.0,15.384615384615385,21.05315789473684,20.002000000000002,7.6923076923076925,-17.647058823529413,10.0,27.274545454545454,7.141428571428571,85.71571428571428,False,True,False,True,False
13674,1,Bulgaria,Poland,17.39217391304348,-15.789473684210526,-18.181818181818183,22.725,63.63454545454545,-25.0,47.368947368421054,-3.9995999999999996,-27.272727272727273,6.666666666666667,35.001,18.181818181818183,False,,,False,True
13674,2,Bulgaria,Poland,24.99875,-20.0,-9.998999999999999,14.285714285714286,27.27,47.3678947368421,32.35382352941176,-4.165833333333333,-37.500625,24.998124999999998,53.128125000000004,40.908181818181816,False,False,True,False,True
13674,3,Bulgaria,Poland,41.37827586206897,-17.391304347826086,-13.333333333333334,23.809047619047618,55.17448275862069,24.99875,43.332,-7.998799999999999,-35.71357142857143,27.77777777777778,46.664,24.9995,False,False,True,False,True
13675,1,Canada,Italy,21.739565217391306,-9.090909090909092,-22.22222222222222,14.286190476190475,0.0,60.0,33.333999999999996,-4.166666666666667,-37.5,14.999500000000001,0.0,71.42857142857143,False,,,False,True
13675,2,Canada,Italy,19.35451612903226,-22.221666666666668,-33.333333333333336,9.525238095238095,0.0,61.53923076923077,40.74185185185185,-12.0,0.0,35.712857142857146,0.0,78.57071428571429,False,False,True,False,True
13675,3,Canada,Italy,7.40851851851852,-10.0,-18.181818181818183,15.789473684210526,0.0,42.857142857142854,32.14142857142857,-20.832916666666666,-0.0010000000000005115,33.333333333333336,0.0,92.3076923076923,False,False,True,False,True
13676,1,Brazil,China,47.36736842105263,-12.500833333333333,-57.144285714285715,22.221666666666668,40.002500000000005,16.666666666666668,55.55611111111111,-16.66625,-14.287142857142856,0.0,38.89,83.33333333333333,False,,,False,True
13676,2,Brazil,China,37.83567567567568,-20.689655172413794,7.6923076923076925,34.48137931034483,43.58641025641026,12.499375,31.2515625,-3.2264516129032264,-44.44444444444444,26.08521739130435,40.6240625,66.66666666666667,False,False,True,False,True
13676,3,Brazil,China,25.925925925925927,0.0,-27.273636363636363,42.857142857142854,46.425,25.0,34.48413793103448,-8.332916666666666,-0.0008333333333337597,21.74,37.03703703703704,60.0,False,False,True,False,True
13677,1,Iran,Japan,39.13,-15.0,-23.076923076923077,-9.998999999999999,37.501666666666665,80.0,45.83291666666667,3.9992,-27.274545454545454,33.333333333333336,39.9988,60.0,False,,,False,True
13677,2,Iran,Japan,13.636363636363637,-13.334,-42.855714285714285,-10.000499999999999,19.049999999999997,45.45454545454545,60.0,0.0,-15.383846153846154,16.666666666666668,42.103157894736846,90.9090909090909,False,False,True,False,True
13677,3,Iran,Japan,19.9984,-21.052105263157895,-50.0,36.36227272727273,44.446666666666665,36.36272727272728,34.61538461538461,-12.0008,-21.428571428571427,14.287857142857144,40.002399999999994,66.666,False,False,True,False,True
13678,1,Australia,Netherlands,47.36842105263158,-28.570476190476192,-50.001,5.0,33.3352380952381,8.333333333333334,36.36136363636364,-8.335416666666667,12.5,42.85785714285714,45.45727272727272,26.666666666666668,False,,,False,True
13678,2,Australia,Netherlands,30.76923076923077,-40.00066666666667,-80.0,5.555,69.23153846153846,50.0,73.334,-11.998,-28.571428571428573,22.22222222222222,60.0,100.0,False,False,True,False,True
13678,3,Australia,Netherlands,46.42964285714286,-8.333333333333334,-29.9985,-5.2631578947368425,39.284642857142856,81.249375,36.666999999999994,-8.334166666666667,-52.63157894736842,50.002272727272725,27.59,77.77888888888889,False,False,True,False,True
13679,1,France,Poland,40.001599999999996,0.0008333333333337597,-40.0,9.998999999999999,58.33625,18.180909090909093,23.809047619047618,-4.545454545454546,-19.999333333333333,-11.112222222222222,28.571428571428573,19.99866666666667,False,,,True,False
13679,2,France,Poland,27.271818181818183,-21.738260869565217,-40.001,22.224999999999998,26.08782608695652,30.77,38.09285714285714,-20.83375,-23.076923076923077,5.879999999999999,26.31578947368421,8.332500000000001,False,True,False,False,True
13679,3,France,Poland,32.143214285714286,-14.285238095238096,-7.142857142857143,8.330416666666666,19.352580645161293,37.49875,23.076923076923077,7.9996,0.0,0.0006249999999994316,26.920384615384613,27.77722222222222,False,False,True,False,True
13679,4,France,Poland,32.14178571428572,-17.390434782608697,-33.333333333333336,15.792631578947365,51.995999999999995,4.760952380952382,37.93344827586207,-12.49875,-30.76923076923077,15.79,26.662666666666667,44.443333333333335,False,False,True,False,True
13680,1,Argentina,Italy,14.283928571428572,-33.33190476190477,-28.570714285714285,0.0,50.00192307692308,61.54,26.08608695652174,-16.667916666666667,-7.143571428571428,21.428571428571427,59.08909090909091,0.0,False,,,False,True
13680,2,Argentina,Italy,14.814444444444442,-23.80952380952381,-50.0,31.579473684210527,59.25777777777778,5.555000000000001,44.445,-20.0004,28.572142857142858,7.142142857142857,64.9995,50.00083333333333,False,False,True,False,True
13680,3,Argentina,Italy,45.83375,-8.0,-22.728181818181817,8.333333333333334,47.82217391304348,28.57190476190476,14.706176470588234,-25.0,-40.0,30.433478260869567,44.11705882352941,27.778333333333332,False,False,True,True,False
13680,4,Argentina,Italy,30.76846153846154,-17.857142857142858,-38.88944444444444,-8.33375,51.35432432432433,31.033103448275863,28.94736842105263,-6.666333333333333,-28.57238095238095,26.08608695652174,44.44694444444444,29.16541666666667,False,True,False,False,True
13681,1,Bulgaria,Canada,19.9995,-22.221666666666668,-58.33166666666667,0.0,52.63578947368421,0.0,50.00055555555556,-7.9996,-30.76923076923077,7.694615384615385,58.8235294117647,50.00125,False,,,False,True
13681,2,Bulgaria,Canada,16.665833333333335,0.0,-50.0,20.0,45.83416666666667,45.45454545454545,54.54636363636364,-12.499583333333334,8.334166666666667,-5.555555555555555,52.17304347826087,55.55555555555556,False,False,True,False,True
13681,3,Bulgaria,Canada,27.584482758620688,-4.0,0.0,15.789473684210526,45.16129032258065,35.0,26.468823529411765,-16.665416666666665,-11.764705882352942,13.04391304347826,43.753750000000004,45.0015,False,False,True,True,False
13681,4,Bulgaria,Canada,44.443703703703704,3.9987999999999992,-41.6675,27.77722222222222,60.0,15.384615384615385,44.44444444444444,-14.284761904761906,-37.5,-18.180909090909093,40.74222222222222,61.53846153846154,False,True,False,True,False
13681,5,Bulgaria,Canada,30.76846153846154,-18.181818181818183,-30.000999999999998,16.665833333333335,46.15615384615384,0.0,53.333333333333336,-6.666666666666667,-37.49875,0.0,29.414117647058823,40.0,False,True,False,False,True
13682,1,Netherlands,Slovenia,32.143214285714286,4.166666666666667,-45.45454545454545,0.0,10.71142857142857,64.70588235294117,29.999000000000002,-16.66444444444444,-14.287142857142856,0.0,19.045714285714286,46.15461538461538,False,,,True,False
13682,2,Netherlands,Slovenia,17.647058823529413,4.0,-5.882941176470588,30.77,25.003125,-22.22222222222222,26.666999999999998,-38.09571428571429,0.002222222222223359,-4.545909090909091,13.333333333333334,64.28571428571429,False,True,False,True,False
13682,3,Netherlands,Slovenia,34.3746875,-12.0,-33.33166666666667,29.9995,20.002333333333336,61.109444444444435,32.259032258064515,-16.0,-26.666666666666668,9.525238095238095,26.666999999999998,52.94176470588235,False,True,False,True,False
13683,1,Argentina,Japan,33.33296296296297,-19.9996,-25.0,9.522380952380953,34.61615384615384,44.44444444444444,22.221666666666668,-7.406666666666666,0.0012500000000006395,9.998999999999999,8.572571428571427,54.54545454545455,False,,,False,True
13683,2,Argentina,Japan,30.000999999999998,-15.789473684210526,-33.33222222222222,26.31578947368421,40.0,0.0016666666666675194,58.333333333333336,-16.667083333333334,16.666666666666668,12.501875,12.503749999999998,21.427857142857142,False,False,True,False,True
13683,3,Argentina,Japan,75.0,-20.833333333333332,-10.0,23.078461538461536,35.003,54.54545454545455,31.81772727272727,-27.776666666666667,-57.144285714285715,38.88944444444444,33.331428571428575,-10.001000000000001,False,False,True,True,False
13683,4,Argentina,Japan,31.9984,-23.52823529411765,-50.0,10.0,17.39217391304348,45.45636363636363,52.0008,0.0,-30.0,30.767692307692307,7.691538461538461,66.66533333333334,False,True,False,False,True
13684,1,Australia,Canada,50.001,-8.334166666666667,-10.0,46.153076923076924,11.11,28.571428571428573,20.689310344827586,-26.316315789473684,-66.66666666666667,15.78842105263158,28.0,25.0,False,,,True,False
13684,2,Australia,Canada,53.333333333333336,-7.406296296296296,-25.00125,26.08695652173913,18.7453125,-0.0006249999999994316,48.275862068965516,-3.703333333333333,-49.99916666666667,25.0,37.5025,-16.666666666666668,False,True,False,False,True
13684,3,Australia,Canada,7.1432142857142855,-10.526842105263157,-42.855714285714285,28.57095238095238,17.857499999999998,22.22222222222222,32.0,-8.0008,-9.090909090909092,24.998124999999998,37.5,75.0,False,False,True,False,True
13684,4,Australia,Canada,29.031935483870967,-8.694347826086956,16.666666666666668,28.570476190476192,9.996,41.666666666666664,41.381379310344826,-8.333333333333334,-0.0014285714285721593,5.555555555555555,41.935483870967744,37.49875,False,False,True,False,True
13685,1,Bulgaria,Iran,54.999,0.001200000000000614,-57.14214285714286,50.0,50.0015,40.0,39.12913043478261,-26.316315789473684,-100.0,13.042608695652175,31.817272727272726,-50.0,False,,,True,False
13685,2,Bulgaria,Iran,40.74074074074074,-4.16625,-30.76923076923077,29.9995,21.425714285714285,49.99875,46.155,-16.66625,-30.000999999999998,5.0,23.079615384615387,44.44444444444444,False,True,False,True,False
13685,3,Bulgaria,Iran,30.0,-15.384615384615385,0.0,43.48,17.240689655172414,50.0,11.112592592592593,0.0,-18.181818181818183,4.761904761904762,10.713214285714285,0.0016666666666675194,False,True,False,True,False
13687,1,Germany,Italy,15.9992,-31.250625,-66.66833333333334,10.001000000000001,16.0016,21.428571428571427,66.66666666666667,-15.999600000000001,-15.383076923076922,0.0,11.764705882352942,33.333333333333336,False,,,False,True
13687,2,Germany,Italy,22.221851851851852,-22.72772727272727,-25.0,10.001000000000001,7.4111111111111105,90.0,33.333333333333336,-8.331666666666665,-21.428571428571427,12.5,23.81142857142857,33.3325,False,False,True,False,True
13687,3,Germany,Italy,16.665833333333335,-18.18227272727273,-28.571428571428573,23.80857142857143,39.130434782608695,44.44444444444444,26.085652173913044,-12.0008,18.180909090909093,12.50125,42.857142857142854,14.286428571428571,False,False,True,False,True
13688,1,Brazil,Poland,7.691538461538461,-11.764705882352942,-28.57,-5.0015,19.229230769230767,-37.50125,33.335,4.16625,22.22222222222222,20.0,21.737391304347824,0.0,False,,,False,True
13688,2,Brazil,Poland,42.42212121212121,-25.000833333333333,-14.285714285714286,5.0,26.468235294117648,39.99933333333333,18.180909090909093,-8.695652173913043,-36.36363636363637,44.44444444444444,13.793103448275861,45.45454545454545,False,False,True,True,False
13688,3,Brazil,Poland,19.05,-17.64764705882353,-71.42857142857143,0.0,23.812857142857144,-8.331666666666667,48.0008,-12.5,-16.666666666666668,21.427857142857142,13.039999999999997,25.0,False,True,False,False,True
13688,4,Brazil,Poland,39.99966666666667,-22.727272727272727,-45.45272727272727,-9.524761904761906,33.333999999999996,57.142857142857146,37.5025,3.9992000000000005,-25.0,12.5,16.666666666666668,22.22222222222222,False,False,True,False,True
13689,1,Serbia,USA,75.0015,-16.66625,-100.0,9.523333333333333,55.0,-40.0,73.68526315789474,-11.53730769230769,-80.002,0.002222222222223359,33.33,-49.99875,False,,,False,True
13689,2,Serbia,USA,52.17434782608696,-16.0004,-22.22222222222222,-9.998999999999999,17.393478260869564,57.142857142857146,23.075384615384618,-0.0008695652173905135,-64.28357142857142,5.555,32.0,50.0,False,False,True,True,False
13689,3,Serbia,USA,39.99866666666666,-13.043478260869565,-66.66666666666667,19.045714285714286,26.67,-20.000999999999998,53.57285714285714,-16.0004,-25.0,21.05315789473684,53.33733333333334,0.0,False,True,False,False,True
13689,4,Serbia,USA,20.835833333333333,-23.809047619047618,-50.0,15.789473684210526,8.331666666666665,0.0,44.999,-20.831666666666667,-7.691538461538461,37.49875,42.11,-16.666666666666668,False,False,True,False,True
13690,1,France,Netherlands,68.1809090909091,-7.9996,-33.33222222222222,54.54545454545455,33.331428571428575,100.0,18.18136363636364,-14.285,-70.0,14.286190476190475,19.047619047619047,-16.666666666666668,False,,,True,False
13690,2,France,Netherlands,54.54545454545455,-25.00125,-6.666666666666667,-5.262105263157895,18.18227272727273,44.44444444444444,23.076923076923077,-8.33375,-38.46,23.529411764705884,25.00142857142857,63.63636363636363,False,True,False,True,False
13690,3,France,Netherlands,70.58941176470589,-3.9987999999999992,18.750625,29.998,24.99875,33.333333333333336,3.845000000000001,-15.385384615384615,-50.0,39.12869565217391,29.63,9.090909090909092,False,True,False,True,False
13692,1,Argentina,Slovenia,46.15423076923077,-25.000999999999998,-18.180909090909093,43.479565217391304,40.0008,-6.666666666666667,38.708064516129035,0.0012000000000000454,-25.0,42.857142857142854,19.35483870967742,33.33238095238095,False,,,False,True
13692,2,Argentina,Slovenia,28.571428571428573,-20.69103448275862,-17.648823529411764,22.725454545454543,37.5009375,82.3529411764706,22.222962962962963,-11.110740740740741,-23.52823529411765,19.048095238095236,14.281071428571428,41.17588235294118,False,False,True,True,False
13692,3,Argentina,Slovenia,5.555277777777778,-17.647058823529413,-7.6923076923076925,31.81681818181818,17.142857142857142,38.09571428571429,28.570714285714285,-8.333333333333334,-18.750625,28.573571428571427,18.520370370370372,52.63157894736842,False,True,False,False,True
13692,4,Argentina,Slovenia,-3.8442307692307693,-5.555,-30.0,0.0005263157894739535,11.111851851851851,38.46153846153846,30.767692307692307,-12.498750000000001,-7.142857142857143,18.75,7.999199999999999,90.9090909090909,False,False,True,False,True
13693,1,Canada,Poland,14.285714285714286,-23.529411764705884,-50.0,10.527894736842105,4.543636363636363,-50.0,63.15736842105263,-20.832083333333333,-30.0,8.333333333333334,29.996999999999996,100.0,False,,,False,True
13693,2,Canada,Poland,31.57684210526316,-16.66722222222222,-100.0,0.0,15.79,33.333333333333336,70.0,-15.9992,20.0,15.385384615384615,29.41470588235294,50.0,False,False,True,False,True
13693,3,Canada,Poland,24.138965517241378,-29.41176470588235,-55.55555555555556,9.090909090909092,13.797241379310345,14.285714285714286,46.15615384615384,-0.0008333333333337597,-22.22222222222222,25.001666666666665,23.07730769230769,50.0,False,False,True,False,True
13694,1,Brazil,Serbia,36.365,-4.0,0.0011111111111101006,33.333333333333336,26.085652173913044,71.42857142857143,18.18318181818182,-16.66611111111111,-30.000999999999998,9.523333333333333,20.834166666666665,66.66666666666667,False,,,True,False
13694,2,Brazil,Serbia,45.834583333333335,-8.0012,-38.46,-0.0005000000000002558,34.613076923076925,-14.285714285714286,35.9996,-7.9996,-33.333333333333336,33.33380952380952,4.0032,-14.285714285714286,False,True,False,True,False
13694,3,Brazil,Serbia,44.001599999999996,-7.997999999999999,-33.333333333333336,36.36363636363637,26.923076923076923,-36.36363636363637,19.352903225806454,-35.294117647058826,-36.36363636363637,0.0005000000000002558,12.899354838709677,9.999,False,True,False,True,False
13695,1,Iran,USA,70.58823529411765,-8.332916666666668,-66.66666666666667,7.694615384615385,17.647058823529413,-20.0,36.001999999999995,-31.57894736842105,-75.0,0.0015000000000000568,40.91181818181818,0.0,False,,,True,False
13695,2,Iran,USA,47.05794117647059,-6.897241379310345,-27.272727272727273,14.814444444444446,14.705882352941176,60.0,25.000833333333333,3.703333333333333,-29.999000000000002,12.0008,25.00166666666667,0.0011111111111116794,False,True,False,True,False
13695,3,Iran,USA,35.9992,-15.38576923076923,-8.334166666666667,9.999500000000001,8.695652173913043,-33.333333333333336,21.8746875,-15.38423076923077,-37.5025,19.047619047619047,29.03258064516129,0.0,False,True,False,True,False
13696,1,Germany,Netherlands,41.935806451612905,-20.83375,-21.427857142857142,38.0947619047619,19.357096774193547,66.66666666666667,31.819090909090907,-8.695652173913043,-25.002,10.527368421052632,0.0,0.0,False,,,True,False
13696,2,Germany,Netherlands,20.93046511627907,-13.333,-24.999583333333334,-0.0009090909090913742,4.549090909090909,60.000285714285724,30.613673469387752,-20.0,-11.538461538461538,28.0,4.25872340425532,62.497812499999995,False,True,False,False,True
13696,3,Germany,Netherlands,35.292352941176475,-21.738695652173913,-15.001499999999998,23.807142857142853,9.373125,42.85666666666667,35.295,-16.0004,-11.763529411764706,16.667777777777776,14.708823529411765,41.668749999999996,False,False,True,False,True
13696,4,Germany,Netherlands,11.539230769230768,-29.41176470588235,-33.333333333333336,-5.881176470588235,11.536153846153846,61.11222222222222,45.45409090909091,-12.5,14.284285714285714,33.333333333333336,19.049999999999997,61.53846153846154,False,False,True,False,True
13697,1,Argentina,China,55.556666666666665,-11.9992,-18.182727272727274,20.0,46.15038461538462,29.41176470588235,32.14214285714286,0.0009090909090913742,-33.333333333333336,19.04619047619048,14.81777777777778,46.15384615384615,False,,,True,False
13697,2,Argentina,China,43.47826086956522,-18.18136363636364,-24.999166666666667,33.33571428571428,31.820909090909087,7.142857142857143,44.82655172413793,-15.999600000000001,-25.0,23.531176470588235,7.4111111111111105,60.001333333333335,False,True,False,False,True
13697,3,Argentina,China,53.847307692307695,-24.0,-62.50125,39.998666666666665,19.23076923076923,69.22923076923077,44.0004,-31.816818181818178,-35.714285714285715,31.57894736842105,15.998,36.36272727272728,False,False,True,True,False
13697,4,Argentina,China,33.33222222222222,-20.83375,-40.0,27.78,44.444074074074074,35.714999999999996,23.9996,-21.73913043478261,-66.66666666666667,22.221666666666668,17.39391304347826,30.76923076923077,False,True,False,True,False
13698,1,Italy,Japan,42.85428571428571,-14.999,-0.0008333333333325754,0.0,25.002000000000002,33.333333333333336,42.85619047619048,3.9991999999999996,-85.71571428571428,18.74875,16.666666666666668,10.001,False,,,False,True
13698,2,Italy,Japan,54.54590909090909,-11.999600000000001,-23.076153846153847,29.41176470588235,31.819090909090907,63.63727272727272,24.243939393939396,-14.285714285714286,-25.0,23.81047619047619,31.25,43.75,False,False,True,True,False
13698,3,Italy,Japan,62.962592592592586,-24.0,-15.788947368421054,8.69478260869565,31.997600000000002,75.0,24.99892857142857,7.9996,-53.84538461538462,26.315263157894737,25.000714285714285,41.1764705882353,False,True,False,True,False
13698,4,Italy,Japan,57.142857142857146,-25.0,-16.6675,19.048571428571428,40.91318181818182,-27.272727272727273,40.74074074074074,4.166666666666667,-42.857142857142854,14.285714285714286,17.24137931034483,76.47058823529412,False,True,False,False,True
13698,5,Italy,Japan,40.001333333333335,-21.427142857142858,-36.36363636363637,7.694615384615385,20.002666666666663,42.857142857142854,24.9995,0.0,-50.0,27.271818181818183,14.995999999999999,36.36545454545455,False,False,True,False,True
13699,1,Canada,Serbia,21.05421052631579,-11.9992,0.0012500000000006395,14.285714285714286,17.647058823529413,66.66666666666667,15.791052631578946,-30.0005,-20.0,-5.26421052631579,31.575789473684207,22.22222222222222,False,,,True,False
13699,2,Canada,Serbia,50.0,-16.666666666666668,-37.5,20.0,34.9965,80.0,30.436086956521738,-25.0,-62.5,5.262105263157895,25.0,0.0,False,True,False,True,False
13699,3,Canada,Serbia,47.62,-9.523809523809524,-63.63636363636363,9.523809523809524,13.640454545454544,-0.002500000000001279,56.52,-8.333333333333334,-83.33333333333333,-0.0005882352941171121,30.436521739130434,-11.11111111111111,False,True,False,False,True
13699,4,Canada,Serbia,34.481034482758616,-20.8325,-11.112222222222222,19.047619047619047,26.670333333333335,-33.333333333333336,41.66583333333333,-15.383846153846154,-9.091818181818182,17.647058823529413,29.168333333333333,33.333333333333336,False,False,True,False,True
13699,5,Canada,Serbia,45.45454545454545,-33.3325,-40.0,-0.0008333333333337597,27.269999999999996,-100.0,58.33416666666667,-7.142142857142857,-40.0,37.5,39.995999999999995,-33.333333333333336,False,False,True,False,True
13700,1,Brazil,Iran,43.7484375,-16.666666666666668,-42.857142857142854,26.08521739130435,40.00257142857143,33.333333333333336,43.47826086956522,-14.285357142857142,-20.0,13.635454545454547,10.522105263157894,-49.998333333333335,False,,,True,False
13700,2,Brazil,Iran,46.42785714285714,-20.832916666666666,-20.0,28.570476190476192,32.13964285714285,0.0,28.571785714285713,-8.332916666666668,-37.50125,47.368947368421054,11.538461538461538,0.0,False,True,False,True,False
13700,3,Brazil,Iran,68.42052631578946,-15.999600000000001,-11.112222222222222,13.335333333333331,29.999000000000002,0.0,17.390434782608697,-10.525789473684211,-85.71428571428571,26.315263157894737,23.81142857142857,-50.0,False,True,False,True,False
13701,1,Australia,Bulgaria,4.166249999999999,-4.545454545454546,-14.285714285714286,9.523809523809524,8.694782608695652,20.0,20.83375,-4.16625,30.76923076923077,25.0,31.819999999999997,66.66666666666667,False,,,False,True
13701,2,Australia,Bulgaria,39.130434782608695,4.1674999999999995,0.0,36.36636363636364,10.004,33.335,-4.166666666666667,-7.143571428571429,-0.0012500000000006395,26.08695652173913,23.998,25.0,False,False,True,True,False
13701,3,Australia,Bulgaria,28.000799999999998,-8.000399999999999,-30.0,5.882352941176471,16.665,-21.429285714285715,21.428571428571427,-18.18318181818182,10.0,22.725909090909088,39.998666666666665,-57.14142857142857,False,True,False,True,False
13701,4,Australia,Bulgaria,30.768076923076926,-15.000499999999999,-0.002500000000001279,9.089545454545453,20.000799999999998,-22.223333333333333,47.61857142857143,-4.0,-0.0006666666666660604,13.336,66.66666666666667,44.44444444444444,False,True,False,False,True
13701,5,Australia,Bulgaria,50.0,-11.764705882352942,-33.333333333333336,20.002,16.668,75.0,42.859047619047615,0.0,-53.84538461538462,35.71357142857143,25.003999999999998,66.66666666666667,False,False,True,True,False
13702,1,Argentina,Netherlands,50.0,-16.66625,-50.0,31.58,32.004,36.36272727272728,39.286071428571425,-17.390869565217393,-53.333333333333336,15.788947368421054,10.0,50.00055555555556,False,,,True,False
13702,2,Argentina,Netherlands,59.09090909090909,-8.334166666666667,-30.77,31.57894736842105,49.99909090909091,-7.6923076923076925,53.333,-12.499583333333334,-50.00125,45.45454545454545,20.00133333333333,50.00083333333333,False,True,False,False,True
13702,3,Argentina,Netherlands,44.443333333333335,-8.3325,-6.668666666666667,6.249375,22.22,16.666666666666668,15.384615384615385,-9.999500000000001,-33.333333333333336,-5.2631578947368425,8.0,100.0,False,False,True,True,False
13702,4,Argentina,Netherlands,25.0,-15.0,-21.428571428571427,31.581052631578945,30.436521739130434,13.332666666666666,42.307307692307695,-8.334583333333333,9.999,23.531176470588235,7.9967999999999995,35.714999999999996,False,True,False,False,True
13702,5,Argentina,Netherlands,31.579473684210527,-21.427857142857142,-11.11,8.335,31.576315789473686,14.285714285714286,33.33277777777778,-7.142857142857143,-20.0,9.092727272727274,0.0,41.666666666666664,False,False,True,False,True
13703,1,France,Japan,48.27620689655173,-4.0,-21.43,27.776666666666664,14.285714285714286,49.998333333333335,34.3740625,-13.634999999999998,-36.36363636363637,4.545454545454546,17.648235294117647,74.999,False,,,True,False
13703,2,France,Japan,18.749375,-11.538846153846153,-30.76846153846154,55.55444444444444,21.875,40.0005,33.333333333333336,-30.77,-23.52764705882353,14.286666666666665,8.820882352941176,74.9995,False,True,False,True,False
13703,3,France,Japan,48.14962962962963,-20.0004,-7.142857142857143,33.33166666666667,23.076153846153847,87.5,14.81296296296296,-25.0,-14.285714285714286,10.52578947368421,14.81185185185185,30.0,False,True,False,True,False
13704,1,Italy,Slovenia,43.332,-16.6675,-9.089090909090908,41.174705882352946,22.581290322580646,64.70588235294117,24.9995,-14.999500000000001,-40.0,5.554444444444444,15.792105263157893,8.333333333333334,False,,,True,False
13704,2,Italy,Slovenia,46.8746875,12.0008,-49.99875,33.333333333333336,24.135862068965515,44.999,37.03666666666667,-6.25,-23.076923076923077,4.166250000000001,16.668666666666667,9.522857142857143,False,True,False,True,False
13704,3,Italy,Slovenia,46.15384615384615,-24.999583333333334,-42.857142857142854,24.99875,28.572857142857142,100.0,31.999200000000002,-27.27318181818182,16.666666666666668,22.22222222222222,16.665,15.384615384615385,False,True,False,True,False
13705,1,Canada,Iran,54.9985,-31.818181818181817,-60.0,10.526842105263157,31.577894736842108,14.285714285714286,47.618095238095236,-12.5,-39.998000000000005,21.429285714285715,14.285714285714286,100.0,False,,,False,True
13705,2,Canada,Iran,30.553055555555552,-12.000399999999999,-55.55555555555556,8.69391304347826,34.28285714285714,36.36181818181819,52.0012,-7.408148148148149,0.0,26.315263157894737,12.498333333333333,0.0,False,False,True,False,True
13705,3,Canada,Iran,29.62814814814815,-42.10578947368421,-66.66666666666667,10.0,15.387692307692308,-10.001000000000001,54.999,-16.665833333333335,-50.0,27.273636363636363,16.666666666666668,57.142857142857146,False,False,True,False,True
13706,1,Australia,Poland,6.893793103448275,-11.763529411764706,-20.0,33.33238095238095,13.336,25.0,40.74074074074074,-16.0004,-16.669166666666666,46.666666666666664,39.9996,33.333333333333336,False,,,False,True
13706,2,Australia,Poland,26.665666666666663,-10.0,0.0,23.81047619047619,27.586896551724138,-11.11111111111111,60.71357142857143,-8.332916666666668,-33.330666666666666,27.775555555555556,42.85785714285714,14.287142857142856,False,False,True,False,True
13706,3,Australia,Poland,-4.166666666666667,-14.285714285714286,-25.0,4.3478260869565215,31.814999999999998,0.0,33.33428571428571,4.000800000000001,-20.0,27.274545454545454,43.47826086956522,66.66666666666667,False,False,True,False,True
13707,1,Bulgaria,USA,10.002,-38.46076923076923,-66.66666666666667,-0.0020000000000003127,14.285714285714286,50.0,78.57214285714285,-8.333333333333334,50.0,24.9975,38.46153846153846,-11.11111111111111,False,,,False,True
13707,2,Bulgaria,USA,40.0008,-0.0004166666666656956,-9.999,6.668000000000001,17.389565217391304,12.5,32.142857142857146,-14.284285714285712,-50.0,4.761428571428572,21.428571428571427,35.71357142857143,False,False,True,True,False
13707,3,Bulgaria,USA,26.666999999999998,-8.000399999999999,-39.998666666666665,25.002,30.0,-0.0016666666666675194,40.0,-12.0008,-22.223333333333333,14.283809523809524,28.572142857142858,15.384615384615385,False,True,False,False,True
13707,4,Bulgaria,USA,41.37862068965517,-13.043478260869565,-50.0,36.365,29.62962962962963,0.002500000000001279,54.54454545454546,-7.9996,-60.0,31.577894736842108,38.1,-37.5,False,False,True,False,True
13708,1,France,Germany,36.66466666666667,-8.0012,9.092727272727272,42.85785714285714,16.666999999999998,81.25,4.762857142857143,-12.5,-33.335,-16.667777777777776,4.35,66.66666666666667,False,,,True,False
13708,2,France,Germany,49.99875,-20.833333333333332,11.11111111111111,16.666666666666668,25.000625,27.270909090909093,26.316315789473684,-35.001,-28.571428571428573,23.527058823529412,22.22277777777778,20.0,False,True,False,True,False
13708,3,France,Germany,29.411176470588234,-45.0005,-55.55555555555556,-6.668666666666667,23.529411764705884,83.33333333333333,52.940588235294115,-29.1675,-41.66833333333333,36.36363636363637,17.64941176470588,49.99875,False,True,False,False,True
13708,4,France,Germany,37.50083333333333,-20.833333333333332,-22.223333333333333,12.498125,21.73913043478261,58.33416666666667,24.9995,-22.72772727272727,-41.6675,16.666666666666668,28.571428571428573,28.572857142857142,False,False,True,True,False
13709,1,Japan,Slovenia,76.19190476190477,-28.0004,-40.0,37.49875,29.996499999999997,24.99875,52.6321052631579,-23.80952380952381,-75.0,17.647058823529413,38.89111111111111,-29.999000000000002,False,,,True,False
13709,2,Japan,Slovenia,19.998857142857144,0.0013636363636370613,-22.22222222222222,9.526666666666667,8.576,78.94842105263157,38.708387096774196,-8.0,-10.525263157894736,5.26421052631579,22.578064516129036,47.618095238095236,False,True,False,False,True
13709,3,Japan,Slovenia,32.0004,-12.0,-25.0,35.714999999999996,33.33083333333334,57.144285714285715,7.693461538461539,-22.221666666666668,-28.571428571428573,23.808095238095238,3.848076923076923,14.285714285714286,False,False,True,True,False
13709,4,Japan,Slovenia,46.15384615384615,-8.33375,-28.571428571428573,28.571428571428573,13.04391304347826,53.33266666666667,37.93103448275862,-29.9985,-46.666666666666664,45.45636363636363,35.714285714285715,66.66666666666667,False,True,False,True,False
13710,1,China,Italy,-0.00037037037037003354,-9.522857142857143,-20.0,15.787894736842107,10.711428571428572,28.569285714285712,36.36363636363637,-19.9984,14.286428571428571,41.177058823529414,31.814999999999998,50.0,False,,,False,True
13710,2,China,Italy,30.771153846153844,-5.262631578947368,-29.999000000000002,-5.001500000000001,7.142142857142857,76.92307692307692,58.33583333333333,0.0008333333333325754,-27.778888888888886,23.52823529411765,24.9975,72.72727272727273,False,False,True,False,True
13710,3,China,Italy,27.9972,-5.2631578947368425,-46.15384615384615,5.002000000000001,20.834166666666665,25.000833333333333,51.72344827586207,-11.999600000000001,-36.36363636363637,22.22222222222222,17.858214285714286,79.99866666666667,False,False,True,False,True
13711,1,Australia,Serbia,34.783478260869565,-16.665555555555557,-71.42857142857143,42.85476190476191,17.39,-50.0,68.18136363636364,-8.332916666666666,-19.999000000000002,20.000666666666667,38.1,71.42857142857143,False,,,False,True
13711,2,Australia,Serbia,57.89473684210526,-24.999000000000002,-27.272727272727273,14.285714285714286,23.529411764705884,-100.0,62.50083333333333,-12.0,-55.556666666666665,26.666666666666668,39.13478260869565,-8.331666666666667,False,False,True,False,True
13711,3,Australia,Serbia,37.49875,-17.391304347826086,-31.57842105263158,28.571428571428573,27.272727272727273,-50.0,33.332424242424246,-12.501249999999999,-36.36363636363637,16.66444444444444,29.032258064516128,66.66666666666667,False,False,True,False,True
13712,1,Poland,USA,50.00115384615385,-14.285714285714286,-28.572857142857142,13.044347826086955,17.85964285714286,33.333333333333336,52.17434782608696,4.0,-58.3325,38.89,29.163749999999997,-28.571428571428573,False,,,False,True
13712,2,Poland,USA,47.82565217391304,-11.998800000000001,-20.0,36.840526315789475,26.084347826086955,0.0,40.90909090909091,-17.391304347826086,-50.0,0.0,30.000999999999998,14.284285714285714,False,False,True,True,False
13712,3,Poland,USA,35.998,-16.001199999999997,60.001999999999995,-4.761904761904762,20.0032,25.0,17.85607142857143,-4.0,-57.142857142857146,23.81047619047619,22.22222222222222,-50.0,False,True,False,True,False
13712,4,Poland,USA,36.0,-12.000399999999999,-18.180909090909093,13.332666666666666,7.407407407407407,20.000999999999998,24.999642857142856,-22.72681818181818,-49.99916666666667,19.047619047619047,12.0,28.571428571428573,False,True,False,True,False
13713,1,Brazil,Bulgaria,60.001,-4.167083333333333,33.333333333333336,5.2631578947368425,29.9985,-50.0,42.857619047619046,-9.090909090909092,0.0,14.997500000000002,21.05,25.0,False,,,True,False
13713,2,Brazil,Bulgaria,54.545,-16.0004,0.0014285714285721593,21.427857142857142,38.1,-0.0011111111111116794,27.58586206896552,-26.31578947368421,-25.0,38.093809523809526,20.69103448275862,33.333333333333336,False,True,False,True,False
13713,3,Brazil,Bulgaria,38.46115384615385,-8.332916666666668,-9.090909090909092,10.526315789473685,32.001599999999996,0.0,29.62962962962963,-8.69391304347826,-13.333333333333334,28.570476190476192,25.925925925925927,14.285714285714286,False,True,False,True,False
13714,1,Germany,USA,24.32216216216216,-14.285238095238096,-54.54727272727273,22.730454545454545,37.503750000000004,13.040434782608695,49.998333333333335,-3.9995999999999996,-37.499375,47.05882352941177,27.26954545454545,36.36363636363637,False,,,False,True
13714,2,Germany,USA,47.62142857142857,-19.9995,-40.0,21.05157894736842,19.047619047619047,-0.0018181818181801646,53.84538461538462,-8.332916666666668,-33.333333333333336,62.5,37.5,45.45363636363636,False,False,True,False,True
13714,3,Germany,USA,40.624375,-16.6675,-16.665000000000003,44.44444444444444,21.8715625,20.0,28.126250000000002,-17.390869565217393,-29.410588235294117,42.103157894736846,31.25,58.821764705882345,False,False,True,True,False
13714,4,Germany,USA,12.5,-21.051578947368423,-57.14142857142857,47.36631578947369,25.0003125,28.571428571428573,42.308076923076925,-16.665416666666665,-22.221111111111114,33.333333333333336,28.568571428571428,75.0,False,True,False,False,True
13715,1,Argentina,Canada,32.35411764705882,-12.499583333333334,8.333333333333334,9.999500000000001,0.0,50.0,22.72681818181818,-4.349130434782609,-26.316842105263156,10.525263157894736,-0.002083333333333215,5.882352941176471,False,,,True,False
13715,2,Argentina,Canada,28.0,-16.666666666666668,-46.666666666666664,33.33222222222222,33.33083333333334,30.0,42.31038461538461,-25.0,-57.14214285714286,10.526315789473685,42.30384615384616,41.666666666666664,False,True,False,False,True
13715,3,Argentina,Canada,37.035555555555554,-12.499166666666667,-35.294117647058826,13.331999999999999,33.334074074074074,79.99933333333334,31.24875,-27.27318181818182,-30.76846153846154,10.000499999999999,26.666999999999998,41.17588235294118,False,False,True,True,False
13715,4,Argentina,Canada,42.85619047619048,-23.9996,-28.571428571428573,41.1764705882353,41.666666666666664,6.248749999999999,25.000714285714285,-21.739565217391306,-27.272727272727273,10.526315789473685,48.148148148148145,35.714285714285715,False,True,False,True,False
13716,1,Bulgaria,Italy,10.344827586206897,-26.666666666666668,100.0,-8.330833333333333,9.38,0.0,34.780434782608694,11.999600000000001,28.571428571428573,36.36363636363637,9.087272727272726,80.0,False,,,False,True
13716,2,Bulgaria,Italy,28.571428571428573,-14.284285714285712,-60.0,10.526315789473685,19.047619047619047,100.0,49.999583333333334,-16.665416666666665,-11.11111111111111,5.555,4.3478260869565215,40.001999999999995,False,False,True,False,True
13716,3,Bulgaria,Italy,26.469117647058823,-8.695652173913043,,18.181818181818183,9.68,0.0,52.17434782608696,-8.0,-33.333333333333336,-0.0005263157894739535,13.046956521739132,10.002,False,False,True,False,True
13717,1,Iran,Poland,24.9975,-9.523333333333333,-60.0,10.526842105263157,12.496666666666664,-0.0011111111111101006,44.0008,-15.998399999999998,0.0,31.577894736842108,17.391304347826086,80.0,False,,,False,True
13717,2,Iran,Poland,61.11055555555556,-7.9996,-62.5,-12.50125,31.57894736842105,37.5,52.381904761904764,-13.042173913043477,-60.0,-4.761904761904762,4.761428571428572,-20.0,False,False,True,True,False
13717,3,Iran,Poland,35.0,-4.16625,-37.49875,0.0,19.997999999999998,50.0,30.767692307692307,-26.086521739130436,50.0,4.761428571428572,15.998800000000001,-12.5,False,True,False,True,False
13717,4,Iran,Poland,27.5848275862069,-11.539230769230768,-100.0,0.0021739130434781373,21.43142857142857,20.0,37.03666666666667,-3.8453846153846154,-14.285,-0.0019047619047628792,10.713928571428571,0.0009090909090913742,False,True,False,False,True
13717,5,Iran,Poland,61.53923076923077,14.285714285714286,0.0,16.666666666666668,0.0,0.0,30.76923076923077,-25.0,-50.0,-23.075384615384618,-0.0018181818181827484,0.0,False,False,True,True,False
13718,1,Brazil,Germany,40.00066666666667,-11.538076923076924,-52.940588235294115,13.042608695652175,35.483870967741936,43.751875,38.71,-0.0007692307692311628,-63.63636363636363,30.432173913043474,16.66722222222222,29.41235294117647,False,,,False,True
13718,2,Brazil,Germany,54.54590909090909,5.921189464667501e-16,-31.25,21.43,34.78260869565217,46.15384615384615,29.62851851851852,-22.221666666666668,-77.77777777777777,4.761904761904762,14.815185185185184,30.76923076923077,False,False,True,True,False
13718,3,Brazil,Germany,46.15653846153846,-7.999199999999999,-14.285,40.00066666666667,37.93034482758621,31.57894736842105,35.71357142857143,-24.9995,-37.500625,-0.0004761904761907198,22.583225806451615,37.500625,False,True,False,True,False
13718,4,Brazil,Germany,58.333333333333336,-12.500416666666666,-21.427857142857142,29.411176470588234,34.78695652173913,33.335,36.36636363636364,-15.0,-33.333333333333336,35.0005,33.334583333333335,-18.181818181818183,False,True,False,True,False
13719,1,Australia,Japan,60.87,-11.11,-77.77888888888889,28.570476190476192,38.09285714285714,14.285714285714286,87.50083333333333,-12.0008,-58.33416666666667,43.75125,32.001999999999995,30.77,False,,,False,True
13719,2,Australia,Japan,29.167083333333334,-18.75,0.0,9.523333333333333,33.33083333333333,21.428571428571427,50.000416666666666,8.334583333333333,-18.180909090909093,53.846923076923076,41.66916666666666,47.05882352941177,False,False,True,False,True
13719,3,Australia,Japan,56.52217391304348,-4.16625,-40.0,26.314210526315787,19.048095238095236,-8.334166666666667,40.74148148148148,-8.332083333333332,-50.0,47.825652173913035,46.425714285714285,-15.384615384615385,False,False,True,True,False
13719,4,Australia,Japan,31.577894736842108,-19.999000000000002,-20.0,9.998499999999998,27.776111111111113,24.99875,50.00222222222222,5.921189464667501e-16,-9.09,26.668,47.369473684210526,0.0,False,True,False,False,True
13720,1,China,Netherlands,28.1253125,-3.5714285714285716,-27.271818181818183,29.16458333333333,17.244137931034484,27.271818181818183,33.333333333333336,-7.1425,16.665833333333335,14.813333333333334,6.0606060606060606,0.0,False,,,False,True
13720,2,China,Netherlands,-3.8461538461538463,-8.333333333333334,-50.0,-13.636363636363637,4.351304347826087,55.55555555555556,64.28571428571429,8.0,44.44444444444444,9.09,15.379999999999999,0.0016666666666651508,False,False,True,False,True
13720,3,China,Netherlands,35.29352941176471,-21.428571428571427,-71.42857142857143,0.0005000000000002558,33.332,0.0,55.556296296296296,-4.16625,-100.0,0.0,12.0,100.0,False,False,True,False,True
13721,1,Serbia,Slovenia,-0.0004761904761900431,-6.25,-66.665,-0.0019047619047615257,18.18227272727273,33.33,36.84105263157895,-0.00041666666666687985,20.0,0.0,11.11,100.0,False,,,False,True
13721,2,Serbia,Slovenia,34.48275862068966,-36.84,-33.333333333333336,9.521428571428572,16.127741935483872,-42.857142857142854,43.47608695652173,-11.999600000000001,-71.42714285714285,16.6675,27.269999999999996,100.0,False,False,True,False,True
13721,3,Serbia,Slovenia,35.29588235294118,-25.000416666666666,-100.0,0.0,15.621875,50.0,59.09045454545455,-16.665833333333335,-44.44555555555556,11.11111111111111,17.391304347826086,-50.0,False,False,True,False,True
13722,1,France,USA,57.89578947368421,-8.0,-12.5,45.45454545454545,35.002500000000005,21.429285714285715,15.792105263157895,-26.666,-60.001,9.999500000000001,47.36578947368421,-33.335,False,,,True,False
13722,2,France,USA,21.73913043478261,-9.091363636363637,14.285714285714286,15.788947368421054,17.393478260869564,12.5,38.46115384615385,-12.001199999999999,-16.6675,22.22,29.626666666666665,58.333333333333336,False,True,False,False,True
13722,3,France,USA,32.353235294117646,-20.0,22.221111111111114,16.666666666666668,17.64764705882353,41.66708333333333,26.08695652173913,-9.09,-26.316842105263156,0.0005555555555558397,17.85892857142857,46.66733333333333,False,False,True,True,False
13722,4,France,USA,10.000333333333334,-42.857142857142854,-33.333333333333336,14.286666666666665,11.426285714285713,47.61904761904762,52.63157894736842,-12.0,0.0,12.49875,11.11111111111111,37.501875,False,True,False,False,True
13722,5,France,USA,4.761428571428572,-50.0,-33.335,23.07923076923077,25.0,27.272727272727273,41.666666666666664,-13.333333333333334,-27.272727272727273,0.0,16.665,49.99916666666667,False,False,True,False,True
13723,1,Australia,Germany,62.5,-12.500833333333333,-16.665,43.75,53.334666666666664,-55.55444444444444,26.08695652173913,-23.80952380952381,-71.42857142857143,31.57894736842105,33.331428571428575,33.333333333333336,False,,,True,False
13723,2,Australia,Germany,27.272727272727273,-41.1764705882353,-42.857142857142854,10.525263157894736,33.333333333333336,10.001000000000001,55.55611111111111,-8.33375,14.285714285714286,40.0,29.408235294117645,25.001875,False,True,False,False,True
13723,3,Australia,Germany,28.571428571428573,-28.570476190476192,-22.221111111111114,26.314736842105265,9.090909090909092,8.334166666666667,33.3325,-24.0,0.0,33.332,22.72909090909091,29.999000000000002,False,False,True,False,True
13723,4,Australia,Germany,35.48483870967742,-4.0004,0.0006249999999994316,17.390869565217393,26.663999999999998,36.84263157894737,34.286,0.0,-56.25,27.270454545454548,50.000277777777775,75.0,False,False,True,False,True
13724,1,Brazil,Canada,57.69230769230769,-16.666666666666668,-25.0,7.6923076923076925,11.11111111111111,44.9995,30.434347826086956,-21.051052631578944,-50.0,25.0,20.832083333333333,0.0,False,,,True,False
13724,2,Brazil,Canada,52.38095238095238,12.0,-11.11111111111111,-5.556111111111111,15.79,7.142857142857143,21.213333333333335,10.526315789473685,-70.001,7.999199999999999,30.76820512820513,45.0,False,True,False,True,False
13724,3,Brazil,Canada,48.14740740740741,-4.166666666666667,-44.44444444444444,28.570714285714285,18.52074074074074,66.66666666666667,25.00125,-17.646470588235296,-21.428571428571427,18.180454545454545,24.99607142857143,28.571428571428573,False,True,False,True,False
13725,1,Iran,Italy,21.052105263157895,-25.000625,-33.333333333333336,4.761904761904762,29.996999999999996,40.0,45.45363636363636,-8.0,-33.333333333333336,-10.0,33.331428571428575,80.0,False,,,False,True
13725,2,Iran,Italy,42.308461538461536,-3.703333333333333,-22.22222222222222,0.0,0.0,35.714285714285715,38.88861111111111,-23.998800000000003,-100.0,8.335416666666667,24.245757575757576,57.14142857142857,False,False,True,True,False
13725,3,Iran,Italy,35.714642857142856,-13.04304347826087,-42.85857142857143,4.546818181818182,17.240689655172414,66.66666666666667,32.0004,-3.9995999999999996,-19.999000000000002,10.527894736842105,21.739565217391306,11.11111111111111,False,True,False,False,True
13725,4,Iran,Italy,19.99942857142857,-4.166666666666667,-66.66666666666667,-4.544090909090909,5.5575,100.0,26.923846153846153,4.166666666666667,66.665,10.001,22.22222222222222,25.0,False,False,True,False,True
13726,1,Bulgaria,Slovenia,7.142857142857143,-9.090454545454547,33.33222222222222,9.522857142857143,19.23076923076923,0.0,25.924444444444447,-16.0,9.090909090909092,5.261578947368421,35.714285714285715,55.556666666666665,False,,,False,True
13726,2,Bulgaria,Slovenia,34.780869565217394,-12.000399999999999,-42.854285714285716,23.53235294117647,21.741739130434784,100.0,34.78260869565217,-22.726363636363637,0.0,-5.0,17.39,42.857142857142854,False,False,True,True,False
13726,3,Bulgaria,Slovenia,30.434347826086956,-22.221666666666668,-75.0,-4.761904761904762,22.728181818181817,-100.0,56.52347826086957,-8.000399999999999,-20.0,-7.6923076923076925,17.39,20.0,False,True,False,False,True
13726,4,Bulgaria,Slovenia,26.924230769230768,-29.41176470588235,-100.0,4.166666666666667,21.429642857142856,-33.333333333333336,55.55444444444444,4.1675,100.0,8.335,19.9975,33.333333333333336,False,False,True,False,True
13727,1,China,Poland,56.24875,-29.16625,33.333333333333336,-5.0,28.57,33.333333333333336,20.000999999999998,-0.0007692307692311628,-33.333333333333336,24.99875,24.9985,33.333333333333336,False,,,False,True
13727,2,China,Poland,57.142857142857146,-35.29529411764706,-100.0,-0.0026086956521752477,22.727272727272727,-25.0,66.66777777777777,12.499583333333334,-100.0,18.181818181818183,24.997,49.99875,False,False,True,False,True
13727,3,China,Poland,21.740434782608695,-5.555555555555555,60.0,4.544545454545454,26.084347826086955,0.0,58.33416666666667,-3.9995999999999996,-33.333333333333336,18.749375,34.998000000000005,0.0,False,False,True,False,True
13728,1,Argentina,Australia,29.41176470588235,-9.09,-18.181818181818183,17.648235294117647,47.055882352941175,-23.077692307692306,44.444074074074074,-20.832916666666666,-28.572857142857142,36.844210526315784,19.233076923076922,41.6675,False,,,False,True
13728,2,Argentina,Australia,29.999666666666666,-4.164999999999999,-54.54636363636364,61.111666666666665,67.85714285714286,43.75125,64.9985,-25.0,-12.50125,31.81863636363636,35.0,0.0,False,False,True,True,False
13728,3,Argentina,Australia,38.46076923076923,-16.001199999999997,7.69076923076923,44.443333333333335,34.61538461538461,70.0,0.0004545454545456871,0.0,-20.0,26.31578947368421,42.86,29.999000000000002,False,True,False,True,False
13728,4,Argentina,Australia,37.931724137931035,4.167500000000001,22.223333333333333,53.334666666666664,41.382413793103446,26.086521739130436,12.000399999999999,-6.25,-33.333999999999996,14.285714285714286,45.83416666666667,13.333333333333334,False,True,False,True,False
13729,1,Brazil,France,20.832916666666666,13.635909090909092,-44.446666666666665,15.787894736842107,20.0032,30.76923076923077,46.876875000000005,-8.332916666666666,-6.25,4.544545454545454,15.150909090909092,60.0,False,,,False,True
13729,2,Brazil,France,44.44444444444444,-13.634999999999998,-46.15461538461538,-22.22222222222222,10.344827586206897,56.24875,48.27379310344828,-8.0,-50.0,11.108333333333333,24.141724137931035,45.0015,False,False,True,False,True
13729,3,Brazil,France,26.31578947368421,-4.545454545454546,-60.001,-0.0026666666666670833,21.051052631578948,25.0,55.99879999999999,-24.999583333333334,-30.0,19.9995,45.833333333333336,100.0,False,False,True,False,True
13730,1,Canada,Japan,28.570285714285717,-20.0,-19.999333333333333,22.726363636363637,46.87375,24.0,30.555833333333332,0.00040000000000020466,-36.84368421052631,25.00125,23.529411764705884,44.444074074074074,False,,,False,True
13730,2,Canada,Japan,8.695652173913043,5.881764705882353,-33.333333333333336,-0.001052631578947907,40.91,24.999375,53.84461538461539,-8.334166666666667,-16.666666666666668,18.75,44.0,42.85785714285714,False,False,True,False,True
13730,3,Canada,Japan,48.27620689655173,-8.334166666666667,-71.42857142857143,14.997499999999999,44.44814814814814,54.54636363636364,49.999545454545455,-8.69608695652174,-57.14357142857143,0.0027777777777784093,28.568571428571424,23.528823529411767,False,False,True,True,False
13730,4,Canada,Japan,25.0,-19.04714285714286,-27.273636363636363,30.0005,41.6675,55.55555555555556,47.61952380952381,-16.6675,-16.666666666666668,46.66733333333333,40.001,23.076153846153847,False,True,False,False,True
13731,1,Bulgaria,Netherlands,34.48379310344828,-13.044347826086955,-27.272727272727273,-0.00041666666666687985,20.002666666666663,0.0,25.925925925925927,8.333333333333334,-60.0,15.0,13.78896551724138,29.998,False,,,False,True
13731,2,Bulgaria,Netherlands,52.17478260869565,-8.333333333333334,-0.0012500000000006395,-7.691538461538461,21.741739130434784,-33.333333333333336,15.384615384615385,-17.646470588235296,-60.0,23.80952380952381,21.427142857142858,40.0,False,False,True,True,False
13731,3,Bulgaria,Netherlands,37.49916666666667,-12.0,-0.0016666666666675194,17.647058823529413,12.496666666666664,33.333333333333336,15.386923076923077,-9.524761904761904,-90.0,0.0009523809523814396,17.240689655172414,33.333333333333336,False,True,False,True,False
13731,4,Bulgaria,Netherlands,38.459999999999994,4.166666666666667,-60.0,10.52842105263158,14.814814814814815,22.223333333333333,40.74,-9.09,-66.665,22.727272727272727,31.037241379310345,87.5,False,True,False,True,False
13732,1,Iran,Slovenia,42.85666666666667,-15.9992,33.33166666666667,19.04714285714286,23.813333333333333,-28.571428571428573,21.73913043478261,-7.9996,-44.44444444444444,14.999,25.0,-33.333333333333336,False,,,True,False
13732,2,Iran,Slovenia,52.17391304347826,-16.0,-66.66666666666667,12.502500000000001,21.742608695652173,88.88888888888889,9.523809523809524,-35.71357142857143,-60.0,-5.0,19.045238095238094,14.285714285714286,False,True,False,True,False
13732,3,Iran,Slovenia,23.998800000000003,-12.499583333333334,33.333333333333336,5.555,33.33,25.0,21.05315789473684,-13.636363636363637,0.0,-23.527647058823533,21.05,-20.0,False,True,False,True,False
13733,1,Italy,Serbia,33.333703703703705,3.9995999999999996,-11.11,10.001,24.0,100.0,12.4990625,4.76095238095238,0.0,-13.04391304347826,9.38,-40.0,False,,,True,False
13733,2,Italy,Serbia,56.25,-12.49875,11.11111111111111,27.275454545454544,21.43,0.0,-4.000799999999999,-26.667333333333332,-100.0,-5.555555555555555,16.664583333333333,-33.333333333333336,False,True,False,True,False
13733,3,Italy,Serbia,23.529411764705884,-8.0,-33.33533333333333,10.0,11.761176470588236,22.22222222222222,17.142285714285716,-13.043478260869565,-20.0,4.3478260869565215,18.422631578947367,37.49875,False,True,False,True,False
13734,1,Argentina,France,37.14142857142857,-16.66625,-33.33266666666667,27.77611111111111,20.00057142857143,56.522608695652174,38.46115384615385,-21.73913043478261,-23.529411764705884,15.788947368421054,7.142857142857143,9.999500000000001,False,,,True,False
13734,2,Argentina,France,46.875625,-33.33291666666667,-25.000833333333333,-0.0004761904761900431,26.667333333333332,52.63157894736842,37.49708333333333,-0.0008333333333337597,-42.855714285714285,26.668,11.538461538461538,39.9975,False,True,False,False,True
13734,3,Argentina,France,40.74111111111111,-4.166666666666667,-49.999,11.11111111111111,22.22259259259259,6.666,49.99923076923077,-25.0,-15.383846153846154,14.997499999999997,37.03777777777778,31.57842105263158,False,False,True,True,False
13734,4,Argentina,France,47.82782608695652,-27.9996,-16.668333333333333,27.272727272727273,30.434782608695652,37.5,23.999200000000002,-42.10526315789474,-38.46230769230769,16.665,14.814814814814815,24.999375,False,True,False,True,False
13735,1,Canada,USA,20.589411764705883,-10.524736842105263,-64.28571428571429,25.0,22.582903225806454,42.857142857142854,51.85,-12.0,-22.22222222222222,37.5,43.9996,21.053684210526313,False,,,False,True
13735,2,Canada,USA,13.04304347826087,0.0,-80.002,14.999500000000001,16.0,-0.0007142857142840496,66.6675,-12.500833333333333,-20.000999999999998,19.999333333333333,40.90909090909091,60.0,False,False,True,False,True
13735,3,Canada,USA,42.30692307692308,-26.31578947368421,-63.63727272727272,19.04714285714286,38.46192307692308,-0.002142857142857224,62.50125,-8.0,-33.333333333333336,42.857142857142854,52.0,33.331111111111106,False,False,True,False,True
13736,1,Germany,Japan,17.85607142857143,-25.0,-11.11,29.41176470588235,24.99607142857143,62.5,8.0,-20.833333333333332,8.333333333333334,5.555555555555555,15.382692307692308,20.0,False,,,True,False
13736,2,Germany,Japan,38.46269230769231,-26.087391304347825,-20.0,4.761428571428572,14.812962962962963,0.0,33.334074074074074,-4.166666666666667,-28.57190476190476,23.53235294117647,27.9984,26.666666666666668,False,True,False,False,True
13736,3,Germany,Japan,39.13173913043478,-24.999000000000002,-40.0,23.81047619047619,36.36363636363637,-30.76923076923077,68.42210526315789,-15.9988,-33.33416666666667,0.0,5.88,36.36272727272728,False,False,True,False,True
13736,4,Germany,Japan,19.9996,-23.80952380952381,-40.0,16.665555555555557,24.998333333333335,9.092727272727274,54.54681818181818,-25.000416666666666,-6.666666666666667,24.999375,12.500416666666666,50.00083333333333,False,False,True,False,True
13737,1,Bulgaria,China,51.85259259259259,-14.815185185185184,0.0,8.33375,19.227692307692305,12.5,37.03666666666667,-3.7037037037037037,-75.0,21.738695652173913,29.16208333333333,-33.333333333333336,False,,,True,False
13737,2,Bulgaria,China,45.833333333333336,-8.332916666666666,-75.0,0.0,19.996799999999997,12.5,52.0008,-8.331249999999999,-77.77777777777777,0.0004761904761907198,20.000799999999998,0.0,False,True,False,False,True
13737,3,Bulgaria,China,57.144285714285715,-13.043478260869565,-60.0,5.262631578947368,13.636818181818182,0.0,68.0016,-24.0004,-71.42857142857143,15.787894736842103,20.83375,100.0,False,False,True,False,True
13737,4,Bulgaria,China,9.523809523809524,-5.555555555555555,-24.99875,-9.522857142857143,23.81142857142857,100.0,47.059411764705885,0.0012500000000000473,25.00125,6.251250000000001,33.32944444444444,16.666666666666668,False,False,True,False,True
13738,1,Iran,Serbia,34.88139534883721,-14.286571428571428,-11.112222222222222,13.793793103448275,23.912608695652175,23.076153846153847,35.29529411764706,-12.121212121212121,-9.09,-3.5735714285714293,13.889722222222222,-10.0,False,,,True,False
13738,2,Iran,Serbia,76.19047619047619,-12.5,-0.0010000000000005115,0.0005263157894732055,63.16105263157895,-25.0,41.66583333333333,-9.09,-100.0,-0.0015000000000000568,29.16208333333333,100.0,False,True,False,True,False
13738,3,Iran,Serbia,31.57842105263158,12.000399999999999,-0.002000000000001023,20.0,5.553888888888888,49.99875,-10.714642857142858,-16.665833333333335,33.333333333333336,-16.6675,7.404444444444445,49.9975,False,True,False,True,False
13739,1,Netherlands,Poland,23.809047619047618,-31.579473684210527,-71.42714285714285,0.0,8.692173913043478,50.0,52.631052631578946,-12.0,-22.223333333333333,0.0009090909090913742,22.224999999999998,8.334166666666667,False,,,False,True
13739,2,Netherlands,Poland,28.57,-12.499583333333334,-66.66666666666667,-4.999499999999999,10.714285714285714,14.285714285714286,52.63263157894737,-12.500416666666666,-50.0,-5.261578947368421,26.32,33.333333333333336,False,False,True,False,True
13739,3,Netherlands,Poland,42.309230769230766,-4.545454545454546,-42.85857142857143,-0.0013636363636364154,3.9983999999999997,-10.0,56.52173913043478,-4.0004,-44.44444444444444,0.0,17.391739130434782,33.333333333333336,False,False,True,False,True
13740,1,Argentina,USA,46.43,-25.925925925925927,-30.76923076923077,13.04304347826087,50.0,33.33416666666667,40.001,-13.79206896551724,-30.0,39.997499999999995,51.85111111111111,17.64588235294118,False,,,False,True
13740,2,Argentina,USA,57.1425,-11.999600000000001,-38.46230769230769,47.36842105263158,53.575,42.85857142857143,40.0,-9.090909090909092,-35.715714285714284,9.523809523809524,48.00200000000001,27.272727272727273,False,False,True,True,False
13740,3,Argentina,USA,42.857142857142854,-16.667083333333334,-50.0,29.410588235294117,35.290588235294116,42.85619047619048,38.45961538461539,-19.046666666666667,-30.0005,31.57894736842105,42.31038461538462,26.666666666666668,False,True,False,True,False
13740,4,Argentina,USA,-3.5725000000000002,-35.71357142857143,-50.0,34.999,46.15461538461538,0.0014285714285721593,50.0,-16.6675,20.000666666666667,33.333333333333336,47.369473684210526,43.74875,False,True,False,False,True
13740,5,Argentina,USA,35.71642857142857,-20.0,-60.001,15.384615384615385,28.571428571428573,0.0,47.36842105263158,-23.529411764705884,-37.5,41.6675,22.225,85.71428571428571,False,False,True,False,True
13741,1,Australia,France,10.000499999999999,-18.75,-60.0,-5.263684210526316,14.285714285714286,-33.3325,86.66666666666667,-16.001199999999997,8.334166666666667,16.67,18.74875,22.22222222222222,False,,,False,True
13741,2,Australia,France,0.0,-15.383846153846154,-40.0,-11.11111111111111,21.73695652173913,14.285,49.999583333333334,-8.332083333333332,-0.0011111111111116794,18.18,22.73090909090909,78.57142857142857,False,False,True,False,True
13741,3,Australia,France,31.57894736842105,-19.230384615384615,-27.273636363636363,5.555555555555555,12.500416666666666,38.46153846153846,38.71,-35.714999999999996,-37.5,19.9965,32.13964285714285,38.46076923076923,False,False,True,False,True
13742,1,Brazil,Japan,45.45590909090909,-12.499583333333334,-58.3325,5.555555555555555,38.095238095238095,44.446666666666665,42.85809523809524,-16.666666666666668,-50.0,15.788947368421054,47.61619047619048,-14.285714285714286,False,,,True,False
13742,2,Brazil,Japan,35.715357142857144,-4.0,-5.556111111111111,50.0,46.43,36.36454545454546,24.99875,-4.348695652173913,-11.11,18.180454545454545,30.30060606060606,19.999000000000002,False,True,False,True,False
13742,3,Brazil,Japan,37.03740740740741,-20.833333333333332,-35.29588235294118,24.998125,37.03777777777778,36.84368421052631,29.62962962962963,-26.085652173913044,-27.272727272727273,36.84263157894737,37.03666666666667,27.77722222222222,False,True,False,True,False
13743,1,China,Serbia,13.635454545454547,-11.110555555555557,-75.0,14.287142857142856,4.35,40.0,59.09,-8.332916666666668,-62.5,13.331333333333333,25.0,66.665,False,,,False,True
13743,2,China,Serbia,22.221851851851852,-11.764705882352942,-33.333333333333336,16.667916666666667,20.68793103448276,25.0,65.002,-4.0,-37.5,26.665333333333333,30.43304347826087,44.44444444444444,False,False,True,False,True
13743,3,China,Serbia,60.001599999999996,-31.9996,-33.333333333333336,-14.999,32.0,28.572857142857142,14.285714285714286,4.348260869565218,-100.0,6.25,18.18409090909091,14.284285714285714,False,False,True,True,False
13743,4,China,Serbia,9.089545454545455,-31.818181818181817,22.22222222222222,4.763333333333334,9.09,16.666666666666668,7.998799999999999,-12.000399999999999,0.0009999999999990906,6.6659999999999995,7.406296296296297,66.66555555555556,False,True,False,False,True
13744,1,Italy,Netherlands,41.37827586206897,-12.499583333333334,-62.5,0.0,17.244137931034484,55.55555555555556,48.277931034482755,-20.833333333333332,-55.55555555555556,19.047619047619047,11.11,57.142857142857146,False,,,True,False
13744,2,Italy,Netherlands,34.48275862068966,-18.517407407407408,-0.002000000000001023,-18.75,15.383076923076922,100.0,4.3469565217391315,0.0,-42.857142857142854,-4.998,0.004347826086956275,0.0,False,True,False,True,False
13744,3,Italy,Netherlands,50.0,-4.167083333333333,-100.0,-7.142857142857143,10.53,33.333333333333336,54.16791666666666,-31.818181818181817,-60.0,-4.762857142857143,18.18409090909091,66.665,False,True,False,True,False
13745,1,Poland,Slovenia,59.09090909090909,-12.5,50.0,0.0,28.57190476190476,55.556666666666665,15.9988,-26.665333333333333,-100.0,-5.2631578947368425,4.0,0.0,False,,,True,False
13745,2,Poland,Slovenia,61.90428571428571,-15.38423076923077,-14.285714285714286,-11.764117647058825,28.57333333333333,18.181818181818183,31.032413793103448,-9.09,-33.333333333333336,4.545454545454546,7.145357142857143,0.0,False,True,False,True,False
13745,3,Poland,Slovenia,18.18227272727273,-8.695217391304348,-14.285714285714286,-10.0,16.003200000000003,66.66666666666667,27.273636363636363,-7.998399999999999,-33.33222222222222,-25.00125,27.269999999999996,50.0,False,True,False,False,True
13745,4,Poland,Slovenia,31.818181818181817,-8.0008,60.0,9.090909090909092,19.04380952380952,20.0,18.179090909090906,-35.29470588235294,-33.33166666666667,-9.526190476190477,8.7,80.0,False,False,True,True,False
13746,1,Brazil,USA,48.277931034482755,-15.9988,-41.66583333333333,37.503125,27.59,56.24875,34.61538461538461,-19.9995,-38.46153846153846,31.577368421052633,26.92,53.846923076923076,True,,,True,False
13746,2,Brazil,USA,40.6215625,-22.727272727272727,-30.0,38.09428571428572,33.333333333333336,5.555555555555555,48.275862068965516,-12.0,-33.333333333333336,41.17529411764706,41.38206896551724,36.84263157894737,True,True,False,False,True
13746,3,Brazil,USA,65.38461538461539,-20.8325,-71.42857142857143,54.54681818181818,38.464615384615385,15.383846153846154,55.9996,0.00041666666666687985,-50.00083333333333,57.89473684210526,34.77913043478261,-23.076923076923077,True,False,True,False,True
13746,4,Brazil,USA,3.334,-17.647058823529413,-50.00125,45.45272727272727,12.90709677419355,21.429285714285715,29.62777777777778,-7.9996,0.0,28.571428571428573,26.92615384615385,31.249375,True,False,True,False,True
13747,1,Italy,Netherlands,36.0,4.762380952380953,-57.89473684210526,4.761904761904762,20.835833333333333,72.72818181818182,43.333333333333336,-7.998799999999999,-42.855714285714285,25.0,20.002666666666663,66.66583333333334,True,,,False,True
13747,2,Italy,Netherlands,29.166666666666668,-4.000800000000001,-30.0005,19.999333333333333,12.496666666666664,33.333333333333336,28.571142857142856,-27.27136363636364,-22.221111111111114,45.83375,17.14257142857143,50.000625,True,False,True,True,False
13747,3,Italy,Netherlands,29.167916666666667,0.0008333333333331675,0.0009090909090913742,0.0018181818181827484,8.699130434782608,100.0,-16.667083333333334,-14.286428571428571,-23.076923076923077,14.285714285714286,8.002,0.0,True,True,False,True,False
13747,4,Italy,Netherlands,45.83416666666667,0.0,-42.857142857142854,18.75,24.99875,33.33277777777778,41.935806451612905,-18.18227272727273,-75.00125,39.130434782608695,3.121875,56.25,True,True,False,True,False
13748,1,France,Japan,44.0,-32.001999999999995,-30.0,36.8421052631579,20.0004,50.001,19.231153846153845,-19.999200000000002,-40.0,23.53,28.001199999999997,39.999,True,,,True,False
13748,2,France,Japan,55.55722222222222,0.00040000000000020466,-9.998999999999999,36.36363636363637,22.225,46.15384615384615,16.666666666666668,-12.5,-49.99875,22.724999999999998,20.836250000000003,15.383846153846154,True,True,False,True,False
13748,3,France,Japan,65.21521739130435,-37.49875,10.0,58.82647058823529,36.36363636363637,49.999,26.08608695652174,-19.04714285714286,-100.0,19.997999999999998,8.330416666666666,6.250624999999999,True,True,False,True,False
13749,1,Iran,Poland,26.08913043478261,-9.090454545454547,-30.77076923076923,26.31578947368421,8.33375,24.998333333333335,35.9988,-12.500416666666666,-33.333333333333336,27.778333333333332,26.923846153846153,26.667333333333332,True,,,False,True
13749,2,Iran,Poland,24.243030303030302,-12.0008,-18.182727272727274,47.37052631578947,19.998285714285714,38.093333333333334,39.130434782608695,-20.000799999999998,-16.666666666666668,28.57190476190476,21.741304347826084,-49.99916666666667,True,False,True,True,False
13749,3,Iran,Poland,17.858214285714286,-26.315263157894737,-49.99875,30.0,20.0,49.99928571428571,34.78,-8.331249999999999,-9.091818181818182,23.076153846153847,12.503333333333336,47.059411764705885,True,True,False,False,True
13749,4,Iran,Poland,61.90380952380953,-16.6675,0.0018181818181801646,41.6675,14.285714285714286,40.0,24.9995,-23.529411764705884,-60.0,26.315263157894737,9.998999999999999,-10.0,True,False,True,True,False
13749,5,Iran,Poland,-9.089090909090908,-0.0012500000000006395,-62.50125,18.180909090909093,-8.333333333333334,0.0,66.6675,-21.428571428571427,66.665,28.571428571428573,7.68923076923077,100.0,True,True,False,False,True
13750,1,Poland,USA,23.999200000000002,-4.544545454545454,-27.272727272727273,49.99888888888889,20.0028,26.667333333333332,43.333333333333336,-23.9996,0.0030000000000001137,26.31578947368421,21.43142857142857,77.77833333333334,True,,,False,True
13750,2,Poland,USA,38.70806451612903,-29.1675,-50.00125,19.044761904761906,18.75,0.0018181818181827484,49.99818181818182,-12.5,-37.498125,-6.666666666666667,9.09,9.09,True,False,True,False,True
13750,3,Poland,USA,25.0,-30.76923076923077,-60.0,-8.332916666666668,25.0,60.0,39.99933333333333,27.9996,-28.57,55.556666666666665,30.766153846153845,49.998333333333335,True,False,True,False,True
13751,1,France,Italy,51.61419354838709,-20.8325,-50.0,33.3352380952381,22.580645161290324,45.0,27.585172413793103,-4.346521739130434,-56.249375,11.76705882352941,23.333333333333332,44.999,True,,,True,False
13751,2,France,Italy,57.142857142857146,0.0020000000000004545,-46.153076923076924,52.9435294117647,15.0,55.55555555555556,36.0012,-10.000499999999999,-44.44444444444444,10.000499999999999,25.0,7.693076923076922,True,True,False,True,False
13751,3,France,Italy,68.42052631578947,0.00041666666666687985,-0.0016666666666675194,49.99916666666667,20.002000000000002,20.0,31.58,-24.99875,-63.63636363636363,24.999000000000002,31.577894736842108,0.0016666666666675194,True,True,False,True,False
13752,1,Italy,Poland,26.666999999999998,-25.000625,-55.556666666666665,-9.090454545454547,17.240344827586206,45.45363636363636,58.82176470588235,3.9995999999999996,-42.855714285714285,27.271818181818183,27.77777777777778,84.61461538461539,True,,,False,True
13752,2,Italy,Poland,9.371875,-20.833333333333332,-24.999166666666667,12.49875,6.664000000000001,72.72772727272728,21.21424242424242,-25.00125,-0.002500000000001279,57.89473684210526,11.425999999999998,72.22111111111111,True,False,True,False,True
13752,3,Italy,Poland,26.667333333333332,-9.999500000000001,-58.33416666666667,-0.001052631578947907,10.347586206896553,26.314736842105265,62.499583333333334,-8.0012,-60.001333333333335,33.333333333333336,12.5,50.001,True,False,True,False,True
13753,1,France,USA,44.44481481481481,-12.0,16.666666666666668,13.334666666666667,32.0008,57.14214285714286,8.3325,-0.0006250000000003197,-38.46076923076923,9.523333333333333,7.6923076923076925,40.001,True,,,True,False
13753,2,France,USA,80.0,-12.49875,-50.0,35.294117647058826,11.761764705882353,12.5,43.47913043478261,-15.000499999999999,-57.142857142857146,21.05263157894737,31.814999999999998,27.271818181818183,True,True,False,True,False
13753,3,France,USA,31.579473684210527,-18.750625,-90.0,34.999,8.696521739130432,33.333333333333336,80.95238095238095,-16.666666666666668,-54.54636363636364,53.84538461538462,20.002499999999998,58.33416666666667,True,True,False,False,True
13753,4,France,USA,18.749374999999997,-23.80857142857143,-39.999,23.80952380952381,8.574,60.0,41.37965517241379,-15.999600000000001,-24.99875,56.24875,39.285714285714285,41.17588235294118,True,False,True,False,True
13753,5,France,USA,60.0,1.0150610510858574e-15,-50.0,55.55444444444444,12.5,,30.0,-18.181818181818183,-62.5,-9.090909090909092,19.997999999999998,50.0,True,False,True,True,False
16128,1,Bulgaria,China,16.66625,0.0,-19.999000000000002,21.051052631578944,21.73913043478261,77.77888888888889,45.833333333333336,-8.333333333333334,-0.001999999999998181,24.997,13.639090909090912,62.5,False,,,False,True
16128,2,Bulgaria,China,57.89526315789474,-8.332916666666668,-11.11111111111111,50.001875,21.05315789473684,80.0,41.665,-22.72681818181818,-42.857142857142854,20.0,18.179545454545455,100.0,False,False,True,True,False
16128,3,Bulgaria,China,26.666333333333334,-22.728181818181817,14.285714285714286,36.365,12.899354838709677,81.81818181818181,42.857142857142854,-4.166666666666667,-25.0,12.498124999999998,-5.001,55.55555555555556,False,True,False,False,True
16128,4,Bulgaria,China,31.818181818181817,-16.666666666666668,-25.0,13.332666666666666,22.73090909090909,79.999,15.790526315789473,-23.81,20.000999999999998,10.003,-4.545454545454546,75.0,False,False,True,True,False
16128,5,Bulgaria,China,-9.090909090909092,-11.11111111111111,-75.0025,9.09,27.269999999999996,50.0,50.001666666666665,-13.333333333333334,100.0,25.0,0.0,100.0,False,True,False,False,True
16129,1,Iran,Japan,22.22037037037037,-12.500625,-33.333333333333336,27.27318181818182,0.0,72.72636363636364,59.9996,-8.0,-20.0,15.384615384615385,16.66875,68.42210526315789,False,,,False,True
16129,2,Iran,Japan,24.0,-17.390869565217393,21.427142857142858,30.000999999999998,-0.002307692307692395,83.33333333333333,19.355483870967742,-8.332916666666668,-24.999375,22.22222222222222,3.2225806451612904,100.0,False,False,True,False,True
16129,3,Iran,Japan,33.33208333333334,-21.052105263157895,-50.0,21.05263157894737,8.0,77.77777777777777,46.42714285714286,-16.0004,-50.001666666666665,7.140714285714286,3.567857142857143,93.75,False,False,True,False,True
16130,1,Argentina,Italy,35.48451612903226,-23.999200000000002,33.333333333333336,35.29294117647059,32.13964285714285,53.333333333333336,25.925185185185185,-22.727272727272727,-40.0,5.554444444444444,26.920384615384613,36.84368421052631,False,,,True,False
16130,2,Argentina,Italy,33.335,-16.665416666666665,16.666666666666668,22.223333333333333,22.72772727272727,30.000999999999998,29.030967741935484,-20.832916666666666,-16.666666666666668,5.555555555555555,28.128125,59.999,False,True,False,True,False
16130,3,Argentina,Italy,63.635,-12.0,0.0,18.75,27.270909090909093,66.66666666666667,21.428214285714287,-5.555555555555555,-40.0,10.0,24.137931034482758,50.0,False,True,False,True,False
16131,1,Canada,Cuba,65.003,-20.0004,-24.999166666666667,24.999375,18.181818181818183,-17.646470588235296,37.03777777777778,-23.808095238095238,-59.999,19.9985,11.54,-13.333333333333334,False,,,True,False
16131,2,Canada,Cuba,38.234117647058824,0.0,0.0,18.181818181818183,15.622499999999999,-15.153030303030304,48.7809756097561,-17.856428571428573,-22.224444444444444,16.668333333333333,15.789473684210526,29.62814814814815,False,True,False,False,True
16131,3,Canada,Cuba,35.715357142857144,-12.0008,-9.998,12.499375,14.283928571428572,13.043478260869565,23.331666666666667,-19.048095238095236,-31.250625,19.047619047619047,9.680000000000001,31.25,False,False,True,True,False
16131,4,Canada,Cuba,17.24206896551724,-18.180909090909093,-8.333333333333334,5.263684210526316,20.688620689655174,14.284761904761906,32.1425,-20.0016,-26.666666666666668,33.335,14.284285714285714,42.857142857142854,False,True,False,False,True
16131,5,Canada,Cuba,19.230384615384615,-13.333333333333334,-7.142857142857143,16.665833333333335,16.664583333333333,66.66733333333333,9.998499999999998,-7.6923076923076925,-26.666666666666668,16.6675,4.351304347826087,58.82411764705882,False,False,True,True,False
16132,1,Serbia,Slovenia,36.1125,-19.355483870967742,0.0,35.9992,14.286571428571428,100.0,39.47315789473684,-16.666333333333334,-25.0,47.9988,16.665,92.85714285714286,False,,,False,True
16132,2,Serbia,Slovenia,39.9988,0.0,-9.09,18.749375,8.333333333333334,69.23,32.25677419354839,-20.0,-46.15461538461538,8.695652173913043,3.12375,81.81818181818181,False,False,True,True,False
16132,3,Serbia,Slovenia,24.999166666666667,-14.284761904761906,-20.0,8.697391304347827,2.776666666666667,100.0,37.14485714285714,-4.16625,-29.41235294117647,16.667777777777776,5.880882352941177,94.44444444444444,False,True,False,False,True
16132,4,Serbia,Slovenia,30.436521739130434,-14.285714285714286,-16.665,0.0,17.393043478260868,100.0,52.001999999999995,-19.9988,-50.0,38.888333333333335,18.179545454545455,71.42857142857143,False,False,True,False,True
16133,1,France,Poland,26.666666666666668,-21.738695652173913,-22.221111111111114,35.0,18.517407407407408,90.9090909090909,36.0008,-15.999199999999998,7.691538461538461,17.646470588235296,8.692173913043478,77.77888888888889,False,,,False,True
16133,2,France,Poland,57.89473684210526,-24.0,-20.0,30.76923076923077,-0.0015000000000000568,100.0,13.637272727272727,-27.77777777777778,-22.22222222222222,36.84105263157895,8.69391304347826,33.333333333333336,False,False,True,True,False
16133,3,France,Poland,35.294117647058826,-12.121212121212121,-20.0,9.998,9.086666666666668,81.81818181818181,50.0,-2.857142857142857,-8.3325,29.62962962962963,17.860000000000003,33.333333333333336,False,True,False,False,True
16133,4,France,Poland,0.0,-18.749375,-33.33444444444444,-0.0004999999999995453,12.496875,0.0,45.45545454545454,-4.165833333333333,60.0,46.15384615384615,9.526190476190473,60.0,False,False,True,False,True
16134,1,Netherlands,USA,39.132173913043474,-10.525263157894736,-16.666666666666668,-5.882941176470588,13.636363636363637,17.648823529411764,62.068275862068965,-19.9996,0.0,17.648235294117647,32.142857142857146,41.1764705882353,False,,,False,True
16134,2,Netherlands,USA,26.08478260869565,-4.165416666666666,-14.285714285714286,26.315263157894737,20.83375,55.55555555555556,36.66466666666667,-20.832916666666666,28.57,36.36363636363637,39.285000000000004,50.0,False,False,True,False,True
16134,3,Netherlands,USA,16.217567567567567,-28.57238095238095,-60.0,4.3478260869565215,25.712285714285716,83.33333333333333,19.04714285714286,4.0004,-7.142857142857143,15.383846153846152,33.336190476190474,71.42857142857143,False,False,True,False,True
16135,1,Brazil,Germany,32.14178571428572,-4.0,-20.0,14.998499999999998,14.284285714285714,-10.525789473684211,35.483548387096775,-20.000799999999998,-15.384615384615385,26.088260869565215,33.336,-5.555555555555555,False,,,True,False
16135,2,Brazil,Germany,66.66722222222222,7.9996,-18.75,0.0,23.531764705882352,-0.0012499999999997513,29.030645161290323,-25.0,0.0,20.833333333333332,22.581935483870968,0.0,False,True,False,True,False
16135,3,Brazil,Germany,20.835833333333333,-15.788947368421054,-41.177058823529414,-5.2631578947368425,22.224814814814817,35.29352941176471,40.74185185185185,-11.998400000000002,-30.0,12.499375,3.444827586206897,55.555,False,True,False,False,True
16135,4,Brazil,Germany,66.66666666666667,-7.9996,-16.666666666666668,9.09,33.332857142857144,35.294117647058826,23.076538461538462,-26.666,-66.66833333333334,13.634999999999998,33.333333333333336,-13.331333333333331,False,False,True,True,False
16136,1,Bulgaria,Slovenia,44.0012,-19.230384615384615,-15.384615384615385,42.10473684210526,21.741739130434784,62.49875,25.00142857142857,-12.5,0.0,20.0,17.858571428571427,61.53923076923077,False,,,True,False
16136,2,Bulgaria,Slovenia,33.330999999999996,-12.5,-26.668,19.046666666666667,20.692413793103444,91.66666666666667,29.63037037037037,-8.332916666666668,-8.334166666666667,15.79,18.51851851851852,92.3076923076923,False,True,False,True,False
16136,3,Bulgaria,Slovenia,46.15461538461538,-3.9995999999999996,14.287142857142856,26.666,30.766923076923078,100.0,30.434782608695652,-11.764117647058825,-45.45363636363636,34.78217391304348,24.9975,59.998000000000005,False,True,False,True,False
16137,1,China,Serbia,40.476190476190474,-18.749375,-28.572142857142858,26.668,15.91022727272727,84.21052631578948,28.573142857142855,-0.000882352941176504,-20.0,26.924615384615382,14.284571428571429,58.822941176470586,False,,,False,True
16137,2,China,Serbia,13.636818181818182,-23.529411764705884,0.0009090909090913742,-0.0008695652173917492,9.087272727272726,83.33333333333333,15.998800000000001,12.500833333333333,0.0,61.53615384615384,33.33291666666667,69.23076923076923,False,False,True,False,True
16137,3,China,Serbia,25.926296296296297,0.0005000000000002558,25.0,0.0009090909090913742,0.0037037037037040196,100.0,47.9988,-4.0,9.997,26.316842105263156,23.07461538461538,75.00166666666667,False,False,True,False,True
16138,1,Iran,Poland,35.71321428571429,-23.9984,18.180909090909093,16.665555555555557,19.229615384615386,100.0,17.856785714285714,-13.042608695652175,-11.11111111111111,31.57894736842105,14.283928571428572,78.57142857142857,False,,,True,False
16138,2,Iran,Poland,33.33375,-12.5,-11.11111111111111,21.053684210526313,26.085652173913044,87.50125,30.76846153846154,-20.832916666666666,-26.664666666666665,30.0015,11.536923076923076,54.54545454545455,False,True,False,True,False
16138,3,Iran,Poland,37.03703703703704,-13.636363636363637,-10.0,27.274545454545454,8.0028,62.49875,44.82689655172414,-4.165833333333333,-9.999,-5.881764705882354,14.814814814814815,93.33333333333333,False,True,False,False,True
16138,4,Iran,Poland,19.231153846153845,-20.0,-66.665,22.72590909090909,11.996799999999999,66.66666666666667,73.68368421052632,-8.0,25.000833333333333,58.33166666666667,22.220555555555553,87.50125,False,False,True,False,True
16138,5,Iran,Poland,49.99777777777778,-15.383846153846154,33.333333333333336,7.143571428571428,5.552777777777777,100.0,46.666666666666664,6.666666666666667,-75.00125,45.45454545454545,20.00133333333333,57.145714285714284,False,False,True,False,True
16139,1,Cuba,Netherlands,5.883529411764706,-11.538461538461538,-23.53058823529412,15.789473684210526,11.762058823529411,31.818181818181817,36.36030303030303,-32.14357142857143,-36.84105263157895,18.180909090909093,20.58823529411765,64.70647058823529,False,,,False,True
16139,2,Cuba,Netherlands,33.33208333333334,-11.9992,-27.272727272727273,10.525789473684211,12.0,6.250624999999999,44.44518518518518,-16.666666666666668,-28.572142857142858,9.999500000000001,27.9972,25.001666666666665,False,False,True,False,True
16139,3,Cuba,Netherlands,30.433913043478263,-44.44388888888889,-39.999,9.522857142857143,9.091818181818182,-24.99875,47.618095238095236,-16.0,-33.333333333333336,29.999000000000002,10.523684210526316,21.428571428571427,False,False,True,False,True
16140,1,Italy,USA,16.0,-26.666,-20.0,-15.0,15.38153846153846,53.84615384615385,62.49875,0.001199999999999477,-10.0,9.998999999999999,25.000625,33.334666666666664,False,,,False,True
16140,2,Italy,USA,17.39260869565217,-14.999500000000001,-39.999,0.0010000000000005115,19.23153846153846,53.333333333333336,36.0,-4.16625,-19.999333333333333,7.143571428571429,16.0,84.61615384615385,False,False,True,False,True
16140,3,Italy,USA,28.12625,-10.526315789473685,-50.0,0.0031818181818191638,13.333333333333334,61.53846153846154,58.333333333333336,0.0012000000000000454,-30.76923076923077,12.50125,27.273636363636363,50.00125,False,False,True,False,True
16141,1,Argentina,Brazil,47.82608695652174,-15.385,-10.0,-0.0012500000000006395,13.640454545454544,19.999333333333333,16.6675,-14.999,-44.44444444444444,15.002500000000001,24.99875,11.765882352941176,False,,,True,False
16141,2,Argentina,Brazil,15.151515151515152,-21.05315789473684,-8.333333333333334,9.09,24.243030303030302,13.043478260869565,31.03448275862069,-8.0,-15.79157894736842,7.1450000000000005,21.427500000000002,47.62,False,True,False,False,True
16141,3,Argentina,Brazil,46.42928571428571,-7.9996,-33.33266666666667,-0.0009523809523814396,24.99607142857143,33.33222222222222,21.21212121212121,8.695652173913043,-23.52764705882353,17.393913043478257,21.875,5.882941176470588,False,False,True,True,False
16141,4,Argentina,Brazil,35.71321428571429,-17.39217391304348,-64.28571428571429,16.666666666666668,19.35225806451613,21.73913043478261,53.332,-27.999200000000002,-17.648235294117647,10.527368421052632,12.903225806451612,36.84157894736842,False,True,False,False,True
16141,5,Argentina,Brazil,44.44555555555556,-7.6923076923076925,-33.333333333333336,28.571428571428573,27.776666666666667,16.666666666666668,45.0,-0.0006666666666670077,-49.998333333333335,9.091818181818182,11.114444444444445,13.332666666666666,False,False,True,False,True
16142,1,China,France,28.56964285714286,-15.0,-59.998000000000005,4.762380952380953,7.68923076923077,47.05882352941177,38.46,-4.001200000000001,-22.22222222222222,24.99875,26.92615384615385,58.8235294117647,False,,,False,True
16142,2,China,France,42.85642857142857,-8.0,-21.429285714285715,-5.2631578947368425,7.142142857142857,92.3076923076923,32.25774193548387,-4.348260869565217,-33.333333333333336,47.82782608695652,25.80516129032258,57.142857142857146,False,False,True,True,False
16142,3,China,France,24.9985,-31.25,-27.271818181818183,27.775555555555556,4.543636363636363,62.50125,46.15461538461538,-20.001199999999997,-25.0,45.45181818181818,15.387692307692308,65.0,False,True,False,False,True
16142,4,China,France,9.524761904761904,-16.666666666666668,-18.18,10.526315789473685,14.285714285714286,45.45454545454545,32.25709677419355,-12.501666666666667,16.665,39.99933333333333,14.814814814814815,100.0,False,False,True,False,True
16143,1,Bulgaria,Poland,50.00071428571429,-22.22,-33.333333333333336,29.998,18.51851851851852,84.61615384615385,34.61615384615384,-12.000399999999999,-38.88944444444444,15.0,7.6923076923076925,88.88888888888889,False,,,True,False
16143,2,Bulgaria,Poland,30.768076923076926,-42.10421052631579,-25.0,5.001,28.000799999999998,100.0,32.0,-7.9996,-10.0,36.36454545454546,9.521904761904763,85.71428571428571,False,True,False,False,True
16143,3,Bulgaria,Poland,26.923461538461538,-16.0,0.0,-7.142857142857143,8.0,92.85714285714286,21.429285714285715,-31.818181818181817,10.0,26.313684210526315,17.243103448275864,56.250625,False,False,True,True,False
16143,4,Bulgaria,Poland,33.33266666666667,-13.635454545454547,-14.284285714285714,38.09428571428572,31.031724137931036,100.0,52.0,-12.0,40.001999999999995,22.221111111111114,4.164166666666667,69.999,False,True,False,False,True
16143,5,Bulgaria,Poland,37.5,-54.54545454545455,-66.66666666666667,7.142142857142857,6.253125,100.0,25.0,6.6659999999999995,-66.66666666666667,40.0,8.3325,87.5,False,False,True,False,True
16144,1,Japan,Serbia,31.81954545454545,-31.818181818181817,-75.0,47.0564705882353,22.72772727272727,71.42857142857143,61.111111111111114,-31.998800000000003,-12.49875,7.140714285714286,0.0,83.335,False,,,False,True
16144,2,Japan,Serbia,57.69346153846155,-8.0,-33.333333333333336,16.666666666666668,15.998399999999998,76.92461538461538,45.83208333333334,-9.523809523809524,-14.285714285714286,14.284285714285712,33.330416666666665,49.99875,False,False,True,True,False
16144,3,Japan,Serbia,47.9992,-4.16625,-56.24875,36.8421052631579,11.538461538461538,80.0,50.00076923076923,-16.66625,-50.0,14.28714285714286,11.110000000000001,100.0,False,True,False,True,False
16144,4,Japan,Serbia,52.17391304347826,-7.997999999999999,-29.999000000000002,28.571428571428573,25.002916666666668,62.5,32.25709677419355,-30.0005,-14.285714285714286,13.637272727272727,17.242758620689653,72.72727272727273,False,True,False,True,False
16145,1,Germany,Netherlands,23.076538461538462,-35.0,-20.0,-4.762857142857143,11.114074074074075,35.714999999999996,33.33277777777778,-4.000800000000001,-44.44444444444444,0.0,5.553888888888888,0.0,False,,,False,True
16145,2,Germany,Netherlands,13.512972972972973,-15.6259375,-15.791578947368421,11.538076923076924,5.131282051282051,25.000416666666666,18.92108108108108,-15.624375,-3.8473076923076923,18.51888888888889,11.108333333333333,42.857142857142854,False,False,True,False,True
16145,3,Germany,Netherlands,30.76923076923077,-28.571428571428573,-38.46153846153846,-9.9985,27.270454545454548,33.333333333333336,34.9995,-4.0,12.5,20.00133333333333,14.288571428571432,12.500625,False,False,True,False,True
16146,1,Cuba,Italy,4.166666666666667,-20.0,-35.71357142857143,5.262631578947368,21.74086956521739,44.44444444444444,28.001199999999997,-16.0,27.272727272727273,12.500625,8.0,50.0,False,,,False,True
16146,2,Cuba,Italy,42.85619047619048,-15.0,-27.273636363636363,4.999499999999999,13.637272727272727,0.0016666666666675194,60.87,-12.5,-36.36363636363637,6.251250000000001,43.47782608695652,69.998,False,False,True,False,True
16146,3,Cuba,Italy,38.095238095238095,-20.8325,-11.11111111111111,-14.286428571428571,4.346521739130435,45.45454545454545,13.043478260869565,-23.80952380952381,-33.33444444444444,11.764705882352942,40.905454545454546,45.45454545454545,False,False,True,True,False
16146,4,Cuba,Italy,21.429285714285715,-26.31578947368421,-58.3325,15.786315789473685,14.814814814814815,55.55444444444444,56.52173913043478,-20.83458333333333,-40.0,21.43,13.637272727272727,23.078461538461536,False,True,False,False,True
16147,1,Argentina,Canada,42.857142857142854,-12.0,-11.11111111111111,31.57894736842105,29.62962962962963,19.99866666666667,31.9996,-9.523333333333333,-33.333333333333336,23.81095238095238,18.52074074074074,-0.001176470588235896,False,,,True,False
16147,2,Argentina,Canada,32.353529411764704,-4.761904761904762,-27.271818181818183,22.726363636363637,14.705882352941176,35.9996,37.14514285714286,0.0,-28.570714285714285,31.576315789473682,11.425999999999998,68.1809090909091,False,True,False,False,True
16147,3,Argentina,Canada,26.666999999999998,-15.999600000000001,-14.286428571428571,31.24875,6.249062499999999,47.826521739130435,11.763235294117647,-23.809047619047618,-22.22222222222222,30.000999999999998,17.143142857142855,57.14190476190476,False,False,True,True,False
16147,4,Argentina,Canada,46.666666666666664,-16.667916666666667,-11.11111111111111,43.750625,0.0,50.0,6.450645161290321,-5.882352941176471,-24.999375,30.0,3.1275,43.75,False,True,False,True,False
16148,1,France,Slovenia,25.928518518518516,-16.6675,-8.333333333333334,38.888888888888886,7.4111111111111105,49.99928571428571,34.48448275862069,-24.999166666666667,0.0011111111111116794,26.31578947368421,17.24137931034483,90.9090909090909,False,,,False,True
16148,2,France,Slovenia,19.230384615384615,-27.776666666666667,-62.49875,4.999499999999999,15.387692307692308,66.66666666666667,45.45227272727273,-15.999600000000001,44.44444444444444,15.386923076923077,0.0,80.0,False,False,True,False,True
16148,3,France,Slovenia,29.999333333333333,-19.9996,-8.333333333333332,28.571428571428573,10.7175,84.21105263157895,20.589117647058824,-33.333333333333336,-20.0,29.999000000000002,6.058181818181818,93.750625,False,False,True,True,False
16148,4,France,Slovenia,15.38423076923077,-27.27318181818182,-30.002999999999997,10.525263157894736,11.11111111111111,76.92384615384616,22.725909090909088,-15.9988,8.332500000000001,21.428571428571427,23.81142857142857,81.81818181818181,False,True,False,False,True
16149,1,China,Iran,21.740434782608695,3.9995999999999996,11.766470588235293,27.77611111111111,4.543636363636363,75.0,28.12375,-21.738695652173913,-9.091818181818182,13.044347826086955,21.20969696969697,93.75,False,,,True,False
16149,2,China,Iran,38.093809523809526,-19.999333333333333,-55.556666666666665,12.4975,9.523809523809524,0.0,63.63636363636363,4.0,-33.333333333333336,18.180909090909093,23.52823529411765,81.82,False,True,False,False,True
16149,3,China,Iran,23.075384615384618,-9.524285714285714,-24.999166666666667,19.047619047619047,8.33625,72.72727272727273,46.15461538461538,-8.333333333333334,9.091818181818182,16.667777777777776,0.0,90.9090909090909,False,False,True,False,True
16149,4,China,Iran,47.05882352941177,-21.428571428571427,-55.55555555555556,4.346521739130435,27.77777777777778,75.0,59.9995,16.0,-49.9975,18.180909090909093,5.880000000000001,100.0,False,False,True,False,True
16150,1,Bulgaria,Japan,25.922592592592597,-13.636363636363637,-8.3325,11.11111111111111,17.857142857142858,78.57142857142857,42.42484848484848,-27.998800000000003,-21.428571428571427,38.888888888888886,22.580645161290324,81.249375,False,,,False,True
16150,2,Bulgaria,Japan,24.0,-9.09,-42.857142857142854,15.000499999999999,21.741739130434784,66.66777777777777,49.99909090909091,-12.500833333333333,-23.076153846153847,33.333333333333336,22.73,66.66777777777777,False,False,True,False,True
16150,3,Bulgaria,Japan,35.714285714285715,-12.500416666666666,-28.571428571428573,34.9995,14.81777777777778,72.72727272727273,49.99923076923077,-18.51888888888889,-33.333333333333336,15.78842105263158,38.45769230769231,68.75,False,False,True,False,True
16151,1,Germany,Italy,52.17217391304348,-16.66625,-25.0,-4.761904761904762,17.393478260869564,-12.500625,48.14666666666667,-8.332916666666668,-45.45454545454545,0.0,17.859285714285715,21.053684210526313,False,,,False,True
16151,2,Germany,Italy,15.9988,-16.666666666666668,-18.181818181818183,4.9995,15.996799999999999,11.110555555555557,38.46153846153846,-8.0,-9.998999999999999,20.0,15.386538461538462,11.764117647058825,False,False,True,False,True
16151,3,Germany,Italy,27.27318181818182,-14.814074074074075,-6.666666666666667,11.763529411764706,13.636818181818182,19.99866666666667,14.815925925925924,-20.0,0.0,4.761428571428572,17.239310344827583,33.333333333333336,False,False,True,True,False
16151,4,Germany,Italy,20.83375,-10.526315789473685,-23.076153846153847,14.999,12.0,-7.142857142857143,50.00076923076923,-19.999200000000002,-33.3325,6.25,30.76923076923077,53.333333333333336,False,True,False,False,True
16152,1,Brazil,Cuba,18.517777777777777,-18.749375,-42.857142857142854,13.634999999999998,25.925925925925927,8.333333333333334,52.63263157894737,-5.684341886080802e-16,13.334666666666665,15.386153846153848,27.78,37.5,False,,,False,True
16152,2,Brazil,Cuba,37.5,-11.9992,-9.998999999999999,12.5,28.0,18.75,27.584482758620688,-22.727272727272727,-44.44444444444444,4.545454545454546,21.42642857142857,0.0008333333333337597,False,False,True,True,False
16152,3,Brazil,Cuba,51.72137931034483,-21.427857142857142,-40.0,21.050526315789472,33.333333333333336,7.693076923076924,48.2751724137931,-28.57107142857143,-44.443333333333335,13.636818181818182,17.856428571428573,21.429285714285715,False,True,False,True,False
16152,4,Brazil,Cuba,38.09571428571429,-17.390869565217393,-25.0,37.5,57.145238095238106,-37.50125,57.69230769230769,-33.33375,-23.076923076923077,22.221666666666668,24.0028,19.997999999999998,False,True,False,False,True
16152,5,Brazil,Cuba,28.571785714285713,-11.110555555555557,-37.5,5.555555555555555,34.48620689655173,15.384615384615385,45.0,-4.999499999999999,-12.500625,-0.0026666666666670833,10.522105263157894,-0.0011111111111116794,False,False,True,False,True
16153,1,Canada,USA,25.925925925925927,-13.636363636363637,-18.181818181818183,9.524285714285714,15.998,-18.18136363636364,34.48310344827586,-8.000399999999999,-35.29529411764706,21.051052631578944,19.35290322580645,68.74875,False,,,False,True
16153,2,Canada,USA,26.087391304347825,0.0,-26.666666666666668,30.0005,20.833333333333332,-13.333333333333334,48.14740740740741,-12.499166666666667,-42.857142857142854,20.0,13.78896551724138,42.855714285714285,False,False,True,False,True
16153,3,Canada,USA,32.14071428571428,-19.9995,-41.66583333333333,10.0015,13.791379310344826,19.047619047619047,46.155,-12.0008,-26.668,12.5,23.07461538461538,26.314210526315787,False,False,True,False,True
16154,1,Iran,Slovenia,38.097142857142856,-9.999500000000001,0.0014285714285721593,5.0,4.352173913043478,49.999,42.308461538461536,0.0,-49.999,44.44222222222223,15.383461538461539,79.999,False,,,False,True
16154,2,Iran,Slovenia,21.2130303030303,-13.04304347826087,-24.999375,26.314736842105265,20.591470588235296,88.88888888888889,34.28657142857143,-19.9996,-7.142857142857143,15.79,18.41842105263158,82.60739130434783,False,False,True,False,True
16154,3,Iran,Slovenia,33.33259259259259,-16.666666666666668,-36.36454545454546,5.557222222222221,18.519259259259258,72.22222222222223,29.62888888888889,-4.166666666666667,-26.666666666666668,15.002,6.8999999999999995,91.66666666666667,False,False,True,False,True
16155,1,Poland,Serbia,25.00111111111111,-13.636363636363637,-7.142857142857143,36.36227272727273,24.998055555555556,74.999375,36.666666666666664,-4.16625,-6.25,36.8421052631579,6.6659999999999995,84.61538461538461,False,,,False,True
16155,2,Poland,Serbia,38.0947619047619,5.264736842105263,-36.36363636363637,18.181818181818183,26.08695652173913,100.0,66.66833333333334,-4.0,-33.33166666666667,5.882352941176471,21.73913043478261,100.0,False,False,True,False,True
16155,3,Poland,Serbia,13.04304347826087,-33.333333333333336,-33.33166666666667,14.999,13.046086956521743,100.0,47.61714285714286,-4.165833333333333,-9.090909090909092,10.002,0.0,78.57071428571429,False,False,True,False,True
16156,1,France,Japan,50.00107142857143,-23.076923076923077,-6.665999999999999,13.042173913043477,10.714285714285714,91.665,25.71457142857143,-3.8461538461538463,-38.46307692307692,40.0,11.113888888888889,80.001,False,,,True,False
16156,2,France,Japan,15.383846153846154,-30.434782608695652,-28.571428571428573,26.31578947368421,7.6923076923076925,50.0,16.667777777777776,-16.667083333333334,8.333333333333334,31.249375,5.882352941176471,50.0,False,True,False,False,True
16156,3,France,Japan,63.63681818181818,-28.570476190476192,25.0,28.572857142857142,13.640454545454544,27.271818181818183,61.90571428571428,-7.9996,-57.142857142857146,35.714285714285715,14.284285714285716,66.66666666666667,False,False,True,False,True
16156,4,France,Japan,47.61714285714286,-4.762380952380953,-39.999,19.9995,39.995999999999995,66.66833333333334,57.14214285714286,-8.333333333333334,-80.0,22.22222222222222,12.000399999999999,91.6675,False,False,True,False,True
16157,1,Argentina,Netherlands,25.490588235294116,-5.882352941176471,-9.522857142857143,3.0327272727272736,13.210188679245285,45.71514285714286,23.402978723404257,0.0008333333333333649,-4.545,20.000666666666667,16.666666666666668,19.445555555555554,False,,,False,True
16157,2,Argentina,Netherlands,71.42761904761905,-20.001199999999997,-33.333333333333336,-0.0006666666666670077,26.08782608695652,46.666666666666664,34.78260869565217,-15.001,-66.66666666666667,27.78,17.39,-12.5,False,False,True,True,False
16157,3,Argentina,Netherlands,33.333888888888886,-4.0,-14.286428571428571,7.6923076923076925,22.225,20.0,7.691538461538462,-27.77722222222222,-40.0,27.272727272727273,23.075000000000003,8.334166666666667,False,True,False,True,False
16157,4,Argentina,Netherlands,20.69,-4.761904761904762,-25.00125,25.002499999999998,18.51851851851852,0.0006250000000003197,56.001999999999995,-16.6675,-22.22222222222222,25.0,21.73913043478261,-0.0008333333333337597,False,True,False,False,True
16157,5,Argentina,Netherlands,36.36363636363637,-14.284285714285716,25.0,-28.572857142857142,0.0,33.333333333333336,11.112222222222222,-18.180909090909093,-50.0,0.0,0.0,50.0,False,False,True,True,False
16158,1,Brazil,USA,55.997600000000006,-8.332083333333333,-13.335333333333333,16.665555555555557,29.17,40.0,19.35516129032258,-0.0005000000000002558,-50.0,4.761904761904762,16.131612903225808,14.285714285714286,False,,,True,False
16158,2,Brazil,USA,16.666666666666668,-18.181818181818183,-50.00083333333333,-7.142857142857143,4.3478260869565215,72.72727272727273,48.001999999999995,-33.33208333333334,-27.271818181818183,5.882941176470588,30.766153846153845,83.335,False,True,False,False,True
16158,3,Brazil,USA,38.0947619047619,-0.00041666666666687985,-22.22222222222222,23.076923076923077,38.095238095238095,55.553333333333335,4.1675,-18.75,-36.36363636363637,18.18136363636364,16.665,25.0,False,False,True,True,False
16158,4,Brazil,USA,50.00230769230769,-11.999600000000001,-33.3325,5.882352941176471,23.076923076923077,30.77,39.28678571428571,-19.04714285714286,-40.00066666666667,9.997,25.00392857142857,36.36454545454546,False,True,False,True,False
16159,1,Canada,Germany,48.0,-16.666666666666668,22.221111111111114,33.33222222222222,24.0,42.857142857142854,17.857499999999998,-9.523333333333333,0.0,30.0,11.11111111111111,53.848461538461535,False,,,True,False
16159,2,Canada,Germany,19.23346153846154,-11.11111111111111,-55.55555555555556,15.791578947368421,18.51814814814815,21.05263157894737,50.00147058823529,-20.83375,0.0,12.501249999999999,6.06,79.9995,False,True,False,False,True
16159,3,Canada,Germany,38.46153846153846,-4.761904761904762,-66.66777777777777,9.090909090909092,23.075769230769232,53.846923076923076,51.72241379310345,-4.0,14.285714285714286,36.840526315789475,14.281071428571428,33.33466666666667,False,False,True,False,True
16159,4,Canada,Germany,14.814074074074075,-18.18136363636364,-11.112222222222222,14.999500000000001,11.535384615384613,6.248125,26.666999999999998,-12.499166666666667,20.0,49.99944444444444,20.000333333333334,92.3076923076923,False,False,True,False,True
16160,1,Canada,Japan,31.036896551724137,-13.635454545454547,-69.23076923076923,18.18136363636364,35.715714285714284,27.271818181818183,52.17434782608696,-11.999600000000001,-50.0,11.764705882352942,8.698695652173912,5.881176470588235,False,,,False,True
16160,2,Canada,Japan,29.031935483870967,5.263684210526316,-28.570714285714285,18.180454545454545,35.48774193548387,12.502083333333333,47.223055555555554,0.0,-37.5,-5.555555555555555,19.998285714285714,72.0008,False,False,True,False,True
16160,3,Canada,Japan,41.38034482758621,12.0,-18.182727272727274,12.500416666666666,19.997333333333337,0.0,45.8325,4.000800000000001,-37.500625,0.0,25.002916666666668,0.0,False,False,True,True,False
16160,4,Canada,Japan,4.760952380952382,-33.333999999999996,-42.857142857142854,-9.999500000000001,4.761904761904762,-7.69076923076923,34.78260869565217,-4.000800000000001,12.5,30.0,20.833333333333332,74.999375,False,True,False,False,True
16161,1,Germany,Iran,39.286071428571425,-26.084347826086955,-53.84615384615385,9.523809523809524,17.856428571428573,23.076153846153847,35.714285714285715,-12.0,-0.0006666666666660604,17.647058823529413,14.2875,15.386153846153844,False,,,False,True
16161,2,Germany,Iran,43.998400000000004,-12.0,-46.153076923076924,0.0004761904761900431,16.003200000000003,38.46153846153846,47.82521739130435,-0.00040000000000020466,-30.000999999999998,-4.999,13.638636363636362,-6.248749999999999,False,False,True,False,True
16161,3,Germany,Iran,7.1432142857142855,-37.5,-62.50125,14.285238095238096,27.588965517241377,55.55555555555556,46.666000000000004,-11.999600000000001,7.143571428571428,10.0,26.667333333333332,18.181818181818183,False,False,True,False,True
16162,1,Serbia,USA,26.31578947368421,-29.1675,-21.428571428571427,26.31578947368421,12.82076923076923,63.1578947368421,12.904516129032256,-17.391739130434782,-33.33380952380952,19.99866666666667,31.03448275862069,68.42105263157895,False,,,True,False
16162,2,Serbia,USA,18.51814814814815,-9.999500000000001,-15.384615384615385,5.0,33.33296296296297,23.528823529411767,39.28642857142857,-8.333333333333334,-9.091818181818182,11.11111111111111,34.47931034482759,30.767692307692307,False,True,False,False,True
16162,3,Serbia,USA,24.000799999999998,-21.052105263157895,-50.0,-4.761904761904762,23.998800000000003,-19.997999999999998,47.826521739130435,-12.0,11.11,7.141428571428571,47.61619047619048,5.881176470588237,False,False,True,False,True
16162,4,Serbia,USA,14.814074074074075,-4.546818181818182,-66.66666666666667,-5.2631578947368425,25.0025,-18.75125,50.00090909090909,-8.333333333333334,0.0,11.11111111111111,20.83083333333333,12.5,False,False,True,False,True
16163,1,Argentina,Slovenia,70.58882352941177,-16.0,-10.0,39.99933333333333,31.581052631578945,-11.11111111111111,31.9996,-28.571428571428573,-33.333333333333336,44.998000000000005,24.000799999999998,37.49875,False,,,True,False
16163,2,Argentina,Slovenia,39.285000000000004,-23.80952380952381,-36.36545454545455,22.728181818181817,25.925185185185185,53.334666666666664,39.13130434782609,0.0020000000000004545,0.0011111111111116794,46.665333333333336,27.26954545454545,33.333333333333336,False,True,False,False,True
16163,3,Argentina,Slovenia,28.570285714285713,-22.72681818181818,-60.0,23.80809523809524,32.35205882352941,59.091818181818184,42.308076923076925,-4.165833333333333,-0.0007142857142860797,29.412941176470586,20.0024,10.525789473684211,False,False,True,False,True
16163,4,Argentina,Slovenia,13.333333333333334,-28.57095238095238,-40.0,61.11333333333333,26.665666666666667,84.61538461538461,37.5,-28.0,0.0,46.666000000000004,18.52074074074074,84.61538461538461,False,False,True,False,True
16164,1,China,Netherlands,16.129677419354838,-10.0,-14.285714285714286,28.57095238095238,23.333333333333332,6.666666666666667,42.309230769230766,-8.332916666666668,0.0,5.882352941176471,7.691538461538461,69.23076923076923,False,,,False,True
16164,2,China,Netherlands,27.586206896551722,-18.18136363636364,-12.49875,13.04304347826087,31.03448275862069,44.443333333333335,34.78260869565217,-3.9991999999999996,-26.666666666666668,6.250625,21.73913043478261,45.45363636363636,False,False,True,False,True
16164,3,China,Netherlands,-20.69,4.545454545454546,6.666666666666667,10.0,17.243448275862068,66.665,16.0016,-16.667083333333334,41.6675,0.0015000000000000568,19.9976,63.63727272727272,False,False,True,False,True
16165,1,Brazil,Bulgaria,60.869565217391305,-19.999200000000002,-41.666666666666664,14.285,28.568095238095236,23.528823529411767,38.708387096774196,-31.81772727272727,-40.001,14.998499999999998,25.0,-17.645294117647058,False,,,True,False
16165,2,Brazil,Bulgaria,44.44555555555556,0.00041666666666687985,-18.180909090909093,28.572142857142858,22.22277777777778,14.285714285714286,19.999000000000002,-22.22277777777778,-60.001,-10.000499999999999,19.04619047619048,60.0,False,True,False,True,False
16165,3,Brazil,Bulgaria,39.998400000000004,-12.0,0.0,33.333333333333336,29.165000000000003,46.15538461538461,-0.0007142857142860797,-20.0,-44.44555555555556,0.0015000000000000568,10.717142857142859,16.665000000000003,False,True,False,True,False
16166,1,Cuba,Japan,40.91,-22.72772727272727,-50.0,30.002,27.272727272727273,-20.0,59.08909090909091,-16.66625,-66.66777777777777,6.668666666666667,31.814999999999998,15.384615384615385,False,,,False,True
16166,2,Cuba,Japan,5.263684210526315,-29.41176470588235,-7.144285714285713,22.72681818181818,22.72909090909091,-62.50125,27.58586206896552,-12.0,-14.285714285714286,25.00333333333333,48.275862068965516,59.998666666666665,False,False,True,False,True
16166,3,Cuba,Japan,42.10473684210526,-36.36454545454546,16.665000000000003,26.313684210526315,33.333333333333336,-33.335,50.0,-20.83375,-42.857142857142854,23.076923076923077,53.336,-24.99875,False,False,True,False,True
16167,1,Iran,Italy,28.0004,-5.0,-19.997999999999998,-9.524761904761904,23.076923076923077,29.41176470588235,38.46269230769231,8.334583333333335,-9.998999999999999,22.223333333333333,20.836666666666666,30.77,False,,,False,True
16167,2,Iran,Italy,3.4482758620689653,-12.49875,-60.0,9.523809523809524,14.285,20.0005,47.9988,-11.9992,-6.25,21.428571428571427,33.333333333333336,42.857142857142854,False,False,True,False,True
16167,3,Iran,Italy,26.666999999999998,-15.999600000000001,-38.46,27.778333333333332,32.14,61.111666666666665,34.28628571428571,-24.001199999999997,-16.666666666666668,47.62,20.58529411764706,66.66571428571429,False,False,True,False,True
16168,1,China,USA,40.6234375,-11.539230769230768,-44.44444444444444,13.636363636363637,24.14034482758621,-11.111666666666666,60.715714285714284,-17.857857142857142,-36.36454545454546,0.0,42.857142857142854,-12.5,False,,,False,True
16168,2,China,USA,30.434782608695652,-0.0004347826086958746,-44.44444444444444,5.2631578947368425,30.436521739130434,9.090909090909092,65.21782608695652,-12.501666666666667,-49.99916666666667,4.999,37.49791666666666,33.333333333333336,False,False,True,False,True
16168,3,China,USA,39.130434782608695,-11.111666666666666,-49.998333333333335,-10.000499999999999,21.73913043478261,-19.999333333333333,64.0008,-8.000399999999999,-42.857142857142854,24.999375,33.333333333333336,50.0,False,False,True,False,True
16169,1,Canada,Slovenia,55.17310344827586,-13.04391304347826,-35.712857142857146,18.180454545454545,31.03448275862069,47.059411764705885,48.387741935483874,0.0,-28.570714285714285,50.001,39.28285714285715,43.749375,False,,,False,True
16169,2,Canada,Slovenia,23.685263157894735,-4.348260869565218,-7.6923076923076925,4.545454545454546,16.217297297297296,51.9996,32.353529411764704,0.0,-27.77777777777778,19.047619047619047,19.997999999999998,28.571428571428573,False,False,True,False,True
16169,3,Canada,Slovenia,13.04391304347826,-7.142857142857143,-75.0,4.999499999999999,25.0,-8.333333333333334,84.21105263157895,-12.0008,-7.693076923076924,25.000833333333333,22.22222222222222,21.428571428571427,False,False,True,False,True
16170,1,Germany,Poland,16.66541666666667,-22.728181818181817,-46.666666666666664,23.529411764705884,21.74086956521739,44.44555555555556,35.71357142857143,-29.166666666666668,16.666666666666668,11.76764705882353,18.52148148148148,81.81818181818181,False,,,False,True
16170,2,Germany,Poland,16.6675,4.166666666666667,-11.764705882352942,5.2631578947368425,4.3478260869565215,50.0,18.517777777777777,-13.044782608695652,-28.571428571428573,4.349130434782609,22.222962962962963,50.0,False,False,True,True,False
16170,3,Germany,Poland,4.546818181818181,-20.0,-55.556666666666665,0.0,19.998,63.63545454545454,34.78173913043479,0.002500000000001279,49.99875,8.333333333333334,21.74086956521739,43.750625,False,True,False,False,True
16170,4,Germany,Poland,47.61952380952381,-25.0,20.0,-9.093636363636364,20.0025,50.0,7.407407407407407,-33.333333333333336,-41.66583333333333,16.66611111111111,10.714285714285714,66.66666666666667,False,False,True,True,False
16170,5,Germany,Poland,53.33533333333333,-9.090909090909092,-60.0,-7.6923076923076925,18.752499999999998,9.091818181818182,54.9985,7.142857142857143,-37.5,20.002,27.778333333333332,36.36363636363637,False,True,False,False,True
16171,1,Argentina,France,40.00066666666667,-21.738260869565217,-58.3325,27.776666666666667,39.285000000000004,47.05882352941177,46.665,-20.833333333333332,-30.76923076923077,27.77777777777778,25.80516129032258,44.44555555555556,False,,,False,True
16171,2,Argentina,France,34.37625,-15.9988,-50.00125,18.18318181818182,40.629374999999996,75.0,25.807096774193546,-15.385384615384615,-16.666666666666668,34.9985,16.131612903225808,50.00333333333334,False,False,True,True,False
16171,3,Argentina,France,33.33380952380952,-20.000799999999998,-25.0,53.333333333333336,31.82227272727273,50.0,18.180909090909093,-25.0,-30.0,49.9995,18.18,42.857142857142854,False,True,False,True,False
16171,4,Argentina,France,33.333333333333336,0.0020833333333343993,-41.666666666666664,13.334,29.166666666666668,53.84615384615385,29.62925925925926,-23.80857142857143,-0.0014285714285721593,28.570476190476192,7.6923076923076925,53.84461538461539,False,True,False,True,False
16172,1,Brazil,Japan,58.33291666666667,-26.087391304347825,-29.998,-4.999,21.73782608695652,7.143571428571429,37.5,0.0003999999999996362,-36.36363636363637,29.412941176470586,21.741739130434784,-7.693846153846154,False,,,False,True
16172,2,Brazil,Japan,21.8740625,-17.391739130434782,-36.84263157894737,33.33277777777778,24.9990625,73.334,45.160322580645165,-24.998333333333335,-41.666666666666664,21.051578947368423,16.131612903225808,44.44444444444444,False,False,True,False,True
16172,3,Brazil,Japan,62.961481481481485,-16.666666666666668,-30.77076923076923,40.0,34.78695652173913,27.273636363636363,40.0,-21.052105263157895,-72.72727272727273,59.9995,15.998,-17.646470588235296,False,False,True,True,False
16172,4,Brazil,Japan,77.77777777777777,0.0008000000000004093,-7.1450000000000005,16.66888888888889,33.330000000000005,-36.36363636363637,45.15967741935484,-13.636363636363637,-100.0,26.086521739130436,19.35483870967742,15.384615384615385,False,True,False,True,False
16172,5,Brazil,Japan,35.0005,-11.764117647058825,-41.666666666666664,0.0,19.05047619047619,44.44444444444444,43.47608695652174,-16.66611111111111,-33.333333333333336,40.001333333333335,13.04565217391304,45.45454545454545,False,True,False,False,True
16173,1,China,Italy,-0.00040000000000020466,-15.384615384615385,-58.333333333333336,4.546818181818182,29.632962962962964,0.0,55.0,-7.9996,28.572142857142858,18.182727272727274,27.775,85.71428571428571,False,,,False,True
16173,2,China,Italy,28.0004,-24.999000000000002,-16.666666666666668,22.72681818181818,15.998800000000001,0.0,36.36181818181818,-4.168333333333334,-63.63636363636363,26.666666666666668,38.09619047619047,11.112222222222222,False,False,True,False,True
16173,3,China,Italy,30.76923076923077,-20.832916666666666,-18.182727272727274,10.0,7.695384615384617,7.693076923076924,34.61653846153846,-15.385,-14.285714285714286,16.668333333333333,19.23076923076923,22.221111111111114,False,False,True,False,True
16174,1,Germany,Serbia,12.49975,-22.72681818181818,-50.00125,17.393478260869564,27.50125,68.750625,25.00125,0.0,-13.637272727272727,11.764705882352942,7.1446428571428555,33.33222222222222,False,,,False,True
16174,2,Germany,Serbia,55.9992,4.167916666666666,-45.45545454545454,23.52823529411765,39.130434782608695,-30.76846153846154,54.16625,-19.046666666666667,-22.22222222222222,-19.047619047619047,15.998,15.384615384615385,False,False,True,True,False
16174,3,Germany,Serbia,38.09428571428572,-4.16625,-35.714999999999996,-5.554444444444444,19.9975,20.000666666666667,44.446296296296296,-12.5,-44.44444444444444,15.787894736842107,24.003199999999996,18.182727272727274,False,True,False,False,True
16174,4,Germany,Serbia,28.1246875,-21.738695652173913,-23.076923076923077,26.08695652173913,27.271515151515153,11.111666666666666,29.62851851851852,-8.000399999999999,13.333333333333334,0.0018750000000009592,20.0032,16.66611111111111,False,False,True,False,True
16175,1,Bulgaria,Canada,41.93483870967742,-16.666666666666668,0.0,16.66722222222222,20.002333333333336,28.571428571428573,34.614615384615384,-13.04304347826087,-39.998666666666665,15.0,38.46153846153846,23.076153846153847,False,,,True,False
16175,2,Bulgaria,Canada,30.434782608695652,-8.333333333333334,-19.99866666666667,-0.001052631578946411,29.168333333333333,28.570714285714285,39.285714285714285,-12.5,0.0012500000000006395,9.524761904761906,20.0,42.857142857142854,False,True,False,False,True
16175,3,Bulgaria,Canada,24.139310344827585,-27.27227272727273,-58.3325,15.003,27.583793103448276,91.6675,25.000416666666666,-12.0,18.181818181818183,13.333333333333334,12.002400000000002,64.28571428571429,False,False,True,False,True
16175,4,Bulgaria,Canada,42.85666666666667,-19.046190476190475,-18.181818181818183,-13.042173913043477,20.0,12.5,33.335,8.333333333333334,-33.333333333333336,13.333333333333332,18.18,14.285,False,False,True,False,True
16176,1,Netherlands,Poland,63.63590909090909,-20.834166666666665,-49.998333333333335,16.666666666666668,13.047391304347824,14.285714285714286,55.55611111111111,-21.738695652173913,-50.001,11.761764705882353,22.225,-8.333333333333334,False,,,True,False
16176,2,Netherlands,Poland,14.284285714285716,-21.052105263157895,-10.001000000000001,-0.001052631578947907,13.635909090909092,37.5,36.84263157894737,-8.333333333333334,9.09,0.0,10.523157894736842,0.0,False,True,False,False,True
16176,3,Netherlands,Poland,54.16791666666666,-16.667916666666667,-55.55555555555556,24.999375,20.833333333333332,50.0,29.9995,-15.789473684210526,-57.142857142857146,0.0,4.761904761904762,50.0,False,False,True,True,False
16176,4,Netherlands,Poland,36.8421052631579,-26.08695652173913,-39.999,23.52764705882353,9.527142857142858,25.0,44.998000000000005,-25.0,-33.33444444444444,12.49875,21.05315789473684,50.0,False,True,False,False,True
16176,5,Netherlands,Poland,62.49875,-8.333333333333334,-71.42714285714285,10.0,12.5,-100.0,84.61538461538461,-21.427857142857142,,45.45636363636363,30.766153846153845,-20.0,False,False,True,False,True
16177,1,Cuba,Slovenia,32.144999999999996,-16.0,-36.36272727272728,37.500625,25.92185185185185,53.84538461538462,40.001999999999995,-27.27318181818182,-33.333333333333336,9.998999999999999,22.727272727272727,-44.44444444444444,False,,,True,False
16177,2,Cuba,Slovenia,11.109444444444442,-46.665333333333336,-80.0,22.223333333333333,26.31421052631579,-33.33166666666667,79.99933333333334,-28.001199999999997,12.5,12.5,28.568571428571428,12.49875,False,True,False,False,True
16177,3,Cuba,Slovenia,36.36318181818182,-17.64588235294118,-53.333999999999996,-4.545454545454546,19.047619047619047,14.287142857142857,45.831250000000004,4.167916666666668,-9.090909090909092,30.76923076923077,20.836666666666666,24.999166666666667,False,False,True,False,True
16177,4,Cuba,Slovenia,27.275454545454544,-5.2631578947368425,-58.335,-0.0020000000000003127,14.285714285714286,-23.076153846153847,56.0008,-15.385,0.0,6.249375,8.0028,12.5,False,False,True,False,True
16178,1,Argentina,Bulgaria,44.0,4.0012,-7.142142857142857,12.5,30.77,46.666000000000004,16.0,-5.555555555555555,-22.22222222222222,0.00045454545454504114,12.5,-8.333333333333334,False,,,True,False
16178,2,Argentina,Bulgaria,30.76923076923077,-12.499583333333334,-12.49875,0.0,23.9972,37.499583333333334,25.713428571428572,-40.90863636363636,-37.5,9.523333333333333,17.64735294117647,23.528823529411767,False,True,False,True,False
16178,3,Argentina,Bulgaria,48.148148148148145,4.0,-49.99928571428571,22.22222222222222,25.9237037037037,22.221666666666668,40.6225,-13.636363636363637,-25.001666666666665,4.34695652173913,22.57967741935484,29.41176470588235,False,True,False,True,False
16179,1,Iran,USA,39.998400000000004,-27.27227272727273,-14.287142857142856,-5.264736842105263,30.773076923076925,56.24875,34.614615384615384,-7.997999999999999,-14.285714285714286,18.748124999999998,26.08782608695652,-12.500625,False,,,False,True
16179,2,Iran,USA,18.51851851851852,-21.05263157894737,0.0,-4.763333333333334,23.07461538461538,45.45454545454545,25.0,4.1674999999999995,25.0,33.332,29.1675,49.99875,False,False,True,False,True
16179,3,Iran,USA,43.47782608695652,-4.348695652173913,-42.857142857142854,-14.285238095238096,27.272727272727273,29.998,47.61857142857143,3.9995999999999996,-42.857142857142854,25.0005,47.62285714285714,0.0007142857142850646,False,False,True,False,True
16180,1,Italy,Serbia,69.23307692307692,8.333333333333334,10.526842105263157,22.221111111111114,46.1576923076923,12.498750000000001,-0.0007142857142860797,-25.0,-60.0,-4.34608695652174,14.285714285714286,11.11111111111111,False,,,True,False
16180,2,Italy,Serbia,41.37931034482759,7.9996,-39.99933333333333,10.527894736842105,29.999666666666666,35.0,30.555555555555557,-4.761428571428572,-36.36363636363637,0.00160000000000025,13.887777777777778,35.29352941176471,False,True,False,True,False
16180,3,Italy,Serbia,23.07730769230769,0.0,-24.999375,26.666666666666668,30.43565217391304,100.0,29.62888888888889,-28.57190476190476,14.284285714285714,16.665833333333335,14.284285714285714,9.090909090909092,False,True,False,True,False
16181,1,Cuba,France,23.075769230769232,-47.368947368421054,-18.182727272727274,15.788947368421054,18.51851851851852,41.66833333333333,29.63,-16.667083333333334,-16.666666666666668,9.998999999999999,18.51888888888889,59.998666666666665,False,,,False,True
16181,2,Cuba,France,6.899310344827586,-9.999500000000001,-18.182727272727274,15.789473684210526,17.854285714285712,38.88722222222222,28.569642857142856,-16.001199999999997,-33.3325,5.882352941176471,18.519259259259258,66.66666666666667,False,False,True,False,True
16181,3,Cuba,France,25.92777777777778,-23.81142857142857,-42.85642857142857,4.762857142857143,15.384615384615385,14.287142857142857,42.10526315789474,-8.332916666666668,-12.5,-0.0015384615384623256,15.0,5.262631578947368,False,False,True,False,True
16182,1,Argentina,Japan,61.904761904761905,-15.789473684210526,-70.0,27.27136363636364,27.275454545454544,-60.0,81.81818181818181,-4.16625,-79.999,26.67,17.393478260869564,30.76923076923077,False,,,False,True
16182,2,Argentina,Japan,33.33291666666667,-4.545,-9.09,22.221666666666668,31.996799999999997,-6.25,56.2478125,-28.001199999999997,-30.000999999999998,19.9995,23.333333333333332,56.250625,False,False,True,False,True
16182,3,Argentina,Japan,42.42363636363636,-18.182121212121213,-52.940588235294115,23.998800000000003,25.0,18.182727272727274,45.16258064516129,-19.35516129032258,-21.428571428571427,31.9996,16.663999999999998,-0.0018750000000018474,False,False,True,True,False
16182,4,Argentina,Japan,70.83166666666666,-8.3325,-46.15384615384615,30.002,19.998,-7.1414285714285715,44.82655172413793,-4.3478260869565215,-45.45363636363636,27.27409090909091,10.340689655172413,-7.142857142857143,False,True,False,True,False
16182,5,Argentina,Japan,61.53769230769231,-33.333333333333336,-66.66666666666667,25.001666666666665,30.766153846153845,-40.0,71.42642857142857,-19.99866666666667,-39.998000000000005,25.0025,7.6923076923076925,42.855714285714285,False,True,False,False,True
16183,1,Poland,USA,13.793103448275861,-13.636818181818182,-14.284285714285714,9.523809523809524,6.895862068965517,50.0,26.924230769230768,-7.998799999999999,-26.316315789473684,5.555,7.6923076923076925,45.45454545454545,False,,,False,True
16183,2,Poland,USA,16.0012,-26.314736842105265,-25.0,-10.526315789473685,12.003200000000001,33.333333333333336,34.614615384615384,-12.500416666666666,-23.076923076923077,14.285714285714286,25.927407407407404,60.0,False,False,True,False,True
16183,3,Poland,USA,28.570476190476192,-15.787894736842103,-62.50125,22.221111111111114,34.78260869565217,7.142142857142857,54.545,-15.9988,0.0,6.666666666666667,28.568571428571424,61.53923076923077,False,False,True,False,True
16184,1,Brazil,Slovenia,42.855714285714285,-25.000416666666666,-50.0,8.695217391304348,30.558333333333337,46.66866666666667,37.03703703703704,0.0016666666666669272,-57.14214285714286,16.66611111111111,20.0,-12.5,False,,,False,True
16184,2,Brazil,Slovenia,39.39484848484848,-8.333333333333334,-30.76923076923077,16.666666666666668,22.580000000000002,22.22222222222222,36.66833333333333,-18.183636363636364,-18.180909090909093,9.525238095238095,30.30515151515152,23.810952380952383,False,False,True,True,False
16184,3,Brazil,Slovenia,48.148148148148145,-11.538846153846153,-50.000625,25.000625,22.22,26.666,55.17068965517241,-33.33291666666667,-33.333333333333336,19.04714285714286,20.692068965517244,57.14357142857143,False,True,False,True,False
16184,4,Brazil,Slovenia,50.00142857142857,-33.33416666666667,-50.00125,15.79,27.586206896551722,45.45454545454545,28.57238095238095,-13.635909090909092,-50.0,0.0,18.18409090909091,6.6659999999999995,False,True,False,True,False
16185,1,Iran,Netherlands,41.17588235294117,0.00041666666666687985,0.0,0.0,35.712857142857146,18.182727272727274,3.8473076923076923,-23.53058823529412,-33.333333333333336,9.523333333333333,26.923846153846153,83.33333333333333,False,,,True,False
16185,2,Iran,Netherlands,-3.8457692307692306,-11.763529411764706,-33.333333333333336,19.046190476190475,30.77,10.0,36.84315789473684,-4.1675,25.001666666666665,7.142142857142857,10.002499999999998,20.0,False,True,False,False,True
16185,3,Iran,Netherlands,19.9988,12.499583333333334,-25.0,17.64588235294118,23.07461538461538,41.66583333333333,21.875625,-13.635909090909092,0.0,-0.0012500000000000473,12.901935483870966,38.46153846153846,False,False,True,True,False
16185,4,Iran,Netherlands,33.332857142857144,-16.666666666666668,-55.55555555555556,-4.546363636363637,17.391304347826086,80.0,40.90863636363636,12.499583333333334,-45.45545454545454,6.668000000000001,13.634545454545453,62.5,False,True,False,False,True
16185,5,Iran,Netherlands,14.285714285714286,0.0,-40.001999999999995,7.693076923076924,21.428571428571427,100.0,42.855714285714285,0.0,28.572857142857142,45.45545454545454,38.464615384615385,16.666666666666668,False,False,True,False,True
16186,1,Canada,France,39.9988,-16.665,-75.00125,24.9995,24.003199999999996,-6.25,73.91391304347826,-16.66625,-11.11111111111111,33.33266666666667,30.43,40.0,False,,,False,True
16186,2,Canada,France,36.0008,4.76095238095238,-57.142857142857146,-0.0004761904761900431,16.665,30.76923076923077,60.71214285714285,-7.997999999999999,-31.25125,0.0,7.696153846153846,38.46384615384615,False,False,True,False,True
16186,3,Canada,France,39.9988,-13.636818181818182,-46.15384615384615,5.263684210526317,24.0,23.076153846153847,46.667,-12.5,-55.556666666666665,22.22222222222222,20.692068965517244,35.71357142857143,False,False,True,False,True
16187,1,China,Germany,72.72909090909091,-21.738695652173913,-28.571428571428573,13.043478260869565,18.179545454545455,-23.076923076923077,51.72448275862069,-3.9995999999999996,-71.42857142857143,61.108333333333334,18.51888888888889,-31.25,False,,,False,True
16187,2,China,Germany,39.13,-4.0004,-14.285714285714286,18.184545454545454,9.087272727272726,14.285,42.10526315789474,-38.88944444444444,-27.272727272727273,20.0005,21.05526315789474,-50.0,False,False,True,True,False
16187,3,China,Germany,60.0012,-8.333333333333334,-57.142857142857146,50.0,15.998800000000001,-5.556111111111111,39.9992,-14.999,-66.66666666666667,36.36272727272728,48.148148148148145,-0.0007692307692300696,False,True,False,True,False
16187,4,China,Germany,42.857142857142854,-12.0008,66.66666666666667,17.64588235294118,18.18409090909091,-26.664666666666665,17.85642857142857,-14.285714285714286,0.0,28.572857142857142,24.13413793103448,-12.499375,False,True,False,True,False
16188,1,Italy,Poland,27.7775,-29.9985,-17.64588235294118,-0.0030434782608692685,15.152727272727272,71.42857142857143,32.14214285714286,4.000000000000001,8.3325,7.142857142857143,15.386538461538462,31.57842105263158,False,,,False,True
16188,2,Italy,Poland,25.639999999999997,-11.538076923076924,-57.89473684210526,17.389565217391304,27.024864864864863,83.3325,44.82655172413793,-10.715,-11.764705882352942,4.761904761904762,15.623124999999998,27.27227272727273,False,False,True,False,True
16188,3,Italy,Poland,43.997600000000006,-15.9992,33.333333333333336,8.3325,20.0032,44.9995,17.857499999999998,-33.33277777777778,-49.999,29.999000000000002,31.032758620689652,50.0,False,False,True,True,False
16188,4,Italy,Poland,45.8325,-10.0,-57.14214285714286,19.9985,36.36772727272727,22.22222222222222,65.38269230769231,-12.0008,-27.272727272727273,11.764705882352942,16.665,88.88888888888889,False,True,False,False,True
16189,1,Bulgaria,Cuba,26.08608695652174,-8.333333333333334,-9.09,13.331999999999999,30.43565217391304,16.666666666666668,40.0,-29.166666666666668,-20.0,19.04714285714286,25.923703703703705,16.6675,False,,,True,False
16189,2,Bulgaria,Cuba,30.768846153846155,-19.9985,-40.0,17.390434782608697,19.232692307692307,-11.11111111111111,47.82478260869566,0.0,-33.333333333333336,18.75,26.085652173913044,-13.331999999999999,False,True,False,False,True
16189,3,Bulgaria,Cuba,40.0,-20.0,8.334166666666667,4.761904761904762,27.269999999999996,-6.666666666666667,39.28642857142857,-3.9991999999999996,-66.66777777777777,12.502500000000001,27.586206896551722,49.99875,False,False,True,False,True
16189,4,Bulgaria,Cuba,45.0015,-12.0008,-21.428571428571427,69.23076923076923,64.999,55.55444444444444,-4.168333333333334,-18.75,-9.090909090909092,31.81590909090909,24.0028,-16.666666666666668,False,False,True,True,False
16189,5,Bulgaria,Cuba,63.63636363636363,-17.646470588235296,-70.0,-0.0008333333333325754,16.664166666666663,0.0,50.0,-17.647058823529413,-60.001999999999995,8.331666666666665,14.281428571428572,20.0,False,True,False,False,True
16190,1,Netherlands,Serbia,22.22222222222222,8.33375,-42.857142857142854,5.555555555555555,20.0004,60.0,39.13086956521739,-17.391739130434782,0.0007692307692300696,-9.522857142857143,22.72590909090909,60.0,False,,,True,False
16190,2,Netherlands,Serbia,27.998399999999997,-4.544545454545454,-49.999375,23.807619047619045,32.0004,28.571428571428573,50.00107142857143,-12.5,-25.0,-0.0016666666666667299,21.43142857142857,62.500625,False,True,False,False,True
16190,3,Netherlands,Serbia,23.076923076923077,8.33375,-21.428571428571427,5.0,26.918846153846154,44.443333333333335,18.51814814814815,-4.545454545454546,-9.09,9.090909090909092,23.998800000000003,40.0,False,False,True,True,False
16190,4,Netherlands,Serbia,43.748749999999994,-11.428571428571429,-46.666666666666664,25.925555555555555,25.0003125,38.46153846153846,47.2225,-14.705588235294117,-21.429285714285715,17.24241379310345,31.425142857142855,36.36272727272728,False,True,False,False,True
16190,5,Netherlands,Serbia,7.6923076923076925,-10.0,-16.665,23.076923076923077,12.50375,50.0,30.76846153846154,7.142857142857143,-25.0,33.333333333333336,46.15384615384615,60.0,False,False,True,False,True
16191,1,Brazil,France,45.8325,-12.500833333333333,-16.666666666666668,0.0,27.998800000000003,38.888888888888886,25.926296296296297,-23.80952380952381,-50.0,9.999500000000001,37.03333333333334,27.272727272727273,False,,,True,False
16191,2,Brazil,France,44.44444444444444,-15.385,-71.42999999999999,11.765882352941176,34.61538461538461,13.333333333333334,51.998000000000005,-29.16541666666667,-35.714999999999996,4.761904761904763,25.0,-18.18,False,True,False,True,False
16191,3,Brazil,France,32.142857142857146,0.0,-57.144285714285715,8.695652173913043,21.428571428571427,21.429285714285715,55.17103448275862,-0.0008000000000004093,-59.999,36.8421052631579,26.666666666666668,28.570714285714285,False,True,False,False,True
16191,4,Brazil,France,30.436521739130434,-19.999200000000002,21.428571428571427,0.002105263157895066,25.0,23.076923076923077,6.896896551724137,-8.696521739130436,-22.22222222222222,0.0,18.515555555555554,15.790526315789473,False,False,True,True,False
16192,1,Brazil,Italy,41.66833333333334,-12.5,-14.283571428571426,5.555555555555555,12.503749999999998,41.666666666666664,38.46076923076923,-20.001199999999997,-36.36363636363637,0.0,7.999199999999999,20.000999999999998,False,,,True,False
16192,2,Brazil,Italy,26.828780487804877,-19.046190476190475,-35.292352941176475,4.349565217391304,27.50025,58.8235294117647,44.0032,4.000800000000001,-33.333333333333336,0.0,7.404444444444444,15.790526315789473,False,True,False,False,True
16192,3,Brazil,Italy,29.167083333333334,-26.666,-50.001666666666665,-8.695652173913043,3.845384615384615,8.333333333333334,62.50125,3.8449999999999998,-9.090909090909092,9.090909090909092,40.00266666666666,22.223333333333333,False,False,True,False,True
16192,4,Brazil,Italy,42.856857142857145,-13.636363636363637,-23.076923076923077,9.093181818181817,32.355294117647055,14.286666666666665,45.16225806451613,8.332083333333332,-26.315263157894737,15.789473684210526,20.002333333333336,38.888333333333335,False,False,True,False,True
16193,1,China,Japan,34.61730769230769,-8.0,15.385384615384615,4.761904761904762,39.285714285714285,42.85928571428571,24.138275862068966,-7.691923076923076,-12.50125,28.57190476190476,24.137931034482758,11.76529411764706,False,,,True,False
16193,2,China,Japan,15.789473684210526,-12.5,5.556111111111111,-11.11111111111111,9.997,30.76846153846154,9.090606060606062,-8.332916666666668,-12.5,5.001,12.497187499999999,46.153076923076924,False,True,False,False,True
16193,3,China,Japan,52.38238095238095,-20.833333333333332,10.0,17.646470588235296,13.04391304347826,30.000999999999998,26.924999999999997,-22.727272727272727,-16.666666666666668,0.0011111111111116794,14.813333333333333,8.332500000000001,False,False,True,True,False
16193,4,China,Japan,52.17217391304348,-25.0,-33.33416666666667,11.112777777777778,13.046956521739132,42.85857142857143,50.00115384615385,-25.0,-75.0,11.763529411764706,26.923076923076923,15.384615384615385,False,True,False,False,True
16193,5,China,Japan,41.1764705882353,-15.383846153846154,0.0,15.384615384615385,13.329333333333333,40.0,62.500625,-6.667333333333334,-80.0,27.271818181818183,31.24875,83.33333333333333,False,False,True,False,True
16194,1,Argentina,Serbia,28.570476190476192,-30.0,0.0,28.571428571428573,41.6675,-26.666,26.92269230769231,-4.165833333333333,-20.0,35.714285714285715,16.002,46.666000000000004,False,,,False,True
16194,2,Argentina,Serbia,30.768076923076926,0.0,-9.523333333333333,42.85785714285714,42.310769230769225,62.49875,8.825294117647061,-17.646470588235296,-12.5,0.0009090909090913742,0.0016666666666667299,39.9995,False,False,True,True,False
16194,3,Argentina,Serbia,50.000454545454545,-8.0,-25.000833333333333,0.0,38.09619047619047,60.0,20.834166666666665,-10.525789473684211,-45.45454545454545,-9.998999999999999,16.664583333333333,0.0016666666666675194,False,True,False,True,False
16194,4,Argentina,Serbia,34.484482758620686,-8.332916666666668,-12.502500000000001,18.74875,37.928275862068965,63.63636363636363,14.814444444444446,-15.789473684210526,-18.182727272727274,31.817272727272726,20.0,-6.665333333333334,False,True,False,True,False
16195,1,France,Iran,39.13173913043478,-12.500416666666666,-9.090909090909092,7.693846153846154,28.0,46.153076923076924,21.739565217391306,-31.57894736842105,-40.0,11.111666666666666,20.833333333333332,28.571428571428573,False,,,True,False
16195,2,France,Iran,6.666666666666667,-4.000800000000001,-20.0,20.000666666666667,16.666999999999998,33.333333333333336,20.002,-31.81863636363636,6.666,4.545454545454546,39.130434782608695,7.6899999999999995,False,True,False,True,False
16195,3,France,Iran,64.0,-24.0,-42.857142857142854,6.25,27.272727272727273,19.99866666666667,38.09333333333333,-14.999,-37.5,11.111666666666666,23.80857142857143,-22.221666666666668,False,True,False,True,False
16196,1,Canada,Netherlands,48.001599999999996,-18.181818181818183,-60.00066666666667,5.261052631578948,20.835833333333333,11.108888888888888,61.53884615384615,-20.000799999999998,-33.333333333333336,11.765882352941176,7.404444444444444,44.443333333333335,False,,,False,True
16196,2,Canada,Netherlands,37.03703703703704,0.0,-30.76846153846154,9.522380952380953,42.31115384615384,25.000833333333333,49.99933333333333,-8.332916666666668,-57.142857142857146,13.638636363636364,24.13413793103448,7.690769230769233,False,False,True,False,True
16196,3,Canada,Netherlands,34.61576923076923,4.16625,-13.333333333333334,-0.0007692307692311628,20.0016,64.28571428571429,19.355483870967742,-22.22222222222222,-20.0,8.694782608695652,21.21363636363636,72.72727272727273,False,False,True,True,False
16196,4,Canada,Netherlands,22.223888888888887,-15.789473684210526,-53.846923076923076,-5.555555555555555,22.221666666666668,11.11111111111111,49.99923076923077,-12.499166666666667,-50.0,6.666666666666667,22.727272727272727,66.66583333333334,False,True,False,False,True
16197,1,Poland,Slovenia,26.829268292682926,-3.3340000000000005,-19.046666666666667,13.791724137931034,14.632682926829267,28.57190476190476,35.13513513513514,-3.1259375000000005,-25.002499999999998,25.925555555555555,19.512682926829267,33.33238095238095,False,,,False,True
16197,2,Poland,Slovenia,22.223333333333333,-14.286190476190475,-41.666666666666664,9.999,24.0,7.142857142857143,34.48551724137931,-12.0,-22.22,6.249375,14.2875,52.94176470588235,False,False,True,False,True
16197,3,Poland,Slovenia,48.14851851851852,-12.000399999999999,-33.333333333333336,29.412941176470586,25.926666666666666,8.3325,34.48172413793104,-19.047619047619047,-11.112222222222222,4.761904761904762,3.225806451612903,-7.693076923076922,False,False,True,True,False
16197,4,Poland,Slovenia,42.856785714285714,-20.832916666666666,-20.0,37.499375,17.244137931034484,27.77722222222222,25.80483870967742,-23.81,-25.0,22.223333333333333,15.153939393939394,30.0,False,True,False,True,False
16197,5,Poland,Slovenia,36.36363636363637,-28.570714285714285,-12.50125,8.333333333333334,28.56952380952381,35.71357142857143,31.248125,-7.143571428571429,-22.223333333333333,30.0,11.76705882352941,16.666666666666668,False,True,False,True,False
16198,1,Bulgaria,Germany,53.570357142857134,-30.43521739130435,-30.0,22.728181818181817,18.52074074074074,36.36363636363637,50.0,-4.166666666666667,-68.74875,18.75,31.999200000000002,45.45454545454545,False,,,False,True
16198,2,Bulgaria,Germany,31.03448275862069,-38.88944444444444,-39.998000000000005,4.545454545454546,39.287142857142854,25.0,49.9995,-4.0,10.0,18.181818181818183,26.313684210526315,23.076923076923077,False,False,True,False,True
16198,3,Bulgaria,Germany,38.46230769230769,-4.346521739130435,-29.41176470588235,0.0,22.22222222222222,6.251875000000002,41.17441176470588,-8.333333333333334,-54.54636363636364,4.763333333333334,17.645588235294117,53.333999999999996,False,False,True,False,True
16199,1,Cuba,USA,25.0,-19.9996,-49.999,17.648235294117647,39.133043478260866,66.66555555555556,54.16625,-37.03592592592593,30.0,27.776666666666667,34.78260869565217,40.0,False,,,False,True
16199,2,Cuba,USA,38.09428571428572,-33.333333333333336,-39.999,0.0,23.81142857142857,20.002,52.38285714285714,-4.16625,-46.15461538461538,16.669166666666666,47.36842105263158,83.33333333333333,False,False,True,False,True
16199,3,Cuba,USA,9.523809523809524,-20.0,-42.857142857142854,-0.001052631578946411,22.727272727272727,30.0,47.618095238095236,-7.9996,0.0,41.666666666666664,38.09619047619047,75.0,False,False,True,False,True
16200,1,Brazil,Netherlands,27.27409090909091,-11.999600000000001,0.0005000000000002558,20.002,16.665,20.002,16.12677419354839,-28.573809523809523,0.0,28.571428571428573,18.7490625,37.5,False,,,True,False
16200,2,Brazil,Netherlands,29.167916666666667,-4.16625,-16.666666666666668,16.665,16.0,61.111111111111114,0.00031250000000015987,-18.749375,0.0,9.09,12.5015625,28.572142857142858,False,True,False,True,False
16200,3,Brazil,Netherlands,41.665,-11.999600000000001,-31.58,14.285714285714286,29.168333333333333,57.14357142857143,29.627777777777776,-30.0005,-23.077692307692306,9.522857142857143,32.14714285714285,38.46153846153846,False,True,False,True,False
16201,1,Canada,Italy,23.076538461538462,-14.285,-57.142857142857146,13.636363636363637,23.074230769230766,71.42857142857143,75.0005,0.0,19.999000000000002,25.0,33.33555555555555,30.0,False,,,False,True
16201,2,Canada,Italy,33.331,0.00040000000000020466,-0.0007692307692300696,0.0,3.22741935483871,42.85476190476191,32.35411764705882,-17.390869565217393,-40.0,4.346521739130435,28.1221875,52.94117647058823,False,False,True,True,False
16201,3,Canada,Italy,31.25125,-15.0,-22.22222222222222,0.0009523809523814396,16.13032258064516,26.316315789473684,41.37896551724138,-3.9987999999999992,0.0007692307692311628,-0.0006666666666670077,17.857499999999998,31.57842105263158,False,True,False,False,True
16201,4,Canada,Italy,21.21060606060606,-8.0,-0.0005882352941171121,5.2631578947368425,22.580645161290324,29.41176470588235,21.62135135135135,-17.390869565217393,-31.24875,23.80952380952381,29.410588235294117,42.85785714285714,False,False,True,True,False
16201,5,Canada,Italy,21.427857142857142,-33.333333333333336,-42.85857142857143,23.076153846153847,19.997999999999998,-16.665,57.144285714285715,-13.334666666666665,-33.333333333333336,16.665,25.0,50.0,False,True,False,False,True
16202,1,China,Slovenia,19.99833333333333,0.0009090909090913742,-20.000999999999998,33.33190476190477,25.002857142857145,6.25,36.3639393939394,-8.332916666666668,-25.0,14.999500000000001,18.181818181818183,64.285,False,,,False,True
16202,2,China,Slovenia,33.333939393939396,-9.999500000000001,-37.499375,4.348260869565218,12.118484848484847,53.846923076923076,45.45545454545454,0.0008000000000004093,-40.001999999999995,35.29529411764706,17.142857142857142,61.111111111111114,False,False,True,False,True
16202,3,China,Slovenia,43.335666666666675,-19.230384615384615,-44.443333333333335,17.648823529411764,13.329333333333333,19.997999999999998,41.17441176470588,-29.168333333333333,-50.0,40.001,19.443333333333335,39.9995,False,False,True,True,False
16202,4,China,Slovenia,32.1425,-8.695652173913043,7.142142857142858,8.692608695652172,11.114074074074075,38.46153846153846,16.130645161290325,4.0012,-66.66666666666667,25.0005,19.997999999999998,28.57,False,True,False,False,True
16203,1,Argentina,Germany,27.273030303030303,-4.165833333333333,-8.333333333333334,22.728181818181817,38.23147058823529,53.333333333333336,25.926296296296297,-8.333333333333334,-21.05315789473684,19.9995,10.71142857142857,13.333333333333334,False,,,True,False
16203,2,Argentina,Germany,31.81772727272727,-8.0008,-18.183636363636364,18.181818181818183,15.0,27.271818181818183,19.048571428571428,-38.88944444444444,0.0010000000000005115,0.0,12.001999999999999,30.0,False,True,False,True,False
16203,3,Argentina,Germany,36.0,-12.500833333333333,16.665833333333335,7.14142857142857,33.33541666666667,46.66466666666667,3.848076923076924,-11.110555555555557,-25.0,5.0015,14.285714285714286,13.333333333333334,False,True,False,True,False
16204,1,Cuba,Serbia,32.0004,-7.999199999999999,5.000500000000001,11.766470588235293,20.833333333333332,45.45454545454545,-0.0009090909090918049,-5.2631578947368425,-11.11111111111111,4.761904761904762,24.23909090909091,58.3325,False,,,True,False
16204,2,Cuba,Serbia,34.78260869565217,-13.044347826086955,-40.0,-4.759523809523809,25.002916666666668,57.142857142857146,35.294117647058826,0.002400000000000091,-16.666666666666668,12.5,44.44444444444444,-10.0,False,True,False,False,True
16204,3,Cuba,Serbia,32.001999999999995,-40.908181818181816,-33.333333333333336,5.555555555555555,21.739565217391306,-42.855714285714285,46.666000000000004,-20.833333333333332,-14.285,15.383846153846154,33.332,50.0,False,False,True,False,True
16204,4,Cuba,Serbia,29.62962962962963,-8.333333333333334,-0.0014285714285721593,10.527368421052632,8.001599999999998,18.181818181818183,17.856428571428573,-13.04304347826087,-33.33222222222222,14.285238095238096,25.0025,53.846923076923076,False,False,True,True,False
16204,5,Cuba,Serbia,-7.143571428571429,-16.666666666666668,-50.0,9.090909090909092,14.28857142857143,24.9975,27.272727272727273,-21.427857142857142,12.5,-25.0,27.272727272727273,66.66666666666667,False,True,False,False,True
16205,1,Bulgaria,Iran,11.536153846153846,-22.72681818181818,-80.0,16.66444444444444,19.232307692307693,36.36454545454546,26.315263157894737,-12.5,13.332666666666666,23.529411764705884,29.408235294117645,-20.0,False,,,False,True
16205,2,Bulgaria,Iran,40.628125000000004,-20.833333333333332,0.0,22.22222222222222,15.624375,46.666666666666664,25.924814814814816,-13.635909090909092,-36.36363636363637,47.37105263157895,11.11111111111111,13.332666666666666,False,False,True,True,False
16205,3,Bulgaria,Iran,15.998,-17.391739130434782,-9.998999999999999,5.001,28.0,50.0,25.000416666666666,-11.9988,-0.0009090909090913742,5.883529411764705,13.638636363636362,33.33222222222222,False,True,False,False,True
16205,4,Bulgaria,Iran,34.48344827586207,-20.832916666666666,-8.3325,25.0,10.344827586206897,33.333333333333336,20.83375,-16.66625,-31.24875,5.882352941176471,17.39,13.332666666666666,False,False,True,True,False
16205,5,Bulgaria,Iran,35.29294117647059,-13.333333333333334,25.0,12.5,18.75125,40.0,19.997999999999998,-27.273636363636363,-9.091818181818182,38.46076923076923,14.281428571428572,0.0,False,True,False,True,False
16206,1,Brazil,Poland,48.148148148148145,-29.16875,-50.0,24.999,31.9984,39.999,55.0025,-12.500416666666666,-66.66555555555556,11.766470588235293,29.996499999999997,-19.999000000000002,False,,,False,True
16206,2,Brazil,Poland,38.46153846153846,4.165416666666666,-49.99888888888889,11.764705882352942,20.0004,30.76923076923077,45.160322580645165,-26.086521739130436,-31.25,-9.523809523809524,10.71142857142857,91.66666666666667,False,False,True,True,False
16206,3,Brazil,Poland,23.078461538461536,-27.272727272727273,-13.334,27.778333333333332,10.715,23.076153846153847,29.63111111111111,-24.999583333333334,-23.078461538461536,6.25,14.816666666666666,50.0,False,True,False,False,True
16206,4,Brazil,Poland,28.57190476190476,-28.57,-33.333333333333336,0.0016666666666667299,24.999000000000002,0.0,50.0015,-19.9996,-22.22222222222222,19.999333333333333,24.996999999999996,33.33222222222222,False,False,True,False,True
16207,1,Italy,Slovenia,34.614615384615384,8.3325,14.285,20.0,23.9976,52.94117647058823,3.845384615384615,-21.427142857142858,-44.44444444444444,8.695217391304348,16.002399999999998,15.386923076923077,False,,,True,False
16207,2,Italy,Slovenia,34.48241379310345,-16.0,-5.553888888888888,22.22,31.03862068965517,35.714999999999996,24.243333333333332,-18.181818181818183,-25.0,0.0,14.708235294117646,53.332,False,True,False,True,False
16207,3,Italy,Slovenia,25.001944444444447,-0.0012500000000006395,-10.001000000000001,13.333333333333334,36.36060606060606,60.001,11.76529411764706,-16.666666666666668,-7.6923076923076925,13.636363636363637,31.430285714285713,45.455,False,True,False,True,False
16208,1,Japan,Netherlands,45.8325,-8.0008,-40.0,15.383846153846154,20.83375,33.33266666666667,35.714999999999996,-35.001,0.0,22.728181818181817,21.431071428571432,-21.427857142857142,False,,,True,False
16208,2,Japan,Netherlands,30.768076923076926,-15.384615384615385,8.334166666666667,23.53058823529412,24.99607142857143,16.665833333333335,37.49916666666667,-29.165833333333335,-8.333333333333334,15.001499999999998,22.72909090909091,-36.36363636363637,False,True,False,True,False
16208,3,Japan,Netherlands,25.000714285714285,-17.390869565217393,-63.63636363636363,47.62047619047619,35.71714285714286,100.0,30.767307692307693,-12.001199999999999,-14.285714285714286,26.316842105263156,20.835833333333333,-18.181818181818183,False,True,False,False,True
16208,4,Japan,Netherlands,45.0005,-20.0004,20.0,14.285714285714286,15.0,41.66583333333333,-3.571785714285714,-11.764117647058825,-40.0,26.318421052631578,10.7125,6.249375000000001,False,False,True,True,False
16209,1,France,Serbia,34.3753125,-23.80952380952381,-40.001,23.81,35.48774193548387,-7.6923076923076925,55.9992,-12.500416666666666,-24.999375,18.749375,33.3375,38.46153846153846,False,,,False,True
16209,2,France,Serbia,46.42928571428571,-29.166666666666668,-23.076923076923077,16.668333333333333,17.857499999999998,53.84615384615385,34.78130434782609,-16.6675,-30.77,12.5,8.333333333333334,41.666666666666664,False,False,True,True,False
16209,3,France,Serbia,21.87375,-15.9992,0.0,33.33166666666667,22.578064516129036,61.53846153846154,3.846538461538462,-9.999500000000001,-15.385384615384615,9.997499999999999,21.428214285714287,45.45454545454545,False,True,False,True,False
16209,4,France,Serbia,19.230384615384615,-18.519259259259258,-7.142142857142858,29.9985,24.9975,0.0,13.332666666666666,-25.927407407407404,0.0,27.271818181818183,20.002666666666663,-0.0007142857142850646,False,True,False,True,False
16210,1,Cuba,Germany,40.73962962962963,-16.668333333333333,-18.180909090909093,0.0015000000000007674,14.815185185185184,35.714999999999996,37.03666666666667,-4.166666666666667,-41.1764705882353,21.05263157894737,25.924444444444447,46.666666666666664,False,,,False,True
16210,2,Cuba,Germany,42.85785714285714,-26.08608695652174,-24.99875,-4.76095238095238,14.28857142857143,18.181818181818183,52.17478260869565,-11.538461538461538,-26.667333333333332,35.29294117647059,37.5,-7.691538461538461,False,False,True,False,True
16210,3,Cuba,Germany,37.49916666666667,-26.08695652173913,6.666666666666667,-9.523333333333333,11.996799999999999,18.182727272727274,12.500416666666666,8.332916666666668,-50.001666666666665,11.764117647058825,24.9975,88.89,False,False,True,False,True
16211,1,Argentina,USA,60.0008,-16.666666666666668,28.571428571428573,33.333333333333336,40.0008,0.0,38.096666666666664,-21.051052631578944,-40.001,15.000499999999999,36.36,-22.221111111111114,False,,,True,False
16211,2,Argentina,USA,35.48451612903226,-8.332916666666666,-20.0,10.0,12.90258064516129,17.646470588235296,36.36333333333334,-8.3325,-53.84615384615385,30.0,15.153939393939394,64.285,False,True,False,False,True
16211,3,Argentina,USA,29.63037037037037,-21.74086956521739,11.112222222222222,-10.525789473684211,25.000416666666666,31.25,33.33185185185185,-12.000399999999999,-36.36363636363637,11.764705882352942,18.517407407407408,50.0,False,False,True,False,True
16211,4,Argentina,USA,33.333555555555556,-16.27813953488372,-40.91045454545454,35.48548387096774,25.002272727272725,26.315263157894737,32.65265306122449,-25.58232558139535,-34.78304347826087,30.555833333333332,25.0,57.14214285714286,False,False,True,True,False
16211,5,Argentina,USA,33.33190476190477,-6.666666666666667,0.0,27.272727272727273,34.998000000000005,33.333333333333336,19.05,-8.333333333333334,-11.11111111111111,23.077692307692306,35.002500000000005,66.66666666666667,False,True,False,True,False
16212,1,Brazil,China,45.45363636363636,0.00160000000000025,-8.333333333333334,7.142142857142857,8.3325,25.000833333333333,29.62814814814815,-26.31578947368421,-37.5,13.045217391304346,17.24137931034483,50.00125,False,,,True,False
16212,2,Brazil,China,60.0008,-16.66625,-24.999375,13.333333333333334,23.077692307692306,100.0,11.999600000000001,-11.110555555555557,-62.5,10.0,8.331666666666667,49.998333333333335,False,True,False,True,False
16212,3,Brazil,China,33.33222222222222,-4.000800000000001,-8.695652173913043,-9.090909090909092,21.051578947368423,58.3325,2.49825,-23.52764705882353,14.284285714285714,4.3478260869565215,7.688717948717949,58.33416666666667,False,True,False,True,False
16213,1,Canada,Poland,40.90954545454545,-22.72681818181818,-50.0,33.33238095238095,42.857142857142854,0.0012500000000006395,33.33375,-4.165833333333333,-12.5,31.25,27.269999999999996,-20.0,False,,,False,True
16213,2,Canada,Poland,12.120606060606061,0.0004347826086958746,-27.272727272727273,15.789473684210526,9.372499999999999,6.25,43.33233333333333,-24.000799999999998,5.0,14.284761904761906,9.68032258064516,26.665333333333333,False,False,True,False,True
16213,3,Canada,Poland,36.366363636363644,-11.536923076923076,-50.0,4.544090909090909,8.33,9.090909090909092,53.84423076923077,-11.538461538461538,-31.250625,14.999,18.52074074074074,18.75,False,False,True,False,True
16214,1,Italy,Japan,40.0,-17.857857142857142,-23.529411764705884,37.498333333333335,41.026666666666664,47.368947368421054,29.412941176470586,-10.714285714285714,-18.181818181818183,13.634999999999998,20.001714285714286,22.72772727272727,False,,,True,False
16214,2,Italy,Japan,53.57035714285714,-7.143928571428572,-23.077692307692306,16.666666666666668,40.73777777777778,16.6675,31.03344827586207,7.693461538461539,-60.0,4.165,16.131612903225808,11.764117647058825,False,True,False,True,False
16214,3,Italy,Japan,33.33083333333334,-13.043478260869565,-47.36842105263158,10.525263157894736,20.83375,27.272727272727273,38.710967741935484,-19.9996,-14.285714285714286,24.999000000000002,19.35483870967742,12.499375,False,True,False,False,True
16214,4,Italy,Japan,34.61538461538461,-12.0,0.0006250000000003197,35.294117647058826,23.078461538461536,27.272727272727273,14.815925925925924,-14.999500000000001,-28.571428571428573,15.0,13.794827586206896,42.85785714285714,False,False,True,True,False
16215,1,Bulgaria,Serbia,30.434347826086956,-14.999500000000001,-20.0,0.0,21.74086956521739,9.091818181818182,45.834583333333335,-4.1675,-11.11111111111111,35.29117647058823,24.99875,-8.333333333333334,False,,,False,True
16215,2,Bulgaria,Serbia,38.46192307692308,-31.81772727272727,-11.11111111111111,21.741304347826087,33.334074074074074,-25.000833333333333,30.0,-3.9991999999999996,-27.273636363636363,21.428571428571427,29.996999999999996,7.143571428571429,False,False,True,False,True
16215,3,Bulgaria,Serbia,27.776666666666667,-13.043478260869565,-6.666666666666667,9.523333333333333,15.384871794871795,43.75,38.707741935483874,-12.000399999999999,-24.999000000000002,0.0,27.583448275862068,27.778333333333332,False,False,True,False,True
16216,1,Argentina,Iran,54.16708333333333,-20.833333333333332,-26.666666666666668,28.571428571428573,34.78260869565217,80.0,38.095238095238095,-29.9995,-28.571428571428573,11.764705882352942,23.81,18.181818181818183,False,,,True,False
16216,2,Argentina,Iran,18.7503125,-13.792758620689655,-40.91090909090909,9.523333333333333,17.648235294117647,62.5,29.72972972972973,-27.58655172413793,-23.076153846153847,15.9988,8.108108108108109,30.0,False,True,False,False,True
16216,3,Argentina,Iran,31.03448275862069,-22.221851851851852,16.666666666666668,20.0,34.48413793103448,50.0,19.35322580645161,-3.4482758620689653,0.0014285714285711443,23.80857142857143,22.580645161290324,49.99857142857143,False,False,True,False,True
16216,4,Argentina,Iran,19.999666666666666,-12.000399999999999,-13.333333333333334,14.286428571428571,22.583225806451615,80.0,16.0,-30.000999999999998,-35.294117647058826,4.9985,11.11111111111111,63.63636363636363,False,False,True,True,False
16216,5,Argentina,Iran,31.25,-18.75,0.002500000000001279,9.998999999999999,40.0,50.0,-6.250624999999999,-16.666666666666668,-20.002,16.666666666666668,14.281428571428572,33.333333333333336,False,True,False,True,False
16217,1,France,USA,48.0,-37.500416666666666,-28.571428571428573,34.9995,40.002399999999994,-9.090909090909092,38.093809523809526,-12.500833333333333,-33.333333333333336,35.714999999999996,28.568095238095236,33.333333333333336,False,,,False,True
16217,2,France,USA,21.8753125,-12.0,-39.999,19.048571428571428,12.901935483870966,25.0,46.155,-18.51888888888889,-25.0,9.523809523809524,29.626666666666665,0.0,False,False,True,False,True
16217,3,France,USA,17.646764705882354,-19.230384615384615,-6.250624999999999,30.43347826086956,23.529411764705884,26.666,13.79241379310345,-3.846923076923077,6.249375,10.001,27.589655172413792,76.92307692307692,False,False,True,False,True
16218,1,Canada,China,49.998333333333335,-13.04304347826087,-41.666666666666664,9.088181818181818,25.0,12.5,44.0008,-4.0,-33.3325,10.002500000000001,20.0024,66.665,False,,,False,True
16218,2,Canada,China,39.9995,8.0012,-15.383846153846154,-18.749375,4.998,12.499375,18.182424242424243,-4.761428571428572,-40.0,-8.695652173913043,15.625,46.15384615384615,False,False,True,True,False
16218,3,Canada,China,49.999,-20.833333333333332,0.0,7.142857142857143,29.996999999999996,33.333333333333336,7.9996,-22.22222222222222,-85.71428571428571,5.264736842105263,23.998800000000003,57.142857142857146,False,True,False,True,False
16218,4,Canada,China,62.96296296296296,-3.9991999999999996,-14.285,11.11111111111111,14.81777777777778,45.45363636363636,37.50083333333333,0.0,-81.81818181818181,9.091818181818182,3.8461538461538463,-25.0,False,True,False,True,False
16219,1,Netherlands,Slovenia,56.52217391304348,-38.095238095238095,-57.14142857142857,34.999,30.432173913043474,10.0,59.09090909090909,-12.5,-63.63545454545454,23.07461538461538,18.181818181818183,0.0015384615384623256,False,,,False,True
16219,2,Netherlands,Slovenia,7.501,-6.666333333333333,-4.761428571428572,0.0017857142857146918,17.952820512820512,21.428571428571427,12.120606060606061,-3.1246875,18.75,8.0,19.44611111111111,19.04714285714286,False,False,True,False,True
16219,3,Netherlands,Slovenia,30.433913043478263,-30.43521739130435,-16.666666666666668,31.57842105263158,17.393478260869564,-22.221111111111114,42.857142857142854,-20.8325,-33.333333333333336,37.50125,49.997,-14.284285714285714,False,False,True,False,True
16220,1,Japan,Poland,29.62925925925926,-5.881764705882353,-66.66888888888889,9.090909090909092,3.7074074074074073,12.5,62.9637037037037,-3.9992,-16.666666666666668,6.668000000000001,11.112962962962964,40.0,False,,,False,True
16220,2,Japan,Poland,35.9992,-15.000499999999999,-54.54545454545455,-4.9995,24.99875,60.0,61.11,4.167083333333334,-38.888888888888886,0.0,15.0,25.0,False,False,True,False,True
16220,3,Japan,Poland,26.47147058823529,-22.221666666666668,-66.66777777777777,9.523809523809524,27.270303030303033,18.75,53.84461538461539,-11.999600000000001,-46.15461538461538,21.428571428571427,25.0,29.9985,False,False,True,False,True
16221,1,Cuba,Iran,70.8325,-20.0,-37.50125,23.527058823529412,24.997083333333332,-28.570714285714285,59.091818181818184,-22.72772727272727,-55.556666666666665,29.9995,42.857142857142854,-42.857142857142854,False,,,True,False
16221,2,Cuba,Iran,41.37896551724138,-15.385384615384615,-28.571428571428573,26.92269230769231,25.807096774193546,-13.332666666666666,37.93034482758621,-3.570357142857142,25.0,5.0,25.807096774193546,21.05263157894737,False,True,False,False,True
16221,3,Cuba,Iran,40.91,-11.538076923076924,-15.384615384615385,5.0,26.08695652173913,0.0,27.27318181818182,-8.695217391304348,-28.572857142857142,10.0015,7.999199999999999,-10.0,False,False,True,True,False
16221,4,Cuba,Iran,34.21052631578947,-28.571428571428573,-58.3325,14.282857142857141,23.531764705882352,41.66583333333333,33.33291666666667,-6.666333333333333,-43.75125,16.663333333333338,28.0,35.712857142857146,False,True,False,False,True
16221,5,Cuba,Iran,49.998333333333335,-19.999333333333333,19.999000000000002,14.284285714285714,24.9975,42.857142857142854,-6.663999999999999,-20.0,-33.333333333333336,36.36363636363637,33.332,0.0,False,False,True,True,False
16222,1,France,Germany,28.571428571428573,4.761904761904762,-55.55444444444444,-4.546363636363637,26.921538461538464,9.090909090909092,42.857142857142854,0.00040000000000020466,-16.665833333333335,9.525238095238095,22.22259259259259,33.33266666666667,False,,,False,True
16222,2,France,Germany,43.477391304347826,-11.9992,-33.33444444444444,26.666,33.33125,45.45454545454545,23.9996,-14.999500000000001,-16.665,0.0,23.07923076923077,24.999166666666667,False,False,True,True,False
16222,3,France,Germany,58.33375,-8.333333333333334,-33.33166666666667,36.83894736842105,34.7795652173913,20.0,57.142857142857146,-13.04304347826087,-33.333333333333336,19.047619047619047,45.0,-22.22222222222222,False,True,False,True,False
16222,4,France,Germany,36.36363636363637,-40.0004,24.998333333333335,30.77076923076923,40.90909090909091,30.0,8.69695652173913,-38.095238095238095,12.5,20.0,34.783478260869565,22.221111111111114,False,True,False,True,False
16223,1,Bulgaria,USA,23.334,-33.33296296296297,0.0,28.57095238095238,30.003999999999998,41.1764705882353,18.91891891891892,-27.586206896551722,23.076923076923077,11.11111111111111,16.665,38.88944444444444,False,,,False,True
16223,2,Bulgaria,USA,15.0,-9.523333333333333,-9.998000000000001,5.2631578947368425,26.08391304347826,33.33222222222222,39.9992,-12.5,-10.0,16.66888888888889,11.537307692307694,100.0,False,False,True,False,True
16223,3,Bulgaria,USA,27.587241379310345,-19.047619047619047,-33.333333333333336,6.251875,23.333333333333332,31.577894736842108,51.61258064516129,-27.999200000000002,-16.6675,17.647058823529413,20.689655172413794,49.99888888888889,False,False,True,False,True
16224,1,France,USA,38.46076923076923,-33.33238095238095,-8.334166666666667,21.051578947368423,34.61538461538461,-6.665333333333333,44.442962962962966,-19.9984,-24.99875,49.99857142857143,55.55555555555556,31.250625,True,,,False,True
16224,2,France,USA,20.58764705882353,-21.053684210526313,-50.0,13.636363636363637,21.214545454545455,20.0,44.446666666666665,-4.16625,-26.666,0.0,25.003214285714286,44.999,True,False,True,False,True
16224,3,France,USA,57.69230769230769,-16.665833333333335,-37.49875,8.332500000000001,32.0036,61.111111111111114,28.571428571428573,-27.77722222222222,-61.53923076923077,14.999500000000001,41.37931034482759,17.646470588235296,True,False,True,True,False
16224,4,France,USA,24.138620689655173,-7.1432142857142855,5.883529411764705,20.0,24.137931034482758,41.6675,25.000357142857144,-16.666666666666668,-15.78842105263158,4.350434782608697,28.568571428571428,38.46153846153846,True,True,False,True,False
16224,5,France,USA,14.285238095238096,-10.0,-75.0025,-7.142857142857143,29.996499999999997,27.271818181818183,40.0,14.285,-37.5,-14.284285714285714,40.0,75.0,True,True,False,False,True
16225,1,Argentina,Italy,9.999,-22.22222222222222,-41.66583333333333,9.523809523809524,29.997,33.33222222222222,40.90909090909091,-8.332916666666666,0.0007692307692311628,35.712857142857146,22.73090909090909,7.693076923076922,True,,,False,True
16225,2,Argentina,Italy,16.000799999999998,-15.385384615384615,0.0014285714285701293,0.00041666666666687985,30.76653846153846,12.5,44.44444444444444,8.0,-18.181818181818183,9.998999999999999,31.996799999999997,55.0,True,False,True,False,True
16225,3,Argentina,Italy,10.714285714285714,-6.666666666666667,-57.144285714285715,10.000499999999999,27.9972,-6.666666666666667,61.54076923076923,-12.500416666666666,-8.334166666666667,15.383846153846154,19.23076923076923,76.47117647058823,True,False,True,False,True
16226,1,Japan,Slovenia,28.89022222222222,-4.0004,-33.33266666666667,8.695652173913043,19.563260869565216,59.9992,34.28485714285714,-7.9996,-26.92115384615385,22.726363636363637,21.624594594594594,43.47826086956522,True,,,True,False
16226,2,Japan,Slovenia,48.275862068965516,-7.9996,-17.64764705882353,13.336000000000002,37.929655172413796,47.059411764705885,26.47,-16.66611111111111,-61.53846153846154,17.391739130434782,5.715428571428572,12.499375,True,True,False,True,False
16226,3,Japan,Slovenia,50.0003125,-25.000833333333333,-44.445,44.446666666666665,31.24625,49.99857142857143,40.74222222222222,-21.738260869565217,-57.14357142857143,38.88944444444444,18.51888888888889,11.764705882352942,True,True,False,True,False
16227,1,Brazil,Poland,11.11296296296296,-4.166666666666667,-8.333333333333334,14.287142857142856,30.0,43.75,23.332666666666668,-11.538461538461538,21.428571428571427,0.0,16.126451612903224,26.313684210526315,True,,,False,True
16227,2,Brazil,Poland,22.85571428571429,-9.092272727272727,-20.0,0.0,18.7490625,24.999166666666667,29.999666666666666,4.16625,-11.11111111111111,10.528947368421052,12.5,35.294117647058826,True,False,True,False,True
16227,3,Brazil,Poland,39.130434782608695,-25.0015,-50.0,-20.0,13.638636363636362,-9.090000000000002,58.821176470588235,-3.9987999999999992,-49.999,-7.144285714285715,31.2525,0.0,True,False,True,False,True
16228,1,Japan,Poland,57.691538461538464,-12.499583333333334,-53.84615384615385,11.764705882352942,7.691538461538461,72.72727272727273,40.0005,-10.000499999999999,-29.999000000000002,5.263684210526316,15.789473684210526,-20.0,True,,,True,False
16228,2,Japan,Poland,37.500416666666666,-3.703333333333333,-38.888888888888886,15.791052631578946,15.998800000000001,11.76529411764706,49.999117647058824,-25.925555555555555,-38.46153846153846,4.166666666666667,18.748124999999998,35.71357142857143,True,True,False,False,True
16228,3,Japan,Poland,24.13758620689655,-17.64764705882353,-60.001999999999995,4.545454545454546,9.998666666666669,12.49875,64.9995,-7.999199999999999,-28.570714285714285,8.333333333333334,30.0,27.77777777777778,True,False,True,False,True
16228,4,Japan,Poland,34.61615384615384,-4.545,-37.49875,13.637727272727272,23.08,9.998999999999999,56.0008,-4.166666666666667,-16.665,10.526315789473685,20.834166666666665,13.334,True,False,True,False,True
16229,1,Italy,USA,12.122121212121211,-15.789473684210526,-14.285714285714286,9.091818181818182,12.902258064516129,35.29352941176471,31.248125,-12.002,-0.000588235294117948,26.666,27.276363636363634,60.869565217391305,True,,,False,True
16229,2,Italy,USA,21.875,-21.052105263157895,-23.075384615384618,10.0,18.7478125,64.28642857142857,40.74074074074074,-8.33375,17.648235294117647,14.285714285714286,29.633333333333333,38.0947619047619,True,False,True,False,True
16229,3,Italy,USA,27.585172413793103,-10.525789473684211,-36.36454545454546,8.695217391304348,48.27620689655173,-9.090909090909092,56.001599999999996,-4.0012,-26.666,-6.667333333333333,19.23076923076923,40.0,True,False,True,False,True
16230,1,Italy,Japan,18.75,5.26421052631579,-27.271818181818183,-0.0004166666666662877,34.3775,81.25125,33.333636363636366,16.665833333333335,-39.998000000000005,5.5566666666666675,17.647058823529413,56.001999999999995,True,,,False,True
16230,2,Italy,Japan,26.666333333333334,-26.085652173913044,-5.88,22.72681818181818,18.75,23.07461538461538,19.99857142857143,-12.0,-9.090909090909092,35.294117647058826,37.138285714285715,50.000625,True,False,True,False,True
16230,3,Italy,Japan,42.30615384615385,3.9975999999999994,-40.0,7.69076923076923,39.130434782608695,91.6675,21.427500000000002,-11.764117647058825,-50.0,9.090909090909092,33.33037037037037,22.223333333333333,True,False,True,True,False
16230,4,Italy,Japan,55.556666666666665,-12.499583333333334,19.999333333333333,-7.142857142857143,5.558333333333334,29.999000000000002,-0.0007407407407411197,-11.11111111111111,-25.0,15.000499999999999,17.858571428571427,-0.0018181818181801646,True,True,False,True,False
16230,5,Italy,Japan,14.285,-44.44444444444444,-57.14142857142857,7.693846153846154,35.71714285714286,0.0,59.998000000000005,-6.666666666666667,33.333333333333336,20.0,-10.0,14.285714285714286,True,True,False,False,True
16231,1,Poland,USA,49.99818181818182,-4.16625,-50.0,0.0,27.269999999999996,-20.0,47.618095238095236,-8.333333333333334,-37.50125,-5.2631578947368425,19.049523809523812,0.0,True,,,True,False
16231,2,Poland,USA,26.470294117647057,-3.9991999999999996,-49.999375,9.524761904761906,26.473235294117647,31.25,39.39454545454545,-11.9992,8.3325,13.043478260869565,26.46588235294118,13.636818181818182,True,True,False,False,True
16231,3,Poland,USA,50.00192307692308,-12.500833333333333,-21.427857142857142,24.999375,26.919999999999998,56.249375,10.0,-10.524736842105261,-54.54545454545455,23.80857142857143,30.000666666666667,57.14357142857143,True,False,True,True,False
16231,4,Poland,USA,54.16583333333333,-8.000399999999999,-9.090909090909092,6.668000000000001,33.33708333333333,63.63636363636363,28.57238095238095,-16.666666666666668,-45.45454545454545,28.571428571428573,38.09952380952381,-18.181818181818183,True,True,False,True,False
18853,1,Bulgaria,France,31.035172413793102,-23.81,-50.0,33.333333333333336,37.93310344827586,41.666666666666664,47.82521739130435,-11.999600000000001,-15.385384615384615,40.0,36.36772727272727,15.384615384615385,False,,,False,True
18853,2,Bulgaria,France,10.715,-3.9991999999999996,-25.0,11.113333333333333,34.61769230769231,52.940588235294115,31.035172413793102,-19.999200000000002,-22.223333333333333,27.271818181818183,17.24206896551724,31.25125,False,False,True,False,True
18853,3,Bulgaria,France,9.090000000000002,-28.571428571428573,-60.0,9.523333333333333,22.727272727272727,20.0,78.57142857142857,-12.0008,25.0,20.003,41.6625,14.287142857142857,False,False,True,False,True
18854,1,Canada,Türkiye,3.846923076923077,-16.666666666666668,-57.14142857142857,5.554999999999999,18.51888888888889,47.05882352941177,33.334583333333335,-16.66625,14.285,7.1450000000000005,8.693478260869565,56.25,False,,,False,True
18854,2,Canada,Türkiye,18.7490625,4.167916666666666,-35.714285714285715,0.0005000000000002558,15.62375,83.3325,33.33291666666667,-8.331666666666665,27.272727272727273,-10.002,8.0,21.428571428571427,False,False,True,True,False
18854,3,Canada,Türkiye,29.999000000000002,0.0008000000000004093,-19.997999999999998,27.778888888888886,33.332,35.71357142857143,28.570714285714285,-14.286190476190475,-0.0014285714285721593,-4.761428571428572,14.284642857142858,10.52842105263158,False,True,False,True,False
18854,4,Canada,Türkiye,50.0,-16.667083333333334,-11.11111111111111,10.0015,15.382692307692308,27.271818181818183,32.0008,-4.544545454545454,-58.33166666666667,16.665555555555557,13.04391304347826,45.45272727272727,False,True,False,True,False
18855,1,Argentina,Japan,33.33541666666667,-11.538076923076924,6.25,-5.881764705882353,26.923076923076923,11.112222222222222,20.68758620689655,-16.668333333333333,-27.274545454545454,9.092272727272727,16.665,0.0006666666666660604,False,,,True,False
18855,2,Argentina,Japan,44.829655172413794,-0.0004545454545456871,-64.70588235294117,4.545454545454546,20.002666666666663,0.0,58.06516129032258,-7.998399999999999,-18.74875,23.80809523809524,9.677741935483871,12.49875,False,True,False,False,True
18855,3,Argentina,Japan,38.70935483870968,-16.667083333333334,-31.579473684210527,13.635454545454547,31.24875,19.9995,28.948947368421052,-4.166666666666667,-38.46076923076923,19.999000000000002,12.496500000000001,45.83416666666667,False,False,True,False,True
18855,4,Argentina,Japan,39.285000000000004,-10.526315789473685,-54.9995,39.130434782608695,40.00033333333333,6.667333333333333,45.71171428571429,-8.0008,-40.0,17.647058823529413,3.0272727272727273,33.333333333333336,False,False,True,False,True
18856,1,Brazil,Cuba,37.500625,-33.33416666666667,-19.999000000000002,9.524285714285714,18.7503125,10.525263157894738,31.9996,-8.332916666666668,-44.999,31.25125,16.0,38.46076923076923,False,,,False,True
18856,2,Brazil,Cuba,53.334666666666664,-7.1425,-50.00125,0.0,34.48,19.999000000000002,48.0,-0.0007142857142870948,-50.000625,4.544545454545454,11.540384615384614,30.76923076923077,False,False,True,True,False
18856,3,Brazil,Cuba,24.998125,-18.18227272727273,-57.142857142857146,23.53,21.87625,31.577894736842108,56.0004,-25.000416666666666,-19.9995,11.112222222222222,14.285714285714286,46.666666666666664,False,True,False,False,True
18856,4,Brazil,Cuba,30.00133333333333,-14.285714285714286,-35.71357142857143,15.001,33.333333333333336,-5.262631578947369,49.99964285714286,-16.0004,-12.49875,27.77722222222222,29.999000000000002,15.001,False,False,True,False,True
18857,1,Netherlands,Slovenia,45.713142857142856,-21.21181818181818,-21.428571428571427,-0.0008333333333325754,12.118484848484847,27.271818181818183,30.554166666666667,-9.677741935483871,-52.940588235294115,19.998,24.32189189189189,37.5,False,,,True,False
18857,2,Netherlands,Slovenia,26.922307692307694,-18.18227272727273,-33.333333333333336,0.0019047619047615257,33.333333333333336,0.0,39.13173913043478,-11.999600000000001,-14.285714285714286,-6.25,21.73695652173913,17.648235294117647,False,True,False,False,True
18857,3,Netherlands,Slovenia,52.63157894736842,-7.999199999999999,-55.55555555555556,14.289285714285715,19.999000000000002,37.5,52.63157894736842,-24.9995,-27.273636363636363,-5.263684210526315,30.000999999999998,0.0,False,False,True,True,False
18857,4,Netherlands,Slovenia,13.332333333333333,-4.762380952380953,-50.0,9.999999999999998,16.12741935483871,50.0,32.25774193548387,-12.0,-0.0015384615384623256,16.66611111111111,26.666666666666668,36.8421052631579,False,True,False,False,True
18857,5,Netherlands,Slovenia,33.33185185185185,-32.0004,7.142857142857143,9.522857142857143,22.22,45.45454545454545,18.51851851851852,-11.11037037037037,-20.000666666666667,17.647058823529413,28.568571428571428,6.252500000000001,False,False,True,False,True
18858,1,Poland,USA,45.45590909090909,-12.499583333333334,0.0,-5.882352941176471,13.636363636363637,14.285714285714286,28.57107142857143,-17.391304347826086,-28.571428571428573,38.09238095238096,24.138965517241378,-0.0011111111111116794,False,,,True,False
18858,2,Poland,USA,55.555,0.0012000000000000454,-7.691538461538461,7.6923076923076925,29.408235294117645,12.5,19.04714285714286,-13.332666666666666,-40.0,0.0019047619047615257,9.997499999999999,-0.0012500000000006395,False,True,False,True,False
18858,3,Poland,USA,33.331515151515156,-0.0008000000000004093,-11.11111111111111,-10.527368421052632,16.126451612903224,41.66708333333333,34.48344827586207,-8.0,-40.0,-14.284285714285712,10.347586206896553,38.888888888888886,False,True,False,True,False
18859,1,Germany,Italy,16.665000000000003,-9.523809523809524,-18.75,-16.665,4.166666666666667,20.0,32.258709677419354,-16.0004,-22.22222222222222,17.650000000000002,19.353870967741937,61.10944444444445,False,,,False,True
18859,2,Germany,Italy,28.1240625,-34.999,-33.3325,14.285714285714286,29.032258064516128,33.333999999999996,41.38034482758621,-12.499583333333334,-6.25,38.46076923076923,36.0008,26.314210526315787,False,False,True,False,True
18859,3,Germany,Italy,31.81863636363636,-8.695652173913043,11.11111111111111,21.052105263157895,17.389130434782608,-42.85642857142857,44.0,-20.0,-7.693846153846154,5.26421052631579,27.269999999999996,16.6675,False,False,True,False,True
18860,1,Iran,Serbia,18.518148148148146,-7.999200000000001,-21.428571428571427,28.57238095238095,13.792068965517242,-6.25,40.74111111111111,-22.222962962962963,0.002000000000001023,10.0,25.925925925925927,-5.883529411764706,False,,,False,True
18860,2,Iran,Serbia,51.9996,-19.999200000000002,-0.0012499999999988631,24.999166666666667,32.0,27.272727272727273,17.856785714285714,-29.41235294117647,-71.42714285714285,20.000999999999998,31.035172413793102,22.22222222222222,False,False,True,True,False
18860,3,Iran,Serbia,19.230769230769234,-5.2631578947368425,-35.715714285714284,15.001,17.854999999999997,21.428571428571427,45.833333333333336,-8.0008,-11.110555555555557,0.0,30.43173913043478,20.0,False,True,False,False,True
18860,4,Iran,Serbia,10.523684210526316,-26.31736842105263,0.0,16.66611111111111,15.003,-40.001,42.10631578947368,-16.665833333333335,22.22222222222222,15.384615384615385,16.66888888888889,0.0,False,False,True,False,True
18861,1,France,Slovenia,0.0,-10.526842105263157,-66.66666666666667,-5.884117647058823,13.639090909090909,25.00125,55.55722222222222,-27.9996,-0.0010000000000005115,6.6706666666666665,31.57894736842105,50.0,False,,,False,True
18861,2,France,Slovenia,30.0,-27.27318181818182,-42.857142857142854,-0.0015000000000000568,20.689655172413794,38.46153846153846,38.096666666666664,-15.999600000000001,-18.750625,0.0006666666666670077,28.571428571428573,23.076923076923077,False,False,True,False,True
18861,3,France,Slovenia,55.55555555555556,-16.000799999999998,-7.142857142857143,0.0,22.225,-23.076153846153847,26.923461538461538,-8.69608695652174,-66.66777777777777,0.0015789473684211124,24.0,0.0,False,False,True,True,False
18861,4,France,Slovenia,8.822647058823529,0.0004761904761907198,10.0,9.090909090909092,24.999375,15.790526315789473,39.28321428571428,-11.536538461538461,-16.668333333333333,21.053684210526313,26.667333333333332,49.99944444444444,False,True,False,False,True
18862,1,Canada,Poland,61.111666666666665,-15.382307692307693,-39.999,23.075384615384618,29.408235294117645,55.55444444444444,20.832083333333333,-27.77777777777778,-50.0,19.048571428571428,17.39,-21.428571428571427,False,,,True,False
18862,2,Canada,Poland,52.38333333333333,-15.0,-22.221111111111114,-18.180454545454545,39.997499999999995,-14.285714285714286,50.0005,11.9992,-12.49875,6.249999999999999,4.761904761904762,9.090909090909092,False,True,False,False,True
18862,3,Canada,Poland,43.75125,-4.16625,-42.857142857142854,4.999499999999999,32.35647058823529,57.142857142857146,60.00066666666667,-12.5,-33.333333333333336,4.545,20.0,28.572142857142858,False,False,True,False,True
18862,4,Canada,Poland,34.61423076923077,-14.284761904761906,-50.0,4.546818181818183,26.920384615384613,71.42857142857143,56.52086956521739,-11.538846153846153,-33.333333333333336,-12.502500000000001,13.638636363636362,45.45727272727272,False,False,True,False,True
18863,1,Netherlands,Türkiye,30.43521739130435,-10.525789473684211,-39.999,0.00045454545454504114,36.36409090909091,50.0,49.999,4.000800000000001,18.182727272727274,12.499375,10.522105263157894,22.22222222222222,False,,,False,True
18863,2,Netherlands,Türkiye,35.9996,-19.04714285714286,0.0,0.0,20.835,-7.6923076923076925,54.54409090909091,-4.165833333333333,-23.076153846153847,12.499375,27.269999999999996,36.36272727272728,False,False,True,False,True
18863,3,Netherlands,Türkiye,59.9996,-16.66625,-27.273636363636363,-6.25,12.0,50.0,27.27227272727273,-5.263684210526315,-49.99875,-0.00235294117647012,19.05,39.999,False,False,True,True,False
18863,4,Netherlands,Türkiye,27.27030303030303,-3.9988,24.999166666666667,5.261578947368421,12.5015625,41.666666666666664,17.240000000000002,-4.761904761904762,14.285714285714286,0.0,17.24137931034483,77.77777777777777,False,True,False,True,False
18863,5,Netherlands,Türkiye,66.66666666666667,-6.666666666666667,22.22222222222222,25.0,44.44444444444444,66.66666666666667,0.0007142857142860797,0.0011111111111116794,-40.0,7.6923076923076925,14.281428571428572,-33.333333333333336,False,True,False,True,False
18864,1,Cuba,Germany,42.42636363636363,-11.999600000000001,-0.0006250000000003197,27.27227272727273,31.249375,5.555000000000001,31.2503125,-4.0004,-36.36363636363637,27.27409090909091,16.126451612903224,46.666666666666664,False,,,True,False
18864,2,Cuba,Germany,57.14142857142856,-15.998399999999998,-33.333333333333336,24.998124999999998,24.9995,-28.571428571428573,27.275,-20.0,-37.5,10.528947368421052,21.73913043478261,8.332500000000001,False,True,False,True,False
18864,3,Cuba,Germany,38.45884615384615,-22.22222222222222,-46.666666666666664,0.0,26.921538461538457,20.0,58.33166666666667,-7.6923076923076925,-33.33555555555555,21.428571428571427,8.000399999999999,35.71642857142857,False,True,False,False,True
18864,4,Cuba,Germany,34.48068965517241,4.0004,-18.180909090909093,19.046666666666667,29.032258064516128,66.66666666666667,34.48413793103448,-4.3478260869565215,-9.092727272727272,0.0,24.99857142857143,31.251875,False,False,True,True,False
18865,1,Japan,Serbia,45.45454545454545,-16.665833333333335,-29.999000000000002,12.498124999999998,25.002083333333335,22.221111111111114,21.052105263157895,-19.048571428571428,-25.0,0.0,41.17764705882353,-50.001,False,,,True,False
18865,2,Japan,Serbia,63.63636363636363,-12.0008,9.090909090909092,16.666666666666668,33.33428571428571,-0.0012499999999988631,30.43521739130435,-24.999375,-25.0,9.522857142857143,30.434782608695652,-22.22222222222222,False,True,False,True,False
18865,3,Japan,Serbia,29.167083333333334,-8.333333333333334,-9.090909090909092,-5.554444444444444,29.164166666666663,17.647058823529413,18.51851851851852,-13.042608695652175,-36.36090909090909,4.763333333333334,37.04,13.333333333333334,False,True,False,True,False
18866,1,Argentina,Brazil,3.22516129032258,-15.384615384615385,-60.0,9.524761904761906,19.998,-27.77722222222222,53.57071428571429,-16.000799999999998,-5.555555555555555,18.184545454545454,10.344827586206897,78.94684210526316,False,,,False,True
18866,2,Argentina,Brazil,45.71628571428572,-20.001199999999997,-25.0,0.0,15.628125,31.58,29.167916666666667,-4.999499999999999,-52.17173913043479,5.265789473684211,12.502083333333331,14.285714285714286,False,False,True,True,False
18866,3,Argentina,Brazil,49.99794117647058,-16.666666666666668,-25.0,16.667777777777776,13.8875,10.0015,33.33233333333333,-9.999500000000001,-44.44444444444444,15.788947368421054,22.580322580645163,21.052105263157895,False,True,False,True,False
18866,4,Argentina,Brazil,35.48516129032258,-24.999166666666667,-15.384615384615385,-5.262631578947368,17.240689655172414,5.883529411764706,41.66625,-12.5,-15.789473684210526,5.879999999999999,24.0004,42.85785714285714,False,True,False,False,True
18866,5,Argentina,Brazil,43.747499999999995,-9.090909090909092,-50.0,-7.144285714285715,24.99875,-27.270909090909093,56.25,6.665333333333333,-50.00125,30.000999999999998,19.997999999999998,10.001000000000001,False,False,True,False,True
18867,1,Bulgaria,Canada,25.925925925925927,-13.636363636363637,-21.051052631578948,5.5566666666666675,23.077692307692306,7.6923076923076925,43.333,-24.0,-0.0007142857142860797,26.316315789473684,24.140689655172416,-14.285,False,,,False,True
18867,2,Bulgaria,Canada,32.14071428571429,-17.24103448275862,-37.5,13.634545454545453,25.925925925925927,0.0014285714285721593,40.00033333333333,-20.688965517241378,-57.14357142857143,9.089090909090908,23.336000000000002,18.180909090909093,False,False,True,False,True
18867,3,Bulgaria,Canada,9.374062499999999,-4.165833333333333,-23.075384615384618,-4.545454545454546,15.151515151515152,50.00125,24.138620689655173,-7.407407407407407,-23.809047619047618,-4.999499999999999,27.58586206896552,71.42857142857143,False,False,True,False,True
18868,1,France,USA,49.999,-8.334166666666667,-27.271818181818183,27.77777777777778,31.575263157894735,11.11111111111111,25.001944444444444,-17.391739130434782,-40.0,19.048095238095236,17.14485714285714,33.3325,False,,,True,False
18868,2,France,USA,41.37862068965517,-31.9996,-14.284285714285714,47.061764705882354,25.924444444444447,50.0,18.51851851851852,-22.726363636363637,-50.001,12.499375,23.075769230769232,31.57894736842105,False,True,False,True,False
18868,3,France,USA,55.9992,-20.834166666666665,0.0,6.25,26.08869565217391,46.15538461538461,40.0,-22.72681818181818,-53.84538461538462,26.316315789473684,27.9956,-14.287142857142857,False,True,False,True,False
18869,1,Netherlands,Poland,14.283714285714284,3.45,-7.140714285714286,11.537692307692309,26.46941176470588,33.333333333333336,31.24875,-6.666333333333333,0.0005882352941171121,3.704444444444445,24.243636363636362,53.84538461538462,False,,,False,True
18869,2,Netherlands,Poland,26.085652173913044,-8.695652173913043,-23.077692307692306,19.9995,32.0,62.5,40.001599999999996,-20.000799999999998,8.332500000000001,5.262105263157895,34.78260869565217,27.272727272727273,False,False,True,False,True
18869,3,Netherlands,Poland,21.740434782608695,-5.2631578947368425,-33.33444444444444,-20.0,23.813333333333333,37.49875,52.6321052631579,4.165416666666668,-33.333333333333336,11.76764705882353,26.32,40.0,False,False,True,False,True
18870,1,Cuba,Japan,59.09090909090909,-8.0,-13.332666666666666,30.76923076923077,18.18227272727273,66.66666666666667,31.032068965517244,-27.77777777777778,-40.0,4.762857142857143,6.664000000000001,33.333333333333336,False,,,True,False
18870,2,Cuba,Japan,24.999375,-26.08695652173913,-20.0,-0.0013636363636364154,9.673548387096774,100.0,12.000399999999999,4.0004,0.0,12.49875,4.000800000000001,46.666666666666664,False,True,False,False,True
18870,3,Cuba,Japan,36.36181818181819,-12.0,-33.334583333333335,10.525789473684211,12.123636363636365,64.285,33.33571428571428,-20.833333333333332,-25.0,22.72590909090909,14.283333333333333,87.50125,False,False,True,False,True
18870,4,Cuba,Japan,59.091818181818184,-29.166666666666668,20.000999999999998,5.555,33.331428571428575,57.142857142857146,0.00037037037037003354,0.0005000000000002558,-40.0,17.645294117647058,7.691538461538461,25.0,False,False,True,True,False
18870,5,Cuba,Japan,24.138275862068966,-23.809047619047618,-14.285714285714286,5.261578947368421,18.517777777777777,27.271818181818183,27.272727272727273,-9.523809523809524,-30.0,0.0,4.549090909090909,46.15384615384615,False,True,False,False,True
18871,1,Iran,Italy,-4.545,-5.2631578947368425,-49.999,11.763529411764706,8.694782608695652,30.767692307692307,50.0,-30.768846153846155,36.36272727272728,17.647058823529413,16.66875,-8.333333333333334,False,,,False,True
18871,2,Iran,Italy,37.50083333333333,-5.263684210526316,-66.66777777777777,10.0015,30.434782608695652,-24.99875,65.38423076923077,-8.333333333333334,-33.333333333333336,12.499375,7.999199999999999,30.76923076923077,False,False,True,False,True
18871,3,Iran,Italy,-3.8461538461538463,-18.181818181818183,-30.0,-13.635909090909092,11.538076923076924,9.091818181818182,52.38095238095238,-0.0008000000000004093,15.385384615384615,11.11111111111111,15.0,13.331999999999999,False,False,True,False,True
18872,1,Brazil,Serbia,44.44481481481481,-25.0,-54.54363636363637,17.648823529411768,34.61538461538461,53.84461538461539,38.888888888888886,-22.72681818181818,0.0,17.649411764705885,23.53,-41.17588235294118,False,,,True,False
18872,2,Brazil,Serbia,57.89473684210526,-20.0004,0.0011111111111116794,0.0,30.000999999999998,18.749375,21.42892857142857,-24.9995,-71.42857142857143,34.999,25.0,-15.384615384615385,False,True,False,True,False
18872,3,Brazil,Serbia,29.033548387096772,-9.09,-66.66666666666667,15.789473684210526,15.6253125,18.749375,65.21695652173914,-24.0,-21.427142857142858,5.555555555555555,21.73695652173913,-6.25,False,True,False,False,True
18872,4,Brazil,Serbia,54.998000000000005,-8.0,-21.053684210526313,5.553888888888888,24.9985,0.0,24.999285714285715,-13.04304347826087,-42.855714285714285,4.763333333333334,7.406666666666666,-14.287142857142857,False,False,True,True,False
18873,1,Canada,Slovenia,37.93206896551724,-16.0,-9.522857142857143,5.263684210526316,31.03448275862069,50.000625,15.79,-4.544545454545454,-16.666666666666668,9.998999999999999,16.214594594594594,66.6661111111111,False,,,True,False
18873,2,Canada,Slovenia,25.80516129032258,-11.11111111111111,-42.85785714285714,-9.090909090909092,16.668666666666667,31.24875,37.498437499999994,4.0004,-30.76923076923077,31.2475,15.627500000000001,73.33266666666667,False,True,False,False,True
18873,3,Canada,Slovenia,29.62962962962963,-21.052105263157895,-8.335,-9.090909090909092,22.22259259259259,50.0,37.50083333333333,0.00041666666666687985,-30.0,13.333333333333334,33.333333333333336,42.857142857142854,False,False,True,False,True
18873,4,Canada,Slovenia,52.38,-4.16625,-14.286428571428571,0.0,18.181818181818183,63.63636363636363,29.999333333333333,-13.635909090909092,-75.0,14.285238095238096,13.330333333333332,60.001333333333335,False,False,True,True,False
18873,5,Canada,Slovenia,46.15461538461538,-18.180909090909093,-33.333333333333336,-7.142857142857143,0.0,33.333333333333336,36.844210526315784,14.285714285714286,0.0,0.0,11.107777777777777,77.77777777777777,False,True,False,False,True
18874,1,France,Türkiye,51.99879999999999,-35.9996,0.0,4.346956521739131,29.16333333333333,42.857142857142854,23.076923076923077,0.0,-33.33444444444444,13.333333333333334,27.272727272727273,42.85785714285714,False,,,False,True
18874,2,France,Türkiye,31.033793103448275,-16.0,-21.427857142857142,27.77722222222222,30.0,57.14357142857143,27.586896551724138,-21.739565217391306,-26.667333333333332,20.0,31.03448275862069,6.6659999999999995,False,False,True,True,False
18874,3,France,Türkiye,36.36363636363637,8.333333333333334,-0.0014285714285721593,7.6923076923076925,19.044761904761906,54.54545454545455,19.04714285714286,-17.647058823529413,-9.090909090909092,-9.090909090909092,21.742608695652173,9.999,False,True,False,True,False
18874,4,France,Türkiye,52.94117647058823,8.0008,-16.666666666666668,30.0,35.712857142857146,14.284285714285714,22.22277777777778,-28.571428571428573,-62.50125,-0.0004761904761907198,27.774444444444445,0.0,False,True,False,True,False
18875,1,Bulgaria,USA,34.284285714285716,-24.999583333333334,0.0026315789473690195,22.22222222222222,14.705882352941176,66.666,14.283928571428572,-9.090454545454547,-17.64764705882353,12.5,7.140714285714286,35.294117647058826,False,,,True,False
18875,2,Bulgaria,USA,71.42857142857143,-3.9995999999999996,-28.572142857142858,-5.884117647058823,4.351304347826087,33.33583333333333,32.14178571428572,-4.999,-54.54636363636364,18.18136363636364,24.997142857142858,30.0,False,True,False,True,False
18875,3,Bulgaria,USA,21.428214285714287,-13.636363636363637,-54.54545454545455,4.9975,10.34206896551724,42.855714285714285,39.285714285714285,-15.999600000000001,-0.0014285714285721593,11.112222222222222,14.287857142857144,52.942352941176466,False,True,False,False,True
18875,4,Bulgaria,USA,46.42857142857143,-0.0008000000000004093,0.0,21.051052631578944,15.383461538461539,17.647058823529413,33.33166666666666,-4.761904761904762,-16.666666666666668,8.695652173913043,10.002666666666668,11.11277777777778,False,False,True,True,False
18876,1,Italy,Japan,14.705588235294117,-8.33375,-15.789473684210526,18.18227272727273,12.118181818181817,44.44555555555556,19.442777777777778,-8.3325,-16.666666666666668,4.9985,11.10861111111111,45.833333333333336,False,,,False,True
18876,2,Italy,Japan,50.00205882352941,-16.665833333333335,-5.557777777777777,31.25,20.002666666666663,45.0005,15.15030303030303,-5.882352941176471,-43.75,20.000999999999998,21.215454545454545,63.15736842105263,False,False,True,True,False
18876,3,Italy,Japan,55.0015,-23.076538461538462,33.33266666666667,0.0,26.31578947368421,-8.333333333333334,-3.3326666666666664,-11.764705882352942,-25.0,0.0,12.50375,30.0,False,True,False,True,False
18876,4,Italy,Japan,69.23076923076923,0.00041666666666687985,-33.333333333333336,25.0,-15.789473684210526,0.0,41.66833333333333,-5.555555555555555,-25.0,-6.248749999999999,-35.0,-16.666666666666668,False,True,False,True,False
18877,1,Argentina,Germany,13.333666666666666,-13.635909090909092,6.25,19.046666666666667,16.664666666666665,5.2631578947368425,20.69,-8.33375,-10.001000000000001,15.790526315789473,23.329666666666665,20.00133333333333,False,,,False,True
18877,2,Argentina,Germany,43.998400000000004,-8.333333333333334,-31.25,20.002,33.33541666666667,0.0,29.63074074074074,-24.9995,-16.665833333333335,4.762380952380953,25.925925925925927,-7.143571428571428,False,False,True,True,False
18877,3,Argentina,Germany,43.47826086956522,-7.9996,0.0011111111111101006,6.25,36.0036,16.66611111111111,21.8746875,-14.286666666666665,-18.182727272727274,13.042608695652175,34.3740625,11.764117647058825,False,True,False,True,False
18877,4,Argentina,Germany,49.99909090909091,-8.332916666666668,-24.9995,6.251250000000001,54.54545454545455,0.0,32.25838709677419,-27.271818181818183,0.0,31.81681818181818,26.66466666666667,0.0015789473684211124,False,True,False,True,False
18878,1,Cuba,Iran,48.0012,-8.000399999999999,-38.89,33.333999999999996,24.99875,45.45454545454545,36.0008,-24.9995,-33.3325,20.002000000000002,15.384615384615385,0.0,False,,,True,False
18878,2,Cuba,Iran,14.28714285714286,-28.57,-36.36454545454546,-4.545454545454546,12.499583333333334,-11.11111111111111,52.63157894736842,-0.0012000000000000454,-33.33416666666667,40.001,22.724090909090908,90.91,False,True,False,False,True
18878,3,Cuba,Iran,35.483870967741936,0.00040000000000020466,-27.77722222222222,11.76529411764706,24.135172413793107,47.05882352941177,31.248437499999998,-14.284285714285712,-26.666,13.044347826086955,18.75,26.31578947368421,False,False,True,True,False
18878,4,Cuba,Iran,46.663666666666664,-8.332500000000001,-31.57894736842105,-4.999499999999999,9.375,53.333333333333336,28.570357142857144,0.0004545454545456871,-50.0,0.0010000000000005115,14.816666666666665,0.0007142857142850646,False,True,False,True,False
18879,1,Poland,Slovenia,34.78260869565217,-9.523333333333333,-49.999,15.789473684210526,26.08478260869565,-9.090909090909092,58.334583333333335,-16.666666666666668,-50.0,10.526315789473685,20.0004,75.0,False,,,False,True
18879,2,Poland,Slovenia,55.17206896551724,-28.57190476190476,-35.714285714285715,-4.16625,17.24137931034483,53.332,41.37965517241379,7.9996,-33.33416666666667,14.287142857142857,18.52,42.10421052631579,False,False,True,False,True
18879,3,Poland,Slovenia,30.434782608695652,-10.525263157894736,-42.857142857142854,-4.998,33.3375,50.0,59.9985,-0.0004166666666662877,-25.000833333333333,12.5,40.0,15.386923076923077,False,False,True,False,True
18880,1,Brazil,Italy,49.99818181818182,-16.667083333333334,23.076923076923077,0.0,17.391304347826086,33.333333333333336,8.332500000000001,-16.666666666666668,-44.44444444444444,10.528947368421052,4.17,14.284285714285714,False,,,True,False
18880,2,Brazil,Italy,29.62925925925926,-31.24875,-33.333333333333336,4.34695652173913,15.383846153846154,14.285714285714286,47.9996,4.16875,-15.384615384615385,36.36545454545455,9.52,33.333333333333336,False,True,False,False,True
18880,3,Brazil,Italy,20.587352941176473,-12.500833333333333,0.0011111111111101006,11.112777777777778,17.647058823529413,45.001,21.427857142857142,-17.39217391304348,-26.31578947368421,23.809047619047618,21.875,15.384615384615385,False,False,True,True,False
18880,4,Brazil,Italy,24.999000000000002,-5.555555555555555,-18.180909090909093,-9.525714285714287,20.0,-10.0,43.47652173913043,8.331666666666665,39.998000000000005,23.53058823529412,13.047391304347824,-16.665833333333335,False,True,False,False,True
18880,5,Brazil,Italy,33.33222222222222,-14.285,-60.0,12.5,11.113333333333335,-50.0,73.33466666666666,-46.66733333333333,-100.0,58.33416666666667,40.0,0.0,False,False,True,False,True
18881,1,Türkiye,USA,57.692692307692305,-8.0,-15.79,12.50125,15.385384615384615,40.0,33.333333333333336,-19.9995,-20.0,21.740434782608695,21.21121212121212,28.57,False,,,True,False
18881,2,Türkiye,USA,19.999000000000002,-22.727272727272727,-6.249375,-15.789473684210526,24.999000000000002,38.46153846153846,18.520370370370372,-8.000399999999999,-7.6923076923076925,18.752499999999998,34.61538461538461,46.15384615384615,False,True,False,False,True
18881,3,Türkiye,USA,29.03290322580645,-15.385384615384615,-12.5,4.999499999999999,21.21212121212121,52.38142857142857,36.36424242424243,-18.51962962962963,-9.090909090909092,9.523333333333333,20.68758620689655,20.0,False,False,True,False,True
18881,4,Türkiye,USA,23.334,-33.33238095238095,-39.998666666666665,15.787894736842107,16.129032258064516,92.85571428571428,36.001999999999995,-16.0,-46.15384615384615,30.77153846153846,20.832083333333333,38.888333333333335,False,False,True,False,True
18882,1,Bulgaria,Netherlands,14.814444444444446,-25.0,-16.666666666666668,-9.523809523809524,25.00142857142857,60.0,52.6321052631579,-3.9987999999999992,-0.0007692307692311628,18.180909090909093,20.0025,77.77777777777777,False,,,False,True
18882,2,Bulgaria,Netherlands,29.1675,-4.166666666666667,-18.180909090909093,-7.144285714285715,13.04391304347826,75.0,22.221851851851852,-20.0005,-30.77,0.0,7.406666666666666,75.0,False,False,True,True,False
18882,3,Bulgaria,Netherlands,-10.526842105263157,-23.076923076923077,20.0,-15.001,19.997999999999998,-22.22222222222222,52.94,-8.0,12.49875,22.22222222222222,23.52823529411765,100.0,False,True,False,False,True
18882,4,Bulgaria,Netherlands,33.33291666666667,-9.522857142857143,-20.000999999999998,10.000499999999999,12.000399999999999,16.666666666666668,39.284285714285716,-8.332916666666668,-44.44444444444444,0.0011111111111116794,22.222962962962963,45.45363636363636,False,False,True,False,True
18883,1,Germany,Serbia,27.4995,-4.167083333333333,-52.9435294117647,24.999000000000002,21.050526315789472,69.23076923076923,29.63,-9.09,-9.523809523809524,4.761904761904762,25.924814814814816,21.428571428571427,False,,,True,False
18883,2,Germany,Serbia,35.71178571428572,-12.0008,-5.881764705882354,23.529411764705884,22.22222222222222,21.427857142857142,16.128387096774194,-9.999500000000001,-20.002,33.333333333333336,24.240909090909092,-9.999500000000001,False,True,False,True,False
18883,3,Germany,Serbia,34.48310344827586,-16.667083333333334,-9.090000000000002,10.529473684210526,24.13413793103448,11.110000000000001,13.636818181818182,-9.523809523809524,-11.766470588235293,-0.0016666666666667299,30.43565217391304,7.693076923076924,False,True,False,True,False
18884,1,Argentina,Iran,32.25774193548387,-21.73913043478261,-16.665833333333335,4.34695652173913,25.807741935483868,37.499375,30.43521739130435,4.0,-25.002499999999998,38.88666666666667,23.9972,-11.112222222222222,False,,,False,True
18884,2,Argentina,Iran,39.02585365853658,-16.127096774193546,-11.763529411764706,28.569285714285712,47.5,46.66733333333333,30.554722222222225,0.0,-23.078461538461536,15.998399999999998,19.99942857142857,33.33277777777778,False,False,True,True,False
18884,3,Argentina,Iran,3.3329999999999997,-4.9985,-28.572857142857142,24.9995,18.514444444444443,54.54545454545455,47.61857142857143,-20.000799999999998,-19.999000000000002,23.53058823529412,20.0,41.666666666666664,False,True,False,False,True
18884,4,Argentina,Iran,45.45409090909091,-11.999600000000001,19.999000000000002,46.666000000000004,23.80809523809524,36.36545454545455,24.139655172413793,-24.9985,-55.55444444444444,27.27227272727273,3.7037037037037037,33.33444444444444,False,False,True,True,False
18884,5,Argentina,Iran,56.25,-13.332666666666666,-60.0,25.001666666666665,41.17941176470589,33.333333333333336,35.29470588235294,-7.6923076923076925,-25.0,30.77,5.885294117647058,33.33166666666667,False,True,False,True,False
18885,1,Brazil,Germany,40.90909090909091,3.8457692307692306,-0.001764705882353844,18.182727272727274,28.568571428571424,28.571428571428573,9.676129032258066,-20.0,-27.272727272727273,15.998399999999998,19.35451612903226,38.46076923076923,False,,,True,False
18885,2,Brazil,Germany,70.58823529411765,-4.167083333333333,-37.498125,18.181818181818183,16.667777777777776,45.45363636363636,37.03666666666667,-35.29470588235294,-25.0,36.36272727272728,27.586206896551722,-10.0,False,True,False,True,False
18885,3,Brazil,Germany,66.66533333333334,4.0,-23.529411764705884,-10.0,20.002666666666663,85.71428571428571,19.23153846153846,-26.667333333333332,-66.66666666666667,13.045217391304348,26.92615384615385,-11.11,False,True,False,True,False
18886,1,Bulgaria,Poland,42.855714285714285,-16.66625,12.5,23.52764705882353,15.789473684210526,0.0,22.726363636363637,-18.181818181818183,-22.221111111111114,24.999375,20.83375,36.36272727272728,False,,,True,False
18886,2,Bulgaria,Poland,42.309230769230766,-22.72681818181818,-33.333333333333336,24.9985,30.43173913043478,27.272727272727273,66.66761904761904,-12.500833333333333,-29.999000000000002,29.409999999999997,31.818181818181817,-8.333333333333334,False,True,False,False,True
18886,3,Bulgaria,Poland,20.69,-26.314736842105265,-9.092727272727274,0.00045454545454504114,36.66966666666667,50.0,28.0016,3.9995999999999996,-6.665333333333333,28.572857142857142,23.075384615384618,64.28428571428572,False,False,True,False,True
18886,4,Bulgaria,Poland,35.712857142857146,-42.10473684210526,-24.99875,18.182727272727274,23.07461538461538,27.272727272727273,36.36227272727273,0.0,-28.571428571428573,27.272727272727273,27.27227272727273,49.99916666666667,False,False,True,False,True
18887,1,Iran,Japan,42.30461538461539,8.334166666666667,-27.274545454545454,19.04952380952381,29.633333333333333,-18.749375,58.06258064516129,-12.500833333333333,-50.00083333333333,-0.0027272727272728307,21.431071428571432,63.63636363636363,False,,,False,True
18887,2,Iran,Japan,42.85857142857143,-22.72681818181818,-22.221666666666668,9.523809523809524,7.141785714285713,33.333333333333336,35.29470588235294,-15.999600000000001,-30.76923076923077,23.53,17.648235294117647,52.94176470588235,False,False,True,False,True
18887,3,Iran,Japan,57.142857142857146,-44.44611111111111,-81.81818181818181,14.287142857142856,9.52095238095238,-12.5,73.68263157894737,-4.165416666666666,-45.45636363636363,29.999000000000002,26.313157894736843,15.384615384615385,False,False,True,False,True
18888,1,Argentina,USA,29.99833333333333,-4.165416666666666,-36.36363636363637,4.999499999999999,20.692068965517244,43.7525,36.66733333333333,-12.499583333333334,0.0,22.729545454545455,33.32933333333333,40.00066666666667,False,,,False,True
18888,2,Argentina,USA,33.333703703703705,-28.57095238095238,-39.999,21.05315789473684,14.815185185185184,20.000999999999998,46.15384615384615,-24.0004,-22.22222222222222,26.666666666666668,34.61769230769231,53.84615384615385,False,False,True,False,True
18888,3,Argentina,USA,33.333636363636366,-20.0004,-29.999000000000002,14.286190476190475,41.173529411764704,54.54545454545455,44.44444444444444,-16.0,0.0,31.577368421052633,32.142857142857146,33.333999999999996,False,False,True,False,True
18889,1,Canada,Cuba,39.285357142857144,-28.0004,-0.0005555555555550503,18.74875,25.92185185185185,66.66666666666667,14.815185185185184,-19.046666666666667,-30.0,16.669444444444444,19.23153846153846,33.33416666666667,False,,,True,False
18889,2,Canada,Cuba,42.309615384615384,-8.0,-18.182727272727274,12.0,25.002916666666668,-42.857142857142854,45.833333333333336,-0.00037037037037055987,-27.271818181818183,-5.002000000000001,9.087272727272726,7.142142857142858,False,True,False,False,True
18889,3,Canada,Cuba,39.999,-8.0,7.6923076923076925,15.384615384615385,20.0005,0.0,23.52794117647059,-35.0,-23.076923076923077,21.740434782608695,12.123636363636365,11.11111111111111,False,False,True,True,False
18889,4,Canada,Cuba,56.665333333333336,-14.284642857142856,-41.1764705882353,20.83125,33.336,50.001,34.3728125,-7.408148148148149,-47.06,8.695652173913043,3.3333333333333335,58.333333333333336,False,True,False,True,False
18890,1,Slovenia,Türkiye,32.25806451612903,4.167916666666667,0.0007142857142860797,14.999500000000001,24.242727272727272,49.999545454545455,15.790526315789473,4.348260869565217,-18.181818181818183,13.634545454545453,29.726216216216212,52.17521739130434,False,,,True,False
18890,2,Slovenia,Türkiye,27.77861111111111,-19.230384615384615,10.003,24.999000000000002,19.442222222222224,28.57095238095238,23.52852941176471,-16.665833333333335,-5.882352941176471,9.523809523809524,24.99875,28.572857142857142,False,True,False,True,False
18890,3,Slovenia,Türkiye,34.48413793103448,-0.0008333333333337597,-16.666666666666668,-11.764705882352942,20.68758620689655,50.0,33.334761904761905,-4.761904761904762,-27.272727272727273,-0.0019047619047628792,21.051578947368423,14.285,False,True,False,True,False
18891,1,Germany,Japan,21.8746875,-13.637272727272727,-12.500625,30.0,29.41176470588235,29.165833333333335,28.94736842105263,-16.0,-33.333999999999996,21.05263157894737,23.07923076923077,59.08954545454546,False,,,False,True
18891,2,Germany,Japan,46.42821428571428,-4.0,-36.36363636363637,30.0,24.997142857142855,33.33266666666667,39.28642857142857,-9.09,-40.0,-9.522857142857143,17.859285714285715,26.665333333333333,False,False,True,True,False
18891,3,Germany,Japan,55.555925925925926,-7.6923076923076925,-69.23076923076923,19.044761904761906,29.163749999999997,19.999000000000002,69.56521739130434,-19.23076923076923,-22.22,9.523809523809524,41.66791666666666,0.0006666666666670077,False,True,False,True,False
18891,4,Germany,Japan,34.61769230769231,-4.16625,-57.14214285714286,36.84157894736842,7.140000000000001,0.0,60.0,-17.391304347826086,-11.111666666666666,0.0,34.78260869565217,15.386153846153844,False,True,False,False,True
18891,5,Germany,Japan,50.0,-37.49875,-60.0,-7.142857142857143,20.0,-28.571428571428573,64.28428571428572,6.668000000000001,-49.998333333333335,19.997999999999998,7.142857142857143,44.44444444444444,False,False,True,False,True
18892,1,Netherlands,Serbia,4.545000000000001,-11.76529411764706,-57.142857142857146,-5.0015,25.00333333333333,-60.0,50.00111111111111,-12.0,-0.0009999999999990906,15.383846153846154,31.579473684210527,66.66666666666667,False,,,False,True
18892,2,Netherlands,Serbia,13.044782608695654,-23.809047619047618,23.076153846153847,-5.0,25.000833333333333,11.11111111111111,22.72681818181818,-4.166666666666666,-18.181818181818183,-6.668666666666667,4.761428571428572,21.428571428571427,False,False,True,False,True
18892,3,Netherlands,Serbia,65.38538461538461,-20.83458333333333,-70.001,-8.694347826086956,18.51851851851852,60.0,66.6661111111111,3.8461538461538463,-81.81818181818181,-5.881764705882354,11.108333333333333,-16.665000000000003,False,False,True,False,True
18893,1,France,Italy,48.0,-12.500416666666666,-85.71428571428571,16.666666666666668,15.383076923076922,25.0,46.15346153846154,-25.0,-42.857142857142854,5.264736842105263,30.766153846153845,60.0,False,,,True,False
18893,2,France,Italy,27.273636363636363,-21.05263157894737,11.110000000000001,10.0015,8.330833333333333,-55.55555555555556,40.0,-12.501249999999999,8.3325,33.333333333333336,20.833333333333332,49.999,False,True,False,False,True
18893,3,France,Italy,28.571428571428573,-12.5,-11.11111111111111,19.9995,16.666666666666668,57.89526315789474,34.614615384615384,-12.499583333333334,-23.53,0.0,39.996,64.28642857142857,False,False,True,True,False
18893,4,France,Italy,5.001,-14.999,-33.333333333333336,55.556666666666665,55.001,-27.272727272727273,42.30961538461539,-25.000416666666666,50.0,23.531764705882352,19.23384615384615,63.63545454545454,False,True,False,False,True
18893,5,France,Italy,36.84263157894737,-7.143571428571429,25.0,10.0,5.262631578947368,66.66666666666667,4.9995,0.0009090909090913742,-40.0,8.331666666666665,24.9995,66.66666666666667,False,False,True,True,False
18894,1,Brazil,Iran,42.308461538461536,0.0,-53.84615384615385,7.6923076923076925,30.766153846153845,36.84157894736842,42.856785714285714,-31.57894736842105,-9.090909090909092,-0.0018181818181821025,0.0038461538461536274,0.0,False,,,True,False
18894,2,Brazil,Iran,38.46384615384615,-27.27136363636364,-36.36454545454546,-0.0010000000000005115,22.22222222222222,20.0,36.36181818181819,-12.001199999999999,-54.54545454545455,6.251250000000001,13.639090909090912,10.0,False,True,False,False,True
18894,3,Brazil,Iran,37.49875,7.999199999999999,-27.274545454545454,14.285714285714286,33.333333333333336,83.33333333333333,13.042173913043479,-6.25,0.0,-13.636363636363637,4.166666666666667,7.693846153846154,False,False,True,True,False
18894,4,Brazil,Iran,51.9988,-20.832916666666666,-50.001,5.555,31.9996,-7.6923076923076925,37.038888888888884,-20.833333333333332,-41.666666666666664,15.789473684210526,13.79586206896552,50.0,False,True,False,True,False
18895,1,Bulgaria,Germany,29.999333333333333,-19.9996,-25.00125,38.88666666666667,22.581935483870968,30.0,29.998,-28.0004,0.0008333333333337597,20.0005,17.952820512820512,33.333333333333336,False,,,False,True
18895,2,Bulgaria,Germany,24.139655172413793,0.0,-14.285714285714286,24.9985,35.71714285714286,39.998666666666665,21.875,-8.694782608695652,-30.0,0.0,28.128749999999997,52.942352941176466,False,False,True,True,False
18895,3,Bulgaria,Germany,3.8461538461538463,-17.647058823529413,-8.334166666666667,9.090454545454547,38.46038461538462,15.386153846153848,33.33428571428571,-0.0008333333333337597,-12.501249999999999,-16.668333333333333,38.09761904761905,61.53846153846154,False,True,False,False,True
18895,4,Bulgaria,Germany,19.9995,-12.5,-60.0,5.000500000000001,28.568095238095236,-40.001,57.142857142857146,-12.0008,-20.0,30.76923076923077,28.568571428571424,24.999166666666667,False,False,True,False,True
18896,1,Poland,Türkiye,29.16625,-8.0,19.999000000000002,6.668,18.18,18.181818181818183,14.285357142857142,-20.0,-25.000833333333333,18.181818181818183,17.243793103448276,18.180909090909093,False,,,True,False
18896,2,Poland,Türkiye,59.092727272727274,12.0,15.386153846153844,-20.0,15.0,84.61692307692307,7.691923076923077,0.0,-50.0,8.0,15.387692307692308,-12.5,False,True,False,True,False
18896,3,Poland,Türkiye,26.08782608695652,-4.166666666666667,-10.0,15.384615384615385,8.335833333333335,49.999375,16.13032258064516,-34.9995,9.090909090909092,9.52190476190476,24.135517241379308,39.998000000000005,False,True,False,True,False
18897,1,Cuba,Netherlands,38.093333333333334,-16.0016,-40.0,27.77777777777778,14.285714285714286,-14.285714285714286,46.42821428571428,-28.0,-25.0,19.9985,14.285714285714286,61.53769230769231,False,,,False,True
18897,2,Cuba,Netherlands,36.66566666666667,-16.666666666666668,-14.286428571428571,20.002000000000002,13.332333333333334,54.54545454545455,14.813703703703702,-4.545454545454546,-13.332666666666666,25.0,22.221111111111114,16.666666666666668,False,False,True,True,False
18897,3,Cuba,Netherlands,19.231153846153845,-9.523809523809524,-25.0,-5.0005,19.23076923076923,18.75125,32.144642857142856,-4.165416666666666,-16.6675,26.316842105263156,17.854285714285712,90.9090909090909,False,True,False,False,True
18897,4,Cuba,Netherlands,44.999,-18.18227272727273,-36.36363636363637,-13.634545454545453,28.57238095238095,28.571428571428573,30.434782608695652,8.0008,-40.001,22.22,4.548636363636363,33.33444444444444,False,False,True,False,True
18898,1,Italy,USA,24.999444444444446,-7.999199999999999,-31.580526315789474,18.180909090909093,12.120303030303031,55.555,10.81081081081081,-4.3478260869565215,-14.285238095238096,14.285238095238096,27.024324324324322,70.0005,False,,,True,False
18898,2,Italy,USA,29.03322580645161,-7.999199999999999,-11.11111111111111,4.762857142857143,18.75,49.999375,20.0,-7.997999999999999,-38.88944444444444,27.27227272727273,25.806451612903224,28.572857142857142,False,True,False,True,False
18898,3,Italy,USA,41.9341935483871,0.0020000000000004545,-35.714285714285715,17.64588235294118,12.49625,63.1578947368421,37.03740740740741,-10.000499999999999,-18.750625,4.763333333333334,26.920384615384613,53.333333333333336,False,True,False,True,False
18899,1,Argentina,Canada,31.81772727272727,-16.666666666666668,25.0,46.152307692307694,36.36772727272727,63.63636363636363,8.3325,-26.31578947368421,-22.22222222222222,5.0,15.9992,50.0,False,,,True,False
18899,2,Argentina,Canada,32.25806451612903,-13.041739130434781,-38.46230769230769,13.637727272727272,32.25516129032258,33.333333333333336,42.856785714285714,-8.333333333333334,-12.5,21.050526315789472,28.571428571428573,69.23076923076923,False,True,False,False,True
18899,3,Argentina,Canada,27.778333333333332,0.0,-0.0012500000000006395,15.790526315789473,13.885,61.108333333333334,21.62162162162162,-13.636363636363637,-35.0,8.694782608695652,21.055526315789475,58.8235294117647,False,False,True,True,False
18899,4,Argentina,Canada,47.82521739130435,-7.999199999999998,-40.0,15.386923076923077,33.33428571428571,100.0,60.001,-33.33380952380952,-14.285714285714286,10.000499999999999,42.857142857142854,-8.333333333333334,False,True,False,True,False
18900,1,Bulgaria,Iran,6.6676666666666655,-24.9995,-36.36454545454546,0.0,28.569285714285716,20.000999999999998,43.751875,-15.9992,15.383076923076922,-7.142857142857143,26.663999999999998,-8.334166666666667,False,,,False,True
18900,2,Bulgaria,Iran,29.411176470588234,-19.999200000000002,-5.882352941176471,4.544090909090909,31.25,46.66733333333333,3.448965517241379,9.090909090909092,-25.000625,25.000999999999998,35.715714285714284,-5.0,False,False,True,True,False
18900,3,Bulgaria,Iran,45.83416666666667,-20.8325,11.111666666666666,19.048571428571428,22.72909090909091,-33.33266666666667,17.14257142857143,-8.332083333333332,-25.0,42.10526315789474,24.323243243243244,-5.556111111111111,False,True,False,True,False
18900,4,Bulgaria,Iran,27.778333333333332,-28.57190476190476,25.0,-19.9995,21.05263157894737,0.0,15.001,8.332916666666668,0.0008333333333325754,7.143571428571429,10.002499999999998,45.45454545454545,False,True,False,False,True
18900,5,Bulgaria,Iran,0.0009999999999990906,-13.334,75.0,-12.49875,20.0,20.0,-36.36545454545455,-18.180909090909093,11.11111111111111,-19.999000000000002,9.093636363636364,60.0,False,False,True,True,False
18901,1,Brazil,Slovenia,26.666,-7.69423076923077,-25.00125,-5.0015,12.5,52.940588235294115,36.36454545454546,-15.385384615384615,-33.33416666666667,-4.761904761904762,24.241212121212122,68.42210526315789,False,,,False,True
18901,2,Brazil,Slovenia,40.74037037037037,-8.332916666666668,-63.63545454545454,21.051578947368423,25.924814814814816,36.36363636363637,42.85607142857143,-20.83375,0.0,19.049047619047617,37.03333333333334,-22.221666666666668,False,False,True,True,False
18901,3,Brazil,Slovenia,44.444074074074074,-16.0,-37.5,15.79,14.2875,14.285238095238096,40.62375,-15.999600000000001,-42.857142857142854,19.047619047619047,19.35483870967742,26.316842105263156,False,True,False,False,True
18901,4,Brazil,Slovenia,53.847307692307695,-16.667083333333334,-0.0014285714285721593,10.529473684210526,23.07461538461538,22.22222222222222,42.85523809523809,-13.635454545454547,-58.333333333333336,-0.001052631578947907,23.813333333333333,-11.11111111111111,False,False,True,True,False
18901,5,Brazil,Slovenia,9.997499999999999,-8.3325,-66.66666666666667,18.181818181818183,15.002,38.46153846153846,47.37052631578947,-26.665333333333333,-10.0,18.180909090909093,15.789473684210526,63.63545454545454,False,True,False,False,True
18902,1,Japan,Poland,7.141785714285713,0.0005555555555558397,-28.571428571428573,27.27227272727273,17.86,-11.11,45.833333333333336,-4.1675,5.554444444444444,18.75,32.0,90.001,False,,,False,True
18902,2,Japan,Poland,7.143571428571428,0.0,-28.57095238095238,4.348695652173913,6.896551724137931,21.43,40.625625,-8.0008,-11.764705882352942,38.46,46.668,78.57071428571429,False,False,True,False,True
18902,3,Japan,Poland,14.285238095238096,-14.284285714285712,-37.50125,15.788947368421054,16.666666666666668,-7.691538461538461,34.78260869565217,-20.832916666666666,12.5,17.64764705882353,52.17391304347826,9.091818181818182,False,False,True,False,True
18903,1,Cuba,Italy,20.0,-9.523809523809524,-42.857142857142854,0.0,16.66933333333333,-7.691538461538461,35.0,-7.9996,-11.76529411764706,6.24875,25.002000000000002,49.99875,False,,,False,True
18903,2,Cuba,Italy,30.76846153846154,-15.999600000000001,0.0,5.26421052631579,16.665,14.285714285714286,25.927037037037035,-20.833333333333332,-23.076923076923077,21.050526315789472,34.615,16.6675,False,False,True,True,False
18903,3,Cuba,Italy,19.046666666666667,-31.57842105263158,-50.0,12.502500000000001,34.77913043478261,16.666666666666668,55.001,-31.9996,-11.11111111111111,30.76923076923077,35.001,16.666666666666668,False,True,False,False,True
18903,4,Cuba,Italy,33.33428571428571,-14.285714285714286,-50.00071428571429,4.34913043478261,34.9985,0.0,63.63681818181818,12.49875,-20.0,33.33083333333333,19.997999999999998,11.112222222222222,False,False,True,False,True
18904,1,France,Netherlands,33.333333333333336,0.0,-0.0009090909090900823,11.111666666666666,8.33,40.001333333333335,16.129032258064516,-9.522380952380951,-36.36454545454546,22.728181818181817,25.80516129032258,43.75,False,,,True,False
18904,2,France,Netherlands,25.0,-19.046666666666667,-33.33222222222222,17.647058823529413,39.997499999999995,50.0,63.15842105263158,-24.999166666666667,-45.45454545454545,24.999375,47.36842105263158,60.0,False,True,False,False,True
18904,3,France,Netherlands,51.85,-8.332916666666668,-24.99875,23.528823529411767,20.0032,17.646470588235296,24.9990625,-10.0,-46.15384615384615,22.726363636363633,29.410588235294117,26.666666666666668,False,False,True,True,False
18904,4,France,Netherlands,40.74037037037037,-12.0,-40.0,26.31578947368421,25.925925925925927,63.63636363636363,21.428571428571427,-9.091363636363637,-46.15384615384615,28.57238095238095,42.85392857142857,63.63636363636363,False,True,False,True,False
18905,1,Serbia,USA,45.16161290322581,-16.66625,-41.66583333333333,26.314210526315787,3.121875,69.23076923076923,40.0012,-20.833333333333332,-28.570714285714285,21.05263157894737,19.233076923076922,-0.0015384615384601392,False,,,True,False
18905,2,Serbia,USA,23.9984,6.249375,-39.999,-4.546363636363637,20.83125,0.0,67.9984,0.0,8.334166666666667,13.332666666666666,36.0008,69.23,False,True,False,False,True
18905,3,Serbia,USA,30.303030303030305,-13.04304347826087,0.0,42.857619047619046,21.872500000000002,18.750625,39.3930303030303,-16.0,-42.85642857142857,22.221111111111114,34.37875,42.10473684210526,False,False,True,False,True
18905,4,Serbia,USA,3.0306060606060603,-26.666,0.0012499999999988631,9.094545454545456,16.667333333333332,23.529411764705884,34.780869565217394,0.0,-6.250625,45.45454545454545,42.857142857142854,50.00111111111111,False,False,True,False,True
18906,1,Iran,Türkiye,35.48290322580645,-20.832916666666666,-30.0,17.648823529411764,16.126451612903224,53.333999999999996,34.61692307692308,-21.740434782608695,-27.77722222222222,-5.5566666666666675,7.694999999999999,25.0,False,,,True,False
18906,2,Iran,Türkiye,22.22083333333333,-20.83458333333333,-19.999333333333333,15.791578947368421,17.647058823529413,57.89368421052632,33.33266666666667,-16.666666666666668,-15.001499999999998,21.05263157894737,10.0,47.059411764705885,False,True,False,False,True
18906,3,Iran,Türkiye,40.0012,-17.391304347826086,-39.999,21.740434782608695,15.998800000000001,-42.857142857142854,52.63263157894737,-4.0,-50.001666666666665,22.223333333333333,15.000499999999999,33.33166666666667,False,False,True,False,True
18906,4,Iran,Türkiye,39.28642857142857,-7.693076923076922,-21.427142857142858,13.638181818181819,6.8999999999999995,38.46153846153846,37.92896551724138,-3.8457692307692306,-15.384615384615385,4.545454545454546,10.346206896551722,30.76923076923077,False,False,True,False,True
18907,1,Brazil,Poland,59.09045454545455,-27.9996,-30.76923076923077,0.0,20.0,12.5,47.36842105263158,-33.33238095238095,-66.66666666666667,35.294117647058826,31.57684210526316,-14.285714285714286,False,,,True,False
18907,2,Brazil,Poland,50.00055555555556,-8.334166666666668,11.11,18.181818181818183,26.314736842105265,33.33444444444444,30.000999999999998,-38.88944444444444,-49.99875,5.2631578947368425,31.57894736842105,16.666666666666668,False,True,False,True,False
18907,3,Brazil,Poland,17.39217391304348,-13.043478260869565,-31.57842105263158,5.555,37.50083333333333,45.45454545454545,37.03592592592593,-16.66625,-14.284285714285714,15.788947368421054,7.404444444444444,40.00066666666667,False,True,False,False,True
18907,4,Brazil,Poland,42.309230769230766,-24.99875,-6.6659999999999995,10.0,25.928888888888892,72.72727272727273,19.23076923076923,-12.5,-23.076923076923077,16.666666666666668,15.998,18.181818181818183,False,False,True,True,False
18908,1,Japan,Slovenia,33.33166666666667,4.000800000000001,-27.271818181818183,11.11111111111111,23.334666666666667,60.0,42.85785714285714,-13.04391304347826,-12.5,4.349130434782609,21.427500000000002,7.143571428571429,False,,,True,False
18908,2,Japan,Slovenia,4.1675,-26.314736842105265,-33.335,8.694782608695652,24.99875,-10.0,10.000499999999999,0.0,12.50125,15.383076923076922,38.89166666666667,30.0,False,True,False,False,True
18908,3,Japan,Slovenia,25.000714285714288,-3.8446153846153845,-9.090909090909092,40.0,25.0,21.428571428571427,29.62851851851852,-16.665416666666665,-16.669166666666666,4.545454545454546,33.33148148148148,9.090909090909092,False,False,True,True,False
18908,4,Japan,Slovenia,51.72344827586207,-12.500416666666666,-35.29352941176471,11.76529411764706,20.0,41.17588235294118,37.14114285714286,-22.726363636363637,-50.0,9.526666666666667,32.34941176470588,27.776666666666667,False,True,False,True,False
18909,1,Cuba,France,52.37857142857143,4.0,-26.666,27.271818181818183,31.575789473684207,100.0,43.33533333333333,-38.88722222222222,-42.855714285714285,19.999200000000002,16.13,0.0,False,,,True,False
18909,2,Cuba,France,27.273636363636363,-10.0,-37.5,5.001,21.73608695652174,0.0,55.001,-12.0008,-8.334166666666665,31.248125,21.050526315789472,22.22222222222222,False,True,False,False,True
18909,3,Cuba,France,63.63636363636363,-16.665833333333335,-18.75125,-0.0014285714285714828,17.39304347826087,11.11111111111111,37.03592592592593,4.166666666666667,-49.99916666666667,25.0,35.71071428571429,50.0,False,False,True,False,True
18909,4,Cuba,France,41.66583333333333,-8.33375,-16.665,22.22222222222222,30.434782608695652,0.0,37.500416666666666,-17.391304347826086,-20.0,30.0,36.0,11.112222222222222,False,False,True,True,False
18909,5,Cuba,France,36.36454545454546,6.6659999999999995,0.0,14.285714285714286,10.0,50.0,21.428571428571427,-29.999000000000002,-59.998000000000005,26.668,28.568571428571428,-50.0,False,True,False,True,False
18910,1,Canada,USA,32.0012,4.165833333333333,-7.142142857142857,10.002,15.386538461538462,61.904761904761905,22.580322580645163,-41.17529411764706,-27.77777777777778,-4.546363636363637,17.859285714285715,64.285,False,,,True,False
18910,2,Canada,USA,29.166666666666668,-34.9995,-33.333333333333336,-5.2631578947368425,25.000833333333333,-10.0,47.368947368421054,-8.332916666666668,-7.693076923076922,0.0,17.647058823529413,33.333333333333336,False,True,False,False,True
18910,3,Canada,USA,42.855428571428575,-20.0004,-30.000999999999998,12.500833333333333,32.35647058823529,37.499375,33.333333333333336,0.0,-30.76923076923077,5.881176470588235,21.737826086956524,46.15384615384615,False,False,True,True,False
18910,4,Canada,USA,38.708064516129035,-14.286428571428571,-18.75125,0.0,16.129032258064516,64.70470588235294,40.6246875,-26.92269230769231,-46.66733333333333,4.545454545454546,18.7503125,23.531176470588235,False,True,False,True,False
18911,1,Argentina,Serbia,53.56964285714286,-17.857857142857142,-9.523809523809524,17.39260869565217,25.927407407407404,30.0,29.410588235294117,-7.6923076923076925,-35.71357142857143,4.545454545454546,11.764705882352942,26.665333333333333,False,,,True,False
18911,2,Argentina,Serbia,34.779999999999994,-8.333333333333334,0.0011111111111116794,9.093636363636364,16.66541666666667,81.81818181818181,30.0005,-42.10526315789474,-40.001,0.0010000000000005115,15.002,-0.0010000000000005115,False,True,False,True,False
18911,3,Argentina,Serbia,8.332916666666668,0.0,-50.00125,11.112222222222222,34.78173913043479,-0.0011111111111116794,69.99849999999999,-20.8325,7.141428571428571,11.764705882352942,16.663333333333334,14.285714285714286,False,True,False,False,True
18911,4,Argentina,Serbia,7.142857142857143,-9.090454545454547,-7.143571428571429,19.047619047619047,29.626666666666665,23.076153846153847,17.857142857142858,-7.999199999999999,17.64764705882353,10.525263157894736,14.282857142857143,38.46153846153846,False,False,True,False,True
18911,5,Argentina,Serbia,57.144285714285715,7.142142857142857,-33.333333333333336,27.271818181818183,35.714285714285715,-10.001000000000001,58.82176470588235,-21.427142857142858,-40.0,7.694615384615385,29.41176470588235,33.333333333333336,False,False,True,True,False
18912,1,Germany,Türkiye,25.00111111111111,0.0012500000000006395,-8.3325,28.57095238095238,28.568571428571428,22.728181818181817,26.665666666666667,-8.695217391304348,-14.286190476190475,-0.0004761904761900431,10.71142857142857,50.00055555555556,False,,,True,False
18912,2,Germany,Türkiye,42.85530612244898,-30.231627906976744,-43.749375,17.644411764705882,22.0,26.314736842105265,47.499,-18.605348837209302,-20.690344827586205,19.997,19.045,23.529411764705884,False,True,False,False,True
18912,3,Germany,Türkiye,38.70903225806452,-16.6675,-40.001999999999995,19.9985,16.128387096774194,62.5,31.999200000000002,-12.5,-18.180909090909093,22.221666666666668,7.9967999999999995,63.63545454545454,False,False,True,True,False
18912,4,Germany,Türkiye,19.23076923076923,-20.0005,-38.46307692307692,29.999000000000002,22.22222222222222,66.66666666666667,29.62851851851852,-12.5,-21.429285714285715,18.74875,23.076923076923077,45.45363636363636,False,True,False,False,True
18912,5,Germany,Türkiye,53.33,-20.0,-40.001,22.22222222222222,13.331999999999999,44.443333333333335,33.33444444444444,-25.0,-40.0,41.6675,16.667777777777776,-10.0,False,False,True,True,False
18913,1,Bulgaria,Slovenia,33.33233333333333,-20.8325,-18.75,13.636363636363637,21.21212121212121,27.271818181818183,29.031612903225806,-4.166666666666667,-42.10526315789474,16.665555555555557,28.125,81.81818181818181,False,,,False,True
18913,2,Bulgaria,Slovenia,19.23076923076923,-28.570714285714285,-83.33333333333333,18.182727272727274,44.44814814814814,25.0,73.68315789473684,-8.001199999999999,-7.6923076923076925,50.0,22.225,58.333333333333336,False,False,True,False,True
18913,3,Bulgaria,Slovenia,22.726363636363637,-27.27227272727273,-50.0,-12.499375,45.45545454545454,38.46153846153846,44.44388888888889,-16.666666666666668,-14.285714285714286,-23.076923076923077,5.265263157894738,72.72818181818182,False,False,True,False,True
18914,1,Italy,Netherlands,44.116470588235295,-12.0,-25.0,0.002000000000000076,19.35483870967742,50.000416666666666,22.855714285714285,-11.11111111111111,-26.664666666666665,0.0,14.282857142857143,16.0,False,,,True,False
18914,2,Italy,Netherlands,64.9975,-4.168333333333334,-7.693076923076922,0.0008333333333337597,35.0,19.999000000000002,21.74086956521739,-18.750625,-25.0,9.522380952380951,21.74086956521739,-54.54363636363637,False,True,False,True,False
18914,3,Italy,Netherlands,36.0,-23.999200000000002,-20.0,14.285,16.665,21.427857142857142,20.585882352941177,-33.333333333333336,-36.36363636363637,15.789473684210526,15.6240625,23.076923076923077,False,True,False,True,False
18915,1,Argentina,France,29.63074074074074,-20.0,-22.223333333333333,33.333888888888886,30.766153846153845,-25.0,64.0012,-25.000416666666666,-27.272727272727273,12.50125,37.5025,28.57,False,,,False,True
18915,2,Argentina,France,19.9996,-23.52823529411765,-100.0,21.740434782608695,30.772307692307688,14.285714285714286,66.66666666666667,-4.0004,0.0,16.665833333333335,42.86,-12.5,False,False,True,False,True
18915,3,Argentina,France,57.692692307692305,-0.0012000000000000454,-17.647058823529413,-4.999,36.0008,26.666666666666668,38.46076923076923,9.089545454545453,-46.15461538461538,13.044347826086955,20.835,-0.002142857142857224,False,False,True,True,False
18915,4,Argentina,France,27.026756756756757,-7.407037037037037,-16.668333333333333,19.046666666666667,26.47411764705882,40.0,38.711612903225806,-22.222962962962963,-30.76846153846154,-0.0021739130434781373,21.87625,57.14142857142857,False,True,False,True,False
18915,5,Argentina,France,37.5,-33.333333333333336,-63.63727272727272,-29.999000000000002,25.0025,33.333333333333336,46.666666666666664,-13.331999999999999,-33.333333333333336,33.333333333333336,33.32933333333333,83.33333333333333,False,True,False,False,True
18916,1,Canada,Serbia,49.99961538461538,-15.9992,0.0,16.666666666666668,16.002,46.15384615384615,20.689655172413794,-4.76095238095238,-54.54636363636364,28.57095238095238,27.583448275862068,38.46153846153846,False,,,True,False
18916,2,Canada,Serbia,49.999583333333334,-28.57095238095238,-58.333333333333336,9.522857142857143,21.73913043478261,-55.55555555555556,56.52217391304348,-8.0,-50.0,13.332666666666666,8.3325,50.0,False,True,False,False,True
18916,3,Canada,Serbia,33.333333333333336,-21.052105263157895,-12.49875,9.092272727272727,52.17391304347826,12.5,47.62,8.332916666666668,-10.001,33.333333333333336,13.04565217391304,50.001,False,False,True,False,True
18916,4,Canada,Serbia,32.0012,0.0008695652173917492,-9.091818181818182,-9.52190476190476,16.003200000000003,-40.00066666666667,40.74,-3.9988,-20.000666666666667,9.525238095238095,14.81777777777778,54.54454545454546,False,False,True,False,True
18917,1,Brazil,Netherlands,32.0004,-12.500416666666666,7.143571428571429,10.526315789473685,20.0024,33.3325,32.14464285714286,-7.692692307692307,0.0,25.0,24.140689655172416,63.63545454545454,False,,,False,True
18917,2,Brazil,Netherlands,33.33416666666667,-8.0,-31.249375,17.647058823529413,33.33166666666667,38.46076923076923,26.66933333333333,-17.39,-50.0,14.286190476190475,12.4959375,20.0,False,False,True,True,False
18917,3,Brazil,Netherlands,38.09428571428572,-6.667333333333334,-8.332500000000001,9.998999999999999,33.33,-8.333333333333332,40.001999999999995,-26.666,0.0,-12.0,6.449032258064516,15.385384615384615,False,True,False,True,False
18917,4,Brazil,Netherlands,49.99875,-19.9996,-27.273636363636363,13.334666666666667,19.998800000000003,53.846923076923076,21.428571428571427,-25.0,0.0,10.0015,7.404444444444444,7.691538461538461,False,True,False,True,False
18918,1,Canada,Japan,53.57071428571429,-8.0012,-14.286428571428571,15.001,17.240689655172414,0.0,33.333703703703705,-0.0004761904761907198,-64.285,13.636363636363637,10.347586206896553,0.0014285714285701293,False,,,True,False
18918,2,Canada,Japan,38.46230769230769,-20.0,-43.749375,-0.0004545454545456871,38.46038461538462,0.0,44.44555555555556,-4.0,-24.999166666666667,13.334666666666667,22.224814814814817,33.333333333333336,False,True,False,False,True
18918,3,Canada,Japan,36.36272727272728,-4.001200000000001,-19.999000000000002,33.33111111111111,33.33428571428571,50.001666666666665,13.045652173913044,-40.0,-20.000999999999998,-4.762857142857143,8.331249999999999,29.999000000000002,False,False,True,True,False
18918,4,Canada,Japan,45.0005,-9.999500000000001,-37.5,-0.0013636363636364154,26.317894736842106,14.285714285714286,39.9996,7.997999999999999,-100.0,12.5,17.857142857142858,53.84461538461539,False,True,False,False,True
18918,5,Canada,Japan,57.142857142857146,-13.333333333333334,-7.691538461538462,33.33444444444444,27.269999999999996,100.0,14.285714285714286,-10.0,-50.0,7.694615384615385,7.142142857142857,-25.0,False,False,True,True,False
18919,1,Bulgaria,Türkiye,18.7503125,-7.407037037037037,-11.764705882352942,10.0,30.303030303030305,47.059411764705885,27.585172413793103,-19.9996,-9.090909090909092,4.763333333333334,16.128387096774194,0.0,False,,,True,False
18919,2,Bulgaria,Türkiye,28.1253125,-8.33375,-12.5,18.75,17.145142857142858,54.999,23.997600000000002,-19.04714285714286,-5.881176470588235,5.0009999999999994,21.739565217391306,-5.262105263157895,False,True,False,True,False
18919,3,Bulgaria,Türkiye,-3.9995999999999996,-15.384615384615385,-72.72727272727273,18.181818181818183,20.000799999999998,24.99875,45.45772727272727,0.0,0.0,27.271818181818183,4.165,84.61538461538461,False,True,False,False,True
18919,4,Bulgaria,Türkiye,35.714999999999996,-20.832916666666666,-12.497499999999999,25.0,34.61923076923077,30.76846153846154,23.807619047619045,-13.043478260869565,-21.428571428571427,0.0,13.636818181818182,18.181818181818183,False,False,True,True,False
18920,1,Argentina,Slovenia,40.73777777777777,-26.08695652173913,-24.999166666666667,27.27227272727273,42.30769230769231,66.66666666666667,35.714999999999996,-7.9996,-54.54454545454546,29.412941176470586,17.857142857142858,14.285,False,,,False,True
18920,2,Argentina,Slovenia,47.61857142857143,-26.086521739130436,-33.333333333333336,21.05263157894737,23.807142857142857,42.857142857142854,43.47869565217391,-12.500416666666666,-66.66666666666667,29.410588235294117,17.389565217391304,0.0,False,False,True,False,True
18920,3,Argentina,Slovenia,24.999166666666664,-11.11111111111111,-22.72681818181818,29.166666666666668,23.68421052631579,30.0005,28.25913043478261,-17.241724137931033,-21.428571428571427,21.738695652173913,25.532127659574467,51.85148148148148,False,False,True,False,True
18921,1,France,Germany,38.235882352941175,-17.391304347826086,-50.0,38.095238095238095,26.468235294117648,18.180909090909093,36.11055555555556,-12.000399999999999,-41.666666666666664,22.221111111111114,22.857142857142858,38.46153846153846,False,,,False,True
18921,2,France,Germany,44.44481481481481,-22.22222222222222,-21.428571428571427,0.0009523809523814396,13.332333333333334,91.66666666666667,19.999666666666666,-7.9996,-46.668,34.9985,25.806774193548385,33.333333333333336,False,False,True,True,False
18921,3,France,Germany,21.8734375,-15.0,-41.6675,27.27045454545454,21.21333333333333,40.0,24.139655172413793,-0.00040000000000020466,-19.999333333333333,31.24875,20.68758620689655,43.75,False,True,False,False,True
18921,4,France,Germany,23.076923076923077,0.0,-35.001,36.36363636363637,20.515384615384615,73.6842105263158,30.0015,-8.333333333333334,-18.748124999999998,23.807619047619045,17.5,44.44481481481481,False,False,True,False,True
18922,1,Iran,USA,24.24090909090909,-23.077692307692306,-40.0,19.046666666666667,21.215454545454545,41.666666666666664,33.331818181818186,-21.42892857142857,-14.285714285714286,30.0,15.6275,64.70470588235294,False,,,False,True
18922,2,Iran,USA,46.42785714285714,-3.9995999999999996,-17.647058823529413,21.05263157894737,22.22,53.333333333333336,32.25709677419355,-4.3478260869565215,-25.00125,17.390869565217393,32.25806451612903,54.54545454545455,False,False,True,True,False
18922,3,Iran,USA,63.1578947368421,-16.66625,-10.0,0.002142857142857224,21.050526315789472,25.0,22.727272727272727,-21.05263157894737,-49.998333333333335,5.882352941176471,14.286190476190475,-33.33222222222222,False,True,False,True,False
18922,4,Iran,USA,23.684736842105263,-29.62962962962963,-27.273636363636363,27.270909090909093,22.854857142857142,52.63157894736842,29.031612903225806,-14.814074074074075,-0.0007142857142860797,17.645294117647058,27.270606060606063,39.130434782608695,False,True,False,False,True
18922,5,Iran,USA,47.057647058823534,-6.666666666666667,-62.5,30.0,6.248125,25.0,44.999,-23.076923076923077,-55.556666666666665,28.571428571428573,30.000999999999998,33.333333333333336,False,False,True,True,False
18923,1,Cuba,Serbia,34.78217391304348,-16.667083333333334,-30.76846153846154,27.77722222222222,19.998800000000003,36.36545454545455,23.076538461538462,-21.738260869565217,-49.99916666666667,-0.0005555555555550503,29.633333333333333,38.46153846153846,False,,,True,False
18923,2,Cuba,Serbia,36.0,-28.000799999999998,-5.555000000000001,-0.000588235294117948,26.924615384615382,40.0,4.0,-9.523809523809524,-8.334166666666667,50.00277777777777,44.0,0.0010000000000005115,False,True,False,True,False
18923,3,Cuba,Serbia,16.666666666666668,-31.25,-40.0,-9.522380952380951,20.831666666666667,33.333333333333336,53.84461538461539,-0.0008000000000004093,-14.284285714285714,27.272727272727273,46.15384615384615,-33.33555555555555,False,True,False,False,True
18923,4,Cuba,Serbia,61.11055555555556,-22.72681818181818,-77.77777777777777,21.052105263157895,31.575263157894735,-33.33222222222222,56.52130434782609,-12.500416666666666,-57.14142857142857,25.000625,34.78695652173913,9.090909090909092,False,False,True,False,True
18923,5,Cuba,Serbia,7.691538461538462,-15.384615384615385,20.0,18.181818181818183,23.08,33.333333333333336,30.77,-14.285714285714286,-14.285714285714286,18.180909090909093,38.464615384615385,-33.333333333333336,False,False,True,False,True
18924,1,Italy,Poland,28.571428571428573,-9.089545454545453,-58.822941176470586,18.75,28.571428571428573,30.0,59.25925925925926,-35.9996,-11.11111111111111,10.525263157894736,32.142857142857146,28.571428571428573,False,,,False,True
18924,2,Italy,Poland,58.82235294117647,-39.13,-62.5,23.52823529411765,21.05578947368421,-12.5,47.368947368421054,-25.000833333333333,-60.0,14.285714285714286,26.31578947368421,0.0,False,False,True,False,True
18924,3,Italy,Poland,30.768846153846155,-22.726363636363637,-28.572142857142858,5.2631578947368425,29.62814814814815,17.646470588235296,46.152307692307694,-19.9996,-23.529411764705884,17.648823529411764,23.075769230769232,41.66583333333333,False,False,True,False,True
18925,1,Canada,Germany,57.14380952380952,-20.834166666666665,10.001000000000001,23.529411764705884,23.80952380952381,10.0,16.000799999999998,-14.999500000000001,-62.5,11.110555555555557,12.503333333333336,14.285714285714286,False,,,True,False
18925,2,Canada,Germany,53.84653846153846,-3.9983999999999997,-23.077692307692306,0.0,20.0016,50.0,31.032413793103448,-22.223333333333333,-41.66833333333333,0.0009090909090913742,22.224814814814817,-0.0014285714285721593,False,True,False,True,False
18925,3,Canada,Germany,40.0012,-20.8325,12.5,0.000588235294117948,26.08695652173913,28.57,19.04714285714286,-9.092272727272729,-36.36454545454546,16.66611111111111,4.549090909090909,27.271818181818183,False,True,False,True,False
18926,1,Iran,Netherlands,35.482258064516124,-8.0,-26.31578947368421,0.0,10.7175,58.333333333333336,20.689655172413794,-0.0009090909090913742,-22.221111111111114,21.738260869565217,10.0,16.6675,False,,,True,False
18926,2,Iran,Netherlands,38.46307692307692,-4.545454545454546,-8.333333333333332,13.040434782608694,30.766153846153845,41.666666666666664,39.284285714285716,8.0,-12.5,19.048095238095236,10.716785714285715,23.076923076923077,False,True,False,False,True
18926,3,Iran,Netherlands,77.27272727272727,-11.999600000000001,-83.33333333333333,12.50125,28.568095238095236,50.0,54.54545454545455,-9.523809523809524,-63.63727272727272,9.997,28.57238095238095,-33.333333333333336,False,False,True,True,False
18926,4,Iran,Netherlands,22.22074074074074,-15.0,-12.5,18.181818181818183,22.221111111111114,33.333333333333336,45.45545454545454,-8.000399999999999,-46.153076923076924,11.764705882352942,13.638636363636362,28.571428571428573,False,True,False,False,True
18926,5,Iran,Netherlands,46.666666666666664,-13.333333333333334,12.5,-11.11111111111111,13.333333333333334,66.66666666666667,0.002000000000000076,10.0,-57.142857142857146,0.0,-6.668666666666667,0.0,False,False,True,True,False
18927,1,Brazil,USA,20.001199999999997,-9.090909090909092,-12.5,5.0,20.0032,25.00125,47.61904761904762,-16.0004,-25.000833333333333,16.66333333333333,33.336190476190474,37.5,False,,,False,True
18927,2,Brazil,USA,32.353529411764704,3.9995999999999996,0.0,6.668000000000001,30.305757575757575,64.9995,26.665666666666667,-11.11,-33.333333333333336,-9.522857142857143,21.214545454545455,52.6321052631579,False,False,True,True,False
18927,3,Brazil,USA,37.142,-23.80952380952381,-40.0,-8.333333333333334,5.555555555555555,33.33166666666667,39.13,3.9996000000000005,-44.44444444444444,18.750625,33.33428571428571,46.15461538461538,False,True,False,False,True
18927,4,Brazil,USA,53.84615384615385,-8.0,-33.333333333333336,-5.882352941176471,25.925925925925927,71.42857142857143,32.259032258064515,-9.090454545454547,-53.84615384615385,22.727272727272727,43.33566666666666,49.999,False,False,True,True,False
18927,5,Brazil,USA,22.22222222222222,-22.22222222222222,-75.0,-9.090909090909092,10.0,-20.002000000000002,80.0,-13.334,-20.0,28.571428571428573,66.66666666666667,33.333333333333336,False,True,False,False,True
18928,1,Argentina,Türkiye,28.57,-12.5,25.0,14.285,17.859285714285715,40.0,4.166666666666667,-16.665555555555557,-11.108888888888888,0.0,11.539230769230768,39.999,False,,,True,False
18928,2,Argentina,Türkiye,37.93,3.8480769230769236,-33.333333333333336,18.749375,21.431071428571432,41.17823529411765,25.806451612903224,-5.556111111111111,-46.15384615384615,4.3478260869565215,12.500625,18.75,False,True,False,True,False
18928,3,Argentina,Türkiye,24.13758620689655,-16.665833333333335,-18.750625,31.25,32.259354838709676,71.42857142857143,12.904516129032258,-23.80952380952381,-18.749375,10.0,9.093333333333334,50.00083333333333,False,True,False,True,False
18929,1,Bulgaria,Italy,24.999642857142856,-19.23,-19.999333333333333,19.045714285714286,30.76653846153846,-6.667333333333333,43.334666666666664,-19.23076923076923,-38.46076923076923,19.999000000000002,15.622499999999999,21.427142857142858,False,,,False,True
18929,2,Bulgaria,Italy,18.51851851851852,-45.0,12.5,14.283809523809525,33.33296296296297,33.333333333333336,18.75,-7.999199999999999,0.0,9.998,17.647058823529413,7.142142857142858,False,False,True,False,True
18929,3,Bulgaria,Italy,47.36736842105263,-27.27136363636364,-75.0,0.0,27.774444444444445,-62.5,70.58705882352942,-12.49875,-75.0,25.001875,27.77777777777778,-14.284285714285714,False,False,True,False,True
18930,1,Cuba,Slovenia,37.499583333333334,-26.08695652173913,-28.571428571428573,24.997500000000002,20.835833333333333,14.285714285714286,44.44555555555556,-8.330833333333333,-10.0,31.24875,35.294117647058826,-39.998000000000005,False,,,False,True
18930,2,Cuba,Slovenia,59.999,-16.667083333333334,0.0018749999999991829,0.0011111111111116794,22.728181818181817,30.0,12.0,0.0004761904761907198,-44.446666666666665,15.789473684210526,12.0,9.999,False,False,True,True,False
18930,3,Cuba,Slovenia,26.923461538461538,-22.72681818181818,-50.0,23.529411764705884,8.0,45.45272727272727,44.0008,-24.999166666666667,-30.76923076923077,58.82588235294117,38.46230769230769,50.0,False,True,False,False,True
18930,4,Cuba,Slovenia,49.99961538461538,-9.999666666666666,-0.0018181818181801646,12.002,29.997,-0.0007142857142860797,29.41205882352941,-9.998666666666667,-46.153076923076924,24.999583333333334,41.18000000000001,37.499375,False,False,True,True,False
18930,5,Cuba,Slovenia,14.286428571428571,-25.0,-62.5,21.428571428571427,20.00133333333333,-20.0,50.00214285714286,-6.666666666666667,-25.0,33.333333333333336,15.383076923076922,75.0,False,True,False,False,True
18931,1,France,Iran,34.61538461538461,-12.5,-27.272727272727273,35.294117647058826,32.142857142857146,46.665333333333336,29.626666666666665,-18.181818181818183,-36.36363636363637,28.57095238095238,9.67741935483871,53.84538461538462,False,,,True,False
18931,2,France,Iran,44.0004,-3.9995999999999996,-7.6923076923076925,53.333333333333336,26.08695652173913,45.45454545454545,24.000799999999998,-5.882352941176471,-14.287142857142857,4.545000000000001,14.814444444444446,55.55444444444444,False,True,False,True,False
18931,3,France,Iran,42.85857142857143,-12.499583333333334,-60.0,42.10526315789474,21.427500000000002,15.383846153846154,23.075000000000003,-9.523809523809524,-41.666666666666664,16.666666666666668,20.8325,49.998333333333335,False,True,False,True,False
18932,1,Brazil,Canada,20.00133333333333,-3.999599999999999,-30.000999999999998,10.525789473684211,17.857857142857142,35.294117647058826,44.8303448275862,-19.9996,-29.999000000000002,-4.761428571428572,23.336000000000002,83.33333333333333,False,,,False,True
18932,2,Brazil,Canada,28.571428571428573,-15.789473684210526,-66.665,11.11111111111111,31.819090909090907,10.0,66.66619047619048,-19.9992,-40.0,12.49875,13.047391304347824,18.182727272727274,False,False,True,False,True
18932,3,Brazil,Canada,37.929655172413796,-11.999600000000001,-33.3325,10.52842105263158,17.24137931034483,42.85642857142857,40.62625,-11.9992,-33.33416666666667,4.761904761904762,15.154545454545456,72.72727272727273,False,False,True,False,True
18933,1,Japan,Netherlands,54.16583333333333,-11.999600000000001,-18.182727272727274,7.6923076923076925,9.093181818181819,21.428571428571427,24.13655172413793,-22.22277777777778,-14.285714285714286,19.046666666666667,34.48275862068966,15.384615384615385,False,,,True,False
18933,2,Japan,Netherlands,57.14190476190476,-12.5,-0.0007692307692311628,-0.0006250000000003197,42.857142857142854,45.45454545454545,14.815555555555555,-5.0,-50.0,25.0025,39.285714285714285,75.0,False,True,False,True,False
18933,3,Japan,Netherlands,27.5848275862069,4.0004,0.0,13.334,13.796206896551723,85.71428571428571,24.0004,-10.0,0.0,-14.285238095238096,11.998,44.44444444444444,False,True,False,True,False
18934,1,Argentina,Poland,34.61653846153846,-25.0,-30.000999999999998,9.523333333333333,22.224814814814813,22.223333333333333,47.823913043478264,-8.332916666666668,-18.181818181818183,33.33133333333333,26.084347826086958,-15.384615384615385,False,,,False,True
18934,2,Argentina,Poland,29.166666666666668,-11.110555555555557,-54.54454545454546,9.523809523809524,35.9996,15.384615384615385,56.52173913043478,-7.999199999999999,-41.6675,-6.666666666666667,47.82391304347825,35.71357142857143,False,False,True,False,True
18934,3,Argentina,Poland,26.08608695652174,-8.695217391304347,-38.46153846153846,4.999499999999999,41.6675,-9.090909090909092,54.54590909090909,-16.66625,-50.001,-5.882941176470588,22.727272727272727,49.99916666666667,False,False,True,False,True
18935,1,Bulgaria,Cuba,29.165833333333335,-22.22222222222222,-42.857142857142854,34.997,36.0008,-20.000666666666667,70.001,-15.9992,-33.335,7.6923076923076925,27.26954545454545,61.53846153846154,False,,,False,True
18935,2,Bulgaria,Cuba,44.0004,-14.285238095238096,-39.99933333333333,22.72863636363636,49.995909090909095,-41.666666666666664,57.691538461538464,-8.334166666666667,-60.0,18.750625,20.830833333333334,41.666666666666664,False,False,True,False,True
18935,3,Bulgaria,Cuba,34.997499999999995,-27.77722222222222,-46.15384615384615,26.314736842105265,36.36772727272727,-37.5,57.69230769230769,-23.997999999999998,-28.570714285714285,46.15384615384615,31.996799999999997,66.66666666666667,False,False,True,False,True
18936,1,Serbia,Türkiye,37.92999999999999,-30.0,-42.855714285714285,22.728181818181817,24.99607142857143,45.45454545454545,49.999,-4.0,-50.0,7.691538461538461,10.003,18.182727272727274,False,,,False,True
18936,2,Serbia,Türkiye,72.72818181818182,-13.04304347826087,-53.846923076923076,20.0,30.000999999999998,50.0,57.89315789473683,-21.051578947368423,-70.0,5.556111111111111,22.22,16.669999999999998,False,False,True,True,False
18936,3,Serbia,Türkiye,36.0,-4.164999999999999,14.285714285714286,22.723181818181818,28.0016,8.3325,18.182727272727274,-4.1675,-63.63727272727272,4.76095238095238,24.997142857142858,63.63636363636363,False,True,False,True,False
18936,4,Serbia,Türkiye,50.0,16.0004,-36.36181818181819,0.0,37.5,24.999166666666667,45.83583333333333,4.763809523809524,0.0,-13.042173913043479,12.496666666666664,23.076923076923077,False,True,False,True,False
18937,1,Germany,USA,23.334,-20.8325,-8.333333333333334,5.264736842105263,20.000333333333334,26.668,33.333,-20.832083333333333,-27.272727272727273,16.666666666666668,41.37931034482759,28.570714285714285,False,,,False,True
18937,2,Germany,USA,31.032758620689656,8.0,-19.999000000000002,11.109444444444442,24.13413793103448,17.390869565217393,21.05236842105263,-4.545909090909091,-18.74875,-4.1675,21.624324324324323,70.58941176470589,False,False,True,True,False
18937,3,Germany,USA,22.858285714285714,-12.000399999999999,-28.571428571428573,14.285714285714286,26.468235294117648,52.94176470588235,34.48137931034483,-11.9992,14.287142857142857,-15.790526315789473,10.344827586206897,60.001333333333335,False,True,False,False,True
18937,4,Germany,USA,32.142857142857146,-21.73913043478261,-12.5,4.762857142857143,23.07461538461538,66.66666666666667,33.33444444444444,-12.0,-10.0,5.884117647058823,31.997600000000002,46.66733333333333,False,False,True,False,True
18938,1,Canada,Netherlands,21.42892857142857,-23.809047619047618,-10.002,44.44444444444444,4.0,30.0,46.15346153846154,-27.9996,-6.665333333333334,37.499375,15.387692307692308,30.76846153846154,False,,,False,True
18938,2,Canada,Netherlands,31.2484375,-4.001600000000001,-21.05263157894737,15.78842105263158,16.668,58.822941176470586,22.57967741935484,-4.545454545454546,-23.076153846153847,13.635909090909092,19.35483870967742,30.000999999999998,False,False,True,True,False
18938,3,Canada,Netherlands,32.25806451612903,-7.406666666666666,-23.528823529411767,50.00166666666667,25.806451612903224,55.55611111111111,37.83864864864865,-29.62851851851852,-10.0,25.000833333333333,16.217297297297296,13.333333333333334,False,True,False,True,False
18938,4,Canada,Netherlands,10.526315789473685,-13.334666666666665,20.0,-4.545454545454546,24.999,-25.0,38.888333333333335,16.665,22.22222222222222,-9.090909090909092,11.761176470588236,66.66666666666667,False,True,False,False,True
18938,5,Canada,Netherlands,22.221666666666668,0.0,7.142857142857143,28.57,5.2631578947368425,58.333333333333336,-4.999,-22.22222222222222,-25.0,-7.693846153846154,0.0,45.45363636363636,False,False,True,True,False
18939,1,France,Japan,55.55518518518519,-16.0,-7.142142857142858,35.71214285714286,34.780869565217394,54.54545454545455,17.857142857142858,-17.64764705882353,-55.55555555555556,-5.0015,28.570714285714285,33.33416666666667,False,,,True,False
18939,2,France,Japan,32.25709677419355,0.0,-15.000499999999999,27.779444444444444,30.300000000000004,37.5,18.18045454545455,-10.0,-37.5,8.334166666666667,23.913695652173914,76.19047619047619,False,True,False,True,False
18939,3,France,Japan,7.692692307692307,-11.764117647058825,-77.77777777777777,0.0,11.536923076923076,63.63636363636363,44.0012,-12.499583333333334,24.99875,7.1450000000000005,20.0032,76.92307692307692,False,True,False,False,True
18939,4,France,Japan,56.0004,-26.08608695652174,-20.000999999999998,13.04391304347826,7.9967999999999995,-33.333333333333336,45.45454545454545,-0.0003999999999996362,-50.0,11.76764705882353,18.179545454545455,14.285714285714286,False,False,True,False,True
18939,5,France,Japan,40.001,-36.36272727272728,-29.999000000000002,0.0,10.002,66.66666666666667,27.778888888888886,-7.142142857142857,-50.001666666666665,14.285714285714286,0.0,77.77777777777777,False,False,True,False,True
18940,1,Argentina,Bulgaria,17.391739130434782,-23.999200000000002,33.333333333333336,31.25125,39.13173913043478,50.0,0.0,-22.72681818181818,-7.691538461538461,16.666666666666668,4.76,49.999,False,,,True,False
18940,2,Argentina,Bulgaria,50.000454545454545,16.6675,-29.9985,35.714285714285715,23.813333333333333,40.0,39.9996,-16.66611111111111,-38.46076923076923,0.00043478260869525673,20.000799999999998,9.090909090909092,False,True,False,True,False
18940,3,Argentina,Bulgaria,56.52130434782609,-20.0,-9.091818181818182,31.249375,22.723181818181818,58.3325,26.08608695652174,-15.0,20.0,10.526315789473685,18.18227272727273,22.22222222222222,False,True,False,True,False
18941,1,Poland,Serbia,39.284642857142856,0.0,0.0,26.314210526315787,24.9975,33.335,31.9996,-4.545,-31.25,4.761428571428572,34.780869565217394,-0.0009090909090900823,False,,,True,False
18941,2,Poland,Serbia,25.000833333333333,-31.819090909090907,-23.076923076923077,33.333888888888886,41.67,14.287142857142857,40.90863636363636,-24.999583333333334,-8.336666666666666,60.0,40.90954545454545,20.0,False,True,False,False,True
18941,3,Poland,Serbia,47.369473684210526,4.166250000000001,-14.285714285714286,33.333333333333336,29.999000000000002,0.0,38.09428571428572,-21.051052631578944,-20.0,-10.526842105263157,20.833333333333332,20.0,False,False,True,True,False
18941,4,Poland,Serbia,60.0004,-34.78217391304348,-11.112222222222222,18.181818181818183,60.002399999999994,-0.0012500000000006395,54.54590909090909,-8.332916666666668,0.0,59.99933333333333,40.90909090909091,-42.857142857142854,False,True,False,False,True
18941,5,Poland,Serbia,18.75,-6.667333333333334,-42.85857142857143,25.00125,12.49625,71.42857142857143,7.142857142857143,-27.272727272727273,-16.666666666666668,16.665,46.67,24.9975,False,False,True,True,False
18942,1,Italy,Slovenia,25.0015,-42.10473684210526,-40.0,-0.001052631578947907,20.0,16.666666666666668,33.33444444444444,-12.0,-11.11111111111111,9.092727272727274,16.666666666666668,12.5,False,,,False,True
18942,2,Italy,Slovenia,27.999200000000002,-40.90863636363636,-50.0,21.050526315789472,25.001666666666665,62.5,50.00125,-16.666666666666668,-24.998749999999998,53.846923076923076,17.64764705882353,33.33222222222222,False,False,True,False,True
18942,3,Italy,Slovenia,20.832916666666666,-5.2631578947368425,-53.84538461538462,-9.523809523809524,17.38869565217391,18.181818181818183,34.61576923076923,-0.00040000000000020466,-24.999375,0.0,14.813703703703705,69.23076923076923,False,False,True,False,True
18943,1,Germany,Iran,28.123749999999998,4.167083333333333,-26.666666666666668,11.763529411764706,21.21333333333333,87.499375,35.29529411764706,-19.047619047619047,-28.57238095238095,13.04391304347826,15.153939393939396,46.666666666666664,False,,,True,False
18943,2,Germany,Iran,9.376875,-19.9996,-7.693076923076924,27.776666666666667,19.35709677419355,42.10526315789474,17.24137931034483,-21.739565217391306,-0.0006666666666660604,10.526315789473685,3.12375,44.44388888888889,False,True,False,True,False
18943,3,Germany,Iran,55.0015,-8.332916666666668,-28.571428571428573,23.52764705882353,20.0,0.0,41.66791666666666,-19.046666666666667,-43.749375,33.3352380952381,11.998800000000001,37.5,False,True,False,True,False
18944,1,Brazil,France,11.111481481481482,-13.042173913043477,7.6923076923076925,4.761904761904762,25.924814814814816,66.6675,11.537692307692307,-3.9991999999999996,-12.5,21.05263157894737,20.0004,70.0,False,,,False,True
18944,2,Brazil,France,35.71321428571428,-3.4479310344827585,7.6923076923076925,0.0,28.568571428571428,46.666666666666664,41.1764705882353,-25.924814814814816,-62.5,23.075769230769232,21.21242424242424,53.84538461538462,False,False,True,True,False
18944,3,Brazil,France,29.164999999999996,-4.166666666666667,0.0005263157894732055,11.11111111111111,17.389565217391304,100.0,-3.226451612903225,-35.712857142857146,-10.001999999999999,13.045217391304348,10.0,23.076923076923077,False,True,False,True,False
18944,4,Brazil,France,29.411176470588234,-24.9995,-44.443333333333335,-5.26421052631579,24.998124999999998,0.0,38.09571428571429,-8.332916666666668,0.0016666666666651508,19.99866666666667,15.002499999999998,100.0,False,True,False,False,True
18944,5,Brazil,France,18.181363636363635,-12.5,0.0,7.143571428571428,4.543636363636364,-8.334166666666667,40.0025,-16.66611111111111,-0.0012499999999988631,21.43142857142857,9.522857142857143,49.99875,False,False,True,False,True
18945,1,Japan,USA,23.9996,0.00041666666666687985,-22.224444444444444,12.5,12.0,11.110555555555557,24.999166666666667,-19.048095238095236,-28.570714285714285,-23.529411764705884,32.0,68.75125,False,,,True,False
18945,2,Japan,USA,14.998999999999999,-11.999600000000001,-17.64588235294118,20.0,17.499499999999998,60.86913043478261,13.512432432432432,-13.04304347826087,-7.998399999999999,4.999499999999999,20.000285714285713,31.57894736842105,False,True,False,True,False
18945,3,Japan,USA,48.276896551724136,8.33375,-30.0,-0.001999999999999602,13.331999999999999,6.6659999999999995,36.0,4.76095238095238,-26.667333333333332,-9.09,20.833333333333332,-46.665333333333336,False,True,False,True,False
18946,1,Cuba,Poland,26.314736842105265,-27.77722222222222,-62.5,35.29529411764706,21.05315789473684,33.333333333333336,75.0005,-29.16625,-50.0,33.3325,24.9985,66.66666666666667,False,,,False,True
18946,2,Cuba,Poland,36.36454545454546,-25.0015,-40.0,10.525263157894736,-3.998,49.9975,57.89368421052632,-20.0,-27.273636363636363,7.69076923076923,21.05473684210526,50.001,False,False,True,False,True
18946,3,Cuba,Poland,22.221481481481483,-14.285238095238096,-12.49875,11.112777777777776,11.538461538461538,14.285714285714286,49.99916666666667,-16.667916666666667,14.285714285714286,35.292352941176475,48.15074074074074,23.077692307692306,False,False,True,False,True
18947,1,Italy,Türkiye,35.48483870967742,-12.49875,16.666666666666668,4.997999999999999,13.79586206896552,30.76923076923077,23.80857142857143,-4.545909090909091,-35.714285714285715,5.26157894736842,20.0,-0.0007692307692300696,False,,,True,False
18947,2,Italy,Türkiye,45.160000000000004,-15.999600000000001,-66.66666666666667,-14.285238095238096,25.804516129032258,35.715714285714284,41.666666666666664,4.001200000000001,-13.334,20.0,20.836666666666666,9.090909090909092,False,True,False,False,True
18947,3,Italy,Türkiye,56.001599999999996,-4.16625,-19.999333333333333,-5.261578947368421,23.079615384615387,50.0,19.35483870967742,5.0015,-42.857142857142854,9.522857142857143,24.9975,20.0,False,False,True,True,False
18947,4,Italy,Türkiye,41.66708333333333,7.9996,-16.665,18.750625,33.330416666666665,6.666666666666667,42.8575,-19.04714285714286,0.0,-4.545000000000001,20.0032,61.53846153846154,False,True,False,True,False
18948,1,Serbia,Slovenia,9.089545454545455,-14.285714285714286,0.0,-14.284761904761906,4.346086956521739,21.427857142857142,41.66708333333333,8.3325,-10.0,33.333333333333336,28.000799999999998,50.0,False,,,False,True
18948,2,Serbia,Slovenia,67.9992,-23.076538461538462,-7.692307692307692,14.286190476190475,25.000833333333333,0.0,38.46076923076923,-3.8449999999999993,-58.333333333333336,30.0,42.30769230769231,-13.330666666666666,False,False,True,True,False
18948,3,Serbia,Slovenia,26.315263157894737,-33.33266666666667,-62.5,22.727272727272727,5.0,50.0,69.23076923076923,8.334166666666667,-33.333333333333336,44.44444444444444,33.333333333333336,12.5,False,True,False,False,True
18948,4,Serbia,Slovenia,48.0004,-12.500416666666666,-8.334166666666667,5.261578947368421,12.003200000000001,25.0,33.3325,-8.69478260869565,-63.15894736842105,36.84157894736842,30.434782608695652,77.77777777777777,False,False,True,True,False
18948,5,Serbia,Slovenia,21.429285714285715,-24.999166666666667,-50.0,0.002307692307692395,7.140714285714286,-20.0,26.666666666666668,-6.666666666666667,-30.0,33.333333333333336,33.332,100.0,False,True,False,False,True
18949,1,Canada,Japan,23.334666666666667,-12.5,0.0014285714285711443,4.347391304347826,13.78896551724138,39.999,22.22074074074074,0.00038461538461612794,0.0007692307692311628,-5.264736842105263,10.717142857142859,27.270909090909093,True,,,False,True
18949,2,Canada,Japan,20.000799999999998,-15.789473684210526,-37.5,0.0,32.0,-36.36363636363637,52.38142857142857,-8.334166666666667,-14.287142857142856,0.0006666666666670077,19.047619047619047,28.571428571428573,True,False,True,False,True
18949,3,Canada,Japan,35.48193548387097,-4.165833333333333,-27.271818181818183,4.546363636363636,30.29939393939394,30.0,37.142857142857146,-3.8461538461538463,-60.0,9.523809523809524,14.282,22.72772727272727,True,False,True,False,True
18950,1,Brazil,Poland,51.72448275862069,0.0,-35.292352941176475,19.997999999999998,30.766923076923078,60.0,39.998333333333335,-21.052105263157895,-28.571428571428573,18.180909090909093,38.70677419354839,25.0,True,,,True,False
18950,2,Brazil,Poland,43.47913043478261,-29.165833333333335,-33.33416666666667,20.0,26.08695652173913,42.857142857142854,36.84263157894737,-8.332916666666668,-40.0,6.25,27.275,0.0,True,True,False,False,True
18950,3,Brazil,Poland,36.84157894736842,-13.635454545454547,-0.002000000000001023,-4.762380952380953,9.52142857142857,-30.0,30.43521739130435,-7.999199999999999,-57.142857142857146,11.110555555555557,17.391739130434782,33.33222222222222,True,False,True,False,True
18950,4,Brazil,Poland,9.092272727272727,-0.001176470588235896,-87.5,-11.763529411764706,27.27318181818182,14.285714285714286,61.90571428571428,-16.66625,-18.181818181818183,-14.285,33.33190476190477,49.99875,True,False,True,False,True
18951,1,France,Italy,24.241515151515152,-19.9995,-41.17529411764706,4.545454545454546,14.705882352941176,61.53846153846154,34.48344827586207,-4.165416666666666,-14.999500000000001,25.0,28.568571428571428,43.749375,True,,,False,True
18951,2,France,Italy,55.55407407407407,-20.83375,-9.998999999999999,26.66933333333333,27.586896551724138,29.168333333333333,37.035555555555554,-28.571428571428573,-72.72727272727273,16.666666666666668,37.03703703703704,23.53,True,False,True,True,False
18951,3,France,Italy,54.1675,-4.3478260869565215,-54.54545454545455,15.790526315789473,26.08695652173913,-27.272727272727273,66.66851851851851,-16.666666666666668,-36.36454545454546,18.180454545454545,28.569285714285712,15.385384615384615,True,True,False,False,True
18951,4,France,Italy,37.03666666666667,-12.499166666666667,-6.6659999999999995,5.555555555555555,29.63037037037037,12.50125,28.57107142857143,-17.391304347826086,-36.36272727272728,10.524736842105261,29.03516129032258,31.250625,True,False,True,True,False
18951,5,France,Italy,36.8421052631579,0.0,-0.001999999999998181,20.0,22.22277777777778,50.0,21.051578947368423,-9.090909090909092,-44.44444444444444,14.285714285714286,22.221666666666668,22.223333333333333,True,True,False,True,False
18952,1,Argentina,Slovenia,59.25888888888889,-11.538461538461538,-25.00125,11.764705882352942,33.33296296296297,49.99916666666667,33.333333333333336,-10.525789473684211,-41.666666666666664,23.807619047619045,15.386538461538462,-9.090909090909092,True,,,True,False
18952,2,Argentina,Slovenia,45.45545454545454,0.0,-100.0,14.286666666666665,37.497499999999995,15.383846153846154,79.16791666666667,-8.0024,-71.42999999999999,0.0012500000000006395,21.739565217391306,46.153076923076924,True,True,False,False,True
18952,3,Argentina,Slovenia,40.908181818181816,-7.9996,-4.761904761904762,6.666666666666667,31.820909090909087,24.999166666666667,6.450000000000001,-11.764705882352942,-36.36363636363637,5.001,19.35483870967742,50.0,True,False,True,True,False
18952,4,Argentina,Slovenia,26.66433333333333,-18.51851851851852,-38.09619047619047,4.0,25.803870967741936,27.272727272727273,20.585294117647063,-6.896551724137931,-6.25,13.634999999999998,14.70470588235294,41.17588235294118,True,True,False,False,True
18952,5,Argentina,Slovenia,-5.555555555555555,-28.571428571428573,-62.5,0.0,23.53235294117647,25.0,69.23076923076923,-20.00133333333333,24.99875,0.0,-7.142857142857143,61.53846153846154,True,False,True,False,True
18953,1,France,Poland,33.33277777777778,-27.273636363636363,-71.42999999999999,9.090909090909092,31.428857142857144,50.00083333333333,57.14333333333333,-12.0,-40.0,12.499375,26.08869565217391,7.144285714285715,True,,,False,True
18953,2,France,Poland,52.38,-23.998800000000003,0.0,0.0,27.27136363636364,16.668333333333333,36.8421052631579,-22.726363636363637,-9.998999999999999,0.0,29.996499999999997,0.0008333333333325754,True,False,True,True,False
18953,3,France,Poland,31.82045454545454,-20.832916666666666,-33.333333333333336,19.99866666666667,33.333333333333336,27.272727272727273,38.095238095238095,-33.333333333333336,-37.50125,5.554444444444444,31.818181818181817,9.091818181818182,True,True,False,True,False
18953,4,France,Poland,26.922307692307694,-23.80952380952381,-54.54363636363637,21.052105263157895,42.30769230769231,39.999,50.000454545454545,-16.665833333333335,-0.0008333333333325754,13.332666666666666,31.816363636363636,-15.383076923076922,True,True,False,False,True
18953,5,France,Poland,26.31578947368421,-17.64588235294118,9.090909090909092,7.1450000000000005,0.0,10.001000000000001,10.0,-17.645294117647058,-8.3325,15.384615384615385,42.101052631578945,37.5,True,False,True,True,False
18954,1,Japan,Slovenia,42.85607142857143,-12.0,-12.5,-0.001764705882353008,14.284642857142858,46.666000000000004,40.0012,-14.286190476190475,-63.63727272727272,33.33428571428571,7.6923076923076925,20.0,True,,,True,False
18954,2,Japan,Slovenia,31.032758620689656,-3.8457692307692306,-30.76923076923077,0.0,17.243448275862068,33.33222222222222,31.24875,-11.538461538461538,-14.285714285714286,13.635909090909092,12.123636363636363,36.839999999999996,True,True,False,True,False
18954,3,Japan,Slovenia,36.8421052631579,-9.67548387096774,-10.0,26.087391304347825,15.789736842105263,47.82608695652174,35.13351351351351,-13.792758620689655,-21.428571428571427,19.229615384615382,27.774444444444445,38.888333333333335,True,True,False,True,False
18955,1,Poland,Slovenia,28.123125,-19.23076923076923,-22.22222222222222,4.762857142857143,24.9975,45.45454545454545,17.857499999999998,-4.165,-18.181818181818183,26.317894736842103,22.580645161290324,31.25,True,,,True,False
18955,2,Poland,Slovenia,45.0005,4.166666666666667,9.090909090909092,-7.6923076923076925,19.04619047619048,36.36363636363637,20.831666666666667,-17.64588235294118,-19.999000000000002,-4.762857142857142,20.83375,25.0,True,True,False,True,False
18955,3,Poland,Slovenia,33.332857142857144,3.9991999999999996,0.0007142857142870948,18.749375,28.571428571428573,0.0008333333333325754,3.4489655172413793,-0.000588235294117948,33.333333333333336,12.498750000000001,40.001,21.427142857142858,True,True,False,True,False
18956,1,France,Japan,51.998400000000004,-20.832916666666666,-66.66666666666667,24.997999999999998,32.0,-9.090909090909092,43.47695652173913,-16.666666666666668,-62.49875,22.225,16.665833333333335,0.0,True,,,True,False
18956,2,France,Japan,25.000416666666666,-36.84157894736842,-35.29470588235294,10.001000000000001,25.000833333333333,12.5,40.73925925925926,-16.665833333333335,-44.44444444444444,25.001666666666665,28.0,53.84615384615385,True,True,False,False,True
18956,3,France,Japan,41.6675,-12.499166666666667,-5.2631578947368425,25.0,56.525217391304345,-19.999333333333333,22.221666666666668,-12.5,-0.0014285714285721593,4.9995,12.121515151515151,0.0,True,False,True,True,False
18956,4,France,Japan,53.84576923076923,-11.9992,-0.0006666666666670077,0.0009523809523814396,13.793103448275861,-5.555,30.301212121212124,-4.3478260869565215,-44.44388888888889,13.634999999999998,33.32969696969697,54.54454545454546,True,True,False,True,False
19061,1,Germany,Japan,36.36363636363637,12.0,10.0,80.0,86.36363636363636,-7.142857142857143,9.09090909090909,0.0,-25.0,12.5,100.0,-13.636363636363637,False,,,True,False
19061,2,Germany,Japan,11.11111111111111,4.3478260869565215,18.181818181818183,36.8421052631579,85.18518518518519,-44.44444444444444,15.625,4.0,9.090909090909092,33.333333333333336,96.7741935483871,-13.333333333333334,False,True,False,False,True
19061,3,Germany,Japan,29.41176470588235,0.0,-33.333333333333336,30.0,87.87878787878788,-22.727272727272727,38.888888888888886,8.333333333333334,-5.555555555555555,31.25,78.37837837837837,-5.555555555555555,False,False,True,False,True
19061,4,Germany,Japan,47.22222222222222,3.448275862068965,-13.333333333333334,20.0,93.93939393939394,-20.0,20.58823529411765,13.793103448275861,-46.666666666666664,47.82608695652174,100.0,-11.11111111111111,False,False,True,True,False
19061,5,Germany,Japan,75.0,6.666666666666667,14.285714285714283,44.44444444444444,100.0,-100.0,33.33333333333333,8.333333333333334,,27.272727272727273,84.61538461538461,-33.333333333333336,False,True,False,True,False
19062,1,Brazil,Italy,33.333333333333336,4.166666666666667,-41.666666666666664,45.45454545454545,29.629629629629633,-22.22222222222222,52.38095238095238,0.0,-8.33333333333333,16.666666666666664,44.44444444444444,1.2918958832001822e-15,False,,,False,True
19062,2,Brazil,Italy,34.48275862068966,3.8461538461538463,-50.0,21.73913043478261,51.85185185185186,7.692307692307692,40.90909090909091,7.692307692307692,-7.6923076923076925,41.1764705882353,22.727272727272727,-10.000000000000002,False,False,True,False,True
19062,3,Brazil,Italy,61.111111111111114,4.3478260869565215,-33.333333333333336,36.36363636363637,29.41176470588235,-28.571428571428573,26.31578947368421,0.0,-40.0,13.333333333333334,18.75,-50.0,False,False,True,True,False
19062,4,Brazil,Italy,23.076923076923077,4.3478260869565215,-30.76923076923077,-16.666666666666668,56.521739130434774,1.937843824800273e-15,44.0,13.043478260869565,-16.666666666666664,12.5,27.999999999999996,23.076923076923077,False,True,False,False,True
19063,1,Egypt,Poland,21.21212121212121,4.761904761904762,-16.666666666666664,28.571428571428573,14.285714285714286,61.53846153846154,39.285714285714285,7.999999999999999,-7.47939721852737e-16,45.0,15.384615384615383,14.285714285714288,False,,,False,True
19063,2,Egypt,Poland,27.77777777777778,0.0,-27.272727272727273,11.11111111111111,8.359326303060002e-16,16.666666666666668,26.08695652173913,16.666666666666668,-60.0,86.66666666666667,68.42105263157895,100.0,False,False,True,False,True
19063,3,Egypt,Poland,3.4482758620689666,0.0,-46.15384615384615,54.54545454545455,42.857142857142854,-33.333333333333336,45.45454545454545,8.0,8.333333333333334,77.77777777777777,8.695652173913043,78.57142857142857,False,False,True,False,True
19064,1,Argentina,USA,26.923076923076923,0.0,-33.333333333333336,55.0,20.833333333333332,-50.0,45.45454545454545,3.8461538461538463,-25.0,85.71428571428571,49.99999999999999,0.0,False,,,False,True
19064,2,Argentina,USA,26.08695652173913,0.0,-45.45454545454545,36.8421052631579,59.999999999999986,2.5837917664003644e-15,42.857142857142854,16.666666666666668,-25.0,100.0,50.00000000000001,0.0,False,False,True,False,True
19064,3,Argentina,USA,33.333333333333336,0.0,-42.857142857142854,47.61904761904761,14.285714285714286,2.3684757858670005e-15,63.1578947368421,12.0,-18.181818181818183,46.15384615384615,15.789473684210526,-10.000000000000002,False,False,True,False,True
19065,1,France,Serbia,-2.6315789473684195,0.0,-4.166666666666667,68.42105263157893,46.42857142857143,-20.0,19.512195121951216,0.0,10.526315789473685,79.16666666666667,34.883720930232556,50.0,False,,,False,True
19065,2,France,Serbia,48.484848484848484,0.0,1.2918958832001822e-15,66.66666666666667,29.032258064516128,22.727272727272727,25.0,0.0,-47.05882352941177,60.0,59.09090909090909,-6.666666666666666,False,False,True,True,False
19065,3,France,Serbia,83.33333333333333,0.0,-15.384615384615385,58.333333333333336,50.0,-25.0,34.61538461538461,5.88235294117647,-66.66666666666667,65.21739130434781,59.99999999999999,-1.7763568394002505e-15,False,True,False,True,False
19065,4,France,Serbia,25.806451612903224,9.523809523809524,-22.22222222222222,77.27272727272727,38.46153846153846,-47.05882352941177,39.285714285714285,0.0,-5.88235294117647,58.82352941176471,52.38095238095238,-8.333333333333334,False,True,False,False,True
19065,5,France,Serbia,37.49999999999999,7.142857142857143,-11.111111111111107,40.0,37.5,20.0,-15.789473684210526,0.0,-75.0,50.0,29.411764705882348,100.0,False,False,True,True,False
19066,1,Canada,Slovenia,37.03703703703704,9.523809523809524,-41.1764705882353,52.38095238095238,27.272727272727266,16.666666666666668,37.5,8.0,-16.666666666666668,58.8235294117647,42.857142857142854,25.0,False,,,False,True
19066,2,Canada,Slovenia,50.0,0.0,-38.888888888888886,31.818181818181817,35.71428571428571,50.0,42.857142857142854,16.0,-25.0,86.66666666666667,33.333333333333336,38.46153846153846,False,False,True,False,True
19066,3,Canada,Slovenia,37.03703703703704,4.0,-1.578983857244667e-15,73.33333333333333,26.923076923076923,-7.894919286223335e-16,16.129032258064516,0.0,-10.0,68.42105263157895,43.333333333333336,-5.263157894736841,False,False,True,True,False
19066,4,Canada,Slovenia,30.0,9.523809523809524,-35.714285714285715,33.33333333333333,21.875,-10.526315789473683,40.625,8.0,-28.571428571428573,50.0,42.85714285714287,17.647058823529413,False,True,False,False,True
19067,1,Egypt,Italy,10.0,0.0,-30.0,44.44444444444444,9.523809523809522,-18.75,52.17391304347826,12.0,-16.666666666666668,69.23076923076923,23.80952380952381,33.333333333333336,False,,,False,True
19067,2,Egypt,Italy,0.0,0.0,-16.666666666666668,45.0,29.62962962962963,5.2631578947368425,26.470588235294116,8.333333333333332,0.0,66.66666666666667,21.874999999999996,60.0,False,False,True,False,True
19067,3,Egypt,Italy,28.0,0.0,-63.63636363636363,50.0,7.407407407407407,10.526315789473685,55.55555555555556,4.0,-30.76923076923077,70.58823529411765,54.166666666666664,7.142857142857143,False,False,True,False,True
19068,1,Germany,USA,50.0,9.090909090909092,-66.66666666666667,15.0,0.0,-26.666666666666668,68.18181818181819,12.5,-33.333333333333336,52.63157894736842,76.19047619047619,-18.181818181818183,False,,,False,True
19068,2,Germany,USA,26.086956521739125,5.88235294117647,-25.0,47.82608695652174,58.333333333333336,-35.714285714285715,50.0,12.0,0.0,7.6923076923076925,20.0,6.666666666666667,False,False,True,False,True
19068,3,Germany,USA,39.285714285714285,3.9999999999999996,-28.571428571428573,58.333333333333336,18.51851851851852,40.90909090909091,23.333333333333332,0.0,-6.250000000000001,38.095238095238095,35.483870967741936,0.0,False,False,True,True,False
19068,4,Germany,USA,68.18181818181819,8.333333333333334,-20.0,47.05882352941177,36.36363636363637,21.428571428571427,30.0,9.523809523809524,-66.66666666666667,23.529411764705884,20.0,25.0,False,True,False,True,False
19068,5,Germany,USA,30.76923076923077,0.0,-20.0,1.1842378929335002e-15,21.428571428571423,42.857142857142854,30.76923076923077,21.428571428571423,-27.272727272727266,42.857142857142854,14.285714285714281,40.0,False,True,False,False,True
19069,1,Serbia,Slovenia,45.0,4.761904761904762,-18.181818181818183,55.0,38.09523809523809,-38.46153846153846,52.0,4.0,-25.0,66.66666666666667,41.66666666666667,16.666666666666668,False,,,False,True
19069,2,Serbia,Slovenia,21.73913043478261,4.999999999999999,-70.0,33.333333333333336,39.130434782608695,50.0,51.851851851851855,16.666666666666668,-50.0,52.63157894736842,32.142857142857146,42.857142857142854,False,False,True,False,True
19069,3,Serbia,Slovenia,21.428571428571427,5.2631578947368425,-23.076923076923077,52.63157894736842,18.51851851851852,15.789473684210524,44.827586206896555,4.0,-28.571428571428573,35.71428571428571,24.999999999999996,50.0,False,False,True,False,True
19070,1,Canada,France,36.8421052631579,0.0,-16.666666666666668,14.999999999999996,47.05882352941177,-30.0,26.086956521739125,24.0,-30.0,73.33333333333333,47.61904761904761,22.22222222222222,False,,,False,True
19070,2,Canada,France,8.571428571428571,9.09090909090909,-5.263157894736842,9.523809523809524,14.705882352941176,50.0,25.0,8.333333333333334,-11.11111111111111,59.09090909090909,59.375,5.555555555555555,False,False,True,False,True
19070,3,Canada,France,9.523809523809524,0.0,-63.63636363636363,52.94117647058823,55.0,-12.5,65.0,4.0,20.0,57.142857142857146,55.55555555555556,16.666666666666668,False,False,True,False,True
19071,1,Brazil,Poland,24.137931034482758,4.166666666666667,-18.75,5.555555555555555,25.925925925925927,50.0,20.689655172413794,8.695652173913043,1.0931426704001542e-15,57.142857142857146,6.89655172413793,0.0,False,,,True,False
19071,2,Brazil,Poland,21.428571428571427,5.0,-35.294117647058826,5.263157894736841,-3.571428571428572,25.0,38.70967741935484,12.5,-28.571428571428573,31.57894736842105,24.137931034482758,42.857142857142854,False,True,False,False,True
19071,3,Brazil,Poland,50.0,4.166666666666667,-27.272727272727273,6.666666666666666,13.79310344827586,52.63157894736842,29.032258064516128,15.0,-43.75,63.63636363636363,6.0606060606060606,46.666666666666664,False,False,True,True,False
19071,4,Brazil,Poland,31.70731707317073,0.0,-28.571428571428566,34.78260869565217,11.627906976744185,57.142857142857146,30.555555555555557,8.333333333333334,-22.22222222222222,38.095238095238095,18.75,25.0,False,True,False,False,True
19071,5,Brazil,Poland,58.33333333333332,0.0,-40.0,-1.2918958832001822e-15,25.0,0.0,58.333333333333336,26.666666666666668,-37.5,60.0,33.333333333333336,0.0,False,False,True,False,True
19073,1,Argentina,Germany,12.0,0.0,-25.0,45.0,52.0,1.495879443705474e-15,61.904761904761905,12.5,-8.333333333333334,72.72727272727273,24.999999999999993,33.333333333333336,False,,,False,True
19073,2,Argentina,Germany,22.22222222222222,9.523809523809524,-9.090909090909092,38.095238095238095,60.0,42.857142857142854,28.571428571428573,16.0,-11.11111111111111,43.75,33.33333333333333,26.31578947368421,False,False,True,False,True
19073,3,Argentina,Germany,14.814814814814815,4.545454545454546,20.0,23.529411764705884,27.999999999999996,42.857142857142854,31.818181818181817,8.333333333333334,-7.6923076923076925,50.0,28.571428571428573,27.272727272727273,False,False,True,False,True
19074,1,Brazil,Egypt,35.294117647058826,8.333333333333334,41.666666666666664,50.0,46.66666666666666,33.333333333333336,-18.181818181818183,8.333333333333334,-50.0,47.36842105263158,31.57894736842105,-22.222222222222218,False,,,True,False
19074,2,Brazil,Egypt,46.153846153846146,8.0,-33.333333333333336,54.54545454545455,44.0,63.1578947368421,19.047619047619047,7.692307692307692,-31.25,29.166666666666668,33.333333333333336,-36.36363636363637,False,True,False,True,False
19074,3,Brazil,Egypt,56.0,0.0,-20.0,37.5,48.0,26.666666666666668,7.6923076923076925,11.764705882352942,-45.45454545454545,54.54545454545455,23.076923076923077,42.857142857142854,False,True,False,True,False
19075,1,France,Slovenia,33.333333333333336,0.0,-47.61904761904762,33.333333333333336,23.076923076923077,38.46153846153846,37.5,12.0,-41.666666666666664,52.94117647058823,24.13793103448276,38.095238095238095,False,,,False,True
19075,2,France,Slovenia,32.142857142857146,4.166666666666667,-11.764705882352942,45.0,39.285714285714285,14.285714285714286,29.032258064516128,12.5,-25.0,45.0,19.354838709677416,9.090909090909092,False,False,True,False,True
19075,3,France,Slovenia,13.513513513513512,3.8461538461538463,15.384615384615385,42.857142857142854,27.777777777777775,26.923076923076923,10.344827586206897,7.6923076923076925,-22.22222222222222,50.0,32.25806451612904,47.05882352941177,False,False,True,True,False
19075,4,France,Slovenia,35.714285714285715,4.0,-20.0,55.0,46.15384615384615,33.333333333333336,11.764705882352938,9.090909090909092,-30.0,52.38095238095238,27.272727272727273,36.36363636363637,False,True,False,True,False
19075,5,France,Slovenia,21.05263157894737,9.09090909090909,-20.0,21.428571428571427,36.84210526315789,41.666666666666664,30.76923076923077,13.333333333333334,-18.18181818181818,0.0,20.0,9.090909090909092,False,True,False,False,True
19076,1,Japan,USA,24.0,0.0,-57.142857142857146,33.333333333333336,20.833333333333332,-33.333333333333336,65.0,4.0,-28.571428571428573,45.454545454545446,31.57894736842105,41.666666666666664,False,,,False,True
19076,2,Japan,USA,19.35483870967742,0.0,-41.666666666666664,36.8421052631579,25.806451612903224,33.333333333333336,48.0,4.166666666666667,5.882352941176469,78.57142857142857,24.999999999999996,5.555555555555555,False,False,True,False,True
19076,3,Japan,USA,52.17391304347826,4.166666666666666,-9.999999999999998,50.0,14.285714285714286,0.0,34.78260869565217,5.2631578947368425,-50.0,27.272727272727273,31.818181818181817,-22.22222222222222,False,False,True,True,False
19076,4,Japan,USA,26.92307692307692,0.0,-44.44444444444444,52.94117647058823,38.46153846153846,0.0,58.333333333333336,0.0,-23.529411764705884,85.71428571428571,43.47826086956521,42.857142857142854,False,True,False,False,True
19077,1,Italy,Poland,45.0,8.0,9.090909090909092,40.0,26.31578947368421,57.142857142857146,-1.3534147347811431e-15,6.666666666666666,-14.285714285714286,29.999999999999993,33.333333333333336,-46.15384615384615,False,,,True,False
19077,2,Italy,Poland,24.137931034482758,12.5,-10.0,37.5,18.51851851851852,64.28571428571429,8.0,5.263157894736842,-23.076923076923077,9.523809523809524,7.6923076923076925,11.11111111111111,False,True,False,True,False
19077,3,Italy,Poland,23.333333333333332,0.0,-21.428571428571427,47.05882352941177,26.666666666666668,20.0,34.48275862068966,4.0,-13.33333333333333,50.0,27.58620689655172,11.764705882352942,False,True,False,False,True
19077,4,Italy,Poland,62.5,4.166666666666667,-21.428571428571427,33.33333333333333,31.818181818181817,46.666666666666664,29.999999999999996,9.523809523809524,-64.28571428571429,47.36842105263158,35.714285714285715,31.57894736842105,False,False,True,True,False
19078,1,Canada,Serbia,51.724137931034484,12.5,-7.6923076923076925,57.142857142857146,40.74074074074074,57.89473684210526,18.181818181818183,5.882352941176471,-30.76923076923077,21.05263157894737,40.90909090909091,-4.761904761904762,False,,,True,False
19078,2,Canada,Serbia,43.47826086956521,4.0,-14.285714285714286,50.0,47.99999999999999,7.142857142857143,22.727272727272727,4.545454545454546,-33.333333333333336,45.0,34.78260869565217,-33.333333333333336,False,True,False,True,False
19078,3,Canada,Serbia,45.833333333333336,12.5,-44.44444444444444,42.857142857142854,63.63636363636363,0.0,64.70588235294117,19.23076923076923,-9.090909090909092,38.888888888888886,57.89473684210526,-41.1764705882353,False,True,False,False,True
19078,4,Canada,Serbia,38.095238095238095,0.0,-41.1764705882353,42.10526315789474,50.0,-14.285714285714286,42.857142857142854,8.333333333333334,-37.5,68.75,44.44444444444444,-1.495879443705474e-15,False,False,True,False,True
19078,5,Canada,Serbia,58.8235294117647,0.0,-41.1764705882353,20.0,12.5,-9.999999999999998,37.5,5.555555555555555,-54.54545454545455,38.46153846153846,16.666666666666668,60.0,False,False,True,False,True
19079,1,France,Germany,16.129032258064516,5.263157894736842,-30.76923076923077,61.90476190476189,27.586206896551722,21.428571428571427,50.0,0.0,-8.333333333333334,68.75,35.714285714285715,50.0,True,,,False,True
19079,2,France,Germany,40.74074074074074,3.846153846153846,-11.111111111111107,39.130434782608695,17.857142857142858,-7.1428571428571415,47.82608695652174,7.142857142857143,-25.0,66.66666666666667,40.90909090909091,25.0,True,False,True,False,True
19079,3,France,Germany,45.833333333333336,0.0,-26.31578947368421,61.53846153846154,45.833333333333336,53.333333333333336,33.333333333333336,0.0,-58.333333333333336,60.869565217391305,22.580645161290324,25.0,True,False,True,True,False
19079,4,France,Germany,31.03448275862069,0.0,-26.31578947368421,58.8235294117647,27.999999999999996,90.0,10.344827586206897,0.0,-1.0150610510858574e-15,52.631578947368425,27.58620689655172,35.294117647058826,True,True,False,True,False
19079,5,France,Germany,40.0,7.1428571428571415,0.0,25.0,10.0,33.333333333333336,50.0,0.0,-40.0,54.54545454545455,49.99999999999999,0.0,True,True,False,True,False
19080,1,Brazil,USA,17.647058823529413,4.0,-54.54545454545455,31.57894736842105,15.625,72.22222222222223,29.62962962962963,8.0,-27.77777777777778,50.0,26.923076923076923,66.66666666666667,True,,,False,True
19080,2,Brazil,USA,40.54054054054054,6.896551724137931,-40.0,66.66666666666667,38.888888888888886,30.0,36.111111111111114,3.448275862068965,-40.0,47.82608695652174,41.935483870967744,25.0,True,False,True,True,False
19080,3,Brazil,USA,18.918918918918916,0.0,-29.41176470588235,38.095238095238095,14.285714285714285,45.833333333333336,37.83783783783784,0.0,5.882352941176471,41.1764705882353,21.212121212121215,40.0,True,True,False,False,True
19080,4,Brazil,USA,34.375,0.0,-8.333333333333334,59.09090909090909,33.333333333333336,10.526315789473685,55.172413793103445,4.0,-15.384615384615387,81.25,50.0,31.818181818181817,True,False,True,False,True
19081,1,Poland,Slovenia,32.142857142857146,4.166666666666666,-31.250000000000004,50.0,28.571428571428573,50.0,12.121212121212121,4.761904761904762,-11.11111111111111,47.36842105263158,39.39393939393939,8.333333333333332,True,,,True,False
19081,2,Poland,Slovenia,43.75,4.0,-27.77777777777778,33.333333333333336,58.62068965517241,0.0,40.625,12.0,-46.666666666666664,45.0,6.249999999999999,32.0,True,True,False,False,True
19081,3,Poland,Slovenia,28.571428571428573,25.0,-42.857142857142854,52.94117647058823,25.92592592592592,53.333333333333336,22.22222222222222,0.0,-23.529411764705884,23.529411764705884,36.0,10.526315789473685,True,False,True,True,False
19081,4,Poland,Slovenia,38.888888888888886,16.0,-18.18181818181818,45.45454545454545,50.0,-33.333333333333336,39.39393939393939,4.999999999999999,-37.5,26.08695652173913,20.689655172413794,33.333333333333336,True,True,False,True,False
19082,1,Italy,Japan,48.148148148148145,9.523809523809522,-50.0,43.47826086956522,22.22222222222222,-6.666666666666667,56.0,4.166666666666667,-53.84615384615385,46.666666666666664,44.00000000000001,25.0,True,,,False,True
19082,2,Italy,Japan,48.0,8.695652173913043,-25.0,40.909090909090914,23.076923076923077,-7.6923076923076925,43.99999999999999,8.0,-58.333333333333336,22.22222222222222,24.0,12.5,True,False,True,False,True
19082,3,Italy,Japan,40.0,3.7037037037037037,-36.0,57.142857142857146,22.857142857142858,25.925925925925927,35.0,4.0,-36.8421052631579,56.52173913043478,38.46153846153846,32.25806451612904,True,False,True,True,False
19082,4,Italy,Japan,29.032258064516128,3.9999999999999996,0.0,40.0,31.03448275862069,23.80952380952381,19.354838709677416,12.0,-30.0,45.0,16.129032258064516,18.51851851851852,True,True,False,True,False
19082,5,Italy,Japan,38.888888888888886,0.0,-23.529411764705884,50.0,23.52941176470588,25.0,24.0,0.0,-42.857142857142854,64.28571428571429,33.33333333333333,41.1764705882353,True,True,False,True,False
19083,1,France,Italy,41.93548387096774,8.333333333333334,-33.333333333333336,37.5,16.666666666666668,47.368421052631575,37.5,0.0,-57.142857142857146,38.888888888888886,26.08695652173913,-10.000000000000002,True,,,True,False
19083,2,France,Italy,25.714285714285715,8.0,-28.571428571428573,13.333333333333334,9.09090909090909,46.15384615384615,30.0,9.523809523809522,-24.999999999999996,21.73913043478261,10.344827586206897,57.142857142857146,True,True,False,True,False
19083,3,France,Italy,34.61538461538461,8.333333333333334,-40.0,44.44444444444444,23.076923076923077,42.857142857142854,14.285714285714286,4.545454545454546,-7.142857142857143,26.31578947368421,29.62962962962963,35.294117647058826,True,True,False,True,False
19084,1,Poland,USA,33.33333333333333,4.166666666666667,0.0,60.0,43.74999999999999,15.0,25.0,0.0,-35.714285714285715,52.63157894736842,45.161290322580655,40.0,True,,,True,False
19084,2,Poland,USA,48.0,3.8461538461538463,-60.0,52.63157894736842,37.50000000000001,-25.0,56.52173913043478,3.846153846153846,-30.76923076923077,68.42105263157895,73.91304347826086,-7.1428571428571415,True,True,False,False,True
19084,3,Poland,USA,7.6923076923076925,0.0,-62.5,52.38095238095238,50.0,-63.63636363636363,60.0,0.0,-14.285714285714283,80.0,45.00000000000001,31.25,True,False,True,False,True
19084,4,Poland,USA,50.0,12.5,-33.333333333333336,33.33333333333333,21.428571428571427,29.41176470588235,42.42424242424242,8.333333333333334,-33.333333333333336,40.90909090909091,43.75000000000001,15.789473684210526,True,False,True,True,False
19084,5,Poland,USA,60.0,7.142857142857143,-12.5,53.84615384615385,46.666666666666664,12.499999999999996,31.25,7.1428571428571415,-44.44444444444444,45.45454545454545,50.0,-19.999999999999996,True,True,False,True,False
19085,1,Italy,USA,20.0,8.333333333333334,-5.2631578947368425,59.09090909090909,15.151515151515154,19.047619047619047,20.0,0.0,-22.22222222222222,17.647058823529413,13.333333333333334,52.17391304347826,True,,,False,True
19085,2,Italy,USA,40.0,0.0,-50.0,40.90909090909091,19.35483870967742,-8.333333333333334,50.0,0.0,-60.0,45.45454545454545,22.857142857142858,-3.846153846153845,True,False,True,False,True
19085,3,Italy,USA,30.555555555555557,12.0,-27.272727272727273,31.818181818181817,0.0,-3.846153846153846,34.285714285714285,8.0,-18.181818181818183,10.526315789473685,15.625,41.666666666666664,True,False,True,False,True
19086,1,France,Poland,87.5,3.9999999999999996,-60.0,49.99999999999999,62.5,6.666666666666665,37.5,5.2631578947368425,-100.0,47.36842105263158,24.0,-6.25,True,,,True,False
19086,2,France,Poland,42.857142857142854,16.666666666666668,-25.0,43.75,25.0,-8.333333333333332,44.44444444444444,4.761904761904762,-42.857142857142854,29.999999999999993,44.444444444444436,-28.571428571428573,True,True,False,True,False
19086,3,France,Poland,30.303030303030305,12.0,5.0,52.38095238095238,44.11764705882353,20.833333333333332,19.444444444444443,8.695652173913043,-20.0,45.45454545454545,17.14285714285714,29.166666666666668,True,True,False,True,False
21062,1,Philippines,Tunisia,0.0009374999999991473,-21.428571428571427,-50.0,30.0005,33.33636363636364,40.001,47.998400000000004,-12.499583333333334,0.0,27.271818181818183,42.307307692307695,52.631052631578946,False,,,False,True
21062,2,Philippines,Tunisia,19.23076923076923,-17.647058823529413,-38.46,16.667083333333334,31.035172413793102,14.285714285714286,47.82521739130435,0.0003999999999996362,-23.076923076923077,15.383076923076922,43.47826086956522,29.41235294117647,False,False,True,False,True
21062,3,Philippines,Tunisia,44.44518518518518,7.9996,-58.3325,18.181818181818183,17.240344827586206,36.36454545454546,60.714285714285715,-8.332916666666668,-40.0,-0.0008695652173917492,37.03333333333334,41.666666666666664,False,False,True,False,True
21063,1,Colombia,USA,27.272727272727273,-14.287142857142856,-24.9975,-5.264736842105263,13.636818181818182,37.49875,52.17391304347826,-16.667916666666667,-30.0,17.647058823529413,34.61615384615384,30.76846153846154,False,,,False,True
21063,2,Colombia,USA,30.303030303030305,-14.284761904761906,-26.666666666666668,-4.34695652173913,20.588823529411766,68.42157894736842,27.271818181818183,8.0,-28.570714285714285,17.646470588235296,32.35647058823529,45.8325,False,False,True,False,True
21063,3,Colombia,USA,4.9995,-13.334,-61.53769230769231,-10.525789473684211,15.003000000000004,12.49875,47.82434782608695,-8.332916666666668,10.0,16.6675,18.179545454545455,72.72636363636364,False,False,True,False,True
21064,1,Canada,Libya,31.57894736842105,0.0004545454545456871,-40.00066666666667,14.287142857142856,54.999,-37.50125,50.0,-12.0,33.333333333333336,10.526315789473685,40.90909090909091,-0.0009090909090913742,False,,,False,True
21064,2,Canada,Libya,57.142857142857146,-15.998399999999998,-57.144285714285715,17.647058823529413,55.0,25.0,42.857142857142854,-14.999,-62.5,-31.248124999999998,14.284285714285714,-33.333333333333336,False,False,True,True,False
21064,3,Canada,Libya,37.498333333333335,16.665416666666665,-16.666666666666668,36.36272727272728,65.22086956521738,37.503125000000004,7.69076923076923,-15.383846153846154,-28.571428571428573,-8.696521739130436,16.666666666666668,16.666666666666668,False,True,False,True,False
21064,4,Canada,Libya,20.512820512820515,-3.447931034482759,5.883529411764705,-4.348695652173913,35.13648648648648,0.0007692307692300696,19.445555555555558,-7.407407407407407,-5.882352941176471,19.228846153846153,20.515384615384615,-0.0016666666666675194,False,True,False,True,False
21065,1,Cuba,Portugal,23.9996,-4.0,-15.384615384615385,14.285714285714286,38.09285714285714,25.000625,14.814074074074073,-20.0005,-12.5,9.524285714285714,39.13173913043478,21.427857142857142,False,,,True,False
21065,2,Cuba,Portugal,30.0005,-22.725454545454543,-40.0,16.66611111111111,47.62285714285714,-16.666666666666668,50.000625,-23.9996,-11.112222222222222,6.665333333333333,29.408823529411762,16.668333333333333,False,True,False,False,True
21065,3,Cuba,Portugal,25.713714285714286,-9.999500000000001,-41.666666666666664,33.33380952380952,35.13567567567568,13.637272727272727,50.00192307692308,-12.499583333333334,-17.646470588235296,41.17529411764706,64.00240000000001,30.77,False,False,True,False,True
21065,4,Cuba,Portugal,36.0,-15.789473684210526,-45.45545454545454,8.695217391304348,44.0032,-22.22222222222222,54.999,0.0,-23.076153846153847,13.334666666666667,47.3678947368421,11.11111111111111,False,False,True,False,True
21066,1,Japan,Türkiye,17.241724137931033,-15.789473684210526,-8.333333333333334,-4.761904761904762,42.85607142857143,37.499375,40.0008,-3.9983999999999997,-41.666666666666664,6.666666666666667,23.9976,16.66611111111111,False,,,False,True
21066,2,Japan,Türkiye,18.180909090909093,-16.666666666666668,-42.85785714285714,10.52736842105263,21.8775,42.857142857142854,26.666333333333334,-12.500833333333333,7.6923076923076925,29.999000000000002,53.333999999999996,31.249375,False,False,True,False,True
21066,3,Japan,Türkiye,13.794137931034482,-26.316842105263156,0.0011111111111101006,9.090909090909092,22.580322580645163,17.647058823529413,24.000799999999998,-4.0,-0.001764705882353844,21.43,40.908181818181816,60.0,False,False,True,False,True
21067,1,Bulgaria,Germany,42.55489361702128,-30.0005,-9.999500000000001,31.2490625,34.041702127659576,20.0024,26.470294117647057,-12.820512820512821,-26.924230769230768,0.0,30.30030303030303,13.635000000000002,False,,,True,False
21067,2,Bulgaria,Germany,61.904761904761905,0.0,-62.49875,-6.248749999999999,31.575263157894735,-7.6923076923076925,62.50083333333333,-21.738695652173913,-19.997999999999998,4.345652173913043,58.333333333333336,-19.999000000000002,False,True,False,True,False
21067,3,Bulgaria,Germany,43.997600000000006,-12.0,8.334166666666667,-6.248125,25.000714285714285,25.0,9.67741935483871,-4.9985,-54.54545454545455,23.807619047619045,53.33433333333333,18.750625,False,True,False,True,False
21068,1,Netherlands,Qatar,28.57,-8.0008,0.0005555555555550503,25.0,21.209696969696967,69.56521739130434,4.878048780487805,-11.110555555555557,-12.5025,13.635454545454547,12.197560975609756,35.712857142857146,False,,,True,False
21068,2,Netherlands,Qatar,41.93483870967742,-20.833333333333332,0.0,39.9975,25.0,46.153076923076924,42.30692307692308,-16.665416666666665,-28.571428571428573,31.575789473684207,25.928888888888892,30.76923076923077,False,True,False,True,False
21068,3,Netherlands,Qatar,24.999642857142856,0.001481481481481713,-30.0,21.73913043478261,22.225185185185182,18.181818181818183,43.9988,-11.111481481481482,8.333333333333334,-23.81047619047619,11.541923076923077,46.66733333333333,False,True,False,False,True
21068,4,Netherlands,Qatar,32.25838709677419,-4.168333333333334,-19.999000000000002,52.631052631578946,12.904838709677419,23.81047619047619,36.667,-16.666666666666668,-40.00066666666667,-0.0014285714285714828,9.67741935483871,41.177058823529414,False,False,True,True,False
21069,1,Chile,Slovenia,25.928148148148146,-10.0,-16.666666666666668,-4.761428571428572,14.81185185185185,16.666666666666668,60.87,-4.000800000000001,-28.571428571428573,27.778333333333332,30.43,0.0,False,,,False,True
21069,2,Chile,Slovenia,9.998666666666667,-5.0,-12.5,10.526842105263157,17.23862068965517,35.29294117647059,44.44518518518518,-19.9996,6.665333333333333,11.11111111111111,34.61538461538461,75.0,False,False,True,False,True
21069,3,Chile,Slovenia,17.85571428571429,-23.528823529411767,-37.5,10.0,17.85535714285714,8.359326303060002e-16,52.0008,-12.5,-0.0006666666666670077,23.076923076923077,21.737391304347824,17.64764705882353,False,False,True,False,True
21070,1,Poland,Romania,26.471176470588233,-20.588823529411766,-7.142857142857143,7.9996,8.568857142857143,39.99933333333333,23.334,-18.7490625,-7.143571428571428,4.166666666666667,30.29939393939394,23.809047619047618,False,,,True,False
21070,2,Poland,Romania,58.8235294117647,-12.500833333333333,-36.36545454545455,11.11,35.294117647058826,30.0,19.04619047619048,-43.749375,-50.0,-10.526315789473685,40.911818181818184,16.666666666666668,False,True,False,True,False
21070,3,Poland,Romania,68.18272727272728,-12.0008,10.0,7.142142857142857,17.391739130434782,0.0005555555555558397,41.66708333333333,-21.051578947368423,-49.999,5.0015,30.436521739130434,8.334166666666667,False,True,False,True,False
21071,1,Argentina,Finland,16.668,-26.315263157894737,-71.42999999999999,19.999000000000002,22.580645161290324,-26.316315789473684,47.618095238095236,-20.000799999999998,5.2631578947368425,35.71357142857143,29.996999999999996,-26.666666666666668,False,,,False,True
21071,2,Argentina,Finland,20.0,-5.26421052631579,-54.54545454545455,0.0005000000000002558,30.437826086956523,-15.384615384615385,48.0008,-8.334166666666667,0.0010000000000005115,17.647058823529413,45.833333333333336,7.141428571428572,False,False,True,False,True
21071,3,Argentina,Finland,50.001666666666665,-16.666666666666668,-11.11111111111111,9.523809523809524,43.334666666666664,-5.2631578947368425,37.50125,-4.348260869565217,9.091818181818182,29.9995,37.49666666666666,-54.166666666666664,False,False,True,True,False
21071,4,Argentina,Finland,22.856,-3.9988,-16.666666666666668,15.0,30.558333333333337,11.998800000000001,20.000285714285713,-13.043478260869565,-6.251250000000001,21.74086956521739,31.582894736842107,-7.408148148148149,False,True,False,True,False
21071,5,Argentina,Finland,54.54545454545455,-6.666666666666667,-29.999000000000002,49.99875,27.269999999999996,-22.223333333333333,23.529411764705884,-27.272727272727273,-50.00125,30.767692307692307,41.1764705882353,28.571428571428573,False,True,False,True,False
21072,1,Egypt,Iran,44.44444444444444,4.0,-8.333333333333332,41.66583333333333,49.9975,-44.44555555555556,26.08782608695652,-23.529411764705884,-30.000999999999998,26.08869565217391,45.83124999999999,-30.002,False,,,True,False
21072,2,Egypt,Iran,16.6675,-31.25125,-66.66666666666667,19.999000000000002,24.9975,28.572857142857142,68.75,-11.999600000000001,7.693076923076922,10.001000000000001,25.0,-15.385384615384615,False,True,False,False,True
21072,3,Egypt,Iran,53.57035714285714,-8.0,-42.855714285714285,23.80857142857143,42.85357142857142,36.36545454545455,57.142857142857146,-4.348260869565218,-46.15461538461538,-5.26421052631579,59.09090909090909,-19.999333333333333,False,False,True,True,False
21072,4,Egypt,Iran,57.14142857142857,-29.167083333333334,33.333333333333336,16.66722222222222,47.62047619047619,0.0,16.665555555555557,-9.523333333333333,-77.77777777777777,29.41176470588235,60.001999999999995,-57.142857142857146,False,True,False,True,False
21073,1,Belgium,Ukraine,41.66583333333333,-0.0004166666666662877,5.883529411764706,-7.142857142857143,20.0016,41.17588235294118,14.286785714285715,-5.883529411764706,-40.001,4.761904761904762,33.334666666666664,23.529411764705884,False,,,True,False
21073,2,Belgium,Ukraine,46.15346153846154,3.9995999999999996,-6.666666666666667,0.0,26.92269230769231,18.180454545454545,26.667333333333332,-23.528823529411767,-35.714285714285715,20.832083333333333,30.0,7.69076923076923,False,True,False,True,False
21073,3,Belgium,Ukraine,27.026486486486487,-16.66625,-38.46153846153846,10.526842105263157,35.13243243243243,30.43565217391304,24.0,-13.043478260869565,-23.809047619047618,15.789473684210526,30.76923076923077,-13.332666666666666,False,True,False,True,False
21074,1,Czechia,Serbia,32.25774193548387,-8.332083333333333,-40.0,29.41176470588235,23.33566666666667,10.0,41.38,-26.086521739130436,-28.571428571428573,20.002000000000002,37.93103448275862,26.316842105263156,False,,,True,False
21074,2,Czechia,Serbia,34.3746875,-11.9992,0.0,35.001,20.000666666666667,26.31421052631579,33.333333333333336,-13.042608695652175,-27.272727272727273,14.285238095238096,37.50083333333333,-7.142857142857143,False,True,False,True,False
21074,3,Czechia,Serbia,54.1675,-8.331249999999999,-30.0,11.110555555555557,32.0,37.500625,28.12375,-14.285238095238096,-42.857142857142854,4.761428571428572,38.7058064516129,29.41176470588235,False,True,False,True,False
21075,1,France,Korea,66.66666666666667,-12.499583333333334,50.001,27.271818181818183,55.553333333333335,62.5025,-9.9985,-15.383846153846154,-71.42857142857143,5.555555555555555,29.9985,-9.091818181818182,False,,,True,False
21075,2,France,Korea,47.82565217391304,-3.9991999999999996,0.002222222222223359,30.76846153846154,39.9992,25.0,32.0,-27.77722222222222,-39.998000000000005,10.0,32.002399999999994,5.882352941176471,False,True,False,True,False
21075,3,France,Korea,36.8421052631579,12.5,-22.22222222222222,23.078461538461536,31.815909090909088,20.00133333333333,14.287142857142856,-23.529411764705884,0.0009999999999990906,-4.167916666666667,32.144642857142856,-7.143571428571428,False,True,False,True,False
21076,1,Brazil,China,37.038148148148146,-10.526315789473685,-30.76923076923077,22.72681818181818,55.55555555555556,10.001000000000001,52.17304347826087,-4.0,-28.568571428571428,6.25,21.742608695652173,14.285714285714286,False,,,False,True
21076,2,Brazil,China,25.00111111111111,-23.9996,-25.0,4.761904761904762,35.290588235294116,56.25,12.001199999999999,-4.3478260869565215,-23.076923076923077,15.787894736842103,14.286071428571429,-13.333333333333334,False,False,True,True,False
21076,3,Brazil,China,31.2490625,-16.66625,-30.76923076923077,9.09,65.6253125,25.002,25.001785714285713,-4.3478260869565215,-27.271818181818183,5.2631578947368425,14.814814814814815,-19.046666666666667,False,True,False,True,False
21076,4,Brazil,China,26.190714285714286,-7.9996,-25.0015,11.763529411764708,46.34439024390244,44.82793103448276,26.667666666666666,-9.523333333333333,-14.283809523809524,8.696521739130436,16.126451612903224,0.0009523809523807629,False,True,False,True,False
21077,1,Algeria,Italy,30.0015,-35.714285714285715,-42.855714285714285,0.0,14.285238095238096,-44.44444444444444,68.42052631578947,0.00041666666666687985,-41.666666666666664,0.0,29.996499999999997,63.63636363636363,False,,,False,True
21077,2,Algeria,Italy,23.077692307692306,-22.726363636363637,-0.0014285714285721593,-9.524761904761904,14.81777777777778,54.54636363636364,23.81047619047619,0.0,-15.383846153846154,5.883529411764706,44.999,-12.5,False,False,True,False,True
21077,3,Algeria,Italy,26.08521739130435,-22.221666666666668,-22.221111111111114,40.001,0.0,-60.0,58.33291666666667,-16.667916666666667,-55.55555555555556,21.427142857142858,51.998400000000004,33.333333333333336,False,False,True,False,True
21078,1,Colombia,Cuba,29.167916666666667,-8.695217391304348,-0.0007692307692311628,21.052105263157895,36.002399999999994,-23.529411764705884,42.857142857142854,-16.667083333333334,-18.180909090909093,15.792631578947368,32.142857142857146,-17.647058823529413,False,,,False,True
21078,2,Colombia,Cuba,32.144999999999996,-14.286190476190475,-62.5,19.9985,35.71714285714286,-29.9995,60.869565217391305,-15.999600000000001,-13.334666666666667,0.0,32.0,0.0026666666666670833,False,False,True,False,True
21078,3,Colombia,Cuba,0.0008695652173917492,-19.04714285714286,-25.000833333333333,37.500625,31.819090909090907,-33.333333333333336,32.0004,-29.1675,-58.333333333333336,29.413529411764703,35.9992,22.22222222222222,False,False,True,False,True
21079,1,Libya,Türkiye,33.3325,-27.77777777777778,-22.22222222222222,-18.18409090909091,31.996799999999997,41.666666666666664,36.36363636363637,8.001199999999999,-35.714285714285715,23.077692307692306,36.36772727272727,38.46076923076923,False,,,False,True
21079,2,Libya,Türkiye,44.0008,-15.999600000000001,0.0007692307692311628,-5.555555555555555,24.000799999999998,26.666,23.333666666666666,-8.695217391304348,-35.71357142857143,19.049523809523812,25.0,0.0006666666666660604,False,False,True,True,False
21079,3,Libya,Türkiye,-15.001,-0.0007142857142860797,-25.0,5.0,14.288571428571432,-9.090909090909092,59.09136363636364,-16.0,30.0,15.386153846153848,50.0,46.15384615384615,False,True,False,False,True
21079,4,Libya,Türkiye,16.000799999999998,-17.646470588235296,-25.0,-11.109444444444444,18.516296296296293,19.048095238095236,37.93034482758621,-12.5,10.0,14.287857142857144,46.667,38.0947619047619,False,False,True,False,True
21080,1,Chile,Germany,30.434782608695652,-17.646470588235296,-50.00125,19.999000000000002,40.906363636363636,18.181818181818183,62.498333333333335,-19.9996,-50.0,7.693846153846154,28.568571428571424,46.153076923076924,False,,,False,True
21080,2,Chile,Germany,46.875,-12.500416666666666,-26.666666666666668,9.525714285714287,37.500625,33.33380952380952,48.57057142857143,-8.3325,-41.1764705882353,19.04714285714286,42.42787878787879,27.77611111111111,False,False,True,False,True
21080,3,Chile,Germany,30.769615384615385,-14.285238095238096,-36.36454545454546,40.001999999999995,44.443333333333335,30.767692307692307,50.00214285714286,-16.0,-24.999166666666667,27.778333333333332,34.48275862068966,50.00071428571429,False,False,True,False,True
21081,1,Canada,Japan,38.09571428571429,-24.0004,33.333333333333336,24.998125,36.36,-0.0006249999999994316,-4.1675,-5.0,-33.33444444444444,11.112222222222222,20.0032,21.429285714285715,False,,,True,False
21081,2,Canada,Japan,37.93,-37.5,14.285714285714286,-0.0005555555555550503,34.48551724137931,28.57190476190476,12.5,-12.500833333333333,-42.857142857142854,6.668000000000001,26.921538461538464,19.999333333333333,False,True,False,True,False
21081,3,Canada,Japan,75.0015,-4.0,-72.72727272727273,15.788947368421054,28.571428571428573,-42.85642857142857,44.82655172413793,-9.090454545454547,-71.42857142857143,4.545454545454546,29.62666666666667,-6.667999999999998,False,True,False,True,False
21082,1,Bulgaria,Slovenia,49.999545454545455,-16.001199999999997,12.49875,41.665,30.43565217391304,23.529411764705884,27.997999999999998,-36.840526315789475,-45.451818181818176,19.9995,50.00230769230769,50.0,False,,,True,False
21082,2,Bulgaria,Slovenia,50.0005,-4.166666666666667,15.383846153846152,30.76923076923077,47.62285714285714,22.221111111111114,0.00040000000000020466,-13.332666666666666,-25.0,-0.0015000000000007674,51.9992,-14.285714285714286,False,True,False,True,False
21082,3,Bulgaria,Slovenia,23.076153846153847,-15.79,-42.855714285714285,9.998000000000001,30.773076923076925,0.0014285714285721593,65.00150000000001,-12.49875,-7.6923076923076925,13.332666666666666,57.89368421052632,11.11111111111111,False,True,False,False,True
21082,4,Bulgaria,Slovenia,19.99866666666667,-4.3478260869565215,-22.22222222222222,22.727272727272727,21.42642857142857,6.249374999999999,33.33074074074074,-3.9987999999999992,-8.331666666666665,-0.0011111111111101006,29.62962962962963,41.17764705882353,False,False,True,False,True
21082,5,Bulgaria,Slovenia,41.17411764705883,-21.428571428571427,-28.572857142857142,23.077692307692306,27.780555555555555,33.33444444444444,30.76846153846154,0.0,-50.0,-11.11111111111111,18.18,22.22222222222222,False,False,True,True,False
21083,1,Netherlands,Romania,21.427142857142858,-20.832916666666666,0.0,50.001666666666665,27.58655172413793,40.0,21.427500000000002,-24.999583333333334,-41.6675,16.666666666666668,17.86,-13.333333333333334,False,,,True,False
21083,2,Netherlands,Romania,27.272727272727273,11.538846153846153,0.0010000000000005115,11.108888888888888,13.635909090909092,-15.384615384615385,45.83208333333334,-16.665833333333335,14.285714285714286,-8.695652173913043,23.809047619047618,-23.077692307692306,False,True,False,True,False
21083,3,Netherlands,Romania,23.999200000000002,-8.0,-13.334,11.110555555555557,11.11111111111111,-6.25,23.333333333333332,-20.000799999999998,-20.000666666666667,-4.9985,20.690344827586205,0.0006250000000003197,False,True,False,True,False
21084,1,Portugal,USA,15.625,-15.78842105263158,0.0,4.165833333333333,59.378750000000004,5.882352941176471,38.46076923076923,4.000800000000001,-7.142857142857143,13.333333333333334,51.997600000000006,11.11111111111111,False,,,False,True
21084,2,Portugal,USA,24.999444444444446,-8.695652173913043,-9.09,33.33428571428571,38.88861111111111,24.0,39.28785714285714,-8.332916666666668,-22.22222222222222,5.555555555555555,57.692692307692305,25.0005,False,False,True,False,True
21084,3,Portugal,USA,34.783478260869565,-33.33222222222222,-69.999,13.041739130434781,65.21478260869566,0.0,43.9992,-7.6923076923076925,-30.76923076923077,33.33416666666667,54.16916666666666,21.429285714285715,False,False,True,False,True
21085,1,Poland,Qatar,36.002399999999994,-4.166666666666667,-7.691538461538461,15.787894736842107,36.0008,12.5,16.665555555555553,-4.545454545454546,11.11111111111111,0.0,19.4475,20.0005,False,,,True,False
21085,2,Poland,Qatar,69.23076923076923,-8.0008,0.0,37.5,53.84307692307693,37.5,8.69608695652174,-42.857142857142854,0.0,-0.0010000000000005115,33.3375,9.091818181818182,False,True,False,True,False
21085,3,Poland,Qatar,60.86869565217391,-20.832916666666666,-31.25,19.999333333333333,41.66291666666667,29.999000000000002,33.33416666666667,-24.9995,-50.0,21.05526315789474,32.002399999999994,-27.272727272727273,False,True,False,True,False
21086,1,Brazil,Czechia,41.17588235294118,4.167916666666667,25.0,16.666666666666668,58.8235294117647,0.0005555555555558397,8.332916666666668,-50.0,-27.272727272727273,4.543636363636364,20.835416666666667,-30.000999999999998,False,,,True,False
21086,2,Brazil,Czechia,41.37827586206897,-4.0,-33.333333333333336,19.049047619047617,48.272413793103446,-29.411176470588234,27.58586206896552,0.0,-41.666666666666664,26.08695652173913,23.33066666666667,-29.41235294117647,False,True,False,True,False
21086,3,Brazil,Czechia,58.333333333333336,-20.8325,-33.33166666666667,35.71357142857143,41.66708333333333,15.383846153846154,35.001,-26.314210526315787,-45.45363636363636,22.22222222222222,19.047619047619047,-58.333333333333336,False,True,False,True,False
21087,1,Argentina,Korea,37.500625,-8.332916666666668,-9.09,23.81142857142857,56.2496875,27.27318181818182,19.35516129032258,0.0013043478260876238,7.691538461538461,0.0004999999999995453,30.30545454545455,26.315263157894737,False,,,True,False
21087,2,Argentina,Korea,28.571142857142856,-16.665833333333335,-30.002,13.042608695652175,58.827058823529406,50.0,30.769615384615385,0.0,-6.6659999999999995,10.526842105263157,32.258709677419354,20.0,False,True,False,False,True
21087,3,Argentina,Korea,24.999642857142856,-8.333333333333334,-13.333333333333334,15.001,55.552592592592596,44.44555555555556,4.545909090909091,-4.544090909090909,0.0,9.998499999999998,8.3325,-23.076923076923077,False,False,True,True,False
21087,4,Argentina,Korea,43.750625,-4.0,11.112222222222222,49.99928571428571,56.249375,-14.287142857142856,8.0,-16.665555555555557,-60.0,5.0,24.0016,39.999,False,True,False,True,False
21088,1,Iran,Tunisia,22.22222222222222,-25.000416666666666,-10.001000000000001,38.88777777777778,55.55666666666667,6.25,45.0,-25.0,-12.499375,0.0,49.999,25.0,False,,,False,True
21088,2,Iran,Tunisia,42.30576923076923,-8.333333333333334,-35.714285714285715,11.764705882352942,59.26074074074074,6.251250000000001,30.0,-14.284761904761906,-36.36454545454546,28.571428571428573,50.0,20.0,False,False,True,True,False
21088,3,Iran,Tunisia,34.48310344827586,-7.9996,-24.99875,26.31578947368421,38.710967741935484,15.789473684210526,37.03592592592593,-17.391304347826086,-38.46153846153846,30.0015,66.66592592592593,53.33266666666667,False,True,False,True,False
21088,4,Iran,Tunisia,45.833333333333336,4.166666666666667,-25.0,33.33133333333333,69.56521739130434,33.33266666666667,21.738260869565217,-5.882352941176471,-25.0,-10.0,34.783478260869565,0.0,False,True,False,True,False
21089,1,Algeria,Ukraine,-0.0004166666666662877,-11.764117647058825,0.0008333333333337597,0.0004761904761907198,4.16625,49.999,29.167083333333334,-3.9991999999999996,14.285714285714286,14.285714285714286,27.9984,60.00066666666667,False,,,False,True
21089,2,Algeria,Ukraine,16.6675,0.0,-13.333333333333334,0.0027272727272728307,24.99875,0.0,42.42454545454545,8.333333333333334,-0.0009090909090900823,8.334166666666667,24.137931034482758,50.00090909090909,False,False,True,False,True
21089,3,Algeria,Ukraine,-11.998800000000001,-18.182727272727274,-100.0,13.637727272727272,11.998,-7.143571428571429,78.57214285714285,-3.9976,0.0006666666666660604,12.49875,46.1576923076923,100.0,False,False,True,False,True
21090,1,Egypt,Philippines,33.33433333333333,-28.570714285714285,-15.383846153846154,16.664166666666667,29.997333333333337,45.45363636363636,21.43035714285714,-10.714285714285714,-23.53,34.9975,32.142857142857146,23.078461538461536,False,,,False,True
21090,2,Egypt,Philippines,45.835,-20.833333333333332,-41.6675,16.66722222222222,40.0012,15.790526315789473,31.03448275862069,-20.83375,-33.333333333333336,5.555,55.55555555555556,18.75,False,False,True,True,False
21090,3,Egypt,Philippines,34.783478260869565,-22.727272727272727,-57.142857142857146,16.666666666666668,20.833333333333332,25.0,48.27724137931035,-20.8325,-45.45454545454545,37.499375,36.664,35.29470588235294,False,True,False,False,True
21090,4,Egypt,Philippines,29.167916666666667,-14.285714285714286,-31.25,14.286190476190475,24.997083333333332,0.0007692307692311628,37.928620689655176,-12.0,-0.0018181818181801646,22.221111111111114,22.57935483870968,27.77722222222222,False,False,True,False,True
21091,1,Finland,France,38.89222222222222,-0.00041666666666687985,-0.0023529411764709562,33.335,21.051578947368423,6.250624999999999,24.324594594594593,-40.0005,0.0,22.726363636363637,20.591176470588234,35.0005,False,,,True,False
21091,2,Finland,France,-0.00031250000000149214,-11.110555555555557,-36.36272727272728,-5.0,16.12741935483871,39.9996,24.13689655172414,-4.16625,-24.999375,20.0,8.0028,62.5,False,True,False,False,True
21091,3,Finland,France,31.427714285714288,-21.42892857142857,0.0,14.996499999999997,12.118484848484847,20.83375,25.63948717948718,-25.0,-31.25,40.91136363636363,7.896842105263158,30.433913043478263,False,False,True,True,False
21091,4,Finland,France,5.265000000000001,0.0004545454545456871,-14.285714285714286,9.523333333333333,30.558888888888887,47.61857142857143,34.48034482758621,-16.0,13.334,14.999500000000001,23.07461538461538,23.527647058823533,False,True,False,False,True
21091,5,Finland,France,41.66583333333333,-28.571428571428573,28.571428571428573,0.0,41.67,44.44444444444444,-15.386153846153848,-10.0,-37.5,30.0,0.0,50.0,False,False,True,True,False
21092,1,China,Serbia,3.4468965517241372,-5.555555555555555,8.333333333333334,13.042173913043477,12.90548387096774,17.647058823529413,16.666666666666668,-0.00040000000000020466,0.0,-6.251875,34.47931034482759,58.82470588235294,False,,,False,True
21092,2,China,Serbia,29.166666666666668,-15.0,-49.999,9.999500000000001,30.76615384615385,-6.25,44.44444444444444,-16.666666666666668,-44.44444444444444,17.649411764705885,28.571428571428573,43.750625,False,False,True,False,True
21092,3,China,Serbia,43.333333333333336,-22.22222222222222,-50.0,18.182727272727274,40.00266666666666,0.0006250000000003197,53.57071428571429,-24.137241379310346,-37.5,9.999500000000001,22.22,31.25,False,False,True,False,True
21093,1,Belgium,Italy,23.529411764705884,-4.166666666666667,-40.0,10.527368421052632,18.182121212121213,27.272727272727273,38.46076923076923,-12.50125,-33.333333333333336,9.525714285714285,33.33037037037037,28.571428571428573,False,,,True,False
21093,2,Belgium,Italy,31.9972,-7.9996,0.0,17.646470588235296,33.33416666666667,35.712857142857146,7.142857142857143,-10.0,-12.5,18.18136363636364,42.31115384615384,14.285,False,True,False,True,False
21093,3,Belgium,Italy,15.382692307692306,-4.545454545454546,-9.089999999999998,9.523333333333333,11.108148148148146,41.6675,36.0012,-8.0,-20.000666666666667,5.262105263157895,31.997600000000002,55.55555555555556,False,True,False,False,True
21093,4,Belgium,Italy,21.21060606060606,-18.18136363636364,-13.334666666666667,4.999499999999999,24.245757575757576,45.0015,32.258709677419354,-12.499166666666667,7.142857142857143,17.64588235294118,32.26064516129033,34.78130434782609,False,False,True,False,True
21093,5,Belgium,Italy,44.998000000000005,-35.714285714285715,-80.0,18.181818181818183,10.523684210526316,27.272727272727273,45.45454545454545,-21.428571428571427,-62.5,33.333333333333336,45.45454545454545,-16.666666666666668,False,False,True,True,False
21094,1,Colombia,Portugal,59.25851851851852,-8.0,-33.33166666666667,24.999583333333334,33.33,-7.691538461538462,40.91,8.334583333333333,-30.0,15.000499999999999,72.72727272727273,22.223333333333333,False,,,True,False
21094,2,Colombia,Portugal,19.9996,4.000400000000001,-11.764705882352942,0.0,16.0,25.0,21.8740625,-23.809047619047618,-50.0,17.390869565217393,33.335151515151516,5.2631578947368425,False,True,False,True,False
21094,3,Colombia,Portugal,29.62740740740741,-24.999000000000002,-50.0,30.0005,42.30769230769231,-0.0015384615384623256,68.42263157894736,-19.998,24.999166666666667,26.665333333333333,63.15736842105263,-49.99916666666667,False,True,False,False,True
21094,4,Colombia,Portugal,10.713571428571429,-0.0004545454545456871,-7.142142857142857,4.761904761904762,33.332,-15.788947368421054,33.333333333333336,-8.33375,8.333333333333334,15.0,55.1696551724138,0.0,False,False,True,False,True
21094,5,Colombia,Portugal,18.75,-8.334166666666667,-75.0,33.33416666666667,29.408823529411762,-12.49875,80.0,-14.285,-25.00125,10.0,40.0,-14.285714285714286,False,False,True,False,True
21095,1,Qatar,Romania,39.28642857142857,-27.27318181818182,-58.333333333333336,14.286666666666665,21.428571428571427,57.14214285714286,39.9996,-4.16625,-43.75125,18.749375,26.923846153846153,5.556111111111111,False,,,False,True
21095,2,Qatar,Romania,37.04,-4.16625,-38.46153846153846,26.314736842105265,28.569285714285716,17.64764705882353,33.33233333333333,-16.665833333333335,-8.334166666666667,17.39217391304348,36.666666666666664,-0.0007692307692311628,False,False,True,True,False
21095,3,Qatar,Romania,27.272121212121213,-0.0008000000000004093,-29.9995,31.25,34.285714285714285,45.45454545454545,29.031290322580645,-19.9995,-31.25,8.696521739130436,12.49875,35.294117647058826,False,True,False,True,False
21095,4,Qatar,Romania,12.903225806451612,-8.334166666666667,-15.384615384615385,17.64588235294118,9.3746875,33.33444444444444,18.52111111111111,-26.08782608695652,-15.790526315789473,0.0005263157894761973,29.032258064516128,41.177058823529414,False,True,False,True,False
21096,1,Bulgaria,Chile,73.68368421052632,-4.0,0.0027272727272728307,33.334666666666664,42.101052631578945,-22.22222222222222,27.27318181818182,-11.764117647058825,-100.0,0.0017391304347828805,26.085652173913044,-40.001,False,,,True,False
21096,2,Bulgaria,Chile,43.47913043478261,4.16625,15.385384615384615,8.335,38.095238095238095,41.1764705882353,-0.0003999999999996362,0.0,-46.153076923076924,-14.284285714285716,21.73913043478261,14.285714285714286,False,True,False,True,False
21096,3,Bulgaria,Chile,58.333333333333336,-7.999199999999999,-8.333333333333334,55.55555555555556,45.833333333333336,38.888888888888886,5.001,-25.0,-16.666666666666668,9.522380952380953,28.571428571428573,-20.000666666666667,False,True,False,True,False
21097,1,Canada,Türkiye,8.330833333333333,-9.523809523809524,0.0,24.9995,47.82608695652174,7.142857142857143,39.13304347826087,-15.999600000000001,-22.22222222222222,-20.0,47.62285714285714,10.0,False,,,False,True
21097,2,Canada,Türkiye,23.529411764705884,-47.05823529411765,-57.14142857142857,15.788947368421054,66.6661111111111,0.0,47.05705882352942,-16.666666666666668,28.572857142857142,24.99875,31.25,27.272727272727273,False,False,True,False,True
21097,3,Canada,Türkiye,34.3746875,-3.9995999999999996,-29.410588235294117,13.044347826086955,43.751562500000006,18.75,51.61419354838709,-14.285714285714286,-7.143571428571428,9.524761904761906,43.333333333333336,10.001000000000001,False,False,True,False,True
21098,1,Cuba,USA,17.39217391304348,-11.764705882352942,-37.49875,13.635909090909092,25.0,9.090909090909092,53.84615384615385,-12.0,30.0,28.571428571428573,48.0,49.99944444444444,False,,,False,True
21098,2,Cuba,USA,16.666333333333334,-17.391304347826086,-18.181818181818183,20.0,27.586206896551722,18.749375,32.142857142857146,-16.665833333333335,-28.571428571428573,21.052105263157895,39.285000000000004,41.666666666666664,False,False,True,False,True
21098,3,Cuba,USA,34.48172413793104,-7.999199999999999,-16.668333333333333,21.05263157894737,37.93206896551724,34.78260869565217,28.1246875,-12.49875,-0.0006666666666660604,9.522857142857143,53.125,57.89421052631579,False,False,True,True,False
21098,4,Cuba,USA,19.445277777777775,-7.691923076923076,-21.427857142857142,23.809047619047618,32.355294117647055,68.75125,29.410588235294117,-15.384615384615385,-7.142142857142857,0.0,31.2525,54.166666666666664,False,True,False,False,True
21099,1,Netherlands,Poland,52.0004,4.166666666666667,-36.36181818181819,-11.76529411764706,20.0004,11.111666666666666,51.85259259259259,-13.042608695652175,-66.66555555555556,-0.003181818181817872,21.42642857142857,6.665333333333335,False,,,True,False
21099,2,Netherlands,Poland,36.0012,-8.333333333333334,-100.0,14.998499999999998,21.739565217391306,-36.36363636363637,51.998400000000004,-16.665833333333335,-20.000666666666667,10.002,30.766923076923078,41.666666666666664,False,True,False,False,True
21099,3,Netherlands,Poland,24.999583333333334,-26.315263157894737,-57.142857142857146,14.286666666666665,20.836666666666666,-0.0008333333333325754,39.999,-7.9996,-20.0,0.0,21.05,23.076923076923077,False,False,True,False,True
21099,4,Netherlands,Poland,30.768846153846155,-21.738695652173913,0.0,-0.0014285714285701293,18.51851851851852,7.6923076923076925,37.501875,0.0,11.11111111111111,0.0,35.29117647058823,37.49875,False,False,True,False,True
21100,1,Germany,Slovenia,33.333333333333336,-14.286190476190475,-45.45636363636363,-5.262631578947368,38.095238095238095,-30.0,48.0004,-15.9976,-0.0011111111111116794,33.33222222222222,32.0,33.333333333333336,False,,,False,True
21100,2,Germany,Slovenia,27.77777777777778,16.0,0.0,16.6675,5.558333333333334,16.666666666666668,21.73695652173913,-23.53058823529412,-18.182727272727274,-17.391304347826086,34.78260869565217,42.857142857142854,False,False,True,True,False
21100,3,Germany,Slovenia,37.83837837837838,-24.13689655172414,-33.33277777777778,18.51814814814815,25.717714285714283,29.413529411764703,35.29088235294118,-9.675806451612903,-26.31578947368421,13.635909090909092,30.304848484848485,4.348260869565217,False,True,False,False,True
21100,4,Germany,Slovenia,30.55611111111111,-26.08695652173913,-25.0,0.0,20.0,11.998399999999998,49.99961538461538,-20.832916666666666,-18.18227272727273,6.249375000000001,49.99846153846154,21.05315789473684,False,False,True,False,True
21101,1,Japan,Libya,58.33375,-11.9988,-14.284285714285714,26.665333333333333,52.178260869565214,20.002,47.82608695652174,-19.9995,-60.0,-5.0015,25.000833333333333,9.090000000000002,False,,,True,False
21101,2,Japan,Libya,39.28642857142857,0.00041666666666687985,-19.999000000000002,33.334666666666664,44.44814814814814,17.647058823529413,23.998800000000003,-16.666666666666668,-20.0,4.547727272727273,12.0,-9.090909090909092,False,True,False,True,False
21101,3,Japan,Libya,86.66733333333333,-4.0,-18.181818181818183,22.22222222222222,53.330666666666666,11.11111111111111,9.998999999999999,-25.0,-66.66666666666667,-19.9985,5.0,-28.571428571428573,False,True,False,True,False
21102,1,Brazil,Serbia,28.56964285714286,-4.545,-20.000999999999998,25.0015,42.857142857142854,-45.0,46.8746875,-20.0004,19.999000000000002,5.003,38.708387096774196,-31.9996,False,,,False,True
21102,2,Brazil,Serbia,30.76923076923077,-14.285238095238096,-25.0,0.0015000000000000568,46.151538461538465,-19.999333333333333,48.001999999999995,-8.33375,-9.09090909090909,5.555555555555555,11.541923076923077,-26.668,False,False,True,False,True
21102,3,Brazil,Serbia,39.13130434782609,-27.272727272727273,-33.333333333333336,19.999000000000002,34.78,8.333333333333334,36.36409090909091,-12.0008,-0.0014285714285721593,13.333333333333334,17.391739130434782,-26.315263157894737,False,False,True,False,True
21103,1,Finland,Korea,58.33416666666667,-4.166666666666667,-14.285,23.531764705882352,43.47826086956522,21.428571428571427,22.22074074074074,0.0005263157894739535,-33.333333333333336,-0.0014285714285714828,14.284285714285714,-31.579473684210527,False,,,True,False
21103,2,Finland,Korea,46.666333333333334,0.0,-39.999,33.33190476190477,39.99666666666666,0.0,35.29294117647059,-4.348260869565218,-11.112222222222222,8.333333333333334,25.714285714285715,-31.81772727272727,False,True,False,True,False
21103,3,Finland,Korea,26.666333333333334,-23.53,-55.55555555555556,21.738695652173913,32.25838709677419,-5.882352941176471,46.15615384615384,0.0,-26.666666666666668,8.335,33.333333333333336,10.526842105263157,False,True,False,False,True
21103,4,Finland,Korea,48.148148148148145,-19.9996,0.0,17.64588235294118,36.669666666666664,-17.390869565217393,31.035172413793102,-19.047619047619047,-30.76846153846154,45.0,24.140689655172416,-21.05263157894737,False,False,True,True,False
21104,1,Egypt,Tunisia,39.9992,-30.0005,-66.66777777777777,-0.0005000000000009664,40.001599999999996,25.0,45.45409090909091,-4.165833333333333,-33.333333333333336,14.285714285714286,54.54454545454546,24.999375,False,,,False,True
21104,2,Egypt,Tunisia,22.221851851851852,-5.556111111111111,-46.15384615384615,4.346521739130435,15.624062499999999,0.0005263157894739535,38.71,-3.846923076923077,-26.667333333333332,18.749375,46.666333333333334,72.22222222222223,False,False,True,False,True
21104,3,Egypt,Tunisia,15.384615384615385,-17.389565217391304,-37.5,22.221111111111114,27.9956,7.6923076923076925,42.8552380952381,-25.000833333333333,-13.333333333333334,5.882941176470588,52.37952380952381,70.0,False,False,True,False,True
21105,1,Algeria,Belgium,37.03777777777778,-4.347391304347826,-57.142857142857146,26.316842105263156,7.407407407407407,21.428571428571427,58.333333333333336,-12.499166666666667,-46.15384615384615,22.727272727272727,48.151111111111106,50.0,False,,,False,True
21105,2,Algeria,Belgium,30.77076923076923,-14.999500000000001,-75.0,29.999000000000002,19.23076923076923,18.181818181818183,64.99849999999999,-15.999600000000001,-8.331666666666665,12.50125,40.0,7.143571428571429,False,False,True,False,True
21105,3,Algeria,Belgium,-4.0,-15.384615384615385,-25.0,4.545909090909091,11.999600000000001,9.090909090909092,45.45454545454545,-4.0004,6.25125,18.181818181818183,28.57095238095238,53.84615384615385,False,False,True,False,True
21106,1,Iran,Philippines,29.62777777777778,-22.726363636363637,-40.0,27.27136363636364,44.82689655172414,6.666666666666667,36.36363636363637,-4.166666666666667,-30.0,0.0018750000000009592,49.99909090909091,50.0,False,,,False,True
21106,2,Iran,Philippines,44.44555555555556,-12.499166666666667,-28.571428571428573,33.333333333333336,41.1764705882353,0.0,45.0005,-34.78304347826087,-45.45454545454545,16.665555555555557,49.997,50.0,False,False,True,True,False
21106,3,Iran,Philippines,30.0015,-33.333333333333336,-41.66916666666666,9.525238095238095,40.90909090909091,44.44444444444444,41.66625,-4.166666666666667,16.666666666666668,33.333333333333336,36.36363636363637,19.999333333333333,False,True,False,False,True
21106,4,Iran,Philippines,52.001999999999995,-8.333333333333334,-33.335,-4.762857142857143,23.079615384615387,44.443333333333335,47.36684210526315,-4.166666666666667,-29.999000000000002,0.002000000000001023,29.996499999999997,-27.272727272727273,False,False,True,True,False
21106,5,Iran,Philippines,38.095238095238095,-19.046666666666667,0.0,26.666666666666668,13.639545454545454,-9.090909090909092,42.85619047619048,-28.571428571428573,-21.427857142857142,52.94117647058823,42.857142857142854,33.333333333333336,False,True,False,True,False
21107,1,Argentina,France,51.7248275862069,-22.22222222222222,-29.41235294117647,23.807142857142853,29.997,33.3325,44.443703703703704,-22.221851851851852,-43.75,39.999,51.84925925925926,-7.142857142857143,False,,,True,False
21107,2,Argentina,France,44.442962962962966,-12.0,-23.529411764705884,11.766470588235293,30.76653846153846,-5.2631578947368425,32.43162162162162,-21.738695652173913,-35.71357142857143,23.807619047619045,34.28628571428571,10.000499999999999,False,True,False,True,False
21107,3,Argentina,France,33.334074074074074,-19.046666666666667,-20.0,27.271818181818183,46.42857142857143,-6.667333333333334,35.48548387096775,-12.001199999999999,-30.76923076923077,11.764117647058825,31.03448275862069,25.0,False,True,False,False,True
21107,4,Argentina,France,30.436086956521738,-33.332857142857144,-55.55444444444444,-5.55888888888889,45.833333333333336,-10.0,49.9995,-16.666666666666668,-21.429285714285715,57.145714285714284,47.61904761904762,0.0,False,False,True,False,True
21107,5,Argentina,France,52.94117647058823,0.0,-15.384615384615385,27.273636363636363,44.44555555555556,9.090909090909092,34.78217391304348,-8.333333333333334,-42.857142857142854,33.33133333333333,22.725454545454543,-14.287142857142856,False,False,True,True,False
21108,1,China,Czechia,43.333333333333336,-7.999199999999999,-23.076923076923077,22.727272727272727,46.664,-9.523333333333333,40.53837837837838,-7.999199999999999,-25.000625,27.27136363636364,40.0,42.85809523809524,False,,,False,True
21108,2,China,Czechia,19.23,0.0005263157894739535,-57.144285714285715,-0.0004347826086958746,24.99857142857143,21.429285714285715,37.930689655172415,0.00160000000000025,22.22222222222222,5.881764705882353,49.99923076923077,46.668,False,False,True,False,True
21108,3,China,Czechia,23.528823529411767,-36.84157894736842,-45.45545454545454,14.286190476190475,52.94117647058823,38.88666666666667,41.66791666666666,-8.333333333333334,-5.882941176470588,50.0,37.5,23.80952380952381,False,False,True,False,True
21109,1,Italy,Ukraine,41.66625,-3.9995999999999996,-50.0,6.249375,22.72590909090909,8.333333333333334,41.66708333333333,-19.048095238095236,-54.54636363636364,9.090909090909092,23.9984,16.666666666666668,False,,,True,False
21109,2,Italy,Ukraine,42.30615384615385,-4.166666666666667,-27.269999999999996,5.0,30.76923076923077,44.44555555555556,40.0,-8.695652173913043,-12.5,13.634999999999998,25.0,-9.998999999999999,False,True,False,True,False
21109,3,Italy,Ukraine,54.54545454545455,-3.9991999999999996,-18.184545454545454,0.0,33.331428571428575,26.666,25.925185185185185,-11.11111111111111,-77.77777777777777,8.69695652173913,27.9972,-11.11111111111111,False,True,False,True,False
21110,1,Czechia,Tunisia,53.84653846153846,-8.333333333333334,-27.272727272727273,23.53058823529412,26.925384615384612,-0.0012499999999988631,36.0004,-19.047619047619047,-44.44555555555556,4.998499999999999,48.0,-5.5555555555555545,True,,,True,False
21110,2,Czechia,Tunisia,36.0004,4.0,-33.333333333333336,-12.5,19.998800000000003,28.571428571428573,23.81142857142857,0.0,-50.0,-9.088181818181818,21.739565217391306,22.22222222222222,True,True,False,True,False
21110,3,Czechia,Tunisia,35.712857142857146,-20.831666666666667,-30.0,-0.0005000000000009664,22.224444444444444,35.714285714285715,24.0,-8.333333333333334,-33.33444444444444,0.0005882352941171121,29.163749999999997,-5.882941176470588,True,True,False,True,False
21111,1,Iran,Serbia,38.46269230769231,-16.666666666666668,-6.6659999999999995,22.727272727272727,53.84653846153846,-9.090909090909092,32.353235294117646,-8.000399999999999,-23.528823529411767,30.0,51.42628571428572,27.776666666666667,True,,,False,True
21111,2,Iran,Serbia,29.62851851851852,-3.9995999999999996,0.0,12.500625,28.568571428571428,85.71428571428571,3.2270967741935483,-10.52421052631579,-31.24875,4.760000000000001,36.66733333333333,35.294117647058826,True,False,True,True,False
21111,3,Iran,Serbia,24.243333333333332,-16.667083333333334,-7.6923076923076925,24.999583333333334,36.36424242424243,19.999333333333333,21.427142857142858,0.0,-13.333333333333334,25.0015,40.00033333333333,0.0,True,True,False,False,True
21111,4,Iran,Serbia,38.70903225806452,-3.9995999999999996,-54.54363636363637,50.0,42.42545454545454,40.0,35.998799999999996,-9.091363636363637,-28.57190476190476,8.694782608695652,47.9964,14.284285714285714,True,False,True,True,False
21111,5,Iran,Serbia,56.25,7.142857142857143,-12.5,14.285714285714286,37.5,33.335,50.0,-30.0,-37.5,14.285,26.318421052631578,9.090909090909092,True,True,False,True,False
21112,1,Slovenia,USA,64.0012,-12.500833333333333,-33.33266666666667,0.0,45.82958333333334,43.74875,24.243030303030302,-5.0,-62.5,10.0,47.05676470588236,62.500625,True,,,True,False
21112,2,Slovenia,USA,37.93206896551724,-17.391304347826086,-0.0005555555555550503,0.0,48.27310344827586,34.999,24.99888888888889,4.166666666666667,-38.46076923076923,21.051052631578944,34.28228571428571,39.13173913043478,True,True,False,False,True
21112,3,Slovenia,USA,2.941764705882354,-11.764117647058825,-53.333333333333336,-9.524285714285714,39.39636363636363,58.822941176470586,31.818181818181817,-3.9991999999999996,22.221666666666668,0.0,34.78260869565217,44.44444444444444,True,False,True,False,True
21112,4,Slovenia,USA,25.000357142857144,-14.285714285714286,-35.0,4.759999999999999,42.86071428571428,41.1764705882353,23.684736842105263,-0.0004166666666662877,-18.182727272727274,0.0,31.57894736842105,41.66583333333333,True,False,True,False,True
21113,1,Bulgaria,Portugal,42.855714285714285,-24.0,-25.0,6.667333333333334,37.928275862068965,61.111111111111114,14.28761904761905,-10.525789473684211,-36.36454545454546,5.882352941176471,47.62238095238095,30.76846153846154,True,,,True,False
21113,2,Bulgaria,Portugal,40.90909090909091,-16.66625,13.333333333333334,-5.882352941176471,26.084347826086955,13.333333333333334,18.75,-16.665833333333335,-33.33444444444444,30.000999999999998,51.61290322580645,11.764117647058825,True,True,False,True,False
21113,3,Bulgaria,Portugal,40.0,-3.9991999999999996,16.66722222222222,18.180909090909093,29.996499999999997,27.779444444444444,-11.764411764705882,-7.6923076923076925,-60.0,4.545,42.858285714285714,18.180909090909093,True,True,False,True,False
21114,1,Canada,Poland,18.51814814814815,-22.221666666666668,0.0,-8.696521739130436,20.688620689655174,35.715714285714284,20.000799999999998,4.0004,-17.647058823529413,-7.6923076923076925,21.737826086956524,57.142857142857146,True,,,False,True
21114,2,Canada,Poland,60.87130434782608,-12.0,-50.0,5.0005,45.45,57.142857142857146,49.998333333333335,-8.696521739130436,-83.33333333333333,4.761904761904762,34.786521739130436,33.333333333333336,True,False,True,True,False
21114,3,Canada,Poland,30.302727272727275,-35.0,-44.443333333333335,22.72772727272727,42.42424242424242,38.888333333333335,49.9985,-8.0008,-36.36363636363637,30.767692307692307,38.09142857142857,29.41176470588235,True,True,False,False,True
21114,4,Canada,Poland,15.9992,-40.0,-72.72818181818182,14.285238095238096,45.833333333333336,33.333333333333336,50.0,-12.501666666666665,-20.0,11.11111111111111,22.727272727272727,41.1764705882353,True,False,True,False,True
21115,1,Netherlands,Türkiye,28.94815789473684,-10.343793103448277,-45.45454545454545,13.041304347826088,27.024324324324322,42.85619047619048,24.326216216216217,-11.111481481481482,-21.051052631578944,16.66625,29.408823529411762,38.88944444444444,True,,,True,False
21115,2,Netherlands,Türkiye,25.805806451612902,0.0004347826086958746,-54.54545454545455,27.27136363636364,33.336,-12.500625,53.847307692307695,-11.999600000000001,-6.250624999999999,4.76047619047619,23.998800000000003,-21.43,True,True,False,False,True
21115,3,Netherlands,Türkiye,18.7503125,-23.529411764705884,-38.46230769230769,13.04304347826087,41.17529411764706,5.001,52.001599999999996,-4.16625,-16.665555555555557,15.384615384615385,25.0,44.44444444444444,True,False,True,False,True
21115,4,Netherlands,Türkiye,38.46076923076923,-15.789473684210526,-20.0,-15.9992,17.240689655172414,17.647058823529413,34.48275862068966,23.075769230769232,-47.059411764705885,12.5,34.48275862068966,33.33166666666667,True,False,True,False,True
21116,1,Argentina,Italy,27.77722222222222,-13.043478260869565,-23.53058823529412,19.04714285714286,29.728918918918918,-25.925185185185185,31.706341463414635,-15.9992,-10.526315789473685,50.001999999999995,35.896153846153844,23.81,True,,,False,True
21116,2,Argentina,Italy,25.926296296296297,-23.809047619047618,-42.857142857142854,14.999500000000001,32.14035714285714,7.142142857142857,34.48241379310345,-12.499166666666667,-47.05823529411765,26.668666666666663,37.93310344827586,15.78842105263158,True,False,True,False,True
21116,3,Argentina,Italy,47.36842105263158,-9.090909090909092,-7.142857142857143,8.69478260869565,38.09619047619047,-57.14142857142857,30.436956521739127,12.0012,-30.0,26.31578947368421,47.82521739130435,-10.001,True,False,True,False,True
21117,1,Belgium,Finland,34.28457142857143,-12.0,-6.666666666666667,27.776666666666667,35.483870967741936,10.526315789473685,24.136206896551723,-9.522857142857141,-33.33166666666667,40.90909090909091,43.336,-0.0005555555555550503,True,,,True,False
21117,2,Belgium,Finland,50.00083333333333,-16.666666666666668,-18.182727272727274,40.0,31.819090909090907,-19.99866666666667,22.72681818181818,-16.666666666666668,-54.54545454545455,35.001,45.834583333333335,-20.000999999999998,True,True,False,True,False
21117,3,Belgium,Finland,44.827586206896555,-12.001199999999999,-35.714999999999996,-18.75,19.231153846153845,29.41176470588235,26.665333333333333,-13.636363636363637,-35.714285714285715,22.728181818181817,53.33133333333333,-14.286666666666665,True,True,False,True,False
21118,1,Czechia,Iran,52.17391304347826,-21.73913043478261,-36.36272727272728,9.998999999999999,54.54909090909091,55.55444444444444,47.82521739130435,-4.165416666666666,-88.89,23.529411764705884,47.62,11.11111111111111,True,,,False,True
21118,2,Czechia,Iran,36.36272727272728,-15.385,-0.0012500000000006395,15.79,34.779999999999994,9.090909090909092,37.5,-23.076923076923077,-10.0,10.001000000000001,52.17130434782609,0.0009999999999990906,True,False,True,True,False
21118,3,Czechia,Iran,66.66555555555556,0.0,-25.001666666666665,7.142857142857143,36.84,44.44555555555556,42.30769230769231,-20.0,-66.66666666666667,33.334583333333335,53.84615384615385,-22.223333333333333,True,True,False,True,False
21118,4,Czechia,Iran,44.826206896551724,-16.665833333333335,-25.0,38.88722222222222,44.8303448275862,43.75,36.0004,-13.636363636363637,-25.0,15.788947368421054,31.997600000000002,8.333333333333334,True,True,False,True,False
21119,1,Bulgaria,USA,6.665000000000002,0.0004761904761907198,-60.0,4.76095238095238,32.26064516129033,44.44444444444444,26.470882352941175,-12.0,-25.0,-11.11111111111111,41.17411764705883,52.17478260869565,True,,,False,True
21119,2,Bulgaria,USA,39.287142857142854,-49.9995,0.0,14.286666666666665,51.848888888888894,11.110555555555555,31.9996,-4.1674999999999995,-22.22222222222222,20.0,46.15538461538461,25.000416666666666,True,False,True,False,True
21119,3,Bulgaria,USA,28.570714285714285,-4.165833333333333,-18.182727272727274,0.0,43.333333333333336,38.88944444444444,11.539230769230768,-16.665555555555557,-18.181818181818183,9.523333333333333,34.61615384615384,26.666,True,False,True,True,False
21119,4,Bulgaria,USA,59.997600000000006,-11.9992,-35.71642857142857,5.2631578947368425,29.165000000000003,23.076923076923077,42.8575,-9.090454545454547,-85.71428571428571,14.283809523809524,48.27620689655173,-5.882352941176471,True,True,False,True,False
21119,5,Bulgaria,USA,40.90909090909091,-0.0006666666666670077,-41.66583333333333,8.334166666666667,4.3478260869565215,41.665,46.664,-0.0007692307692311628,-14.285714285714286,7.142857142857143,27.77777777777778,8.334166666666667,True,True,False,True,False
21120,1,Poland,Türkiye,72.22222222222223,-16.6675,33.333333333333336,8.333333333333334,44.446666666666665,20.0,11.998399999999998,-24.99875,-77.77777777777777,5.2642105263157895,32.004,33.333333333333336,True,,,True,False
21120,2,Poland,Türkiye,41.6675,-16.0,-40.0,6.6659999999999995,43.48173913043478,30.0,47.618095238095236,-31.81863636363636,-0.0012500000000006395,10.525263157894736,38.095238095238095,-13.334,True,True,False,True,False
21120,3,Poland,Türkiye,59.09090909090909,-16.6675,-57.14142857142857,6.251250000000001,59.09090909090909,55.55444444444444,33.33266666666667,-15.0,-55.55555555555556,0.0005882352941171121,46.666666666666664,-30.0,True,True,False,True,False
21121,1,Belgium,Italy,11.763823529411766,-38.46230769230769,-49.999,17.390434782608697,28.571428571428573,30.0,39.999,4.0,0.0,37.50125,50.0,24.99875,True,,,False,True
21121,2,Belgium,Italy,17.64764705882353,-10.525263157894736,-35.712857142857146,9.089090909090908,23.531764705882352,62.49875,44.442962962962966,0.00041666666666687985,-21.428571428571427,31.25,51.84814814814814,25.0,True,False,True,False,True
21121,3,Belgium,Italy,40.0012,-27.77777777777778,-22.22222222222222,-4.545454545454546,20.833333333333332,33.335,46.155,-0.00040000000000020466,-40.001,30.77076923076923,49.9975,17.64588235294118,True,False,True,False,True
21122,1,Bulgaria,Czechia,35.48161290322581,-20.0,-12.50125,18.75,50.0,31.579473684210527,21.738695652173913,-20.0,0.0,11.764705882352942,49.99625,-9.524761904761904,True,,,True,False
21122,2,Bulgaria,Czechia,59.09318181818182,-13.042173913043477,-12.50125,8.334166666666667,34.61769230769231,-42.857142857142854,49.99916666666667,4.000800000000001,0.002500000000001279,16.66611111111111,47.995999999999995,0.0,True,True,False,False,True
21122,3,Bulgaria,Czechia,50.0,-24.001199999999997,-0.0005882352941171121,27.778888888888886,37.93103448275862,0.0,19.999333333333333,-9.523333333333333,-60.0,22.22222222222222,33.333999999999996,21.052105263157895,True,False,True,True,False
21122,4,Bulgaria,Czechia,30.768846153846155,-8.333333333333334,-52.940588235294115,0.0,32.0,30.000999999999998,25.926296296296297,-13.04304347826087,-17.646470588235296,5.001,23.334,33.33266666666667,True,True,False,True,False
21123,1,Italy,Poland,14.814444444444446,-24.999583333333334,-11.11111111111111,21.428571428571427,19.232307692307693,27.77777777777778,8.695652173913043,-31.81772727272727,-19.999333333333333,5.882352941176471,36.0,36.36636363636364,True,,,True,False
21123,2,Italy,Poland,26.664666666666665,8.0,-25.00125,44.443333333333335,39.997,-4.761428571428572,32.353235294117646,-18.18136363636364,0.0,-4.348260869565218,14.703529411764706,5.555555555555555,True,True,False,True,False
21123,3,Italy,Poland,17.64794117647059,-20.833333333333332,36.36363636363637,10.526842105263157,32.35294117647059,34.9995,9.090909090909092,-12.49875,7.142142857142857,11.763529411764706,23.077692307692306,6.251875,True,True,False,True,False
21124,1,Czechia,Poland,22.72863636363636,-27.77722222222222,-0.0009999999999990906,9.523333333333333,24.9975,-27.272727272727273,40.0012,-8.0,10.0,7.694615384615385,37.49916666666667,23.076923076923077,True,,,False,True
21124,2,Czechia,Poland,47.61761904761905,-23.9996,-50.0,11.111666666666666,14.997499999999999,37.50125,23.80952380952381,-13.042608695652175,-57.142857142857146,16.666666666666668,45.45181818181818,-16.666666666666668,True,False,True,True,False
21124,3,Czechia,Poland,40.74,-36.36363636363637,-57.142857142857146,4.761904761904762,39.28178571428572,18.182727272727274,52.94,-12.0,-27.271818181818183,28.570714285714285,36.8421052631579,-25.000833333333333,True,True,False,False,True
21124,4,Czechia,Poland,6.25,-9.09,-20.0,21.052105263157895,31.247812500000002,27.77777777777778,37.038888888888884,-20.832916666666666,0.0014285714285721593,5.555555555555555,33.333333333333336,-0.0005263157894732055,True,False,True,False,True
21125,1,Bulgaria,Italy,40.0,-17.391304347826086,-30.77076923076923,6.25,22.724545454545453,-6.665333333333334,40.74111111111111,-20.832916666666666,-9.998999999999999,16.666666666666668,37.038518518518515,25.0,True,,,False,True
21125,2,Bulgaria,Italy,25.925925925925927,-17.64764705882353,-38.46307692307692,-27.272727272727273,46.15038461538462,24.999375,30.770384615384614,16.0,0.0,21.428571428571427,44.0,49.99928571428571,True,False,True,False,True
21125,3,Bulgaria,Italy,42.85523809523809,-0.0007999999999992724,-20.0,54.54545454545455,38.09142857142857,45.45363636363636,34.78173913043479,-35.29352941176471,-72.72727272727273,-0.0013636363636364154,56.52173913043478,40.0,True,False,True,True,False
21125,4,Bulgaria,Italy,-0.0009090909090913742,-10.0,-75.0,4.348695652173913,26.08782608695652,-27.272727272727273,80.00133333333333,8.000399999999999,-7.142857142857143,33.333333333333336,46.67,57.142857142857146,True,True,False,False,True
21437,1,Netherlands,Poland,30.0,-22.727272727272727,10.001000000000001,19.046666666666667,21.8725,-5.2631578947368425,34.48310344827586,-12.0,-14.286428571428571,29.410588235294117,23.334,9.523809523809524,False,,,False,True
21437,2,Netherlands,Poland,39.39333333333333,-12.001199999999999,0.0022222222222217803,5.0,24.9984375,13.637727272727272,26.666333333333334,-4.545,-42.85785714285714,19.048571428571428,29.999666666666666,6.249375000000001,False,False,True,True,False
21437,3,Netherlands,Poland,34.61538461538461,-9.09,-45.45454545454545,21.05263157894737,28.0004,7.693076923076924,56.5195652173913,-12.0,-30.0,26.316842105263156,30.77269230769231,29.999000000000002,False,True,False,False,True
21437,4,Netherlands,Poland,21.622432432432433,-26.08608695652174,-8.333333333333334,21.051578947368423,29.73135135135135,25.926666666666666,25.712,-16.666666666666668,-24.999166666666667,23.529411764705884,26.470588235294116,28.000799999999998,False,False,True,False,True
21438,1,China,Japan,51.851851851851855,-25.000416666666666,-16.66722222222222,13.635454545454547,40.74148148148148,0.0,29.032258064516128,-3.9995999999999996,-41.666666666666664,35.29294117647059,33.336,31.57894736842105,False,,,False,True
21438,2,China,Japan,23.809047619047618,-19.999333333333333,-80.002,13.636363636363637,24.9975,0.0018181818181827484,60.001,4.165833333333333,-20.000999999999998,74.99916666666667,50.0,36.36272727272728,False,False,True,False,True
21438,3,China,Japan,40.0,-9.090909090909092,-30.76923076923077,21.051052631578944,21.428214285714287,6.249375,46.42714285714286,-16.0,-69.23153846153846,26.31578947368421,6.8999999999999995,53.33266666666667,False,False,True,False,True
21439,1,Serbia,Türkiye,14.814814814814815,-23.076923076923077,-11.11111111111111,-9.523809523809524,13.793793103448275,0.0008333333333337597,33.333999999999996,8.334166666666667,-7.6923076923076925,30.0,34.61615384615384,55.0,False,,,False,True
21439,2,Serbia,Türkiye,39.998333333333335,-16.667083333333334,-13.332,5.262105263157895,28.568571428571428,38.89,24.137241379310346,-8.69608695652174,-50.00125,20.0,20.69,35.29352941176471,False,False,True,True,False
21439,3,Serbia,Türkiye,45.715714285714284,-28.0,-45.45454545454545,10.001000000000001,36.36545454545455,42.10473684210526,29.62851851851852,-8.694782608695652,-26.316315789473684,16.669444444444444,29.626666666666665,29.412941176470586,False,True,False,True,False
21439,4,Serbia,Türkiye,45.45454545454545,-33.333333333333336,-7.6938461538461524,5.262105263157895,30.437391304347823,37.49875,14.285238095238096,-12.500416666666666,-55.55555555555556,6.666666666666667,22.72590909090909,25.0,False,True,False,True,False
21440,1,Bulgaria,Italy,17.240689655172414,-12.500625,-43.74875,15.001499999999998,21.428571428571427,5.555555555555556,57.1425,-16.0,6.6659999999999995,0.0007692307692300696,34.61538461538461,33.33277777777778,False,,,False,True
21440,2,Bulgaria,Italy,50.000416666666666,-15.999600000000001,-20.000999999999998,5.882352941176471,39.1295652173913,33.333333333333336,39.13173913043478,-13.635454545454547,-39.999,0.0015789473684211124,29.163749999999997,30.0,False,False,True,True,False
21440,3,Bulgaria,Italy,12.12030303030303,-10.524736842105263,-33.33222222222222,0.0,6.059696969696969,27.778888888888886,26.667666666666666,-4.000800000000001,10.526315789473685,0.0013333333333340155,21.42892857142857,23.809047619047618,False,True,False,False,True
21440,4,Bulgaria,Italy,20.0,-25.0005,-30.76846153846154,38.89,20.0,-12.5,45.833333333333336,-20.832916666666666,-10.0,35.71142857142857,39.133043478260866,19.99866666666667,False,False,True,False,True
21441,1,USA,Ukraine,15.6240625,-13.636363636363637,-18.750625,4.759523809523809,6.451612903225806,14.286190476190475,24.244848484848482,-12.0,-29.411176470588234,0.0,21.876875000000002,31.57894736842105,False,,,False,True
21441,2,USA,Ukraine,28.0,-28.57,-11.112222222222222,-10.525789473684211,14.81703703703704,27.77722222222222,31.033793103448275,-12.497916666666667,-19.99866666666667,0.0,20.833333333333332,49.99916666666667,False,False,True,False,True
21441,3,USA,Ukraine,26.31578947368421,-8.694782608695652,10.0,0.0,21.05315789473684,50.0,43.47913043478261,-19.9996,-50.0,15.789473684210526,47.82608695652174,20.000999999999998,False,False,True,False,True
21442,1,Argentina,France,14.813703703703705,-20.8325,-45.45454545454545,33.33533333333333,24.000799999999998,69.23230769230769,13.793103448275861,-34.78130434782609,-27.274545454545454,42.10578947368421,7.140000000000001,21.427857142857142,False,,,True,False
21442,2,Argentina,France,15.789473684210526,-28.570714285714285,-50.00125,5.0009999999999994,14.999,-14.285714285714286,70.58941176470589,-4.167083333333333,-44.44444444444444,50.0,50.0,33.333333333333336,False,True,False,False,True
21442,3,Argentina,France,24.13655172413793,-16.667083333333334,29.999000000000002,14.285714285714286,25.00142857142857,60.0005,29.999666666666666,-34.78130434782609,-50.00083333333333,10.527368421052632,16.128387096774194,74.999375,False,False,True,True,False
21442,4,Argentina,France,30.0,-12.000399999999999,-9.090909090909092,15.386153846153844,32.1425,52.94,23.07807692307692,-31.57842105263158,8.333333333333334,23.809047619047618,35.71714285714286,0.0,False,True,False,True,False
21443,1,Brazil,Iran,55.001,-7.9996,-38.46230769230769,21.42642857142857,36.36590909090909,30.0,25.924814814814816,-26.31578947368421,-80.0,18.18090909090909,31.03448275862069,16.665833333333335,False,,,True,False
21443,2,Brazil,Iran,41.66791666666666,-12.5,-8.335,46.15384615384615,39.13173913043478,35.714285714285715,13.04391304347826,-23.53,-0.0014285714285701293,19.999000000000002,34.78434782608696,-21.430714285714284,False,True,False,True,False
21443,3,Brazil,Iran,42.10421052631579,-7.9996,11.112222222222222,16.665833333333335,35.29,0.0,18.181818181818183,-27.776666666666667,-36.36363636363637,36.36363636363637,45.8375,33.333333333333336,False,True,False,True,False
21444,1,Canada,Germany,20.832916666666666,-13.042173913043477,0.0009090909090913742,11.11111111111111,12.5,-13.334,42.85821428571428,-23.9996,0.0011111111111116794,15.78842105263158,21.429285714285715,33.33266666666667,False,,,False,True
21444,2,Canada,Germany,63.159473684210525,-15.999600000000001,-28.571428571428573,15.385384615384615,47.36842105263158,16.665833333333335,35.0005,-31.58,-25.0,0.0,34.995999999999995,25.0,False,False,True,True,False
21444,3,Canada,Germany,3.8461538461538463,-4.761904761904762,18.180909090909093,21.05421052631579,25.000714285714285,46.15384615384615,22.580967741935485,-23.9996,28.571428571428573,15.791052631578946,27.27,57.89473684210526,False,True,False,False,True
21444,4,Canada,Germany,24.138275862068966,-3.9995999999999996,-27.270909090909093,16.66444444444444,27.58655172413793,41.17529411764706,21.429285714285715,-13.043478260869565,-44.44444444444444,14.283809523809525,22.22,35.714999999999996,False,False,True,True,False
21444,5,Canada,Germany,43.749375,-13.333333333333334,-33.333333333333336,57.142857142857146,33.32933333333333,22.221111111111114,26.666,-36.36363636363637,0.0,16.666666666666668,19.999333333333333,-11.11111111111111,False,True,False,True,False
21445,1,Cuba,Slovenia,32.14214285714286,-8.695217391304348,-29.9995,20.000999999999998,8.692173913043478,-7.693076923076922,43.748125,-16.667916666666667,-33.333333333333336,15.001,9.090909090909092,52.63157894736842,False,,,False,True
21445,2,Cuba,Slovenia,32.0,-4.166666666666667,-54.54454545454546,16.665555555555557,27.272727272727273,14.287142857142856,32.0,-18.180909090909093,-9.998999999999999,9.524761904761906,23.07461538461538,-6.25,False,False,True,True,False
21445,3,Cuba,Slovenia,16.129354838709677,-26.315263157894737,-25.002499999999998,23.81,14.283214285714283,46.152307692307694,42.85809523809524,-8.332916666666668,-12.5,14.285714285714286,33.336190476190474,42.85857142857143,False,True,False,False,True
21445,4,Cuba,Slovenia,-5.002000000000001,-26.666,22.22222222222222,-19.049523809523812,19.997999999999998,0.0,15.000499999999999,5.684341886080802e-16,37.50125,27.272727272727273,42.10631578947368,35.715714285714284,False,False,True,False,True
21446,1,China,Serbia,37.50125,-20.832916666666666,-37.5,19.048095238095236,58.064516129032256,38.46153846153846,40.90909090909091,-12.500416666666666,-21.05421052631579,10.526315789473685,8.001999999999999,22.22222222222222,False,,,True,False
21446,2,China,Serbia,38.09619047619047,-8.0,-33.333333333333336,11.765882352941176,40.908181818181816,15.385384615384615,29.62888888888889,-21.74086956521739,-0.0011111111111101006,10.0,49.99730769230769,16.666666666666668,False,True,False,True,False
21446,3,China,Serbia,13.888333333333332,-4.166666666666667,43.749375,35.29117647058824,27.77777777777778,11.9988,5.406756756756757,-19.047619047619047,21.051578947368423,21.73913043478261,13.513243243243243,20.000999999999998,False,True,False,True,False
21447,1,Japan,Poland,28.569285714285712,-20.0,-33.333333333333336,33.33555555555555,41.93806451612903,23.80952380952381,41.935483870967744,-33.33444444444444,11.11,31.57684210526316,38.70677419354839,33.33277777777778,False,,,False,True
21447,2,Japan,Poland,31.033103448275863,-13.04304347826087,-37.49875,31.57894736842105,44.82448275862069,5.2631578947368425,54.16833333333333,-20.832916666666666,14.285714285714286,21.053684210526313,48.15037037037037,28.571428571428573,False,False,True,False,True
21447,3,Japan,Poland,63.634545454545446,-8.333333333333334,-23.076923076923077,35.71142857142857,38.095238095238095,40.0,43.9988,-26.314210526315787,-75.0,15.78842105263158,30.76653846153846,0.0,False,False,True,True,False
21447,4,Japan,Poland,29.410980392156862,-7.895789473684211,-42.106842105263155,23.33133333333333,43.138823529411766,21.875,54.99925,-21.053947368421053,-18.182727272727274,14.70794117647059,39.020487804878044,16.666666666666668,False,True,False,False,True
21448,1,Germany,Italy,27.7775,-20.83375,7.142857142857143,16.669444444444444,2.942647058823529,52.63263157894737,17.24206896551724,-18.182727272727274,0.0,0.0,3.225806451612903,22.727272727272727,False,,,True,False
21448,2,Germany,Italy,47.9992,-11.999600000000001,-35.71357142857143,7.142857142857143,26.925384615384612,34.9995,31.033793103448275,-25.0,-36.36363636363637,-5.000500000000001,13.793103448275861,22.22277777777778,False,True,False,True,False
21448,3,Germany,Italy,22.221481481481483,-21.051578947368423,-63.63727272727272,19.04714285714286,15.386923076923079,22.22222222222222,56.52130434782609,-16.0,-31.25,14.286428571428571,21.73652173913043,53.84615384615385,False,True,False,False,True
21448,4,Germany,Italy,18.51851851851852,0.0012499999999994553,-37.501875,27.778888888888886,3.702222222222222,-5.2631578947368425,43.75,-25.0,-20.000666666666667,5.002,12.905806451612905,38.888888888888886,False,False,True,False,True
21448,5,Germany,Italy,11.111666666666666,-33.333333333333336,0.0,16.6675,23.53,25.0,24.998333333333335,-7.142142857142857,12.5,24.99875,0.0,25.0,False,False,True,False,True
21449,1,Brazil,Cuba,27.58586206896552,-11.999600000000001,-50.0,19.046190476190475,25.0,28.57,36.66433333333334,-18.51851851851852,-19.999333333333333,23.80952380952381,15.382692307692308,21.427857142857142,False,,,False,True
21449,2,Brazil,Cuba,34.48172413793103,-7.999199999999999,-60.00066666666667,5.264736842105264,34.47931034482759,41.17588235294118,51.9992,-15.999600000000001,-30.002,23.80952380952381,11.11111111111111,58.33416666666667,False,False,True,False,True
21449,3,Brazil,Cuba,68.18272727272728,-25.0,-44.44444444444444,38.888333333333335,38.1,-28.571428571428573,47.61904761904762,-18.180909090909093,-100.0,17.647058823529413,18.18227272727273,18.181818181818183,False,False,True,True,False
21449,4,Brazil,Cuba,33.33259259259259,0.0008000000000004093,-14.285,23.53058823529412,33.334074074074074,58.333333333333336,28.0,-19.04714285714286,-18.749375,13.043478260869565,15.386538461538462,16.666666666666668,False,True,False,True,False
21449,5,Brazil,Cuba,5.882352941176471,7.6923076923076925,-18.181818181818183,70.0,35.29058823529412,16.666666666666668,42.855714285714285,-33.333333333333336,0.0,-0.002307692307692395,9.087272727272726,53.84538461538462,False,True,False,False,True
21450,1,Argentina,Canada,32.25806451612903,0.00041666666666687985,-18.183636363636364,0.0,12.5,34.61576923076923,25.71314285714286,-13.042173913043477,0.0007692307692311628,14.287142857142856,18.182727272727274,52.38095238095238,False,,,True,False
21450,2,Argentina,Canada,24.999285714285715,-22.725909090909088,-20.0,9.523333333333333,16.666333333333334,5.882941176470588,34.61653846153846,-12.500833333333333,-19.997999999999998,0.0007142857142860797,24.0,26.31578947368421,False,True,False,False,True
21450,3,Argentina,Canada,3.448275862068966,-21.428571428571427,-33.333333333333336,13.636818181818182,17.24137931034483,-12.501249999999999,52.381904761904764,-8.0,7.691538461538462,20.002,21.05526315789474,46.15461538461538,False,False,True,False,True
21450,4,Argentina,Canada,51.851851851851855,-8.0,-66.66666666666667,0.0,14.813703703703705,-6.25,63.15684210526316,-9.090909090909092,-30.000999999999998,-5.0,36.84315789473684,-36.36363636363637,False,False,True,True,False
21450,5,Argentina,Canada,55.55555555555556,-14.285,12.5,0.0,16.666666666666668,50.0,15.788947368421054,-22.22222222222222,-33.335,25.0,15.789473684210526,36.36363636363637,False,True,False,True,False
21451,1,Iran,USA,29.167083333333334,12.499166666666667,-19.997999999999998,0.0,13.636818181818182,23.078461538461536,40.90863636363636,-25.0,-29.999000000000002,-9.525238095238095,27.272727272727273,36.36363636363637,False,,,True,False
21451,2,Iran,USA,36.36363636363637,-12.0008,-41.665,21.427857142857142,23.80809523809524,30.000999999999998,31.818181818181817,-28.57238095238095,25.0,9.998499999999998,18.179545454545455,0.0,False,True,False,True,False
21451,3,Iran,USA,18.916756756756754,-36.36318181818182,-33.333333333333336,8.69695652173913,20.514358974358977,35.0,19.999000000000002,-3.9983999999999993,-0.0004761904761907198,14.287857142857144,26.314736842105265,36.36363636363637,False,True,False,False,True
21451,4,Iran,USA,37.4975,-20.833333333333332,-71.42857142857143,5.881764705882353,8.0,20.0005,40.0,-25.0,-28.572142857142858,16.66611111111111,17.857857142857142,83.33333333333333,False,False,True,False,True
21451,5,Iran,USA,60.0,-12.500625,-50.0,-9.092727272727274,9.998999999999999,-100.0,64.70588235294117,-24.99875,-33.333333333333336,14.285,17.645294117647058,33.333333333333336,False,False,True,False,True
21452,1,Japan,Serbia,39.9996,4.167083333333333,20.002,37.50125,41.66916666666666,27.272727272727273,52.38095238095238,-23.809047619047618,-22.224444444444444,4.763809523809525,52.63157894736842,-25.001666666666665,False,,,True,False
21452,2,Japan,Serbia,36.36318181818182,-11.9992,0.0,49.999375,13.636818181818182,20.0,41.66583333333333,-30.434782608695652,-28.571428571428573,14.288095238095238,37.5025,-20.0,False,True,False,True,False
21452,3,Japan,Serbia,32.14214285714286,-12.000399999999999,-46.666666666666664,15.79,29.627037037037034,21.428571428571427,39.9992,-19.9996,-22.221666666666668,23.80952380952381,15.998,24.99875,False,True,False,True,False
21453,1,Netherlands,Türkiye,36.668,-28.571428571428573,-30.0,14.284761904761906,37.93413793103448,35.294117647058826,49.998636363636365,-8.0,-15.386153846153848,21.428571428571427,37.50125,35.29529411764706,False,,,False,True
21453,2,Netherlands,Türkiye,42.85785714285714,-12.0,20.0,31.577894736842108,34.48413793103448,17.648823529411764,42.30692307692308,-17.391304347826086,-38.888333333333335,9.999500000000001,50.00307692307692,39.99933333333333,False,False,True,True,False
21453,3,Netherlands,Türkiye,32.14178571428572,-16.665833333333335,20.0,10.525789473684211,39.285000000000004,35.0,20.58823529411765,-17.391304347826086,-14.285,34.9985,36.36575757575758,13.635909090909092,False,True,False,True,False
21453,4,Netherlands,Türkiye,40.74148148148148,-8.0,-29.41176470588235,23.529411764705884,28.0016,-0.002500000000000391,41.935806451612905,-26.08608695652174,-30.0,0.0018181818181821025,38.23735294117647,44.44388888888889,False,True,False,True,False
21454,1,Argentina,Bulgaria,8.0008,-19.046666666666667,-25.0,10.526842105263157,13.043478260869565,38.46230769230769,38.46115384615385,-24.001199999999997,-28.570714285714285,6.665333333333333,12.0024,43.748125,False,,,False,True
21454,2,Argentina,Bulgaria,38.45884615384615,-52.38047619047619,-75.0,0.0,42.30692307692308,-0.0010000000000005115,53.332,-20.833333333333332,0.0,40.0,30.766153846153845,0.0,False,False,True,False,True
21454,3,Argentina,Bulgaria,45.45363636363636,-7.6923076923076925,-14.285714285714286,-23.808095238095238,27.273636363636363,33.333333333333336,34.286,-7.141071428571428,-37.49875,0.0004545454545456871,22.86,19.9995,False,False,True,False,True
21455,1,Cuba,Ukraine,4.0004,4.545454545454546,-53.84615384615385,17.64588235294118,20.833333333333332,-6.665333333333333,37.93034482758621,-32.0,6.667333333333334,9.522857142857143,27.583448275862068,6.668000000000001,False,,,False,True
21455,2,Cuba,Ukraine,31.03448275862069,-7.999199999999999,-9.522380952380953,13.333333333333334,6.893793103448276,27.77722222222222,12.82025641025641,-20.0005,-31.250625,23.807142857142857,25.0015,20.0,False,False,True,True,False
21455,3,Cuba,Ukraine,15.384615384615385,-14.997499999999999,-54.54545454545455,28.57190476190476,19.227692307692305,-9.090909090909092,50.0025,-12.000399999999999,7.142142857142857,6.6659999999999995,26.664666666666665,-30.0,False,True,False,False,True
21455,4,Cuba,Ukraine,42.85666666666667,-4.0008,25.0,6.666666666666667,30.000999999999998,30.0,-0.0012499999999988631,0.0,-25.0,9.090454545454547,4.542727272727273,12.5,False,False,True,True,False
21455,5,Cuba,Ukraine,21.430714285714284,-16.666666666666668,-100.0,8.331666666666665,23.07461538461538,-33.333333333333336,38.46076923076923,-13.332666666666666,-28.571428571428573,9.998999999999999,8.333333333333334,0.0,False,True,False,False,True
21456,1,France,Italy,40.74037037037037,0.0,10.0,33.333888888888886,26.925000000000004,38.46076923076923,11.538461538461538,0.0,-24.998333333333335,4.546818181818182,27.9972,9.09,False,,,True,False
21456,2,France,Italy,28.570714285714285,-15.9992,-0.0009999999999990906,16.66611111111111,15.386538461538462,25.0,19.354193548387098,-18.181818181818183,-50.0,33.33238095238095,18.7503125,56.250625,False,True,False,True,False
21456,3,France,Italy,22.22222222222222,-10.526315789473685,-75.0,5.2642105263157895,26.922307692307694,30.76923076923077,68.18045454545454,-16.000799999999998,-9.998999999999999,18.746249999999996,34.783478260869565,53.84538461538462,False,True,False,False,True
21456,4,France,Italy,42.308076923076925,-3.845384615384615,-30.0,0.002500000000001279,29.166666666666668,36.36090909090909,45.001,-4.166666666666667,-23.076923076923077,0.0,33.336190476190474,24.998333333333335,False,False,True,True,False
21457,1,Iran,Slovenia,26.92192307692308,-4.0,8.333333333333334,7.145714285714286,19.23076923076923,37.500625,7.692692307692307,-11.764117647058825,-9.09,19.047619047619047,25.927037037037035,33.333333333333336,False,,,True,False
21457,2,Iran,Slovenia,18.181363636363635,-8.694347826086956,-33.33444444444444,-18.749375,18.181818181818183,43.749375,32.144642857142856,-20.0004,-9.998000000000001,-5.263684210526316,18.519259259259258,60.0,False,True,False,False,True
21457,3,Iran,Slovenia,8.696521739130434,0.0005263157894732055,-36.36363636363637,-4.762380952380952,13.047391304347824,27.271818181818183,31.81863636363636,4.165833333333333,11.113333333333333,0.0,27.27136363636364,30.0,False,False,True,False,True
21457,4,Iran,Slovenia,43.998000000000005,-8.332916666666668,-22.22222222222222,7.142857142857143,20.835833333333333,38.46307692307692,28.001600000000003,-26.315263157894737,-50.0,15.001499999999998,21.427500000000002,50.00083333333333,False,False,True,True,False
21457,5,Iran,Slovenia,27.77777777777778,-24.999166666666667,-40.0,16.668333333333333,5.2631578947368425,15.385384615384615,53.333333333333336,-19.999333333333333,-22.221111111111114,33.333333333333336,6.664666666666666,16.666666666666668,False,True,False,False,True
21458,1,China,Netherlands,66.66666666666667,7.999199999999999,-55.55555555555556,16.665833333333335,31.24625,0.0,54.166666666666664,-31.58,-62.5,0.0,25.002916666666668,14.285714285714286,False,,,True,False
21458,2,China,Netherlands,59.99849999999999,-4.166666666666667,-49.99857142857143,26.666666666666668,19.049999999999997,25.0,46.15423076923077,-28.571428571428573,-50.0,14.999500000000001,21.739565217391306,27.273636363636363,False,True,False,True,False
21458,3,China,Netherlands,-17.389999999999997,0.0,-19.997999999999998,10.000499999999999,19.229615384615386,0.002307692307692395,47.826521739130435,-12.5,0.0,57.142857142857146,20.833333333333332,35.714285714285715,False,True,False,False,True
21458,4,China,Netherlands,51.61290322580645,-16.66625,-6.667333333333333,57.142857142857146,19.997333333333334,29.1675,26.666666666666668,-22.221666666666668,-54.54545454545455,29.999000000000002,15.152121212121212,36.8421052631579,False,False,True,True,False
21459,1,Poland,Türkiye,37.0362962962963,-3.570357142857143,-31.24875,27.77777777777778,40.73740740740741,11.762941176470587,51.72551724137931,-26.92269230769231,-43.749375,12.502083333333333,32.142857142857146,-23.529411764705884,False,,,True,False
21459,2,Poland,Türkiye,32.143214285714286,-20.832916666666666,-27.273636363636363,4.9995,17.239310344827583,50.0,19.9996,-12.500416666666666,-9.089090909090908,15.787894736842103,26.920384615384613,-22.22222222222222,False,True,False,True,False
21459,3,Poland,Türkiye,27.776666666666667,-7.998799999999999,-30.0,16.666666666666668,15.001,16.666666666666668,33.333333333333336,-42.857142857142854,-19.999000000000002,10.000499999999999,21.739565217391306,71.42857142857143,False,True,False,True,False
21460,1,Brazil,Ukraine,11.999600000000001,-15.78842105263158,-40.0,0.0005263157894732055,27.997200000000003,15.384615384615385,34.61538461538461,-16.0004,7.141428571428572,18.752499999999998,34.78260869565217,19.99866666666667,False,,,False,True
21460,2,Brazil,Ukraine,3.447931034482759,-13.333333333333334,-62.50125,-21.05263157894737,33.333999999999996,40.907272727272726,44.0,-4.16625,-10.001,7.6923076923076925,37.500416666666666,57.142857142857146,False,False,True,False,True
21460,3,Brazil,Ukraine,46.15538461538461,4.166666666666667,-41.66833333333333,22.221666666666668,17.854285714285712,15.790526315789473,40.625,-17.391304347826086,-44.446666666666665,13.04304347826087,16.663999999999998,21.429285714285715,False,False,True,True,False
21460,4,Brazil,Ukraine,51.35189189189189,-8.0008,-41.665,4.759523809523809,37.5,0.0003846153846150348,48.388709677419364,0.0,-42.85785714285714,26.08782608695652,19.997666666666664,0.0008695652173917492,False,True,False,True,False
21460,5,Brazil,Ukraine,53.84615384615385,14.286428571428571,-57.142857142857146,22.22222222222222,61.53846153846154,0.0,50.0,-18.181818181818183,0.0,-7.6923076923076925,24.9975,-20.002,False,True,False,True,False
21461,1,Slovenia,USA,41.37862068965517,-8.0008,-41.666666666666664,10.0,34.3775,50.000625,33.333333333333336,-9.090909090909092,-33.335,-5.002000000000001,19.231153846153845,5.882352941176471,False,,,True,False
21461,2,Slovenia,USA,10.81162162162162,-3.846538461538462,-22.72681818181818,10.000499999999999,22.221666666666668,34.78173913043479,17.142285714285716,-15.385,4.761428571428572,8.695652173913043,11.1125,4.761904761904762,False,True,False,True,False
21461,3,Slovenia,USA,30.436956521739127,-9.52190476190476,-63.63636363636363,-5.557222222222222,24.99791666666667,-14.286428571428571,61.53961538461538,-24.0016,-25.0,0.0011111111111116794,30.766153846153845,6.248749999999999,False,True,False,False,True
21461,4,Slovenia,USA,22.855714285714285,4.166666666666667,-25.925925925925927,15.78842105263158,17.141142857142857,12.000399999999999,21.738260869565217,-20.832916666666666,-20.0005,-0.0013043478260870058,13.331111111111111,15.151515151515152,False,False,True,True,False
21462,1,Canada,France,42.307307692307695,-17.391739130434782,-41.666666666666664,19.999000000000002,26.920769230769228,-6.25,55.555925925925926,-12.501249999999999,-50.0,16.665555555555557,22.22074074074074,42.855714285714285,False,,,False,True
21462,2,Canada,France,41.935806451612905,-11.112222222222222,-36.84157894736842,12.49875,37.5015625,0.0,54.54545454545455,-20.0,-55.55444444444444,18.180909090909093,31.250625,19.047619047619047,False,False,True,False,True
21462,3,Canada,France,38.71032258064516,-17.24103448275862,-38.46230769230769,43.47782608695652,45.16129032258065,0.0,34.375,-14.814814814814815,-27.272727272727273,22.727272727272727,24.99875,10.526315789473685,False,False,True,True,False
21462,4,Canada,France,52.001999999999995,-20.83375,-25.00125,41.17529411764706,35.9996,-0.0007142857142850646,43.9992,-22.727272727272727,-36.36363636363637,47.36736842105263,22.221111111111114,-12.500625,False,True,False,True,False
21462,5,Canada,France,16.666666666666668,-66.66666666666667,-100.0,42.85785714285714,57.145,-50.0,87.50125,-0.0006666666666670077,16.666666666666668,50.0,50.001666666666665,16.666666666666668,False,True,False,False,True
21463,1,Bulgaria,Germany,51.85148148148148,-28.000799999999998,-9.090909090909092,27.778888888888886,23.07461538461538,25.000625,24.0,-13.634999999999998,-16.666666666666668,-5.882352941176471,12.5,-13.638181818181819,False,,,True,False
21463,2,Bulgaria,Germany,37.931724137931035,-27.27318181818182,-29.999000000000002,-9.998999999999999,22.22,0.0,38.46346153846154,-12.0,-18.75,18.75,30.436521739130434,14.28785714285714,False,True,False,False,True
21463,3,Bulgaria,Germany,52.17391304347826,-23.9996,-18.181818181818183,8.335833333333333,20.833333333333332,21.05263157894737,26.923846153846153,-31.577368421052633,-24.99875,5.555555555555555,20.835833333333333,15.384615384615385,False,False,True,True,False
21463,4,Bulgaria,Germany,38.89,-34.78260869565217,12.5,11.111666666666666,11.108333333333333,-40.0,22.221851851851852,-20.0,-60.0,28.572142857142858,23.07461538461538,16.666666666666668,False,True,False,False,True
21463,5,Bulgaria,Germany,47.06117647058824,-6.666666666666667,-27.272727272727273,11.11111111111111,40.00266666666666,50.0,35.71642857142857,-16.666666666666668,-16.666666666666668,14.285,6.664000000000001,0.0,False,False,True,True,False
21464,1,Japan,Netherlands,37.501666666666665,-4.16625,-42.85785714285714,30.77076923076923,37.5,18.75,24.13758620689655,-31.579473684210527,-9.09,31.81954545454545,27.586206896551722,77.77666666666667,False,,,True,False
21464,2,Japan,Netherlands,40.6265625,-12.0,-46.15384615384615,27.779444444444444,41.93483870967742,36.84157894736842,41.935483870967744,-21.739565217391306,14.285714285714286,40.907272727272726,36.666333333333334,-15.789473684210526,False,True,False,True,False
21464,3,Japan,Netherlands,39.13,-12.498333333333333,-0.002000000000001023,31.24875,42.857142857142854,28.571428571428573,10.0,-15.789473684210526,9.999999999999998,36.84263157894737,25.0,0.0,False,True,False,True,False
21465,1,China,Türkiye,52.17391304347826,-21.739565217391306,-37.5,15.790526315789473,36.0,-7.6923076923076925,56.001599999999996,-16.666666666666668,-37.5,16.667777777777776,29.626666666666665,14.285,False,,,False,True
21465,2,China,Türkiye,22.581612903225807,-19.04714285714286,-12.49875,-4.999,27.583448275862068,21.05263157894737,30.0,-0.0008000000000004093,-18.182727272727274,12.499375,40.90909090909091,38.46076923076923,False,False,True,False,True
21465,3,China,Türkiye,12.118787878787877,-23.81095238095238,-33.3325,5.26421052631579,16.6625,48.0004,26.468529411764706,-16.6675,0.0006666666666670077,6.25,18.18,37.499583333333334,False,False,True,False,True
21466,1,Poland,Serbia,66.66619047619048,-16.666666666666668,-21.428571428571427,11.11111111111111,20.832083333333333,16.666666666666668,27.9996,-13.636363636363637,-59.999,26.31578947368421,19.228461538461538,-7.142142857142857,False,,,True,False
21466,2,Poland,Serbia,27.588965517241377,-8.0,-23.076923076923077,21.43,24.139310344827585,38.888888888888886,23.332333333333334,-29.9995,-20.00133333333333,13.634999999999998,22.580322580645163,20.0,False,True,False,True,False
21466,3,Poland,Serbia,56.0,-12.497916666666667,-30.77,25.0,37.04,46.153076923076924,34.61846153846154,-4.1675,-55.556666666666665,20.000999999999998,23.076923076923077,-0.001176470588235896,False,True,False,True,False
21467,1,Brazil,Slovenia,57.14190476190476,12.499583333333334,-30.0,24.999375,26.08695652173913,18.181818181818183,56.0008,-19.9995,-50.001666666666665,29.1675,47.997600000000006,-10.001,False,,,True,False
21467,2,Brazil,Slovenia,60.714999999999996,-20.69,-19.999333333333333,30.0015,37.931724137931035,-6.251249999999999,48.27724137931035,-22.22259259259259,-50.0,27.272727272727273,18.517037037037035,-26.667333333333332,False,True,False,True,False
21467,3,Brazil,Slovenia,34.28485714285714,-8.334583333333333,-29.999000000000002,27.77777777777778,31.432,38.88722222222222,22.221851851851852,-10.0,-50.00214285714286,9.523809523809524,24.14103448275862,21.429285714285715,False,True,False,True,False
21468,1,Argentina,Italy,15.151818181818182,-13.04304347826087,0.0,4.761428571428572,16.129354838709677,17.648235294117647,30.43565217391304,-8.0,0.0006666666666670077,10.526315789473685,12.000399999999999,46.15384615384615,False,,,False,True
21468,2,Argentina,Italy,48.484848484848484,-24.0,0.0,26.668,16.128709677419355,36.36545454545455,15.383846153846154,-11.764705882352942,-36.8421052631579,26.31736842105263,33.333333333333336,-5.882352941176471,False,False,True,True,False
21468,3,Argentina,Italy,29.728918918918918,-11.428857142857142,-24.000400000000003,14.284285714285714,7.692564102564102,9.52142857142857,37.77755555555556,-24.324324324324323,-22.725454545454543,27.58551724137931,27.9106976744186,49.99916666666667,False,True,False,False,True
21468,4,Argentina,Italy,23.332333333333334,-31.818181818181817,-10.001,21.053684210526313,26.666,0.0,32.14214285714286,-20.83375,-22.22222222222222,33.333333333333336,26.920384615384613,75.0,False,False,True,False,True
21469,1,Iran,Ukraine,28.949473684210524,-7.143571428571429,-37.5,8.696521739130434,24.324324324324323,45.45454545454545,45.45393939393939,-16.66766666666667,-10.001,12.49875,8.570857142857143,58.82235294117647,False,,,False,True
21469,2,Iran,Ukraine,50.0,-4.0004,-18.180909090909093,7.142857142857143,31.575789473684207,54.54545454545455,22.72772727272727,-15.0,-12.5,9.088636363636361,12.000399999999999,57.144285714285715,False,False,True,True,False
21469,3,Iran,Ukraine,10.344482758620689,-13.637727272727272,-27.273636363636363,21.05421052631579,25.806451612903224,55.55555555555556,27.272424242424243,-24.000799999999998,-0.00117647058823506,42.10473684210526,30.0,53.333999999999996,False,True,False,False,True
21469,4,Iran,Ukraine,70.8325,-8.0,-100.0,29.999000000000002,33.331250000000004,42.857142857142854,47.82478260869566,0.0004761904761907198,-63.63636363636363,13.636363636363637,29.163749999999997,0.0,False,False,True,True,False
21469,5,Iran,Ukraine,88.88888888888889,-7.143571428571428,25.0,28.57,44.44444444444444,0.0,19.999333333333333,-30.0,-100.0,24.9975,53.333333333333336,39.998000000000005,False,True,False,True,False
21470,1,France,Germany,17.24103448275862,-12.5,0.001999999999999602,11.764117647058825,29.999666666666666,41.1764705882353,22.22259259259259,-29.165833333333335,14.285714285714286,21.052105263157895,37.0362962962963,0.001176470588235896,False,,,True,False
21470,2,France,Germany,19.355483870967742,-19.9995,-7.6938461538461524,23.81142857142857,23.53029411764706,24.9995,31.2503125,-8.333333333333334,-7.141428571428571,25.0,32.2541935483871,70.58882352941177,False,True,False,False,True
21470,3,France,Germany,25.58023255813953,-25.925555555555555,-15.790526315789473,29.63185185185185,27.911162790697677,54.54727272727273,15.78921052631579,-3.44896551724138,-22.728181818181817,24.9985,29.27048780487805,46.155,False,False,True,False,True
21470,4,France,Germany,23.528823529411767,-32.142857142857146,-14.999,27.272727272727273,19.445277777777775,35.294117647058826,22.219166666666666,-21.428214285714287,-27.776666666666667,31.580526315789474,24.99972222222222,66.66666666666667,False,False,True,False,True
21471,1,Cuba,USA,41.666666666666664,-13.637272727272727,-25.0,9.523333333333333,45.830000000000005,9.090909090909092,44.0012,-3.9983999999999997,0.0,27.77777777777778,40.0036,-11.112222222222222,False,,,False,True
21471,2,Cuba,USA,6.896551724137931,-21.05315789473684,11.112222222222222,26.08782608695652,37.93034482758621,50.00071428571429,15.790526315789473,8.333333333333334,-7.6923076923076925,14.285,33.33055555555555,15.384615384615385,False,False,True,False,True
21471,3,Cuba,USA,38.46038461538462,-12.499583333333334,-10.526842105263157,20.0,34.615,38.888888888888886,16.129354838709677,-15.789473684210526,-8.333333333333334,10.0015,40.6225,29.41176470588235,False,False,True,True,False
21471,4,Cuba,USA,20.000799999999998,-12.499583333333334,14.286428571428571,15.787894736842103,29.62962962962963,23.076923076923077,30.0,-20.834166666666665,-33.33166666666667,29.9995,51.616129032258065,35.71357142857143,False,True,False,False,True
21472,1,Bulgaria,Canada,17.64735294117647,-3.9995999999999996,-12.5,14.284285714285716,24.998125,11.110555555555557,35.714642857142856,-12.000399999999999,-5.882352941176471,13.634545454545453,34.48137931034483,46.666666666666664,False,,,False,True
21472,2,Bulgaria,Canada,51.7251724137931,-26.086521739130436,0.0,4.16625,35.48290322580645,56.25125,28.569285714285712,11.9992,-69.23153846153846,18.749375,23.998800000000003,44.443333333333335,False,False,True,False,True
21472,3,Bulgaria,Canada,11.538461538461538,-30.0,0.0,25.0005,19.228846153846156,-9.090909090909092,42.855714285714285,-12.499166666666667,33.333333333333336,-8.3325,26.663999999999998,30.0,False,False,True,False,True
21473,1,France,Ukraine,29.410882352941176,4.165833333333333,-16.666666666666668,28.571428571428573,42.42787878787878,25.0015,40.74185185185185,-8.333333333333334,-23.076153846153847,9.091363636363637,46.42857142857143,5.001,False,,,True,False
21473,2,France,Ukraine,46.153076923076924,0.0,-36.36363636363637,29.410588235294117,46.15384615384615,35.29470588235294,35.71321428571429,-19.047619047619047,-33.333333333333336,-14.285238095238096,42.30692307692308,31.25,False,True,False,True,False
21473,3,France,Ukraine,38.46153846153846,-8.333333333333334,6.667333333333333,18.75125,43.9992,30.77,3.9995999999999996,-5.556111111111111,-21.428571428571427,4.998499999999999,49.998076923076916,7.142142857142858,False,True,False,True,False
21474,1,Cuba,Germany,15.625,-15.000499999999999,-17.647058823529413,4.545454545454546,12.904838709677419,29.41235294117647,30.301515151515154,-8.333333333333334,-29.41176470588235,5.881764705882353,30.000333333333334,80.0,False,,,False,True
21474,2,Cuba,Germany,50.0025,-8.333333333333334,-26.665333333333333,23.077692307692306,42.10263157894737,54.54545454545455,27.999200000000002,-26.315263157894737,-42.857142857142854,20.002000000000002,26.920384615384613,24.999166666666667,False,False,True,True,False
21474,3,Cuba,Germany,27.58413793103448,-12.0,-17.646470588235296,13.334666666666667,26.923461538461538,43.74875,32.14178571428572,-31.819090909090907,-22.22277777777778,28.574761904761903,40.73777777777778,24.999166666666667,False,True,False,True,False
21474,4,Cuba,Germany,20.586764705882352,4.166250000000001,-7.142142857142857,16.666666666666668,22.220555555555556,25.0,29.035161290322577,-17.390869565217393,-10.527368421052632,-4.763333333333334,19.35483870967742,31.81681818181818,False,True,False,True,False
21475,1,Slovenia,Türkiye,52.63157894736842,-3.9996000000000005,-7.690769230769231,16.666666666666668,13.636363636363637,52.94117647058823,16.129032258064516,-18.75,-57.142857142857146,9.522380952380951,9.372499999999999,44.443333333333335,False,,,True,False
21475,2,Slovenia,Türkiye,43.75125,-24.999583333333334,-33.333333333333336,21.05263157894737,28.1209375,41.1764705882353,34.615,-17.391304347826086,-25.0,29.41176470588235,11.11111111111111,10.526315789473685,False,True,False,True,False
21475,3,Slovenia,Türkiye,27.58448275862069,-7.9996,-27.272727272727273,30.76923076923077,10.71142857142857,68.42105263157895,16.667333333333332,-22.22222222222222,-30.76923076923077,13.637727272727272,0.0,36.36454545454546,False,True,False,True,False
21476,1,Argentina,Netherlands,49.99884615384615,-8.332916666666668,0.0,43.749375,48.14740740740741,-9.523809523809524,37.03777777777778,-23.809047619047618,-27.272727272727273,33.332857142857144,33.336333333333336,0.0006666666666670077,False,,,True,False
21476,2,Argentina,Netherlands,61.11,0.0016000000000008186,50.0,0.0,38.89111111111111,17.64588235294118,12.000399999999999,-21.429285714285715,-37.5,18.180909090909093,29.63111111111111,-6.6659999999999995,False,True,False,True,False
21476,3,Argentina,Netherlands,41.66708333333333,-16.667083333333334,-37.5,27.77777777777778,49.99625,41.666666666666664,19.23076923076923,-13.04391304347826,-10.0,20.0005,20.0004,33.333333333333336,False,True,False,True,False
21477,1,Bulgaria,Japan,25.805806451612902,-18.517407407407408,-5.883529411764705,14.999,22.580645161290324,61.53846153846154,21.429642857142856,-19.9996,-13.333333333333334,10.0,10.714642857142858,30.76923076923077,False,,,True,False
21477,2,Bulgaria,Japan,32.14178571428572,0.0008333333333337597,-27.778333333333332,11.764117647058825,11.108148148148146,26.31578947368421,40.6253125,-20.8325,-11.11111111111111,28.571428571428573,18.183333333333334,19.045238095238094,False,True,False,True,False
21477,3,Bulgaria,Japan,65.0,-11.998,-10.0,6.25375,27.78,40.0,31.58,-10.525263157894736,-66.66555555555556,10.525789473684211,33.33428571428571,-11.112222222222222,False,True,False,True,False
21478,1,Italy,Poland,40.74074074074074,0.0,7.142142857142857,-0.0013333333333340155,37.03333333333334,41.177058823529414,6.666666666666667,0.000588235294117948,0.0015384615384623256,17.390434782608697,27.587241379310345,-5.881764705882354,False,,,True,False
21478,2,Italy,Poland,21.21181818181818,-17.390869565217393,-7.692692307692307,39.9995,47.05852941176471,22.220555555555553,24.99925,-20.000799999999998,-7.142857142857143,42.10421052631579,24.38780487804878,44.443703703703704,False,True,False,False,True
21478,3,Italy,Poland,23.52852941176471,0.0,-66.66583333333334,27.273636363636363,47.057647058823534,22.221666666666668,46.66766666666667,-8.3325,-18.75,4.999,25.803870967741933,37.500625,False,False,True,False,True
21478,4,Italy,Poland,54.16708333333333,-4.167083333333333,-11.11111111111111,33.33277777777778,40.0008,18.180909090909093,42.106842105263155,-4.761428571428572,-45.45272727272727,-10.526315789473685,25.0,0.0,False,False,True,True,False
21478,5,Italy,Poland,33.33208333333334,7.142857142857143,0.0,33.33083333333333,45.45818181818182,46.666666666666664,20.83458333333333,0.0,-9.090909090909092,14.285,29.164583333333336,24.999375,False,True,False,True,False
21479,1,Iran,Serbia,28.123125,-12.499583333333334,-20.000999999999998,38.888888888888886,24.9975,86.66533333333334,29.998,-13.636363636363637,-15.386153846153848,19.9995,23.9976,80.001,False,,,True,False
21479,2,Iran,Serbia,31.998800000000003,8.000399999999999,0.0,5.555555555555555,15.383076923076922,50.00083333333333,19.231153846153845,-5.2631578947368425,-23.076153846153847,-8.695652173913043,12.502083333333331,71.42857142857143,False,True,False,True,False
21479,3,Iran,Serbia,29.168333333333337,-17.391739130434782,0.0,30.000999999999998,20.002,9.090909090909092,47.3678947368421,-16.0004,-7.69076923076923,-11.764705882352942,9.090909090909092,62.49875,False,True,False,False,True
21479,4,Iran,Serbia,42.8575,-11.999600000000001,-44.44444444444444,26.316315789473684,21.428571428571427,61.53923076923077,42.85809523809524,-8.695217391304348,-23.528823529411767,-0.0004999999999995453,9.523809523809524,42.857142857142854,False,False,True,True,False
21480,1,Brazil,Canada,33.33296296296297,-8.33375,-12.49875,33.333888888888886,30.77076923076923,0.0,42.857142857142854,-17.390869565217393,-42.855714285714285,5.264736842105263,28.571428571428573,-16.666666666666668,False,,,True,False
21480,2,Brazil,Canada,55.55611111111111,-19.9996,7.693076923076924,22.22222222222222,61.111111111111114,41.666666666666664,20.833333333333332,-47.05823529411765,-57.142857142857146,10.000499999999999,20.0004,8.334166666666667,False,True,False,True,False
21480,3,Brazil,Canada,71.42999999999999,-8.333333333333334,0.0,18.180909090909093,42.86071428571428,-15.383846153846154,26.923461538461538,-38.888888888888886,-75.0,23.81047619047619,43.9968,22.22222222222222,False,True,False,True,False
21481,1,China,USA,29.62814814814815,-18.180909090909093,-16.668333333333333,28.570476190476192,27.58310344827586,-26.315263157894737,32.144285714285715,-16.0,0.0,33.333333333333336,55.170344827586206,-13.636818181818182,False,,,False,True
21481,2,China,USA,37.500416666666666,0.0,-11.763529411764708,0.001875000000000071,15.382692307692308,-23.80809523809524,22.22138888888889,-14.284761904761906,-23.076923076923077,4.0004,20.000857142857143,-5.881176470588235,False,False,True,True,False
21481,3,China,USA,26.920769230769228,-12.499583333333334,55.55777777777777,33.333333333333336,7.404444444444444,-6.666666666666667,-0.0015999999999985449,-10.0,-9.090909090909092,9.999500000000001,20.83375,-41.6675,False,True,False,True,False
21481,4,China,USA,7.40851851851852,-23.529411764705884,-44.44611111111111,5.001,15.624375,17.64764705882353,33.33533333333333,-12.5,-26.667333333333335,7.693846153846154,16.666666666666668,25.0,False,True,False,False,True
21481,5,China,USA,33.33238095238095,-8.333333333333334,-33.33444444444444,7.6923076923076925,19.049999999999997,-14.285714285714286,55.55611111111111,-7.142857142857143,-18.181818181818183,18.181818181818183,25.000625,-36.36272727272728,False,False,True,False,True
21482,1,France,Japan,34.48275862068966,-21.73913043478261,-31.250625,36.84105263157895,39.28178571428572,37.50125,40.625,-20.83375,-36.36272727272728,22.224444444444444,32.255483870967744,30.000999999999998,False,,,False,True
21482,2,France,Japan,46.43071428571428,-12.501249999999999,-5.554444444444444,6.664666666666666,50.0,20.0015,18.7490625,-14.999500000000001,-14.285714285714286,15.0,38.235,15.38423076923077,False,False,True,True,False
21482,3,France,Japan,59.09045454545455,-36.0,7.693076923076922,26.31578947368421,56.0,23.076923076923077,13.636363636363637,-4.545,-40.001,-6.668000000000001,26.08391304347826,20.000666666666667,False,True,False,True,False
21482,4,France,Japan,49.99884615384615,-20.0,-59.999,18.18136363636364,52.001599999999996,0.0,63.63772727272727,-0.00040000000000020466,-63.63545454545454,12.49875,33.333333333333336,5.883529411764705,False,True,False,False,True
21482,5,France,Japan,40.90863636363636,-41.666666666666664,-12.5,0.0,33.33571428571429,53.84461538461539,33.333333333333336,14.285,-0.0016666666666651508,42.857142857142854,15.79157894736842,29.41235294117647,False,False,True,False,True
21483,1,Germany,Netherlands,30.76846153846154,-16.667083333333334,-12.5,-0.0014285714285721593,24.0,21.43,21.427500000000002,-3.846923076923077,-9.090909090909092,10.525263157894736,10.717142857142859,31.250000000000004,False,,,False,True
21483,2,Germany,Netherlands,25.715142857142855,-12.000399999999999,-20.0,4.760952380952382,36.36363636363637,27.27227272727273,9.375625,4.545,-31.57842105263158,23.808095238095238,25.000625,18.181818181818183,False,False,True,True,False
21483,3,Germany,Netherlands,34.78260869565217,-0.0012500000000006395,-16.667777777777776,35.29588235294118,36.36363636363637,7.6923076923076925,29.62962962962963,-18.181818181818183,-33.333333333333336,22.726363636363637,23.077692307692306,27.272727272727273,False,True,False,True,False
21483,4,Germany,Netherlands,19.44333333333333,-15.38423076923077,-12.49875,11.764705882352942,27.774444444444445,63.9992,19.999000000000002,-25.000416666666666,-19.047619047619047,18.18318181818182,20.51205128205128,7.406666666666666,False,True,False,True,False
21484,1,Türkiye,Ukraine,0.0003846153846150348,-18.181818181818183,-12.501249999999999,11.9992,18.517407407407408,-49.99857142857143,49.999545454545455,0.0,28.57,22.221111111111114,30.0,26.668,False,,,False,True
21484,2,Türkiye,Ukraine,54.54636363636364,-17.390434782608697,-37.499375,15.789473684210526,40.91045454545454,-33.333333333333336,48.27448275862069,-16.665416666666665,-49.99916666666667,10.528947368421052,35.71714285714286,60.001,False,False,True,False,True
21484,3,Türkiye,Ukraine,18.182121212121213,-13.637272727272727,-36.36363636363637,-0.0005000000000002558,32.25806451612903,38.097142857142856,39.9992,-12.0008,-33.333333333333336,10.528947368421052,18.52074074074074,12.5,False,False,True,False,True
21485,1,Cuba,Serbia,20.000666666666667,-13.635454545454543,-5.555,40.906363636363636,41.93677419354839,14.285,21.874375,-8.0,-6.666666666666667,22.22222222222222,34.372187499999995,38.89,False,,,False,True
21485,2,Cuba,Serbia,35.71321428571429,-8.0,-8.333333333333334,25.0,39.99733333333334,33.332,28.57107142857143,-4.545,-49.99857142857143,34.998000000000005,43.33,27.77722222222222,False,False,True,True,False
21485,3,Cuba,Serbia,60.0,-12.499166666666667,12.5,16.668333333333333,15.79157894736842,24.999166666666667,15.78842105263158,-23.529411764705884,-60.001,21.051578947368423,47.61904761904762,0.0,False,True,False,True,False
21485,4,Cuba,Serbia,25.0,-3.9991999999999996,0.0006666666666670077,35.712857142857146,16.66875,28.573571428571427,-3.845769230769231,-12.5,-54.54545454545455,0.0,28.571428571428573,33.33444444444444,False,True,False,True,False
21486,1,Brazil,China,43.9992,-3.9995999999999996,-14.286428571428571,24.9985,45.8325,-33.333333333333336,28.57,-4.544090909090908,-33.33222222222222,-9.525714285714287,37.93034482758621,-19.049047619047617,False,,,True,False
21486,2,Brazil,China,46.42928571428571,4.165833333333333,-15.383846153846154,21.43,55.55777777777777,-13.637727272727272,33.334074074074074,-17.646470588235296,-20.0,-4.347391304347826,26.666666666666668,-26.086521739130436,False,True,False,True,False
21486,3,Brazil,China,51.72275862068965,-16.0004,-20.000666666666667,4.761904761904762,50.001000000000005,-23.528823529411767,27.273939393939393,-4.3478260869565215,-75.0,5.0,27.272121212121213,-17.391304347826086,False,True,False,True,False
21487,1,Canada,USA,52.17304347826087,-33.33166666666667,-56.250625,17.64588235294118,21.739565217391306,16.666666666666668,48.001999999999995,-24.999583333333334,-40.0,12.499375,11.11111111111111,-15.789473684210526,False,,,False,True
21487,2,Canada,USA,30.769615384615385,-9.090909090909092,-36.36454545454546,4.763333333333334,28.0,-19.99866666666667,47.82565217391304,-4.0004,-25.0,10.525789473684211,11.999600000000001,-31.250625,False,False,True,False,True
21487,3,Canada,USA,27.025405405405408,-26.668666666666663,-15.790526315789473,13.044782608695652,22.85742857142857,-9.090909090909092,24.242727272727272,-13.794482758620688,0.0,9.522857142857143,8.823823529411765,-21.428571428571427,False,False,True,False,True
21488,1,Japan,Ukraine,38.88916666666667,-16.001199999999997,-15.384615384615385,-0.0005263157894732055,20.590000000000003,37.499583333333334,37.144,-11.9992,-25.000625,23.807142857142853,23.527058823529416,0.0,False,,,True,False
21488,2,Japan,Ukraine,5.261842105263158,-11.111666666666666,-75.0,20.0005,13.158947368421053,18.517407407407408,37.499583333333334,-8.332916666666668,-13.637727272727272,13.335333333333333,29.166666666666668,37.49875,False,True,False,False,True
21488,3,Japan,Ukraine,21.428214285714287,-22.221666666666668,-40.0,19.04619047619048,23.07461538461538,-7.142857142857143,62.500625,-8.000399999999999,-17.64764705882353,30.767692307692307,23.527058823529412,9.998999999999999,False,False,True,False,True
21488,4,Japan,Ukraine,33.33375,-19.9988,-22.22222222222222,18.75125,28.0016,29.41176470588235,26.923461538461538,-27.271818181818183,0.0,5.884117647058824,13.637272727272727,-5.881764705882354,False,False,True,True,False
21488,5,Japan,Ukraine,42.85785714285714,-15.384615384615385,-28.57,0.0,7.691538461538461,-22.22222222222222,50.00055555555556,-20.00133333333333,-50.0,36.36272727272728,29.410588235294117,62.5,False,True,False,False,True
21489,1,Argentina,Iran,59.092727272727274,-23.80952380952381,-66.6675,10.525263157894736,54.54136363636364,0.0,69.56434782608696,-16.0,-37.5,49.998125,43.47695652173913,0.0,False,,,False,True
21489,2,Argentina,Iran,11.112222222222222,4.0016,0.002000000000001023,0.0006250000000003197,30.766923076923078,69.23153846153846,19.23153846153846,-18.18227272727273,-7.143571428571429,17.39217391304348,32.142857142857146,70.0,False,False,True,True,False
21489,3,Argentina,Iran,51.9992,-36.36272727272728,-50.0,22.728181818181817,46.15038461538462,22.22222222222222,45.0,-7.9996,-40.0,30.76923076923077,57.89000000000001,49.999,False,True,False,False,True
21489,4,Argentina,Iran,26.924615384615382,-30.434347826086956,7.6923076923076925,-4.999499999999999,26.923076923076923,6.250625,17.857499999999998,-8.331666666666665,7.143571428571428,50.0,29.62851851851852,20.000666666666667,False,False,True,False,True
21490,1,Bulgaria,Slovenia,25.00125,-26.316842105263156,-30.767692307692307,0.0005263157894732055,25.0,44.44555555555556,39.9988,-8.332083333333333,10.001000000000001,-0.0015384615384623256,34.61538461538461,29.41176470588235,False,,,False,True
21490,2,Bulgaria,Slovenia,33.33148148148148,-29.16625,0.0,-0.0004761904761907198,14.816666666666666,20.0,13.636818181818182,-8.332916666666668,-11.11111111111111,6.251250000000001,27.269999999999996,0.0009090909090900823,False,False,True,True,False
21490,3,Bulgaria,Slovenia,21.427142857142854,4.0,-26.31578947368421,12.501875,17.241724137931033,26.31578947368421,21.622162162162162,-23.80952380952381,-15.385384615384615,4.544545454545454,21.62162162162162,40.0008,False,True,False,True,False
21490,4,Bulgaria,Slovenia,29.998499999999996,-16.666666666666668,-17.64764705882353,14.285714285714286,16.666666666666668,45.45454545454545,23.076923076923077,-30.434782608695652,-18.181818181818183,10.525263157894736,25.923333333333332,-0.0008333333333337597,False,True,False,True,False
21491,1,Cuba,Netherlands,36.0012,-18.182727272727274,-22.221666666666668,10.0015,26.924615384615382,27.272727272727273,38.71,-12.499583333333334,-42.85785714285714,38.888333333333335,26.666666666666668,76.92307692307692,False,,,False,True
21491,2,Cuba,Netherlands,57.89473684210526,-16.6675,-12.5,28.570714285714285,36.84,25.0,19.999200000000002,-26.314210526315787,-50.0,30.0,15.998400000000002,29.999000000000002,False,False,True,True,False
21491,3,Cuba,Netherlands,40.625625,-19.23,-18.180909090909093,33.33380952380952,23.335333333333335,58.3325,20.833333333333332,0.0,-23.52764705882353,19.9995,20.0004,9.092727272727272,False,True,False,True,False
21491,4,Cuba,Netherlands,50.00111111111111,-13.792758620689655,-16.666666666666668,31.9984,16.214594594594594,19.9995,37.83783783783784,-10.344827586206897,-9.09,21.73913043478261,22.49625,7.1432142857142855,False,True,False,True,False
21492,1,China,Italy,17.856428571428573,-16.665,-24.99875,19.049047619047617,18.519259259259258,-17.64941176470588,49.999583333333334,-11.998,-12.498750000000001,26.666666666666668,45.833333333333336,14.286428571428571,False,,,False,True
21492,2,China,Italy,7.142857142857143,-18.750625,-16.666666666666668,-8.696521739130434,26.924615384615382,14.285,29.41176470588235,16.665,-30.76923076923077,7.6923076923076925,36.84473684210527,46.15461538461538,False,False,True,False,True
21492,3,China,Italy,33.331111111111106,-10.525789473684211,-55.556666666666665,0.0,10.713214285714285,4.9995,48.483939393939394,-11.9976,-40.0,17.648823529411764,39.99666666666666,50.000625,False,False,True,False,True
21493,1,Canada,Poland,26.666,-9.375625,-38.88944444444444,21.738695652173913,9.998999999999999,-17.64588235294118,33.333030303030306,-20.000666666666667,-6.6659999999999995,-8.334166666666667,17.143142857142855,-4.166250000000001,False,,,True,False
21493,2,Canada,Poland,42.85785714285714,-8.334166666666667,0.0,38.46076923076923,34.48275862068966,8.696521739130434,7.406666666666666,-13.333333333333334,-38.46,-15.79,13.793793103448275,-8.694347826086956,False,True,False,True,False
21493,3,Canada,Poland,26.086521739130436,-22.22222222222222,-40.0,-9.523333333333333,22.728181818181817,-41.666666666666664,52.940588235294115,4.167083333333333,0.0,23.076153846153847,27.775,-25.000833333333333,False,True,False,False,True
21493,4,Canada,Poland,25.0,-8.695652173913043,-15.384615384615385,23.809047619047618,31.03862068965517,-20.0,35.4841935483871,-12.0,-23.076923076923077,5.263684210526316,20.0,-5.000000000000001,False,False,True,False,True
21493,5,Canada,Poland,23.81,-15.384615384615385,-22.22222222222222,23.076923076923077,33.33,-12.5,35.0,-13.332666666666666,-11.108888888888888,18.183636363636364,15.79157894736842,-13.333333333333334,False,False,True,False,True
21494,1,France,Slovenia,46.151538461538465,-12.000399999999999,-53.84538461538462,31.57894736842105,23.077692307692306,25.000833333333333,52.38142857142857,-13.044347826086955,-46.15384615384615,15.787894736842103,30.432173913043474,6.666666666666667,False,,,True,False
21494,2,France,Slovenia,16.666666666666668,-7.1425,-16.665833333333335,40.0005,44.11676470588235,23.81,23.684736842105263,-28.570714285714285,6.6659999999999995,8.333333333333334,23.68421052631579,11.537307692307694,False,True,False,True,False
21494,3,France,Slovenia,23.68394736842105,-20.0,5.882941176470588,42.10526315789474,44.44694444444444,65.21739130434783,12.903225806451612,-8.69391304347826,-17.647058823529413,5.555555555555555,31.246875000000003,27.272727272727273,False,True,False,True,False
21495,1,Germany,Iran,48.38612903225807,-11.9988,-55.55555555555556,42.85523809523809,20.0,11.11111111111111,59.091818181818184,-8.695652173913043,-35.0015,20.000999999999998,17.393478260869564,30.0,False,,,True,False
21495,2,Germany,Iran,52.17478260869565,-26.086521739130436,-70.001,36.8421052631579,30.434782608695652,16.665,66.66809523809523,-23.998800000000003,-69.999,6.248749999999999,14.288571428571432,71.42857142857143,False,True,False,False,True
21495,3,Germany,Iran,43.47826086956522,-11.537692307692309,-44.44444444444444,21.053684210526313,26.085652173913044,33.333333333333336,32.144285714285715,-16.66625,-22.22222222222222,19.997999999999998,19.23,25.001666666666665,False,False,True,True,False
21495,4,Germany,Iran,29.62925925925926,-4.1675,-29.412941176470586,31.24875,14.283928571428572,26.316315789473684,28.205384615384617,-30.434347826086956,-18.75,30.433043478260867,15.788947368421054,58.82411764705882,False,True,False,True,False
21496,1,Bulgaria,Türkiye,39.285000000000004,-33.334761904761905,14.287142857142857,4.763333333333334,50.003461538461536,24.998333333333335,37.5,0.0008333333333337597,-42.857142857142854,7.693076923076924,40.0036,43.749375,False,,,False,True
21496,2,Bulgaria,Türkiye,45.83416666666667,-15.0,-38.46153846153846,-21.73913043478261,33.3325,-8.331666666666665,52.38047619047619,12.0,-23.076153846153847,37.49875,38.09142857142857,9.999,False,False,True,False,True
21496,3,Bulgaria,Türkiye,-3.3329999999999997,-13.636363636363637,-0.0005882352941171121,5.26421052631579,37.93310344827586,25.000625,6.665666666666665,-16.666666666666668,-9.090909090909092,15.788947368421054,23.336000000000002,8.694782608695652,False,False,True,False,True
21497,1,Argentina,Serbia,30.769615384615385,-15.788947368421054,-57.142857142857146,30.434347826086956,69.23076923076923,8.333333333333334,52.630526315789474,4.1675,-22.22222222222222,20.002,11.764705882352942,0.0,False,,,False,True
21497,2,Argentina,Serbia,40.001,-16.665833333333335,-22.22222222222222,42.857142857142854,26.31421052631579,11.112222222222222,8.694782608695652,-26.314736842105265,-36.36363636363637,16.666666666666668,17.393478260869564,7.6923076923076925,False,False,True,True,False
21497,3,Argentina,Serbia,17.142857142857142,-8.000399999999999,-24.99875,24.999375,19.446111111111108,43.47695652173913,23.334,-26.086521739130436,0.0012500000000006395,28.571428571428573,12.899354838709677,4.3478260869565215,False,True,False,True,False
21497,4,Argentina,Serbia,53.847692307692306,-4.167916666666667,-0.0006250000000003197,54.54545454545455,34.61538461538461,73.334,9.091363636363637,-15.383846153846154,-25.00125,19.048095238095236,4.348695652173913,-25.0,False,True,False,True,False
21498,1,Brazil,Italy,46.665333333333336,-20.833333333333332,-16.667777777777776,4.763333333333334,39.99933333333333,-25.0015,23.53029411764706,-8.695217391304348,-53.846923076923076,10.526315789473685,15.153939393939394,-4.166666666666667,False,,,True,False
21498,2,Brazil,Italy,17.240344827586206,-9.091818181818182,-30.76923076923077,-5.264736842105263,31.03689655172414,-19.048095238095236,34.78217391304348,-8.334166666666667,-14.285714285714286,17.64588235294118,16.664583333333333,-11.764705882352942,False,True,False,False,True
21498,3,Brazil,Italy,54.7597619047619,-15.6259375,-34.999,19.998666666666665,33.333333333333336,-17.240344827586206,46.154871794871795,-3.1253124999999997,-66.66722222222222,12.0,20.511025641025643,-28.125,False,False,True,True,False
21498,4,Brazil,Italy,26.087391304347825,-5.555,-50.0,-5.0,21.737826086956524,-29.41235294117647,54.16708333333333,0.00041666666666687985,-40.0,6.25,31.996799999999997,-19.99866666666667,False,True,False,False,True
21498,5,Brazil,Italy,22.22277777777778,0.0014285714285721593,0.0009090909090913742,-8.3325,33.333333333333336,-16.665833333333335,14.285238095238096,-7.143571428571429,-12.49875,7.6923076923076925,22.725454545454543,-18.748749999999998,False,False,True,True,False
21499,1,Poland,USA,36.36363636363637,-12.500416666666666,-7.142857142857143,21.430714285714284,26.084347826086955,20.0,20.69,-28.571428571428573,-22.22222222222222,15.001,17.856428571428573,-6.666666666666667,False,,,True,False
21499,2,Poland,USA,63.155789473684216,-4.0012,0.0,10.525263157894736,31.575263157894735,-35.714999999999996,27.272727272727273,4.761904761904762,0.0,19.047142857142855,33.333333333333336,-50.0,False,True,False,True,False
21499,3,Poland,USA,34.48413793103448,-4.166249999999999,-50.0,10.527894736842105,34.48551724137931,0.0,29.16625,-4.348695652173913,-11.11111111111111,31.816363636363636,30.773076923076925,-43.750625,False,True,False,True,False
21500,1,Japan,Slovenia,31.578157894736844,-15.38423076923077,-16.665833333333335,34.78173913043479,45.95027027027027,36.36363636363637,23.332333333333334,-3.8446153846153845,0.0,14.999,38.70903225806452,9.523333333333333,False,,,True,False
21500,2,Japan,Slovenia,50.0,4.001200000000001,16.666666666666668,25.0,23.076923076923077,47.05823529411765,25.807096774193546,-19.999333333333333,-41.6675,8.3325,31.25125,-11.109999999999998,False,True,False,True,False
21500,3,Japan,Slovenia,60.869565217391305,-8.334583333333333,-27.273636363636363,14.285,20.832083333333333,31.24875,16.668333333333333,-11.765882352941176,-50.000625,19.9995,48.384516129032264,18.75,False,True,False,True,False
21501,1,Iran,Netherlands,47.36842105263158,-11.9992,-18.182727272727274,16.666666666666668,21.05315789473684,-5.881176470588236,19.998333333333335,-36.8421052631579,-37.5,54.54545454545455,29.032258064516128,0.0006666666666670077,False,,,True,False
21501,2,Iran,Netherlands,18.18090909090909,-9.090454545454547,0.0,36.365,39.39121212121212,26.316315789473684,37.49875,-8.0,0.0,31.58,44.001999999999995,13.332666666666666,False,True,False,False,True
21501,3,Iran,Netherlands,37.49958333333333,-4.545,-49.99928571428571,14.285714285714286,20.0004,60.0,46.42857142857143,-4.164583333333333,-20.000999999999998,10.526315789473685,48.151111111111106,21.43,False,False,True,False,True
21501,4,Iran,Netherlands,34.61538461538461,-8.334583333333333,-30.77,20.0,46.15461538461538,37.498125,17.240689655172414,-20.000999999999998,-12.497499999999999,23.806666666666665,46.669333333333334,19.047619047619047,False,False,True,True,False
21501,5,Iran,Netherlands,81.82,-6.666666666666667,-28.571428571428573,25.0,23.07461538461538,13.334,27.77777777777778,-55.55555555555556,-75.0025,21.428571428571427,50.0,-11.11111111111111,False,True,False,True,False
21502,1,France,Türkiye,42.857142857142854,-15.999600000000001,-33.33222222222222,29.410588235294117,37.04,53.336666666666666,35.0,-14.284761904761906,-41.666666666666664,0.0,30.43565217391304,37.5,False,,,True,False
21502,2,France,Türkiye,25.0,0.0012000000000000454,-12.5,33.33,3.4510344827586206,83.3338888888889,10.527894736842105,-33.33277777777778,-23.076923076923077,-8.69695652173913,9.99925,50.0,False,True,False,True,False
21502,3,France,Türkiye,38.46153846153846,-12.499166666666667,-12.50125,11.11111111111111,12.003200000000001,36.36181818181819,5.553888888888888,-5.0,-16.6675,-11.76529411764706,14.286666666666665,50.0,False,True,False,True,False
21503,1,Argentina,Cuba,65.21565217391304,-30.43521739130435,-87.5,36.84157894736842,45.45454545454545,-33.333333333333336,85.0,-23.999200000000002,-57.14214285714286,6.668,23.80809523809524,20.000999999999998,False,,,False,True
21503,2,Argentina,Cuba,33.332121212121216,-3.9995999999999996,-25.0,0.0005555555555558397,23.53058823529412,56.52043478260869,33.332121212121216,-8.69608695652174,-31.579473684210527,8.695217391304348,28.574285714285715,31.58,False,False,True,True,False
21503,3,Argentina,Cuba,45.0,-12.499166666666667,-7.6923076923076925,20.0,42.85333333333333,33.33111111111111,30.76730769230769,-27.27227272727273,-25.00125,14.999500000000001,27.998,9.090909090909092,False,True,False,True,False
21503,4,Argentina,Cuba,34.48275862068966,-27.27227272727273,-41.1764705882353,19.9985,40.00033333333333,57.14214285714286,39.1295652173913,-8.33375,-33.33277777777778,24.999375,30.433478260869567,45.45363636363636,False,True,False,False,True
21503,5,Argentina,Cuba,19.999333333333333,-13.331999999999999,0.0,40.0,53.330666666666666,42.857142857142854,-25.001666666666665,0.0,0.0,0.0,23.076923076923077,0.0,False,False,True,True,False
21504,1,Bulgaria,Ukraine,37.93034482758621,-4.1675,-15.789473684210526,22.22277777777778,33.333333333333336,92.30846153846154,18.91756756756757,-14.284761904761906,-9.09,0.0,33.333333333333336,44.9995,False,,,True,False
21504,2,Bulgaria,Ukraine,30.43826086956522,-5.001,-40.0,23.810952380952386,33.330416666666665,54.54545454545455,36.36151515151515,-0.0008333333333331675,-45.45454545454545,26.315263157894737,40.6259375,52.940588235294115,False,True,False,False,True
21504,3,Bulgaria,Ukraine,26.923076923076923,0.0008333333333337597,-23.53058823529412,0.0,24.0,20.0,44.82793103448276,-11.537692307692309,10.0,-15.0,33.333,14.285714285714286,False,False,True,False,True
21504,4,Bulgaria,Ukraine,23.53,-34.78217391304348,0.0,5.2631578947368425,25.0,52.94176470588235,34.61615384615384,-20.834166666666665,-16.66722222222222,33.333333333333336,38.46269230769231,64.70705882352941,False,False,True,False,True
21505,1,Canada,China,17.239655172413794,12.0008,-11.11111111111111,31.577894736842108,19.35290322580645,23.80952380952381,31.035862068965518,-13.04391304347826,-38.46230769230769,13.040869565217388,13.332333333333334,38.888888888888886,False,,,True,False
21505,2,Canada,China,34.3734375,-3.9991999999999996,-7.142857142857143,35.0,16.666,-0.0004761904761900431,30.76846153846154,-4.545454545454546,-35.294117647058826,18.18318181818182,23.07730769230769,54.54454545454546,False,True,False,True,False
21505,3,Canada,China,48.151111111111106,-20.0004,-11.11111111111111,17.390434782608697,19.233076923076922,10.0,14.284285714285716,13.04391304347826,0.0,5.554444444444444,23.813333333333333,-0.0012500000000006395,False,True,False,True,False
21506,1,Germany,Serbia,56.668,-16.6675,0.0,15.0,35.71714285714286,33.333999999999996,27.271818181818183,4.762380952380953,-81.81818181818181,21.055263157894736,29.163749999999997,9.090000000000002,False,,,True,False
21506,2,Germany,Serbia,42.42454545454545,-20.0,-30.000999999999998,16.666666666666668,37.496874999999996,45.45409090909091,19.231153846153845,-4.761428571428572,-7.144285714285715,9.999500000000001,35.715714285714284,12.498124999999998,False,True,False,True,False
21506,3,Germany,Serbia,35.29294117647059,-4.3478260869565215,-62.5,23.529411764705884,52.94117647058823,-66.665,60.869565217391305,-26.92269230769231,-25.0,10.52421052631579,34.78260869565217,62.5,False,True,False,False,True
21506,4,Germany,Serbia,59.09090909090909,3.9991999999999996,-15.384615384615385,26.666,61.90380952380953,25.0,34.6173076923077,-11.764705882352942,-60.0,12.499166666666667,28.568571428571428,-0.0006666666666670077,False,False,True,True,False
21507,1,Brazil,Poland,51.42857142857143,-8.333333333333334,-29.411176470588234,19.997999999999998,50.00416666666666,4.000400000000001,41.37931034482759,-4.545,-33.33266666666667,18.180454545454545,20.689655172413794,-47.61857142857143,False,,,True,False
21507,2,Brazil,Poland,38.70903225806452,-20.000799999999998,-15.383076923076922,5.881764705882353,32.26,-4.545909090909091,25.0,-19.048095238095236,-25.000833333333333,14.999,40.74222222222222,-47.61904761904762,False,True,False,True,False
21507,3,Brazil,Poland,-0.0031428571428575324,-4.76047619047619,-10.0,4.76047619047619,25.003055555555555,0.0004545454545456871,21.428214285714287,-12.0,9.523809523809524,11.11111111111111,37.93103448275862,9.523333333333332,False,True,False,False,True
21507,4,Brazil,Poland,33.333636363636366,-14.285714285714286,-41.17529411764706,21.05421052631579,37.4996875,-8.69695652173913,32.351176470588236,-23.07884615384615,-35.714285714285715,13.043478260869565,32.35,-7.9996,False,False,True,True,False
21508,1,Italy,USA,37.038888888888884,-4.001200000000001,-15.383846153846154,28.572857142857142,42.86035714285714,27.77722222222222,41.37758620689655,-33.33380952380952,-40.001333333333335,-4.762380952380953,35.71214285714286,35.714285714285715,False,,,True,False
21508,2,Italy,USA,50.001666666666665,-24.999583333333334,12.5,22.221666666666668,40.0012,9.090909090909092,29.166666666666668,-17.391304347826086,-60.0,23.52764705882353,36.36363636363637,7.693076923076922,False,True,False,True,False
21508,3,Italy,USA,57.89631578947368,0.0,-33.333333333333336,30.77,40.0045,0.0,45.45545454545454,-27.778888888888886,-44.44444444444444,14.284761904761906,54.54454545454546,-9.090909090909092,False,True,False,True,False
21509,1,Japan,USA,33.330909090909095,-12.499166666666667,-36.36454545454546,21.427857142857142,24.241212121212122,23.076923076923077,42.8575,-36.36363636363637,-31.24875,45.001,37.92758620689656,6.666666666666667,False,,,True,False
21509,2,Japan,USA,43.47782608695652,-4.0004,-21.429285714285715,35.714999999999996,45.833333333333336,35.71357142857143,30.76846153846154,-21.052105263157895,-49.99916666666667,18.181818181818183,37.035555555555554,30.0,False,True,False,True,False
21509,3,Japan,USA,46.42714285714286,-20.833333333333332,-60.0,23.81,49.99821428571429,50.0,34.78217391304348,-8.33375,-18.181818181818183,16.665555555555557,52.38095238095238,22.22222222222222,False,True,False,True,False
21510,1,Argentina,Brazil,36.66733333333333,-27.271818181818183,-55.556666666666665,47.62,38.70967741935484,35.714285714285715,45.83375,-8.332916666666668,-38.46076923076923,31.251875,63.998400000000004,17.64764705882353,False,,,False,True
21510,2,Argentina,Brazil,26.31578947368421,-17.390869565217393,-16.666666666666668,5.001,38.09761904761905,-12.5,22.72909090909091,-8.000399999999999,-8.334166666666667,17.647058823529413,63.63545454545454,74.99875,False,False,True,False,True
21510,3,Argentina,Brazil,35.292352941176475,-3.8457692307692306,-35.0005,14.284285714285712,42.857142857142854,27.271818181818183,34.211842105263166,-12.499583333333334,-36.84157894736842,20.83125,33.33025641025641,28.571428571428573,False,False,True,True,False
21510,4,Argentina,Brazil,20.687586206896555,-33.33277777777778,-30.76846153846154,20.0,34.48137931034483,63.63727272727272,42.855000000000004,-20.0,-20.0,25.0,31.03862068965517,35.0025,False,True,False,False,True
21511,1,Türkiye,USA,21.620540540540542,-28.0,-33.333333333333336,5.882352941176471,29.415294117647054,28.572857142857142,35.71214285714286,-28.000799999999998,-16.668333333333333,16.666666666666668,34.48275862068966,50.0,False,,,False,True
21511,2,Türkiye,USA,46.151923076923076,-23.81047619047619,-42.857142857142854,4.545454545454546,33.33,40.0,45.455,0.0,33.33166666666667,0.0,30.433478260869567,-15.000499999999999,False,False,True,False,True
21511,3,Türkiye,USA,33.333,-21.42892857142857,-28.570714285714285,0.001052631578947907,25.80258064516129,21.73913043478261,38.462051282051284,-28.57107142857143,-38.46230769230769,36.36590909090909,32.43675675675676,44.9995,False,False,True,False,True
21512,1,Germany,Japan,32.14107142857143,0.0,-41.177058823529414,17.64764705882353,14.813333333333333,54.54545454545455,29.41029411764706,-18.182727272727274,-23.075384615384618,0.0,9.08848484848485,52.94117647058823,False,,,True,False
21512,2,Germany,Japan,46.15384615384615,-4.761904761904762,-57.14357142857143,19.9995,24.003199999999996,-20.000666666666667,68.96689655172413,-16.66625,-60.0,21.053684210526313,22.225185185185182,5.555555555555555,False,True,False,False,True
21512,3,Germany,Japan,43.330333333333336,-4.3478260869565215,-38.46,-0.0018181818181827484,17.859285714285715,33.3325,50.001333333333335,-3.9995999999999996,-54.54545454545455,13.636363636363637,9.376875,-5.555000000000001,False,False,True,False,True
21512,4,Germany,Japan,50.00107142857143,-19.048095238095236,-69.999,23.807142857142853,24.998214285714287,41.6675,65.38346153846153,-8.333333333333334,-33.33444444444444,23.531764705882352,7.696153846153846,-5.881764705882353,False,False,True,False,True
21513,1,China,France,36.36363636363637,-12.5,-27.273636363636363,31.57894736842105,39.39393939393939,29.413529411764703,35.9992,-17.390869565217393,-47.368947368421054,34.997499999999995,61.542692307692306,-0.0007142857142860797,False,,,True,False
21513,2,China,France,44.44388888888889,-21.73913043478261,-30.0,-0.0005263157894747014,27.270909090909093,-9.090909090909092,33.33259259259259,-8.332916666666668,-66.66666666666667,33.33222222222222,57.142857142857146,20.000666666666667,False,True,False,False,True
21513,3,China,France,26.086521739130436,-8.693478260869565,0.0,26.664666666666665,34.61538461538461,0.0011111111111108901,40.625,-33.33416666666667,-22.224444444444444,15.0,63.333333333333336,40.00066666666667,False,False,True,False,True
21513,4,China,France,31.81863636363636,0.0,-53.846923076923076,10.526315789473685,31.996799999999997,14.285714285714286,51.72448275862069,-12.499166666666667,-44.44444444444444,35.294117647058826,71.42857142857143,66.66666666666667,False,False,True,False,True
21514,1,Netherlands,Ukraine,43.333666666666666,-23.81,-60.0,29.166666666666668,35.483870967741936,27.270909090909093,59.09045454545455,-3.845384615384615,-54.54545454545455,6.665333333333333,27.27136363636364,7.6923076923076925,False,,,False,True
21514,2,Netherlands,Ukraine,60.001599999999996,-24.0,-12.5,20.0,15.383076923076922,24.999000000000002,29.16458333333333,-19.9995,-75.0,0.0,30.769615384615385,0.001052631578947907,False,False,True,True,False
21514,3,Netherlands,Ukraine,27.585172413793103,-4.16625,0.0012500000000006395,22.223333333333333,10.34206896551724,5.2631578947368425,21.42892857142857,-14.286666666666665,-25.0,4.764285714285715,20.688275862068966,28.571428571428573,False,True,False,True,False
21514,4,Netherlands,Ukraine,19.23,-8.0,-44.44444444444444,-5.264736842105263,16.0004,21.428571428571427,40.90681818181818,-16.0,-20.0,-10.0015,42.857142857142854,16.6675,False,True,False,False,True
21514,5,Netherlands,Ukraine,39.998666666666665,0.0,-22.221111111111114,24.998333333333335,20.0,33.333333333333336,47.3678947368421,-7.142142857142857,-75.0,7.6923076923076925,38.89166666666667,28.571428571428573,False,False,True,False,True
21515,1,Bulgaria,Cuba,33.33416666666667,-15.9992,-17.647058823529413,25.0,37.50083333333333,54.54636363636364,26.666666666666668,-30.434782608695652,-44.44444444444444,20.0005,32.14357142857143,23.529411764705884,False,,,True,False
21515,2,Bulgaria,Cuba,13.635454545454547,-18.74875,-12.5,-0.0004999999999995453,17.391304347826086,-23.077692307692306,40.91045454545454,-4.0004,39.999,23.075384615384618,23.807142857142857,33.333333333333336,False,True,False,False,True
21515,3,Bulgaria,Cuba,25.926296296296297,-12.0,-20.0,38.89055555555555,29.626666666666665,69.23076923076923,25.0003125,-21.738695652173913,-23.076923076923077,9.522857142857143,18.748124999999998,27.77777777777778,False,False,True,True,False
21515,4,Bulgaria,Cuba,9.3740625,3.9996000000000005,-21.427857142857142,14.285714285714286,26.667333333333332,31.25,46.152692307692305,-22.221481481481483,16.666666666666668,-0.0009090909090907282,15.996799999999999,26.667333333333332,False,True,False,False,True
21515,5,Bulgaria,Cuba,38.46153846153846,-7.142857142857143,-33.33444444444444,40.0,38.45769230769231,0.0,52.63,-28.571428571428573,-25.0,23.076153846153847,29.410588235294114,60.0,False,False,True,False,True
21516,1,Italy,Serbia,58.33208333333334,-0.0008000000000004093,-21.43,28.570714285714285,38.09761904761905,40.0,17.857499999999998,-6.666666666666667,-42.85857142857143,13.044347826086955,35.715714285714284,-9.522857142857143,False,,,True,False
21516,2,Italy,Serbia,64.28571428571429,4.166250000000001,0.0,20.0,71.42785714285715,60.0,16.666666666666668,-33.334666666666664,-50.0,-21.05263157894737,29.410588235294117,-22.22222222222222,False,True,False,True,False
21516,3,Italy,Serbia,70.0,-19.9996,-7.142142857142858,24.998333333333335,52.38095238095238,28.572142857142858,20.832083333333333,-24.999375,-66.66666666666667,5.2631578947368425,50.00416666666666,-0.0006666666666660604,False,True,False,True,False
21517,1,Iran,Poland,11.9992,-20.0,20.0,5.553333333333334,31.9984,6.25,33.33208333333334,-12.498333333333333,9.09,25.0,27.9972,63.63636363636363,False,,,False,True
21517,2,Iran,Poland,32.35088235294117,-8.332916666666668,-31.81590909090909,35.0,54.05702702702703,42.85619047619048,30.55611111111111,-16.667083333333334,-15.384615384615385,18.182727272727274,21.62189189189189,26.924230769230768,False,False,True,True,False
21517,3,Iran,Poland,21.42678571428571,-21.052105263157895,-23.529411764705884,19.997999999999998,34.48137931034483,33.332,42.854642857142856,-8.334583333333333,-39.99933333333333,14.287857142857144,38.71290322580645,57.89578947368421,False,True,False,False,True
21517,4,Iran,Poland,58.33541666666667,-8.332916666666668,-30.0,-11.11111111111111,50.0,36.36454545454546,42.857619047619046,-4.545,-66.665,5.2631578947368425,33.336190476190474,-9.090909090909092,False,False,True,True,False
21517,5,Iran,Poland,27.274545454545454,-25.0,-20.0,0.0,50.00416666666666,0.0,54.54545454545455,13.333333333333334,-24.9975,0.0,27.269999999999996,44.44444444444444,False,True,False,False,True
21518,1,Canada,Slovenia,41.37931034482759,-24.0004,0.0,11.11111111111111,26.663999999999998,10.527894736842104,19.9996,-13.635454545454547,-47.05882352941177,16.665000000000003,17.389565217391304,0.0,False,,,True,False
21518,2,Canada,Slovenia,33.332,-28.57095238095238,-22.22222222222222,-5.0,26.470588235294116,-28.0016,32.35411764705882,-16.0004,-28.570714285714285,20.00133333333333,30.301515151515154,-8.0,False,True,False,False,True
21518,3,Canada,Slovenia,7.407037037037037,-15.0,-16.665833333333335,10.527894736842105,14.816296296296295,-17.647058823529413,33.333333333333336,-12.499583333333334,-0.0018750000000018474,12.49875,37.50083333333333,7.143571428571428,False,False,True,False,True
21518,4,Canada,Slovenia,16.666999999999998,-14.286190476190475,-29.41235294117647,5.555000000000001,25.807096774193546,0.0,41.377586206896545,-20.001199999999997,-23.52823529411765,6.251250000000001,13.333666666666666,10.0,False,False,True,False,True
21519,1,Germany,Türkiye,57.142857142857146,-10.715,-25.0,13.636363636363637,20.68758620689655,-30.434347826086956,52.94411764705882,-17.857857142857142,-49.999,16.665416666666665,21.211515151515147,40.00066666666667,False,,,False,True
21519,2,Germany,Türkiye,60.0008,-9.090454545454547,-37.5,-4.545454545454546,25.000416666666666,-28.572142857142858,68.18545454545455,4.000800000000001,-22.22222222222222,5.001,22.73090909090909,0.0,False,False,True,False,True
21519,3,Germany,Türkiye,37.49916666666667,-7.999199999999999,-0.0012500000000006395,6.668000000000001,25.0,5.0009999999999994,13.332666666666665,-16.66611111111111,-28.571428571428573,-4.762857142857143,10.344827586206897,0.0,False,False,True,True,False
21519,4,Germany,Türkiye,38.71,-14.286071428571429,-38.46,14.81185185185185,26.670333333333335,24.999166666666667,34.48275862068966,-0.00033333333333350387,0.0,9.090909090909092,7.407407407407407,-19.99866666666667,False,True,False,False,True
21520,1,Argentina,Japan,33.333030303030306,-12.500833333333333,-29.41176470588235,27.27136363636364,42.42787878787879,-6.25,39.285357142857144,-8.33375,0.0011111111111116794,10.0,24.240606060606062,4.545909090909091,False,,,True,False
21520,2,Argentina,Japan,47.82608695652174,-19.998800000000003,-6.666666666666667,0.0,24.999583333333334,-24.999166666666667,26.665,-17.390434782608697,-33.33222222222222,20.0,20.689655172413794,6.667333333333334,False,True,False,True,False
21520,3,Argentina,Japan,34.78434782608696,-33.332857142857144,-8.334166666666667,22.725909090909088,45.836666666666666,-33.333333333333336,33.334583333333335,-7.998399999999999,-33.333333333333336,35.714285714285715,8.3325,24.999166666666667,False,True,False,False,True
21520,4,Argentina,Japan,37.03592592592593,-29.166666666666668,-40.00066666666667,21.050526315789472,49.996538461538464,7.142142857142858,43.9992,-12.5,-66.66833333333334,41.1764705882353,19.229230769230767,-4.546363636363636,False,False,True,False,True
21520,5,Argentina,Japan,46.666666666666664,-50.00071428571429,-42.857142857142854,45.45454545454545,37.5025,14.285714285714286,35.71142857142858,-21.428571428571427,-33.333333333333336,42.857142857142854,35.712857142857146,22.221111111111114,False,False,True,False,True
21521,1,China,Iran,36.0004,-4.0,-42.85642857142857,20.832083333333333,55.17103448275862,-6.6659999999999995,33.332727272727276,-3.5714285714285716,-18.180909090909093,19.048095238095236,43.33266666666667,16.66722222222222,False,,,False,True
21521,2,China,Iran,15.383461538461539,-9.090909090909092,-15.384615384615385,9.523333333333333,50.0,14.287857142857144,28.0,-4.1674999999999995,-13.335333333333333,5.260526315789473,41.665416666666665,50.0,False,False,True,False,True
21521,3,China,Iran,9.09,-29.41235294117647,-33.335,22.727272727272727,26.922307692307694,-30.77,22.728181818181817,-3.9987999999999992,-8.333333333333334,9.090000000000002,42.859047619047615,35.714285714285715,False,False,True,False,True
21522,1,Italy,Ukraine,23.683157894736844,3.9983999999999993,7.142142857142857,25.0,18.181818181818183,39.285714285714285,8.569714285714284,-19.99866666666667,-28.571428571428573,-0.0025000000000000946,21.62189189189189,32.0,False,,,True,False
21522,2,Italy,Ukraine,36.0008,-4.1674999999999995,-28.571428571428573,-5.882352941176471,48.004,64.28571428571429,21.73913043478261,-9.523809523809524,33.333333333333336,9.522857142857143,17.390434782608697,0.0008333333333325754,False,True,False,True,False
21522,3,Italy,Ukraine,5.553888888888888,-17.646470588235296,-50.0,-0.0005555555555558397,22.22,-27.273636363636363,43.9988,-20.83375,33.333333333333336,0.0,20.833333333333332,58.33416666666667,False,True,False,False,True
21522,4,Italy,Ukraine,23.077692307692306,-21.74,-62.5,14.999500000000001,34.61538461538461,20.0,30.76923076923077,-8.0,-30.0,5.555555555555555,22.221111111111114,23.529411764705884,False,False,True,False,True
21522,5,Italy,Ukraine,49.99857142857143,0.0,100.0,11.11,21.431428571428572,12.497499999999999,33.334666666666664,-24.999166666666667,-57.142857142857146,-7.6923076923076925,6.666666666666667,50.0,False,False,True,True,False
21523,1,Cuba,Poland,25.00107142857143,-31.81772727272727,-27.273636363636363,21.051578947368423,37.93206896551724,28.57,38.095238095238095,-24.0004,-16.666666666666668,14.285714285714286,26.08782608695652,5.881176470588237,False,,,False,True
21523,2,Cuba,Poland,76.47117647058823,-28.001199999999997,-0.0011111111111101006,-0.0027272727272728307,43.7525,27.272727272727273,30.0,-31.58,-57.14142857142857,22.223888888888887,23.80857142857143,0.0011111111111116794,False,False,True,True,False
21523,3,Cuba,Poland,40.0,-4.166666666666667,-16.665,11.763529411764706,35.0,-0.0011111111111116794,43.75,-18.181818181818183,-30.0,-16.667777777777776,40.00333333333333,-37.5,False,True,False,True,False
21523,4,Cuba,Poland,28.945526315789476,-7.692692307692307,-0.001764705882353008,28.571428571428573,36.845263157894735,20.832083333333333,29.031612903225806,-8.332916666666668,-24.999375,36.36227272727273,36.36060606060606,37.500625,False,True,False,True,False
21524,1,Netherlands,Slovenia,13.793103448275861,-27.77722222222222,-62.50125,15.789473684210526,20.000666666666667,-9.522857142857143,47.61761904761905,-15.999600000000001,-0.0010000000000005115,8.3325,47.82304347826087,-9.523333333333333,False,,,False,True
21524,2,Netherlands,Slovenia,35.71357142857143,-14.999,-12.5,40.907272727272726,31.03620689655172,-56.52304347826087,51.85148148148148,-8.334166666666667,0.0,18.748124999999998,40.74,-14.286666666666665,False,False,True,False,True
21524,3,Netherlands,Slovenia,7.141071428571428,-14.285714285714286,-20.0,14.284285714285712,34.48034482758621,-12.5,26.92269230769231,-12.000399999999999,-30.0,0.0,43.996,5.2631578947368425,False,False,True,False,True
21525,1,Argentina,USA,48.002399999999994,-8.69608695652174,-36.36363636363637,4.761904761904762,34.61769230769231,16.665833333333335,43.33133333333333,-8.000399999999999,-27.271818181818183,29.999000000000002,19.997999999999998,11.765882352941176,False,,,False,True
21525,2,Argentina,USA,38.71032258064516,-27.998800000000003,0.0,53.333333333333336,32.25806451612903,49.99909090909091,15.623749999999998,-24.9995,-41.666666666666664,27.776666666666667,21.87375,58.8235294117647,False,False,True,True,False
21525,3,Argentina,USA,25.0,-5.0,-16.666666666666668,-0.0004166666666662877,19.444444444444443,20.834166666666665,40.73925925925926,4.0,-29.412941176470586,22.22277777777778,29.626666666666665,27.77777777777778,False,True,False,False,True
21525,4,Argentina,USA,42.42454545454545,-29.166666666666668,-18.18,4.548181818181818,27.27090909090909,19.998,32.142857142857146,5.921189464667501e-16,-35.71357142857143,18.751875,25.0,29.9995,False,False,True,False,True
21526,1,Brazil,Japan,22.22259259259259,-7.9996,-8.000399999999999,6.249375,39.285714285714285,56.24875,8.108648648648648,-14.285238095238096,0.0,26.08782608695652,21.62108108108108,14.998,False,,,True,False
21526,2,Brazil,Japan,50.00038461538462,-16.666666666666668,-33.33222222222222,26.31578947368421,36.0012,0.0,46.155,-16.665833333333335,-66.66666666666667,10.527894736842105,40.0008,59.999,False,True,False,True,False
21526,3,Brazil,Japan,29.999333333333333,-17.857499999999998,-15.790526315789473,22.221666666666668,49.998666666666665,46.666666666666664,30.303030303030305,-30.76923076923077,-21.428571428571427,17.39,26.469117647058823,18.75,False,True,False,True,False
21527,1,Cuba,France,61.904761904761905,-4.166666666666667,-9.998999999999999,17.647058823529413,57.146190476190476,-15.386153846153848,40.91,-9.523333333333333,-60.0,0.0,30.43565217391304,50.0,False,,,True,False
21527,2,Cuba,France,8.33375,-24.999375,-40.0,15.787894736842103,33.33125,20.000666666666667,44.0,-12.5,-8.333333333333334,33.335,39.12695652173913,81.81818181818181,False,True,False,False,True
21527,3,Cuba,France,35.9988,-25.001666666666665,12.49875,5.0,20.0016,33.333333333333336,13.04391304347826,-12.499166666666667,-30.77,55.556666666666665,47.82608695652174,40.001,False,False,True,True,False
21527,4,Cuba,France,34.9995,-4.545,-33.333333333333336,5.553888888888888,28.570476190476192,0.0012500000000006395,36.36333333333334,-12.498750000000001,-25.0,10.526315789473685,43.75,47.36736842105263,False,True,False,False,True
21527,5,Cuba,France,37.5,-20.000999999999998,-37.5,-27.269999999999996,12.502500000000001,-33.333333333333336,46.66733333333333,-0.0007142857142860797,-25.0,28.571428571428573,46.67,54.54545454545455,False,False,True,False,True
21528,1,Serbia,Ukraine,25.806774193548385,-12.0,21.05263157894737,16.665555555555557,45.16290322580645,33.333888888888886,16.12709677419355,-13.635454545454547,8.333333333333334,18.181818181818183,40.625,-12.500625,False,,,True,False
21528,2,Serbia,Ukraine,46.666666666666664,4.166666666666667,-35.714285714285715,22.221666666666668,45.160000000000004,10.001000000000001,33.332727272727276,-10.0,-27.271818181818183,20.8325,39.39333333333333,17.64529411764706,False,True,False,True,False
21528,3,Serbia,Ukraine,28.0,0.0,13.332666666666666,30.76846153846154,33.333333333333336,41.17588235294118,3.1237499999999994,-23.52823529411765,33.33222222222222,17.391304347826086,46.87625,33.333999999999996,False,True,False,True,False
21529,1,Bulgaria,China,40.742592592592594,-8.0,-44.443333333333335,15.788947368421054,34.61230769230769,38.46153846153846,24.243333333333332,-8.695652173913043,-24.999166666666667,9.091363636363637,30.302121212121214,43.74875,False,,,True,False
21529,2,Bulgaria,China,35.714642857142856,8.333333333333334,-0.0008333333333325754,30.77,44.827586206896555,32.0012,16.13,-17.647058823529413,-35.71357142857143,-4.545,40.625625,42.10421052631579,False,True,False,True,False
21529,3,Bulgaria,China,38.70870967741936,-19.229230769230767,8.334166666666667,0.0,40.628125000000004,29.41235294117647,26.92269230769231,-4.165833333333333,-33.332,29.998,37.930689655172415,18.749375,False,True,False,True,False
21530,1,Canada,Netherlands,54.545,-20.832916666666666,-11.11111111111111,37.49875,52.17130434782609,-45.0005,40.74222222222222,-30.433913043478263,-46.153076923076924,26.314736842105265,38.46230769230769,-35.714999999999996,False,,,True,False
21530,2,Canada,Netherlands,52.37952380952381,-8.0,-33.335,23.076923076923077,27.273636363636363,-5.555555555555555,37.49875,-35.0,-40.0,19.04714285714286,21.21060606060606,0.0008695652173905135,False,True,False,True,False
21530,3,Canada,Netherlands,51.85296296296296,-29.16541666666667,-8.334166666666667,7.691538461538461,62.49583333333333,37.500625,5.0,-18.75,-70.0,23.529411764705884,50.0,-52.94176470588235,False,True,False,True,False
21531,1,Brazil,Türkiye,27.58758620689655,-12.499583333333334,19.997999999999998,16.665555555555557,34.4848275862069,-8.695652173913043,24.99785714285714,-21.739565217391306,-40.0,0.0,17.859285714285715,66.66666666666667,False,,,True,False
21531,2,Brazil,Türkiye,34.14780487804878,0.0003846153846155814,-23.528823529411767,23.81142857142857,21.428571428571427,51.85444444444444,30.555555555555557,-8.3325,-24.000799999999998,0.0017391304347834985,16.215675675675676,31.819090909090907,False,True,False,True,False
21531,3,Brazil,Türkiye,40.001333333333335,-27.27227272727273,-27.273636363636363,13.635909090909092,38.711612903225806,60.0,25.80548387096774,4.0004,-6.25,13.331999999999999,16.666666666666668,45.45636363636363,False,True,False,False,True
21531,4,Brazil,Türkiye,41.66791666666666,-0.0003999999999996362,-30.0,22.22222222222222,45.83083333333334,30.77076923076923,31.81863636363636,-4.545909090909091,-22.221111111111114,14.284761904761906,26.08782608695652,55.55555555555556,False,False,True,True,False
21532,1,Germany,USA,44.443703703703704,-28.001199999999997,-0.0010000000000005115,11.764705882352942,21.427500000000002,18.751875000000002,29.168333333333333,-22.72681818181818,-40.00066666666667,18.75,27.9984,33.333333333333336,False,,,True,False
21532,2,Germany,USA,26.922307692307694,-13.636818181818182,-30.77076923076923,19.9985,40.74148148148148,33.3325,35.714999999999996,-16.0004,-37.5,22.22277777777778,37.03777777777778,26.666666666666668,False,True,False,False,True
21532,3,Germany,USA,20.832916666666666,-16.666666666666668,-26.31578947368421,15.78842105263158,30.767692307692307,-0.001875000000000071,37.142,-12.500416666666666,-20.0,21.428571428571427,25.71457142857143,52.0004,False,False,True,False,True
21532,4,Germany,USA,32.35235294117647,-12.500833333333333,9.090909090909092,35.715714285714284,42.85771428571429,28.000799999999998,4.0004,-12.500625,6.25125,-0.0015789473684203646,22.22,-10.52578947368421,False,False,True,True,False
21532,5,Germany,USA,42.857142857142854,-20.0,-22.221111111111114,42.85857142857143,57.144285714285715,10.0,42.85642857142857,-41.6675,-25.0,-10.001000000000001,35.71071428571428,-8.333333333333334,False,True,False,True,False
21533,1,Canada,Serbia,74.999,-4.165833333333333,-18.181818181818183,23.076923076923077,61.107777777777784,16.665833333333335,21.736956521739128,-12.5,-75.0,9.522857142857143,27.998399999999997,9.092727272727274,False,,,True,False
21533,2,Canada,Serbia,39.283928571428575,-39.13,-30.0,15.0,33.330999999999996,7.142142857142857,32.0012,-16.667083333333334,-35.29294117647059,28.570714285714285,37.03925925925926,33.333888888888886,False,True,False,False,True
21533,3,Canada,Serbia,24.99833333333333,-22.22277777777778,-57.142857142857146,-0.0016666666666667299,33.33291666666667,25.0,60.87,-20.0004,-12.5,21.429285714285715,44.0028,35.714285714285715,False,False,True,False,True
21533,4,Canada,Serbia,32.14214285714286,-17.390434782608697,-25.000833333333333,29.9995,53.84576923076923,-15.383846153846154,35.71357142857143,-12.500416666666666,-18.182727272727274,22.223333333333333,37.03777777777778,26.315263157894737,False,False,True,False,True
21534,1,Bulgaria,Poland,18.18136363636364,-33.33277777777778,-54.54636363636364,5.557777777777778,21.73695652173913,0.0,47.05823529411765,-16.66625,-15.384615384615385,16.669166666666666,4.998,62.5,False,,,False,True
21534,2,Bulgaria,Poland,31.033793103448275,4.16875,-21.427857142857142,20.0,34.48448275862069,21.428571428571427,37.931724137931035,-13.043478260869565,-57.14357142857143,30.43565217391304,40.0,54.54545454545455,False,False,True,True,False
21534,3,Bulgaria,Poland,60.87,-12.0,-55.55555555555556,22.22,44.0,-7.6923076923076925,50.00125,-21.738260869565217,-64.28642857142857,29.9995,27.9956,33.333333333333336,False,True,False,True,False
21534,4,Bulgaria,Poland,35.71321428571429,-22.222962962962963,-30.0,21.739565217391306,34.48275862068966,10.001000000000001,45.83625,-17.24137931034483,-29.411176470588234,10.527368421052632,31.814999999999998,33.333333333333336,False,True,False,False,True
21534,5,Bulgaria,Poland,40.0,-6.667333333333334,0.0,14.285714285714286,70.003,80.0,18.181818181818183,-27.272727272727273,-25.0,-8.334166666666667,18.181818181818183,-28.571428571428573,False,False,True,True,False
21535,1,France,Iran,58.33541666666667,-23.076153846153847,-38.46230769230769,17.647058823529413,52.17521739130434,20.00133333333333,46.155,-25.000416666666666,-50.00125,34.9985,42.86035714285714,15.384615384615385,False,,,True,False
21535,2,France,Iran,59.999,-0.0004166666666662877,-8.333333333333334,20.002,42.85809523809524,21.429285714285715,16.0,-5.882352941176471,-72.72727272727273,-10.001,29.164583333333336,30.0,False,True,False,True,False
21535,3,France,Iran,36.587073170731706,-15.385,-38.46153846153846,18.181818181818183,31.708536585365852,50.000416666666666,38.46192307692308,-0.0004166666666662877,-30.434347826086956,14.998499999999998,53.847692307692306,33.333333333333336,False,True,False,True,False
21536,1,Italy,Slovenia,37.499583333333334,-7.9996,-20.000666666666667,17.647058823529413,36.36772727272727,-6.248749999999999,25.925555555555555,-13.635909090909092,-49.9975,-5.000500000000001,28.57357142857143,-28.57238095238095,False,,,True,False
21536,2,Italy,Slovenia,27.778333333333332,-16.667083333333334,-35.714285714285715,38.888888888888886,28.574571428571428,19.047619047619047,13.79206896551724,-14.285238095238096,0.0006250000000003197,-5.882352941176471,34.48068965517241,-11.538461538461538,False,True,False,True,False
21536,3,Italy,Slovenia,28.57,-16.000799999999998,-5.263157894736842,23.527647058823533,24.99875,0.0,12.501249999999999,-21.73913043478261,-37.5,19.9995,39.39060606060605,10.526842105263157,False,True,False,True,False
21537,1,Argentina,Türkiye,28.0004,-22.221666666666668,-55.55555555555556,10.0,33.333333333333336,-11.110555555555557,54.54727272727273,-8.0,-8.333333333333334,14.290000000000001,37.5,6.667333333333334,False,,,False,True
21537,2,Argentina,Türkiye,39.284642857142856,-16.0,-18.181818181818183,16.666666666666668,20.688275862068966,21.738695652173913,9.375625000000001,-9.524285714285714,-37.49875,10.52421052631579,48.38709677419355,18.18136363636364,False,False,True,True,False
21537,3,Argentina,Türkiye,54.54878787878788,-12.5,-33.333333333333336,16.668333333333333,17.645294117647058,8.333333333333334,34.484482758620686,-4.999499999999999,-49.9985,-16.666666666666668,25.002857142857145,22.22222222222222,False,True,False,True,False
21537,4,Argentina,Türkiye,6.251874999999999,-5.555,-41.665,13.635000000000002,28.1265625,-9.090454545454547,34.3746875,-4.166666666666667,6.25,35.29588235294118,34.37875,19.049047619047617,False,True,False,False,True
21537,5,Argentina,Türkiye,39.998666666666665,-5.882941176470588,-55.55555555555556,-0.0025000000000000946,26.665333333333333,-12.5,17.647058823529413,-13.333333333333334,-33.33444444444444,23.077692307692306,18.748124999999998,12.49875,False,False,True,True,False
21538,1,Brazil,Germany,43.9996,-22.726363636363637,-21.429285714285715,23.80952380952381,16.665,0.0,41.38068965517241,-8.33375,0.0,12.501875,17.855714285714285,4.762380952380952,False,,,False,True
21538,2,Brazil,Germany,39.285714285714285,-4.165833333333333,-31.25,15.789473684210526,14.288214285714288,13.333333333333334,46.666666666666664,-20.833333333333332,-49.99916666666667,9.092272727272727,9.092121212121212,40.0,False,False,True,True,False
21538,3,Brazil,Germany,33.33208333333334,-3.9987999999999992,-13.334,15.384615384615385,19.998800000000003,31.579473684210527,24.9996875,-34.9995,37.5,13.636818181818182,6.896551724137931,-6.249375,False,True,False,True,False
21538,4,Brazil,Germany,22.580645161290324,-12.498750000000001,-28.571428571428573,18.75125,13.331999999999999,35.294117647058826,26.089130434782607,-27.272727272727273,-38.46307692307692,-17.64588235294118,4.3478260869565215,35.29352941176471,False,True,False,True,False
21539,1,Canada,Ukraine,59.09,-16.665833333333335,-36.36272727272728,16.666666666666668,24.9975,43.75,37.499583333333334,-13.635454545454543,-60.001,-5.881764705882353,27.269999999999996,35.712857142857146,False,,,True,False
21539,2,Canada,Ukraine,46.4275,-23.07730769230769,11.108888888888888,8.695217391304348,46.42857142857143,-18.75,42.30615384615385,-3.8461538461538463,-36.36272727272728,19.9995,46.150000000000006,-31.25,False,True,False,False,True
21539,3,Canada,Ukraine,46.8746875,-16.666,-58.82411764705882,4.545454545454546,50.0025,33.333333333333336,54.839354838709674,-26.666666666666668,-37.499375,24.998333333333335,29.997,13.333333333333334,False,False,True,True,False
21539,4,Canada,Ukraine,46.42857142857143,-8.0,-15.790526315789473,-0.0006250000000003197,40.74074074074074,14.285238095238096,34.375625,-19.048095238095236,-33.333333333333336,9.52095238095238,24.998125,46.666666666666664,False,True,False,True,False
21540,1,China,Cuba,18.7490625,-9.523333333333333,-25.0,10.525789473684211,38.235882352941175,37.501666666666665,49.99928571428571,-20.832916666666666,-23.075384615384618,22.22,55.172758620689656,45.0,False,,,False,True
21540,2,China,Cuba,22.221481481481483,-4.165416666666666,-33.333333333333336,33.33444444444444,37.931724137931035,50.00071428571429,34.78173913043479,-20.832916666666666,-26.666,0.0005000000000002558,30.434782608695652,27.272727272727273,False,False,True,True,False
21540,3,China,Cuba,23.53058823529412,-12.5,-42.857142857142854,-5.2631578947368425,27.77777777777778,0.0,72.72727272727273,-12.499583333333334,16.665,7.6923076923076925,42.86,46.15538461538461,False,True,False,False,True
21540,4,China,Cuba,30.434782608695652,-16.665833333333335,-0.0014285714285721593,19.999333333333333,28.57238095238095,0.0014285714285711443,40.0015,-34.78304347826087,-30.77153846153846,-5.555555555555555,23.80809523809524,20.0,False,False,True,True,False
21540,5,China,Cuba,33.332857142857144,-16.666666666666668,14.285714285714286,21.427142857142858,28.568571428571424,27.271818181818183,28.57,-22.221111111111114,-29.999000000000002,13.333333333333334,42.85476190476191,50.0,False,True,False,True,False
21541,1,Italy,Netherlands,54.545,-8.332916666666668,0.0,18.181818181818183,38.09142857142857,66.66666666666667,-0.0012500000000000473,-14.285714285714286,-33.33166666666667,20.002,54.16583333333333,16.6675,False,,,True,False
21541,2,Italy,Netherlands,45.45454545454545,-11.999600000000001,-33.333333333333336,20.0,47.82695652173913,25.000833333333333,39.285714285714285,-31.819090909090907,-25.00125,-5.0015,48.151111111111106,35.714285714285715,False,True,False,True,False
21541,3,Italy,Netherlands,34.78260869565217,-20.833333333333332,-8.3325,25.001666666666665,65.21739130434783,46.668,16.667916666666667,-35.0,33.333333333333336,31.57684210526316,48.0008,-21.427142857142858,False,True,False,True,False
21542,1,Bulgaria,Iran,8.694782608695652,-5.556111111111111,-85.71428571428571,-5.26421052631579,29.166666666666668,30.76923076923077,61.904761904761905,-8.332083333333332,12.5,20.000666666666667,29.996999999999996,9.091818181818182,False,,,False,True
21542,2,Bulgaria,Iran,34.78260869565217,-29.41235294117647,-50.0,9.092727272727274,17.38782608695652,-0.001999999999998181,48.0008,-3.9979999999999993,-20.000999999999998,41.6675,52.0,43.75,False,False,True,False,True
21542,3,Bulgaria,Iran,15.383846153846154,-23.53,-29.999000000000002,19.04714285714286,26.923846153846153,28.571428571428573,39.9972,-0.0008333333333337597,-0.0007142857142850646,15.384615384615385,26.08782608695652,50.0,False,False,True,False,True
21543,1,France,Poland,24.136206896551727,-23.332666666666668,-15.383846153846154,35.999599999999994,51.61096774193548,7.142857142857143,27.58379310344828,-18.7503125,-19.997999999999998,19.048095238095236,50.0,23.076923076923077,False,,,False,True
21543,2,France,Poland,39.12913043478261,-3.9995999999999996,-33.333333333333336,14.286428571428571,52.17391304347826,11.764117647058825,24.99785714285714,-20.000999999999998,-0.0009090909090900823,9.523333333333333,24.135517241379308,21.427857142857142,False,False,True,True,False
21543,3,France,Poland,34.61307692307692,-14.998499999999998,-60.0,26.08782608695652,50.00071428571429,-10.0,55.001,-4.000800000000001,-9.090909090909092,0.0,36.36454545454546,24.999166666666667,False,True,False,False,True
21543,4,France,Poland,57.69346153846155,-24.0,-37.49875,27.77777777777778,53.84384615384616,25.000625,43.47826086956522,-13.042608695652175,-50.0,11.765882352941176,33.33125,40.0,False,False,True,True,False
21543,5,France,Poland,33.33166666666667,8.333333333333334,-75.0,16.666666666666668,21.42642857142857,50.0,76.92384615384616,-19.999333333333333,0.0,-9.093636363636364,38.458461538461535,14.284285714285714,False,True,False,False,True
21544,1,Serbia,Slovenia,30.000666666666667,-18.18136363636364,-21.427857142857142,23.81047619047619,32.35647058823529,0.0007999999999998409,33.332121212121216,-4.16625,-26.666666666666668,41.17588235294118,29.408823529411762,18.51888888888889,False,,,False,True
21544,2,Serbia,Slovenia,57.14214285714286,-16.66625,-50.00083333333333,13.638181818181819,24.137931034482758,0.0,44.0,-4.16625,-30.0,5.554444444444444,44.0,-31.81772727272727,False,False,True,True,False
21544,3,Serbia,Slovenia,38.70967741935484,-15.9992,-23.808095238095238,21.05421052631579,27.276060606060607,20.832916666666666,26.31578947368421,-17.390434782608697,-50.00055555555556,25.0,32.43162162162162,24.0,False,True,False,True,False
21544,4,Serbia,Slovenia,17.143714285714285,-33.333333333333336,-16.665833333333335,22.72681818181818,18.914864864864864,-4.166250000000001,37.5,-11.999600000000001,-10.526315789473685,27.272727272727273,49.99846153846154,20.833333333333332,False,True,False,False,True
21544,5,Serbia,Slovenia,26.666,-12.497499999999999,-33.3325,0.0,11.764705882352942,-33.333333333333336,42.85809523809524,-17.64764705882353,-30.0,15.384615384615385,27.77777777777778,25.00125,False,False,True,False,True
21545,1,Brazil,China,23.074871794871793,-13.794137931034482,-35.714999999999996,26.08695652173913,43.24567567567567,49.9995,49.999117647058824,-28.125625,27.271818181818183,27.9996,20.59294117647059,-0.0009523809523800862,True,,,False,True
21545,2,Brazil,China,11.999600000000001,-3.9999999999999996,0.0,13.333333333333334,46.15038461538462,58.8235294117647,0.001379310344828292,-15.78842105263158,11.11111111111111,9.089545454545453,17.24137931034483,17.647058823529413,True,False,True,True,False
21545,3,Brazil,China,52.38095238095238,-12.499166666666667,-24.99875,50.0,60.867826086956526,42.857142857142854,3.5707142857142857,-17.64764705882353,-33.333333333333336,10.524736842105263,18.52148148148148,17.64588235294118,True,True,False,True,False
21545,4,Brazil,China,37.50125,-3.9988,-6.249375,11.11111111111111,26.924615384615382,33.33266666666667,14.705588235294117,0.0004761904761907198,-40.0,0.0,14.285428571428572,50.000625,True,True,False,True,False
21546,1,Japan,Poland,26.668333333333333,-17.391739130434782,-33.333333333333336,5.0,16.669333333333334,-5.881764705882353,49.99875,-11.999600000000001,-0.0006666666666660604,12.498749999999998,37.5025,-33.333333333333336,True,,,False,True
21546,2,Japan,Poland,48.38709677419355,-31.999200000000002,-33.333333333333336,23.81047619047619,43.748749999999994,57.142857142857146,52.17304347826087,-11.999600000000001,-28.571428571428573,41.1764705882353,43.48,6.249375000000001,True,False,True,False,True
21546,3,Japan,Poland,-23.332333333333334,-8.334166666666667,-25.0,14.284761904761906,22.583225806451612,11.76529411764706,38.0947619047619,-12.0008,23.80857142857143,19.997999999999998,47.61714285714286,61.53923076923077,True,False,True,False,True
21547,1,Cuba,Italy,26.666666666666668,-22.22277777777778,-14.285714285714286,13.635454545454547,21.8771875,52.94176470588235,33.33296296296297,-0.001200000000000614,-14.285714285714286,35.712857142857146,19.231153846153845,41.1764705882353,True,,,False,True
21547,2,Cuba,Italy,15.998799999999996,-15.0,-25.000833333333333,9.090909090909092,11.110000000000001,44.44444444444444,25.927037037037035,-4.16625,-0.0007142857142860797,12.499375,25.0,0.0012500000000006395,True,False,True,False,True
21547,3,Cuba,Italy,43.333666666666666,-20.832916666666666,-5.26157894736842,23.53,16.127741935483872,57.89526315789474,18.180000000000003,-14.285714285714286,-57.14214285714286,31.576315789473682,30.0,24.999375,True,False,True,True,False
21547,4,Cuba,Italy,33.334583333333335,-22.727272727272727,-10.0,19.049047619047617,28.0,22.22222222222222,33.33142857142857,-4.166666666666667,0.0,33.333333333333336,35.003,-25.000625,True,True,False,False,True
21548,1,France,Slovenia,37.93103448275862,-13.04391304347826,-62.50125,14.286190476190475,32.14714285714285,-5.556666666666666,65.0,-8.331666666666665,-9.998999999999999,5.5566666666666675,50.001000000000005,-24.999375,True,,,False,True
21548,2,France,Slovenia,84.21105263157895,-20.83375,-9.092727272727272,16.666666666666668,40.0025,8.335,22.223333333333333,-18.749375,-80.0,-6.249375,47.05882352941177,-41.66583333333333,True,False,True,True,False
21548,3,France,Slovenia,19.23076923076923,-23.808095238095238,-25.002499999999998,23.80952380952381,42.30692307692308,-31.250625,44.999,-16.0,20.0,26.666666666666668,54.99550000000001,-6.667333333333333,True,True,False,False,True
21548,4,France,Slovenia,12.120909090909091,-44.44444444444444,-39.998000000000005,31.818181818181817,30.302727272727275,25.000833333333333,26.316315789473684,-12.000399999999999,-14.28357142857143,0.0,22.22222222222222,5.881764705882354,True,False,True,False,True
21549,1,Brazil,Poland,9.678064516129032,-3.8461538461538463,-7.69076923076923,-0.0009523809523814396,45.16129032258065,56.25,29.03290322580645,-14.284642857142856,-9.09,17.389999999999997,29.03612903225806,12.50125,True,,,False,True
21549,2,Brazil,Poland,35.29352941176471,-5.0,-23.077692307692306,-9.999500000000001,41.17941176470589,-12.5,42.308076923076925,-4.167916666666667,-50.0,11.11,20.833333333333332,27.273636363636363,True,False,True,False,True
21549,3,Brazil,Poland,30.0,-14.285714285714286,-60.0,9.090454545454547,40.90909090909091,-60.0,53.33266666666667,-7.999199999999999,20.0,-13.332666666666666,46.67,-14.285714285714286,True,False,True,False,True
21550,1,Italy,Slovenia,27.58551724137931,8.000399999999999,-20.0,9.523333333333333,46.42857142857143,13.334,25.925555555555555,4.546363636363636,-21.428571428571427,-8.695652173913043,13.795172413793104,46.15461538461538,True,,,True,False
21550,2,Italy,Slovenia,33.33277777777778,-9.091818181818182,-16.666666666666668,12.0,22.22222222222222,33.33277777777778,40.62375,0.0,-25.0,5.555000000000001,28.125,40.90954545454545,True,True,False,False,True
21550,3,Italy,Slovenia,59.09,-24.0,-16.666666666666668,25.0,52.38095238095238,-8.3325,38.09571428571429,-23.80857142857143,-20.000999999999998,33.33166666666667,38.09142857142857,-42.857142857142854,True,False,True,True,False
21550,4,Italy,Slovenia,57.690000000000005,-8.334583333333333,-12.5,29.413529411764703,37.038518518518515,75.0,27.998800000000003,-10.525789473684211,-44.44444444444444,-10.001000000000001,49.99666666666667,-0.0013333333333340155,True,True,False,True,False
21551,1,Brazil,Slovenia,36.36303030303031,-16.6675,-56.2525,20.002,40.625625,53.33266666666667,41.381379310344826,-12.499166666666667,0.0,26.314736842105265,20.692413793103444,23.53058823529412,True,,,False,True
21551,2,Brazil,Slovenia,12.000399999999999,-4.165833333333333,-4.544545454545454,13.335333333333333,30.767692307692307,26.315263157894737,7.893421052631577,-28.571428571428573,7.143571428571428,36.36181818181819,32.43459459459459,40.90863636363636,True,False,True,True,False
21551,3,Brazil,Slovenia,28.0004,-23.999200000000002,-0.0009999999999990906,23.531764705882352,41.6675,66.66555555555556,19.04714285714286,-21.73913043478261,-30.000999999999998,17.647058823529413,22.727272727272727,36.36454545454546,True,True,False,True,False
21551,4,Brazil,Slovenia,34.61423076923077,-4.165416666666666,-15.789473684210526,25.0,28.569285714285716,52.93941176470588,16.66638888888889,-19.999000000000002,-33.33444444444444,22.728181818181817,23.52852941176471,38.88944444444444,True,True,False,True,False
21552,1,Italy,Poland,16.0012,-4.347391304347826,-13.333333333333334,15.79,30.768846153846155,11.11111111111111,34.3725,-20.833333333333332,-14.284285714285716,14.284285714285712,28.125625,53.333999999999996,True,,,False,True
21552,2,Italy,Poland,15.384615384615385,-21.052105263157895,-8.334166666666667,19.047619047619047,30.77076923076923,35.714285714285715,21.427500000000002,-8.0012,0.0,-8.334166666666667,22.225185185185182,59.09090909090909,True,False,True,False,True
21552,3,Italy,Poland,6.666666666666667,-33.33266666666667,-71.42857142857143,9.089545454545453,37.931724137931035,42.85857142857143,36.36454545454546,-0.0004166666666662877,-0.0007142857142860797,20.0,28.57,38.88777777777778,True,False,True,False,True
